CALL ID,CALLS,DISPOSITION,TALK TIME,Devolutiva,Custom.Numero_CAP,Custom.Transfer_NPS,Custom.NPS_Solicitacao,Custom.NPS_Nota,DATE,Custom.Analista
3000000020855,1,Chamada Não Atendida,00:00:06,,,N,,,2025/08/29,
3000000020856,1,Caixa Postal,00:00:00,CLI,10000000261080,N,,,2025/08/29,
3000000020857,1,URA Pesquisa NPS,00:01:13,CLI,10000000261081,S,Sim,,2025/08/29,Email585
3000000020858,1,Contato de Finalizacao do Protocolo,00:02:47,CLI,10000000261082,N,,,2025/08/29,
3000000020859,1,URA Pesquisa NPS,00:04:50,Cli,10000000261083,S,Sim,10.0,2025/08/29,Email1615
3000000020860,1,Ligação Muda,00:00:07,cli,10000000261084,N,,,2025/08/29,
3000000020861,1,Caixa Postal,00:00:04,cli,10000000261084,N,,,2025/08/29,
3000000020862,1,Caixa Postal,00:00:02,Cli,10000000261085,N,,,2025/08/29,
3000000020863,1,Caixa Postal,00:00:04,cli,10000000261084,N,,,2025/08/29,
3000000020864,1,URA Pesquisa NPS,00:01:57,Cli,10000000261086,S,,,2025/08/29,Email5371
3000000020865,1,Caixa Postal,00:00:00,cli,10000000261087,N,,,2025/08/29,
3000000020866,1,Caixa Postal,00:00:00,cli,10000000261087,N,,,2025/08/29,
3000000020867,1,Caixa Postal,00:00:00,cli,,N,,,2025/08/29,
3000000020868,1,Caixa Postal,00:00:01,cli,10000000261088,N,,,2025/08/29,
3000000020869,1,Caixa Postal,00:00:01,cli,10000000261088,N,,,2025/08/29,
3000000020870,1,URA Pesquisa NPS,00:01:03,cli,10000000261089,S,Sim,10.0,2025/08/29,Email48439
3000000020871,1,Caixa Postal,00:00:04,Cli,10000000261090,N,,,2025/08/29,
3000000020872,1,Sent To Voicemail,00:02:20,CLI ,10000000261091,S,Sim,10.0,2025/08/29,Email372
3000000020873,1,URA Pesquisa NPS,00:00:45,cli,10000000261092,S,,,2025/08/29,Email48439
3000000020874,1,Caixa Postal,00:00:00,cli,,N,,,2025/08/29,
3000000020875,1,Chamada Não Atendida,00:00:03,cli,10000000261093,N,,,2025/08/29,
3000000020876,1,Caixa Postal,00:00:05,Cli,10000000261094,N,,,2025/08/29,
3000000020877,1,Caixa Postal,00:00:09,,,N,,,2025/08/29,
3000000020878,1,Caixa Postal,00:02:09,,,N,,,2025/08/29,
3000000020879,1,URA Pesquisa NPS,00:01:16,cli,10000000261095,S,Sim,,2025/08/29,Email48439
3000000020880,1,Informação,00:00:09,CLI ,10000000261096,N,,,2025/08/29,
3000000020881,1,URA Pesquisa NPS,00:01:06,CLI ,10000000261097,S,,,2025/08/29,Email372
3000000020882,1,Caixa Postal,00:00:00,,,N,,,2025/08/29,
3000000020883,1,Caixa Postal,00:00:04,CLI,10000000261098,N,,,2025/08/29,
3000000020884,1,URA Pesquisa NPS,00:01:37,cli,10000000261099,S,,,2025/08/29,Email11179
3000000020885,1,Caixa Postal,00:00:10,CLI ,10000000261100,N,,,2025/08/29,
3000000020886,1,Caixa Postal,00:00:04,CLI ,10000000261100,N,,,2025/08/29,
3000000020887,1,Informação,00:00:00,,,N,,,2025/08/29,
3000000020888,1,Chamada Não Atendida,00:00:02,Cli,10000000261101,N,,,2025/08/29,
3000000020889,1,Chamada Não Atendida,00:00:01,CLI,10000000261102,N,,,2025/08/29,
3000000020890,1,Caixa Postal,00:00:00,Cli,10000000261103,N,,,2025/08/29,
3000000020891,1,Caixa Postal,00:00:20,Cli,10000000261103,N,,,2025/08/29,
3000000020892,1,Caixa Postal,00:00:00,Cli ,10000000261104,N,,,2025/08/29,
3000000020893,1,Caixa Postal,00:00:00,Cli ,10000000261104,N,,,2025/08/29,
3000000020894,1,Informação,00:00:00,,,N,,,2025/08/29,
3000000020895,1,Caixa Postal,00:00:12,Cli,10000000261105,N,,,2025/08/29,
3000000020896,1,URA Pesquisa NPS,00:01:02,Cli,10000000261105,S,Sim,10.0,2025/08/29,Email19156
3000000020897,1,Informação,00:06:50,Cli ,10000000261106,N,,,2025/08/29,
3000000020898,1,Informação,00:00:00,Cli,,N,,,2025/08/29,
3000000020899,1,Informação,00:00:00,Cli,,N,,,2025/08/29,
3000000020900,1,URA Pesquisa NPS,00:02:26,cli,10000000261107,S,Sim,10.0,2025/08/29,Email48444
3000000020901,1,Caixa Postal,00:00:02,CLI,10000000261108,N,,,2025/08/28,
3000000020902,1,Caixa Postal,00:00:08,CLI,10000000261108,N,,,2025/08/28,
3000000020903,1,Caixa Postal,00:00:00,cli,10000000261109,N,,,2025/08/28,
3000000020904,1,Caixa Postal,00:00:05,cli,10000000261110,N,,,2025/08/28,
3000000020905,1,Caixa Postal,00:00:00,cli,10000000261111,N,,,2025/08/28,
3000000020906,1,Caixa Postal,00:00:00,cli,10000000261111,N,,,2025/08/28,
3000000020907,1,Caixa Postal,00:00:04,CLI,10000000261112,N,,,2025/08/28,
3000000020908,1,URA Pesquisa NPS,00:04:47,CLI,10000000261113,S,Sim,10.0,2025/08/28,Email5556
3000000020909,1,URA Pesquisa NPS,00:02:39,cli,10000000261114,S,,,2025/08/28,Email45
3000000020910,1,URA Pesquisa NPS,00:01:14,CLI,10000000261115,S,,,2025/08/28,Email372
3000000020911,1,Caixa Postal,00:00:05,,,N,,,2025/08/28,
3000000020912,1,Caixa Postal,00:00:14,Cli,,N,,,2025/08/28,
3000000020913,1,Informação,00:01:26,,,N,,,2025/08/28,
3000000020914,1,Caixa Postal,00:00:00,CLI,10000000261116,N,,,2025/08/28,
3000000020915,1,Cliente Desligou,00:00:00,,,N,,,2025/08/28,
3000000020916,1,URA Pesquisa NPS,00:07:22,cli,10000000261117,S,Sim,10.0,2025/08/28,Email11179
3000000020917,1,Cliente Desligou,00:00:00,,,N,,,2025/08/28,
3000000020918,1,Caixa Postal,00:00:00,cli,10000000261118,N,,,2025/08/28,
3000000020919,1,Cliente Desligou,00:00:10,,,N,,,2025/08/28,
3000000020920,1,Caixa Postal,00:00:00,cli,10000000261119,N,,,2025/08/28,
3000000020921,1,URA Pesquisa NPS,00:02:51,CLI,10000000261120,S,,,2025/08/28,Email45
3000000020922,1,Caixa Postal,00:00:00,CLI,10000000261121,N,,,2025/08/28,
3000000020923,1,Caixa Postal,00:00:16,cli,10000000261122,N,,,2025/08/28,
3000000020924,1,URA Pesquisa NPS,00:00:58,CLI ,10000000261123,S,Sim,10.0,2025/08/28,Email372
3000000020925,1,Caixa Postal,00:00:10,cli,10000000261124,N,,,2025/08/28,
3000000020926,1,Cliente Desligou,00:00:09,Cli,,N,,,2025/08/28,
3000000020927,1,Chamada Não Atendida,00:00:00,Cli ,10000000261125,N,,,2025/08/28,
3000000020928,1,URA Pesquisa NPS,00:00:52,Cli,10000000261126,S,Sim,10.0,2025/08/28,Email585
3000000020929,1,Chamada Não Atendida,00:00:00,Cli ,10000000261125,N,,,2025/08/28,
3000000020930,1,Chamada Não Atendida,00:00:00,Cli ,10000000261125,N,,,2025/08/28,
3000000020931,1,Não Atende,00:00:00,CLI,10000000261116,N,,,2025/08/28,
3000000020932,1,Informação,00:01:36,Cli,10000000261127,N,,,2025/08/28,
3000000020933,1,Informação,00:00:03,,,N,,,2025/08/28,
3000000020934,1,Caixa Postal,00:00:10,Cli,10000000261128,N,,,2025/08/28,
3000000020935,1,Caixa Postal,00:00:09,Cli,,N,,,2025/08/28,
3000000020936,1,Informação,00:00:00,,,N,,,2025/08/28,
3000000020937,1,Informação,00:00:00,,,N,,,2025/08/28,
3000000020938,1,Caixa Postal,00:00:03,CLI,10000000261112,N,,,2025/08/28,
3000000020939,1,Caixa Postal,00:00:00,,,N,,,2025/08/28,
3000000020940,1,Caixa Postal,00:00:00,,,N,,,2025/08/28,
3000000020941,1,Ocupado,00:00:00,Cli,10000000261129,N,,,2025/08/28,
3000000020942,1,Ocupado,00:00:00,Cli,10000000261129,N,,,2025/08/28,
3000000020943,1,Caixa Postal,00:00:10,cli,10000000261122,N,,,2025/08/28,
3000000020944,1,Caixa Postal,00:00:00,,,N,,,2025/08/28,
3000000020945,1,Caixa Postal,00:00:00,,,N,,,2025/08/28,
3000000020946,1,Chamada Não Atendida,00:00:00,CLI ,10000000261130,N,,,2025/08/28,
3000000020947,1,Chamada Não Atendida,00:00:00,CLI ,10000000261130,N,,,2025/08/28,
3000000020948,1,Chamada Não Atendida,00:00:00,CLI ,10000000261130,N,,,2025/08/28,
3000000020949,1,Informação,00:00:00,cli,,N,,,2025/08/28,
3000000020950,1,Informação,00:11:17,cli,10000000261131,N,,,2025/08/28,
3000000020951,1,URA Pesquisa NPS,00:01:08,cli,10000000261132,S,Sim,10.0,2025/08/28,Email5556
3000000020952,1,Caixa Postal,00:00:02,cli,10000000261133,N,,,2025/08/28,
3000000020953,1,Caixa Postal,00:00:00,cli,10000000261133,N,,,2025/08/28,
3000000020954,1,Sent To Voicemail,00:01:32,Cliente,10000000261134,S,Sim,10.0,2025/08/28,Email372
3000000020955,1,Caixa Postal,00:00:00,CLI,,N,,,2025/08/28,
3000000020956,1,Caixa Postal,00:00:02,CLI,10000000261135,N,,,2025/08/28,
3000000020957,1,Caixa Postal,00:00:00,CLI ,10000000261136,N,,,2025/08/28,
3000000020958,1,Caixa Postal,00:00:00,CLI ,10000000261136,N,,,2025/08/28,
3000000020959,1,Caixa Postal,00:00:00,CLI ,10000000261136,N,,,2025/08/28,
3000000020960,1,Chamada Não Atendida,00:00:00,CLI ,10000000261137,N,,,2025/08/28,
3000000020961,1,Chamada Não Atendida,00:00:00,CLI ,10000000261137,N,,,2025/08/28,
3000000020962,1,Chamada Não Atendida,00:00:00,CLI ,10000000261137,N,,,2025/08/28,
3000000020963,1,URA Pesquisa NPS,00:02:01,CLI ,10000000261137,S,Sim,9.0,2025/08/28,Email372
3000000020964,1,URA Pesquisa NPS,00:11:18,cli,10000000261138,S,,,2025/08/28,Email5556
3000000020965,1,Caixa Postal,00:00:00,,,N,,,2025/08/28,
3000000020966,1,Caixa Postal,00:00:00,,,N,,,2025/08/28,
3000000020967,1,Ocupado,00:00:00,,,N,,,2025/08/28,
3000000020968,1,Ocupado,00:00:00,,,N,,,2025/08/28,
3000000020969,1,Caixa Postal,00:00:02,,,N,,,2025/08/28,
3000000020970,1,Caixa Postal,00:00:00,,,N,,,2025/08/28,
3000000020971,1,Caixa Postal,00:00:00,,,N,,,2025/08/28,
3000000020972,1,Contato de Finalizacao do Protocolo,00:09:58,,,N,,,2025/08/28,
3000000020973,1,Não Atende,00:00:00,CLI,10000000261139,N,,,2025/08/28,
3000000020974,1,Informação,00:00:21,Cli,10000000261140,N,,,2025/08/28,
3000000020975,1,Caixa Postal,00:00:07,Cli,10000000261141,N,,,2025/08/28,
3000000020976,1,Contato de Finalizacao do Protocolo,00:02:02,Cli,10000000261141,N,,,2025/08/28,
3000000020977,1,URA Pesquisa NPS,00:05:18,Cli,10000000261142,S,Sim,10.0,2025/08/28,Email585
3000000020978,1,Caixa Postal,00:00:00,,,N,,,2025/08/28,
3000000020979,1,Contato de Finalizacao do Protocolo,00:08:35,Cli,10000000261143,N,,,2025/08/28,
3000000020980,1,Caixa Postal,00:00:07,,,N,,,2025/08/28,
3000000020981,1,Caixa Postal,00:00:15,,,N,,,2025/08/28,
3000000020982,1,Caixa Postal,00:00:04,,,N,,,2025/08/28,
3000000020983,1,Caixa Postal,00:00:02,,,N,,,2025/08/28,
3000000020984,1,Caixa Postal,00:00:03,,,N,,,2025/08/28,
3000000020985,1,Caixa Postal,00:00:13,,,N,,,2025/08/28,
3000000020986,1,Caixa Postal,00:00:00,Cli,,N,,,2025/08/28,
3000000020987,1,Caixa Postal,00:00:03,,,N,,,2025/08/28,
3000000020988,1,Caixa Postal,00:00:03,,,N,,,2025/08/28,
3000000020989,1,Informação,00:00:28,CLI,10000000261144,N,,,2025/08/28,
3000000020990,1,Informação,00:00:06,Cli ,,N,,,2025/08/28,
3000000020991,1,Ocupado,00:00:06,CLI,10000000261145,N,,,2025/08/28,
3000000020992,1,Informação,00:00:00,Cli ,,N,,,2025/08/28,
3000000020993,1,Não Atende,00:00:06,CLI,10000000261145,N,,,2025/08/28,
3000000020994,1,Cliente Desligou,00:00:10,CLI,,N,,,2025/08/28,
3000000020995,1,Cliente Desligou,00:00:24,CLI,10000000261146,N,,,2025/08/28,
3000000020996,1,Cliente Desligou,00:00:06,CLI,10000000261147,N,,,2025/08/28,
3000000020997,1,Informação,00:00:00,,,N,,,2025/08/28,
3000000020998,1,Informação,00:00:00,,,N,,,2025/08/28,
3000000020999,1,URA Pesquisa NPS,00:01:13,Cli ,10000000261148,S,,,2025/08/28,Email639
3000000021000,1,Caixa Postal,00:00:04,cli,10000000261149,N,,,2025/08/28,
3000000021001,1,Caixa Postal,00:00:05,cli,10000000261149,N,,,2025/08/28,
3000000021002,1,Caixa Postal,00:00:05,cli,10000000261145,N,,,2025/08/28,
3000000021003,1,Caixa Postal,00:00:06,CLI,10000000261145,N,,,2025/08/28,
3000000021004,1,Informação,00:00:00,,,N,,,2025/08/28,
3000000021005,1,URA Pesquisa NPS,00:01:14,CLI,10000000261146,S,Sim,10.0,2025/08/28,Email48444
3000000021006,1,Informação,00:04:43,,,N,,,2025/08/28,
3000000021007,1,URA Pesquisa NPS,00:03:44,CLI,10000000261150,S,Sim,10.0,2025/08/28,Email5556
3000000021008,1,Caixa Postal,00:00:03,,10000000261151,N,,,2025/08/28,
3000000021009,1,Caixa Postal,00:00:03,Cli,10000000261152,N,,,2025/08/28,
3000000021010,1,Caixa Postal,00:00:00,cli,10000000261153,N,,,2025/08/28,
3000000021011,1,URA Pesquisa NPS,00:00:50,cli,10000000261153,S,Sim,10.0,2025/08/28,Email48439
3000000021012,1,URA Pesquisa NPS,00:17:37,Cli,10000000261154,S,,,2025/08/28,Email48445
3000000021013,1,URA Pesquisa NPS,00:04:49,Cli ,10000000261155,S,,,2025/08/28,Email48444
3000000021014,1,Chamada Não Atendida,00:00:05,Cli ,10000000261156,N,,,2025/08/28,
3000000021015,1,Chamada Não Atendida,00:00:05,Cli ,10000000261156,N,,,2025/08/28,
3000000021016,1,Contato de Finalizacao do Protocolo,00:01:31,,,N,,,2025/08/28,
3000000021017,1,URA Pesquisa NPS,00:10:10,CLI,10000000261157,S,,,2025/08/28,Email19156
3000000021018,1,Caixa Postal,00:00:00,CLI,10000000261080,N,,,2025/08/28,
3000000021019,1,Caixa Postal,00:00:04,,,N,,,2025/08/27,
3000000021020,1,Caixa Postal,00:00:02,,,N,,,2025/08/27,
3000000021021,1,Caixa Postal,00:00:12,Cli,10000000261158,N,,,2025/08/27,
3000000021022,1,Caixa Postal,00:00:17,Cli,10000000261158,N,,,2025/08/27,
3000000021023,1,Caixa Postal,00:00:18,Cli,10000000261159,N,,,2025/08/27,
3000000021024,1,Caixa Postal,00:00:05,CLI,10000000261160,N,,,2025/08/27,
3000000021025,1,Caixa Postal,00:00:00,Cli,,N,,,2025/08/27,
3000000021026,1,Caixa Postal,00:00:00,Cli,,N,,,2025/08/27,
3000000021027,1,Caixa Postal,00:00:00,Cli,,N,,,2025/08/27,
3000000021028,1,Caixa Postal,00:00:09,cli,10000000261161,N,,,2025/08/27,
3000000021029,1,URA Pesquisa NPS,00:01:00,cli,10000000261161,S,,,2025/08/27,Email19156
3000000021030,1,Informação,00:00:04,,,N,,,2025/08/27,
3000000021031,1,Caixa Postal,00:00:00,cli,10000000261162,N,,,2025/08/27,
3000000021032,1,Informação,00:00:00,cli,10000000261163,N,,,2025/08/27,
3000000021033,1,Informação,00:00:14,,,N,,,2025/08/27,
3000000021034,1,Contato de Finalizacao do Protocolo,00:01:11,Cli,10000000261164,N,,,2025/08/27,
3000000021035,1,Abandon,00:00:56,cli,10000000261165,S,,,2025/08/27,Email48439
3000000021036,1,URA Pesquisa NPS,00:01:40,Cli,10000000261166,S,Sim,10.0,2025/08/27,Email585
3000000021037,1,Ocupado,00:00:21,Cli,10000000261167,N,,,2025/08/27,
3000000021038,1,Caixa Postal,00:00:03,CLI,10000000261168,N,,,2025/08/27,
3000000021039,1,Caixa Postal,00:00:04,,,N,,,2025/08/27,
3000000021040,1,Caixa Postal,00:00:03,,,N,,,2025/08/27,
3000000021041,1,Caixa Postal,00:00:00,Cli,,N,,,2025/08/27,
3000000021042,1,URA Pesquisa NPS,00:00:57,Cli,10000000261169,S,Sim,10.0,2025/08/27,Email585
3000000021043,1,Caixa Postal,00:00:12,Cli,10000000261170,N,,,2025/08/27,
3000000021044,1,Caixa Postal,00:00:07,Cli,10000000261170,N,,,2025/08/27,
3000000021045,1,Caixa Postal,00:00:19,Cli,10000000261171,N,,,2025/08/27,
3000000021046,1,Contato de Finalizacao do Protocolo,00:08:07,Cli,10000000261171,N,,,2025/08/27,
3000000021047,1,Caixa Postal,00:00:00,cli,10000000261172,N,,,2025/08/27,
3000000021048,1,Caixa Postal,00:00:01,Cli,,N,,,2025/08/27,
3000000021049,1,Caixa Postal,00:00:01,Cli,,N,,,2025/08/27,
3000000021050,1,Caixa Postal,00:00:15,Cli,10000000261173,N,,,2025/08/27,
3000000021051,1,Caixa Postal,00:00:00,Cli ,10000000261174,N,,,2025/08/27,
3000000021052,1,Caixa Postal,00:00:07,Cli,10000000261173,N,,,2025/08/27,
3000000021053,1,Caixa Postal,00:00:07,cli,10000000261175,N,,,2025/08/27,
3000000021054,1,Caixa Postal,00:00:01,cli,10000000261175,N,,,2025/08/27,
3000000021055,1,URA Pesquisa NPS,00:10:25,CLI,10000000261176,S,,,2025/08/27,Email11179
3000000021056,1,Informação,00:00:00,,,N,,,2025/08/27,
3000000021057,1,Caixa Postal,00:00:08,CLI,10000000261177,N,,,2025/08/27,
3000000021058,1,Caixa Postal,00:00:04,CLI,10000000261177,N,,,2025/08/27,
3000000021059,1,Caixa Postal,00:00:01,,,N,,,2025/08/27,
3000000021060,1,Caixa Postal,00:00:10,,,N,,,2025/08/27,
3000000021061,1,Caixa Postal,00:00:00,,,N,,,2025/08/27,
3000000021062,1,Informação,00:01:55,Cli,10000000261178,N,,,2025/08/27,
3000000021063,1,Caixa Postal,00:00:00,CLI,10000000261179,N,,,2025/08/27,
3000000021064,1,Caixa Postal,00:00:01,,,N,,,2025/08/27,
3000000021065,1,Caixa Postal,00:00:00,,,N,,,2025/08/27,
3000000021066,1,Ligação Muda,00:00:00,Cli,10000000261170,N,,,2025/08/27,
3000000021067,1,Caixa Postal,00:00:04,Cli,10000000261170,N,,,2025/08/27,
3000000021068,1,Ligação Muda,00:00:00,Cli,10000000261170,N,,,2025/08/27,
3000000021069,1,Caixa Postal,00:00:06,Cli,,N,,,2025/08/27,
3000000021070,1,Caixa Postal,00:00:09,Cli,,N,,,2025/08/27,
3000000021071,1,Caixa Postal,00:00:01,cli,10000000261172,N,,,2025/08/27,
3000000021072,1,Informação,00:00:00,,,N,,,2025/08/27,
3000000021073,1,Caixa Postal,00:00:00,,,N,,,2025/08/27,
3000000021074,1,Chamada Não Atendida,00:00:00,CLI ,10000000261180,N,,,2025/08/27,
3000000021075,1,Caixa Postal,00:00:04,CLI,10000000261181,N,,,2025/08/27,
3000000021076,1,Chamada Não Atendida,00:00:04,CLI ,10000000261180,N,,,2025/08/27,
3000000021077,1,URA Pesquisa NPS,00:00:50,CLI,10000000261181,S,,,2025/08/27,Email48439
3000000021078,1,Caixa Postal,00:00:05,,,N,,,2025/08/27,
3000000021079,1,Caixa Postal,00:00:00,,,N,,,2025/08/27,
3000000021080,1,Chamada Não Atendida,00:00:00,CLI ,10000000261180,N,,,2025/08/27,
3000000021081,1,Protocolo Permanecera em Andamento,00:01:13,,,N,,,2025/08/27,
3000000021082,1,Sent To Voicemail,00:03:51,CLI ,10000000261180,S,Sim,10.0,2025/08/27,Email372
3000000021083,1,Caixa Postal,00:00:04,CLI,10000000261179,N,,,2025/08/27,
3000000021084,1,Caixa Postal,00:00:00,cli,10000000261182,N,,,2025/08/27,
3000000021085,1,Caixa Postal,00:00:01,Cli,10000000261182,N,,,2025/08/27,
3000000021086,1,Caixa Postal,00:00:05,Cli,10000000261182,N,,,2025/08/27,
3000000021087,1,Caixa Postal,00:00:00,,,N,,,2025/08/27,
3000000021088,1,Caixa Postal,00:00:02,,,N,,,2025/08/27,
3000000021089,1,Caixa Postal,00:00:00,,,N,,,2025/08/27,
3000000021090,1,Ligação Muda,00:00:00,cli,10000000261183,N,,,2025/08/27,
3000000021091,1,Caixa Postal,00:00:00,cli,10000000261183,N,,,2025/08/27,
3000000021092,1,Caixa Postal,00:00:04,,,N,,,2025/08/27,
3000000021093,1,Caixa Postal,00:00:03,,,N,,,2025/08/27,
3000000021094,1,Caixa Postal,00:00:02,,,N,,,2025/08/27,
3000000021095,1,URA Pesquisa NPS,00:00:56,Cli,10000000261184,S,Sim,10.0,2025/08/27,Email585
3000000021096,1,Caixa Postal,00:00:00,,,N,,,2025/08/27,
3000000021097,1,Caixa Postal,00:00:00,,,N,,,2025/08/27,
3000000021098,1,Não Atende,00:00:00,CLI,10000000261185,N,,,2025/08/27,
3000000021099,1,Caixa Postal,00:00:00,,,N,,,2025/08/27,
3000000021100,1,Caixa Postal,00:00:00,,,N,,,2025/08/27,
3000000021101,1,Não Atende,00:00:00,CLI,10000000261185,N,,,2025/08/27,
3000000021102,1,Caixa Postal,00:00:00,,,N,,,2025/08/27,
3000000021103,1,Caixa Postal,00:00:00,,,N,,,2025/08/27,
3000000021104,1,Caixa Postal,00:00:26,Cli,10000000261186,N,,,2025/08/27,
3000000021105,1,Ligação Muda,00:00:21,,,N,,,2025/08/27,
3000000021106,1,Caixa Postal,00:00:00,,,N,,,2025/08/27,
3000000021107,1,Caixa Postal,00:00:00,,,N,,,2025/08/27,
3000000021108,1,URA Pesquisa NPS,00:08:15,,,S,,,2025/08/27,Email19156
3000000021109,1,Caixa Postal,00:00:03,,,N,,,2025/08/27,
3000000021110,1,Caixa Postal,00:00:00,,,N,,,2025/08/27,
3000000021111,1,Informação,00:01:38,cli,10000000261187,N,,,2025/08/27,
3000000021112,1,Caixa Postal,00:00:00,,,N,,,2025/08/27,
3000000021113,1,Caixa Postal,00:00:00,,,N,,,2025/08/27,
3000000021114,1,Contato de Finalizacao do Protocolo,00:01:35,Cli,10000000261188,N,,,2025/08/27,
3000000021115,1,Ocupado,00:00:00,,,N,,,2025/08/27,
3000000021116,1,Não Atende,00:00:00,,,N,,,2025/08/27,
3000000021117,1,Caixa Postal,00:00:00,cli,10000000261183,N,,,2025/08/27,
3000000021118,1,Caixa Postal,00:00:00,cli,10000000261183,N,,,2025/08/27,
3000000021119,1,Caixa Postal,00:00:00,cli,10000000261183,N,,,2025/08/27,
3000000021120,1,Caixa Postal,00:00:00,cli,10000000261183,N,,,2025/08/27,
3000000021121,1,Informação,00:01:26,cli,,N,,,2025/08/27,
3000000021122,1,Contato de Finalizacao do Protocolo,00:07:24,Cli,10000000261189,N,,,2025/08/27,
3000000021123,1,Caixa Postal,00:00:00,,,N,,,2025/08/27,
3000000021124,1,Agent Error,00:02:55,,,N,,,2025/08/27,
3000000021125,1,Informação,00:00:00,,,N,,,2025/08/27,
3000000021126,1,Caixa Postal,00:00:03,Cli ,10000000261190,N,,,2025/08/27,
3000000021127,1,Caixa Postal,00:00:00,Cli,,N,,,2025/08/27,
3000000021128,1,Caixa Postal,00:00:00,Cli,,N,,,2025/08/27,
3000000021129,1,Caixa Postal,00:00:05,CLI,10000000261121,N,,,2025/08/27,
3000000021130,1,Caixa Postal,00:00:06,CLI,,N,,,2025/08/27,
3000000021131,1,URA Pesquisa NPS,00:03:52,cli,10000000261191,S,Sim,9.0,2025/08/27,Email11179
3000000021132,1,Contato de Finalizacao do Protocolo,00:05:01,,,N,,,2025/08/27,
3000000021133,1,Caixa Postal,00:00:00,,,N,,,2025/08/27,
3000000021134,1,Caixa Postal,00:00:02,,,N,,,2025/08/27,
3000000021135,1,Caixa Postal,00:00:00,CLI ,,N,,,2025/08/27,
3000000021136,1,Caixa Postal,00:00:00,CLI ,,N,,,2025/08/27,
3000000021137,1,Informação,00:00:00,cli,,N,,,2025/08/27,
3000000021138,1,Caixa Postal,00:00:00,,,N,,,2025/08/27,
3000000021139,1,Caixa Postal,00:00:00,,,N,,,2025/08/27,
3000000021140,1,Caixa Postal,00:00:03,,,N,,,2025/08/27,
3000000021141,1,Caixa Postal,00:00:00,,,N,,,2025/08/27,
3000000021142,1,Informação,00:00:00,Cli,,N,,,2025/08/27,
3000000021143,1,URA Pesquisa NPS,00:04:23,Cli,10000000261192,S,Sim,10.0,2025/08/27,Email5556
3000000021144,1,Caixa Postal,00:00:01,cli,10000000261193,N,,,2025/08/27,
3000000021145,1,Agent Error,00:23:13,,,N,,,2025/08/27,
3000000021146,1,Ligação Muda,00:00:00,cli,10000000261194,N,,,2025/08/27,
3000000021147,1,Informação,00:05:07,cli,10000000261194,N,,,2025/08/27,
3000000021148,1,Caixa Postal,00:00:15,CLI,10000000261195,N,,,2025/08/26,
3000000021149,1,Caixa Postal,00:00:09,Cli,10000000261196,N,,,2025/08/26,
3000000021150,1,Caixa Postal,00:00:05,Cli,10000000261196,N,,,2025/08/26,
3000000021151,1,Caixa Postal,00:00:16,CLI,10000000261195,N,,,2025/08/26,
3000000021152,1,Cliente Desligou,00:00:05,CLI,10000000261197,N,,,2025/08/26,
3000000021153,1,Informação,00:01:07,CLI,10000000261197,N,,,2025/08/26,
3000000021154,1,Caixa Postal,00:00:01,,,N,,,2025/08/26,
3000000021155,1,Caixa Postal,00:00:00,,,N,,,2025/08/26,
3000000021156,1,Caixa Postal,00:00:05,,,N,,,2025/08/26,
3000000021157,1,Caixa Postal,00:00:04,,,N,,,2025/08/26,
3000000021158,1,Caixa Postal,00:00:08,Cli ,10000000261198,N,,,2025/08/26,
3000000021159,1,Caixa Postal,00:00:00,Cli ,10000000261198,N,,,2025/08/26,
3000000021160,1,Não Atende,00:00:04,CLI,10000000261199,N,,,2025/08/26,
3000000021161,1,Caixa Postal,00:00:00,,,N,,,2025/08/26,
3000000021162,1,Caixa Postal,00:00:02,,,N,,,2025/08/26,
3000000021163,1,Caixa Postal,00:00:00,Cli,,N,,,2025/08/26,
3000000021164,1,Caixa Postal,00:00:00,Cli,,N,,,2025/08/26,
3000000021165,1,Caixa Postal,00:00:00,,,N,,,2025/08/26,
3000000021166,1,Caixa Postal,00:00:00,,,N,,,2025/08/26,
3000000021167,1,Chamada Não Atendida,00:00:00,Cli ,10000000261200,N,,,2025/08/26,
3000000021168,1,URA Pesquisa NPS,00:02:11,Cli,10000000261201,S,Sim,10.0,2025/08/26,Email372
3000000021169,1,URA Pesquisa NPS,00:00:40,cli,10000000261202,S,Sim,9.0,2025/08/26,Email48439
3000000021170,1,Informação,00:00:00,,,N,,,2025/08/26,
3000000021171,1,Informação,00:00:00,,,N,,,2025/08/26,
3000000021172,1,Caixa Postal,00:00:03,cli,10000000261203,N,,,2025/08/26,
3000000021173,1,URA Pesquisa NPS,00:01:17,cli,10000000261203,S,Sim,10.0,2025/08/26,Email48439
3000000021174,1,URA Pesquisa NPS,00:01:12,CLI ,10000000261204,S,Sim,6.0,2025/08/26,Email372
3000000021175,1,Não Atende,00:00:54,cli,10000000261176,N,,,2025/08/26,
3000000021176,1,Caixa Postal,00:03:22,Cli,10000000261205,N,,,2025/08/26,
3000000021177,1,Chamada Não Atendida,00:00:01,CLI ,10000000261206,N,,,2025/08/26,
3000000021178,1,Chamada Não Atendida,00:00:00,CLI ,10000000261206,N,,,2025/08/26,
3000000021179,1,Chamada Não Atendida,00:00:00,CLI ,10000000261206,N,,,2025/08/26,
3000000021180,1,Informação,00:00:01,,,N,,,2025/08/26,
3000000021181,1,Ocupado,00:00:00,Cli,10000000261207,N,,,2025/08/26,
3000000021182,1,Chamada Não Atendida,00:00:00,Cli,10000000261208,N,,,2025/08/26,
3000000021183,1,Chamada Não Atendida,00:00:00,Cli,10000000261208,N,,,2025/08/26,
3000000021184,1,Ocupado,00:00:00,Cli,10000000261207,N,,,2025/08/26,
3000000021185,1,Ocupado,00:00:00,Cli,10000000261207,N,,,2025/08/26,
3000000021186,1,Caixa Postal,00:00:00,Cli ,10000000261209,N,,,2025/08/26,
3000000021187,1,Caixa Postal,00:00:00,Cli ,10000000261209,N,,,2025/08/26,
3000000021188,1,Caixa Postal,00:00:00,Cli ,10000000261210,N,,,2025/08/26,
3000000021189,1,Caixa Postal,00:00:00,Cli ,10000000261210,N,,,2025/08/26,
3000000021190,1,Caixa Postal,00:00:04,CLI,10000000261211,N,,,2025/08/26,
3000000021191,1,Caixa Postal,00:00:00,Cli ,10000000261209,N,,,2025/08/26,
3000000021192,1,Caixa Postal,00:00:03,CLI,,N,,,2025/08/26,
3000000021193,1,Caixa Postal,00:00:03,,,N,,,2025/08/26,
3000000021194,1,Caixa Postal,00:00:00,,,N,,,2025/08/26,
3000000021195,1,Caixa Postal,00:00:01,CLI,10000000261212,N,,,2025/08/26,
3000000021196,1,Informação,00:05:33,CLI,10000000261213,N,,,2025/08/26,
3000000021197,1,Caixa Postal,00:00:03,Cli,10000000261214,N,,,2025/08/26,
3000000021198,1,Caixa Postal,00:00:01,Cli,10000000261214,N,,,2025/08/26,
3000000021199,1,Informação,00:11:58,Cli,10000000261214,N,,,2025/08/26,
3000000021200,1,Não Atende,00:00:00,Cli,10000000261215,N,,,2025/08/26,
3000000021201,1,URA Pesquisa NPS,00:01:20,Cli,10000000261216,S,Sim,10.0,2025/08/26,Email585
3000000021202,1,Caixa Postal,00:00:00,CLI ,10000000261206,N,,,2025/08/26,
3000000021203,1,Caixa Postal,00:00:01,CLI ,10000000261206,N,,,2025/08/26,
3000000021204,1,Não Atende,00:00:06,CLI,10000000261217,N,,,2025/08/26,
3000000021205,1,URA Pesquisa NPS,00:01:50,Cli,,S,Sim,10.0,2025/08/26,Email19156
3000000021206,1,Informação,00:14:20,,,N,,,2025/08/26,
3000000021207,1,Caixa Postal,00:00:04,CLI,10000000261218,N,,,2025/08/26,
3000000021208,1,Contato de Finalizacao do Protocolo,00:03:50,CLI,,N,,,2025/08/26,
3000000021209,1,Caixa Postal,00:00:03,CLI,10000000261219,N,,,2025/08/26,
3000000021210,1,URA Pesquisa NPS,00:13:45,CLI,10000000261220,S,Sim,9.0,2025/08/26,Email4355
3000000021211,1,URA Pesquisa NPS,00:12:16,Cli,10000000261221,S,Nao,10.0,2025/08/26,Email639
3000000021212,1,Informação,00:00:00,,,N,,,2025/08/26,
3000000021213,1,URA Pesquisa NPS,00:03:29,CLI,10000000261222,S,Sim,9.0,2025/08/26,Email48438
3000000021214,1,Caixa Postal,00:00:00,CLI,10000000261223,N,,,2025/08/26,
3000000021215,1,Caixa Postal,00:00:04,cli,10000000261224,N,,,2025/08/26,
3000000021216,1,URA Pesquisa NPS,00:01:15,Cli,10000000261225,S,Sim,9.0,2025/08/26,Email585
3000000021217,1,URA Pesquisa NPS,00:01:09,cli,10000000261226,S,,,2025/08/26,Email48439
3000000021218,1,Caixa Postal,00:00:06,Cli,10000000261227,N,,,2025/08/26,
3000000021219,1,URA Pesquisa NPS,00:02:08,Cli,10000000261228,S,Sim,10.0,2025/08/26,Email585
3000000021220,1,Contato de Finalizacao do Protocolo,00:03:10,,,N,,,2025/08/26,
3000000021221,1,URA Pesquisa NPS,00:00:43,cli,10000000261229,S,,,2025/08/26,Email48439
3000000021222,1,Informação,00:00:10,,,N,,,2025/08/26,
3000000021223,1,Caixa Postal,00:00:02,,,N,,,2025/08/26,
3000000021224,1,Caixa Postal,00:00:12,,,N,,,2025/08/26,
3000000021225,1,Caixa Postal,00:00:05,CLI ,10000000261230,N,,,2025/08/26,
3000000021226,1,Caixa Postal,00:00:04,CLI ,10000000261230,N,,,2025/08/26,
3000000021227,1,Ocupado,00:00:00,Cli,10000000261231,N,,,2025/08/26,
3000000021228,1,Informação,00:00:02,Cli,,N,,,2025/08/26,
3000000021229,1,Protocolo Permanecera em Andamento,00:01:56,Cli,10000000261232,N,,,2025/08/26,
3000000021230,1,URA Pesquisa NPS,00:01:54,Cli,10000000261231,S,Sim,9.0,2025/08/26,Email19156
3000000021231,1,Caixa Postal,00:00:03,cli,10000000261161,N,,,2025/08/26,
3000000021232,1,URA Pesquisa NPS,00:02:41,Cli,10000000261233,S,Sim,10.0,2025/08/26,Email585
3000000021233,1,Ocupado,00:00:00,Cli,10000000261234,N,,,2025/08/26,
3000000021234,1,Ocupado,00:00:00,Cli,,N,,,2025/08/26,
3000000021235,1,Informação,00:01:23,Cli,10000000261235,N,,,2025/08/26,
3000000021236,1,Caixa Postal,00:00:00,cli,10000000261161,N,,,2025/08/26,
3000000021237,1,URA Pesquisa NPS,00:02:47,cli,10000000261236,S,Sim,10.0,2025/08/26,Email5556
3000000021238,1,Caixa Postal,00:00:05,Cli,10000000261237,N,,,2025/08/26,
3000000021239,1,URA Pesquisa NPS,00:02:23,Cli,10000000261237,S,Sim,10.0,2025/08/26,Email585
3000000021240,1,Caixa Postal,00:00:00,,,N,,,2025/08/26,
3000000021241,1,Caixa Postal,00:00:01,,,N,,,2025/08/26,
3000000021242,1,Cliente Desligou,00:00:02,cli,10000000261238,N,,,2025/08/26,
3000000021243,1,Caixa Postal,00:00:02,CLI,,N,,,2025/08/26,
3000000021244,1,Caixa Postal,00:00:00,CLI,,N,,,2025/08/26,
3000000021245,1,Caixa Postal,00:00:03,CLI,,N,,,2025/08/26,
3000000021246,1,Caixa Postal,00:00:00,Cli,,N,,,2025/08/26,
3000000021247,1,URA Pesquisa NPS,00:01:04,Cli,10000000261239,S,,,2025/08/26,Email585
3000000021248,1,Contato de Finalizacao do Protocolo,00:05:10,cli,10000000261240,N,,,2025/08/26,
3000000021249,1,Informação,00:00:03,Cli ,,N,,,2025/08/25,
3000000021250,1,Cliente Desligou,00:00:01,Cli ,10000000261241,N,,,2025/08/25,
3000000021251,1,Chamada Não Atendida,00:00:06,Cli ,10000000261241,N,,,2025/08/25,
3000000021252,1,URA Pesquisa NPS,00:01:41,cli,10000000261242,S,,,2025/08/25,Email48439
3000000021253,1,Caixa Postal,00:00:00,cli,10000000261243,N,,,2025/08/25,
3000000021254,1,URA Pesquisa NPS,00:04:46,Cli,10000000261244,S,,,2025/08/25,Email19156
3000000021255,1,Informação,00:00:00,,,N,,,2025/08/25,
3000000021256,1,Chamada Não Atendida,00:00:05,Cli ,10000000261245,N,,,2025/08/25,
3000000021257,1,Informação,00:04:37,cli,10000000261231,N,,,2025/08/25,
3000000021258,1,Informação,00:00:39,cli,10000000261246,N,,,2025/08/25,
3000000021259,1,Caixa Postal,00:00:05,,,N,,,2025/08/25,
3000000021260,1,Caixa Postal,00:00:06,Cli ,,N,,,2025/08/25,
3000000021261,1,Caixa Postal,00:00:02,Cli ,10000000261247,N,,,2025/08/25,
3000000021262,1,Informação,00:00:00,Igor,,N,,,2025/08/25,
3000000021263,1,Cliente Desligou,00:00:05,Cli,10000000261248,N,,,2025/08/25,
3000000021264,1,Caixa Postal,00:00:06,Cli,10000000261248,N,,,2025/08/25,
3000000021265,1,Caixa Postal,00:29:10,Cli ,,N,,,2025/08/25,
3000000021266,1,Informação,00:00:08,cli,,N,,,2025/08/25,
3000000021267,1,Informação,00:00:00,cli,,N,,,2025/08/25,
3000000021268,1,Chamada Não Atendida,00:00:03,Cli ,10000000261249,N,,,2025/08/25,
3000000021269,1,Chamada Não Atendida,00:00:04,Cli ,10000000261249,N,,,2025/08/25,
3000000021270,1,Chamada Não Atendida,00:00:06,Cli ,10000000261249,N,,,2025/08/25,
3000000021271,1,Caixa Postal,00:08:50,Cli ,,N,,,2025/08/25,
3000000021272,1,Caixa Postal,00:00:02,,,N,,,2025/08/25,
3000000021273,1,Caixa Postal,00:00:04,cli,10000000261250,N,,,2025/08/25,
3000000021274,1,Caixa Postal,00:00:03,cli,10000000261250,N,,,2025/08/25,
3000000021275,1,URA Pesquisa NPS,00:05:06,Cli,10000000261251,S,,,2025/08/25,Email19156
3000000021276,1,Chamada Não Atendida,00:00:00,CLI ,10000000261252,N,,,2025/08/25,
3000000021277,1,Chamada Não Atendida,00:00:00,CLI ,10000000261252,N,,,2025/08/25,
3000000021278,1,URA Pesquisa NPS,00:01:25,CLI ,10000000261253,S,Sim,10.0,2025/08/25,Email372
3000000021279,1,Não Atende,00:00:00,CLI,10000000261254,N,,,2025/08/25,
3000000021280,1,Informação,00:00:00,,,N,,,2025/08/25,
3000000021281,1,Caixa Postal,00:00:02,CLI,10000000261255,N,,,2025/08/25,
3000000021282,1,Caixa Postal,00:00:00,cli,10000000261256,N,,,2025/08/25,
3000000021283,1,Caixa Postal,00:00:00,cli,10000000261256,N,,,2025/08/25,
3000000021284,1,Contato de Finalizacao do Protocolo,00:03:17,CLI,,N,,,2025/08/25,
3000000021285,1,Chamada Não Atendida,00:00:00,CLI ,10000000261257,N,,,2025/08/25,
3000000021286,1,Chamada Não Atendida,00:00:00,CLI ,10000000261257,N,,,2025/08/25,
3000000021287,1,Caixa Postal,00:00:00,cli,10000000261250,N,,,2025/08/25,
3000000021288,1,Caixa Postal,00:00:08,Cli,10000000261258,N,,,2025/08/25,
3000000021289,1,Caixa Postal,00:00:00,CLI,10000000261259,N,,,2025/08/25,
3000000021290,1,Caixa Postal,00:00:00,cli,10000000261260,N,,,2025/08/25,
3000000021291,1,Caixa Postal,00:00:00,cli,10000000261260,N,,,2025/08/25,
3000000021292,1,URA Pesquisa NPS,00:05:23,Cli,,S,Sim,,2025/08/25,Email19156
3000000021293,1,Caixa Postal,00:00:00,CLI,10000000261261,N,,,2025/08/25,
3000000021294,1,URA Pesquisa NPS,00:02:11,Cli,10000000261262,S,Sim,10.0,2025/08/25,Email19156
3000000021295,1,Sent To Voicemail,00:01:13,cli,10000000261263,S,Sim,10.0,2025/08/25,Email48439
3000000021296,1,Caixa Postal,00:00:00,cli,10000000261264,N,,,2025/08/25,
3000000021297,1,Informação,00:00:52,cli,,N,,,2025/08/25,
3000000021298,1,Caixa Postal,00:00:05,CLI,10000000261255,N,,,2025/08/25,
3000000021299,1,Caixa Postal,00:00:05,CLI,10000000261255,N,,,2025/08/25,
3000000021300,1,Informação,00:00:02,,,N,,,2025/08/25,
3000000021301,1,Informação,00:00:00,CLi,,N,,,2025/08/25,
3000000021302,1,Caixa Postal,00:00:01,cli,10000000261256,N,,,2025/08/25,
3000000021303,1,Informação,00:00:00,,,N,,,2025/08/25,
3000000021304,1,Caixa Postal,00:00:07,CLI,10000000261265,N,,,2025/08/25,
3000000021305,1,Informação,00:00:10,cli,,N,,,2025/08/25,
3000000021306,1,Caixa Postal,00:00:00,cli ,10000000261266,N,,,2025/08/25,
3000000021307,1,Caixa Postal,00:00:00,cli ,,N,,,2025/08/25,
3000000021308,1,Chamada Não Atendida,00:00:00,cli ,10000000261267,N,,,2025/08/25,
3000000021309,1,Chamada Não Atendida,00:00:00,cli ,10000000261267,N,,,2025/08/25,
3000000021310,1,Caixa Postal,00:00:00,cli,10000000261268,N,,,2025/08/25,
3000000021311,1,Caixa Postal,00:00:04,cli,10000000261268,N,,,2025/08/25,
3000000021312,1,Contato de Finalizacao do Protocolo,00:00:57,cli,10000000261269,N,,,2025/08/25,
3000000021313,1,Informação,00:00:01,,,N,,,2025/08/25,
3000000021314,1,Caixa Postal,00:00:02,cli,10000000261270,N,,,2025/08/25,
3000000021315,1,Caixa Postal,00:00:00,cli,10000000261270,N,,,2025/08/25,
3000000021316,1,Caixa Postal,00:00:04,CLI,10000000261271,N,,,2025/08/25,
3000000021317,1,Chamada Não Atendida,00:00:03,Cli ,10000000261272,N,,,2025/08/25,
3000000021318,1,Sent To Voicemail,00:05:11,CLI ,,S,Sim,6.0,2025/08/25,Email19156
3000000021319,1,Caixa Postal,00:00:04,CLI,10000000261195,N,,,2025/08/25,
3000000021320,1,URA Pesquisa NPS,00:00:56,CLI,10000000261273,S,Sim,10.0,2025/08/25,Email364
3000000021321,1,URA Pesquisa NPS,00:02:51,Cli,10000000261274,S,Sim,7.0,2025/08/25,Email11179
3000000021322,1,URA Pesquisa NPS,00:10:10,,,S,Sim,10.0,2025/08/25,Email19156
3000000021323,1,Caixa Postal,00:00:09,cli,,N,,,2025/08/25,
3000000021324,1,Caixa Postal,00:00:04,cli,,N,,,2025/08/25,
3000000021325,1,Ocupado,00:00:00,,,N,,,2025/08/25,
3000000021326,1,Ocupado,00:00:00,,,N,,,2025/08/25,
3000000021327,1,Caixa Postal,00:00:04,cli,10000000261275,N,,,2025/08/25,
3000000021328,1,Caixa Postal,00:00:04,cli,10000000261275,N,,,2025/08/25,
3000000021329,1,Informação,00:10:21,Cli ,10000000261276,N,,,2025/08/25,
3000000021330,1,Ligação Muda,00:00:08,CLI,,N,,,2025/08/22,
3000000021331,1,Caixa Postal,00:00:09,CLI,10000000261277,N,,,2025/08/22,
3000000021332,1,Caixa Postal,00:00:06,Cli ,10000000261278,N,,,2025/08/22,
3000000021333,1,Caixa Postal,00:00:04,Cli ,10000000261278,N,,,2025/08/22,
3000000021334,1,URA Pesquisa NPS,00:02:44,Cli ,10000000261279,S,Sim,10.0,2025/08/22,Email5556
3000000021335,1,Caixa Postal,00:00:16,cli,10000000261280,N,,,2025/08/22,
3000000021336,1,URA Pesquisa NPS,00:01:28,cli,10000000261281,S,,,2025/08/22,Email5556
3000000021337,1,URA Pesquisa NPS,00:00:41,CLI ,10000000261282,S,,,2025/08/22,Email372
3000000021338,1,Caixa Postal,00:00:01,Cli ,10000000261283,N,,,2025/08/22,
3000000021339,1,Caixa Postal,00:00:05,Cli,10000000261284,N,,,2025/08/22,
3000000021340,1,Caixa Postal,00:00:05,Cli,10000000261284,N,,,2025/08/22,
3000000021341,1,Caixa Postal,00:00:05,CLI,10000000261285,N,,,2025/08/22,
3000000021342,1,URA Pesquisa NPS,00:02:54,CLI,10000000261285,S,Sim,10.0,2025/08/22,Email11179
3000000021343,1,Informação,00:00:09,,,N,,,2025/08/22,
3000000021344,1,Informação,00:29:56,,,N,,,2025/08/22,
3000000021345,1,Informação,00:02:42,cLI ,10000000261286,N,,,2025/08/22,
3000000021346,1,Caixa Postal,00:00:09,Cli ,10000000261287,N,,,2025/08/22,
3000000021347,1,Caixa Postal,00:00:05,Cli ,10000000261287,N,,,2025/08/22,
3000000021348,1,URA Pesquisa NPS,00:10:31,Cli ,10000000261287,S,Sim,10.0,2025/08/22,Email48444
3000000021349,1,Chamada Não Atendida,00:00:00,CLI ,10000000261288,N,,,2025/08/22,
3000000021350,1,Chamada Não Atendida,00:00:00,CLI ,10000000261288,N,,,2025/08/22,
3000000021351,1,Informação,00:01:09,Cli,10000000261289,N,,,2025/08/22,
3000000021352,1,Chamada Não Atendida,00:00:00,CLI ,10000000261288,N,,,2025/08/22,
3000000021353,1,Chamada Não Atendida,00:00:00,CLI ,10000000261288,N,,,2025/08/22,
3000000021354,1,Caixa Postal,00:00:13,CLI,,N,,,2025/08/22,
3000000021355,1,Informação,00:00:00,,,N,,,2025/08/22,
3000000021356,1,Caixa Postal,00:00:06,cli,10000000261280,N,,,2025/08/22,
3000000021357,1,Caixa Postal,00:00:05,cli,10000000261280,N,,,2025/08/22,
3000000021358,1,Caixa Postal,00:00:00,cli,10000000261290,N,,,2025/08/22,
3000000021359,1,Informação,00:00:00,,,N,,,2025/08/22,
3000000021360,1,Caixa Postal,00:00:10,Cli,10000000261291,N,,,2025/08/22,
3000000021361,1,Caixa Postal,00:00:03,CLI,10000000261212,N,,,2025/08/22,
3000000021362,1,URA Pesquisa NPS,00:03:08,Cli,10000000261292,S,Sim,8.0,2025/08/22,Email639
3000000021363,1,Chamada Não Atendida,00:00:07,CLI,10000000261293,N,,,2025/08/22,
3000000021364,1,Informação,00:01:04,CLI,10000000261293,N,,,2025/08/22,
3000000021365,1,URA Pesquisa NPS,00:04:14,CLI ,10000000261294,S,Sim,9.0,2025/08/22,Email372
3000000021366,1,URA Pesquisa NPS,00:12:35,Cli,10000000261289,S,Sim,10.0,2025/08/22,Email639
3000000021367,1,URA Pesquisa NPS,00:01:39,CLI,10000000261295,S,Sim,,2025/08/22,Email4194
3000000021368,1,Sent To Voicemail,00:19:05,Cli,10000000261296,S,Sim,5.0,2025/08/22,Email5371
3000000021369,1,Responsavel ausente,00:02:29,CLI,10000000261297,N,,,2025/08/22,
3000000021370,1,Ligação Muda,00:00:20,,10000000261298,N,,,2025/08/22,
3000000021371,1,Ligação Muda,00:00:20,,10000000261298,N,,,2025/08/22,
3000000021372,1,Caixa Postal,00:00:01,cli,10000000261290,N,,,2025/08/22,
3000000021373,1,Contato de Finalizacao do Protocolo,00:01:33,,,N,,,2025/08/22,
3000000021374,1,Caixa Postal,00:00:00,cli,10000000261299,N,,,2025/08/22,
3000000021375,1,Caixa Postal,00:00:05,cli,,N,,,2025/08/22,
3000000021376,1,Contato de Finalizacao do Protocolo,00:00:37,cli,10000000261299,N,,,2025/08/22,
3000000021377,1,Caixa Postal,00:00:04,cli,,N,,,2025/08/22,
3000000021378,1,URA Pesquisa NPS,00:11:38,cli,,S,Sim,9.0,2025/08/22,Email19156
3000000021379,1,Caixa Postal,00:00:00,CLI,10000000261300,N,,,2025/08/22,
3000000021380,1,Caixa Postal,00:00:01,CLI,10000000261212,N,,,2025/08/22,
3000000021381,1,Caixa Postal,00:00:15,CLI,10000000261301,N,,,2025/08/22,
3000000021382,1,Caixa Postal,00:00:05,CLI,,N,,,2025/08/22,
3000000021383,1,Caixa Postal,00:00:10,Cli ,10000000261278,N,,,2025/08/22,
3000000021384,1,Caixa Postal,00:00:04,Cli ,10000000261302,N,,,2025/08/22,
3000000021385,1,Ligação Muda,00:00:00,,10000000261298,N,,,2025/08/22,
3000000021386,1,Ligação Muda,00:00:00,,10000000261298,N,,,2025/08/22,
3000000021387,1,URA Pesquisa NPS,00:01:31,CLI,10000000261303,S,Sim,10.0,2025/08/22,Email45
3000000021388,1,URA Pesquisa NPS,00:05:47,,,S,,,2025/08/22,Email19156
3000000021389,1,Caixa Postal,00:00:03,cli,10000000261304,N,,,2025/08/22,
3000000021390,1,Caixa Postal,00:00:06,Cli ,10000000261302,N,,,2025/08/22,
3000000021391,1,Caixa Postal,00:00:04,cli,10000000261304,N,,,2025/08/22,
3000000021392,1,Caixa Postal,00:00:00,cli,10000000261305,N,,,2025/08/22,
3000000021393,1,URA Pesquisa NPS,00:01:07,CLI,10000000261306,S,,,2025/08/22,Email45
3000000021394,1,Informação,00:00:00,,,N,,,2025/08/22,
3000000021395,1,URA Pesquisa NPS,00:02:56,Cli,10000000261307,S,Sim,10.0,2025/08/22,Email639
3000000021396,1,Caixa Postal,00:00:00,cli,10000000261299,N,,,2025/08/22,
3000000021397,1,URA Pesquisa NPS,00:01:21,cli,10000000261299,S,Sim,8.0,2025/08/22,Email48439
3000000021398,1,Dados incorretos do cliente,00:00:00,cli,10000000261195,N,,,2025/08/22,
3000000021399,1,Caixa Postal,00:00:08,CLI,10000000261195,N,,,2025/08/22,
3000000021400,1,Chamada Não Atendida,00:00:00,Cli ,10000000261308,N,,,2025/08/22,
3000000021401,1,Caixa Postal,00:00:00,Cli ,10000000261308,N,,,2025/08/22,
3000000021402,1,Caixa Postal,00:00:00,Cli ,,N,,,2025/08/22,
3000000021403,1,Consulta Status,00:02:46,cli,10000000261195,N,,,2025/08/22,
3000000021404,1,Não Atende,00:00:00,Cli,10000000261309,N,,,2025/08/22,
3000000021405,1,Caixa Postal,00:00:06,cli,10000000261243,N,,,2025/08/22,
3000000021406,1,Não Atende,00:00:00,Cli,,N,,,2025/08/22,
3000000021407,1,Agent Error,00:04:03,,,N,,,2025/08/22,
3000000021408,1,Caixa Postal,00:00:06,Cli ,10000000261310,N,,,2025/08/22,
3000000021409,1,Caixa Postal,00:00:00,Cli ,10000000261310,N,,,2025/08/22,
3000000021410,1,Caixa Postal,00:00:00,Cli ,10000000261310,N,,,2025/08/22,
3000000021411,1,Protocolo Permanecera em Andamento,00:10:56,cli,10000000261311,N,,,2025/08/22,
3000000021412,1,Chamada Não Atendida,00:00:03,Cli ,,N,,,2025/08/22,
3000000021413,1,Chamada Não Atendida,00:00:04,Cli ,,N,,,2025/08/22,
3000000021414,1,Cliente Desligou,00:00:04,Cli,,N,,,2025/08/21,
3000000021415,1,Caixa Postal,00:00:04,Cli,10000000261312,N,,,2025/08/21,
3000000021416,1,Caixa Postal,00:00:04,Cli,,N,,,2025/08/21,
3000000021417,1,Contato de Finalizacao do Protocolo,00:02:02,Cli,10000000261313,N,,,2025/08/21,
3000000021418,1,Caixa Postal,00:00:16,cli,10000000261099,N,,,2025/08/21,
3000000021419,1,Caixa Postal,00:00:08,Cli,,N,,,2025/08/21,
3000000021420,1,Caixa Postal,00:00:08,Cli,10000000261314,N,,,2025/08/21,
3000000021421,1,Caixa Postal,00:00:07,Cli,,N,,,2025/08/21,
3000000021422,1,Informação,00:00:05,cli,,N,,,2025/08/21,
3000000021423,1,Cliente Desligou,00:00:12,Cli,10000000261315,N,,,2025/08/21,
3000000021424,1,Caixa Postal,00:00:07,Cli ,10000000261316,N,,,2025/08/21,
3000000021425,1,Caixa Postal,00:00:00,Cli ,10000000261317,N,,,2025/08/21,
3000000021426,1,URA Pesquisa NPS,00:00:45,CLI,10000000261318,S,Sim,,2025/08/21,Email45
3000000021427,1,Informação,00:00:03,,,N,,,2025/08/21,
3000000021428,1,URA Pesquisa NPS,00:09:19,cli,10000000261319,S,Sim,9.0,2025/08/21,Email5556
3000000021429,1,Informação,00:00:09,,,N,,,2025/08/21,
3000000021430,1,Caixa Postal,00:00:02,Cli,,N,,,2025/08/21,
3000000021431,1,Chamada Não Atendida,00:00:00,CLI ,10000000261320,N,,,2025/08/21,
3000000021432,1,Chamada Não Atendida,00:00:00,CLI ,10000000261320,N,,,2025/08/21,
3000000021433,1,Ligação Muda,00:00:10,CLI,10000000261102,N,,,2025/08/21,
3000000021434,1,Informação,00:07:54,CLI,10000000261102,N,,,2025/08/21,
3000000021435,1,URA Pesquisa NPS,00:09:07,,10000000261321,S,,,2025/08/21,Email11179
3000000021436,1,Sent To Voicemail,00:13:13,Cliente,10000000261322,S,Sim,10.0,2025/08/21,Email639
3000000021437,1,Caixa Postal,00:00:05,CLI,,N,,,2025/08/21,
3000000021438,1,Caixa Postal,00:00:03,CLI,,N,,,2025/08/21,
3000000021439,1,Chamada Não Atendida,00:00:00,Cli ,10000000261323,N,,,2025/08/21,
3000000021440,1,Informação,00:00:07,,,N,,,2025/08/21,
3000000021441,1,Caixa Postal,00:00:06,cli,,N,,,2025/08/21,
3000000021442,1,Caixa Postal,00:00:05,cli,,N,,,2025/08/21,
3000000021443,1,Caixa Postal,00:00:07,cli,,N,,,2025/08/21,
3000000021444,1,Protocolo Permanecera em Andamento,00:04:56,cli,,N,,,2025/08/21,
3000000021445,1,Chamada Não Atendida,00:00:00,CLI ,10000000261324,N,,,2025/08/21,
3000000021446,1,Chamada Não Atendida,00:00:00,CLI ,10000000261324,N,,,2025/08/21,
3000000021447,1,Chamada Não Atendida,00:00:00,CLI ,10000000261324,N,,,2025/08/21,
3000000021448,1,Chamada Não Atendida,00:00:01,CLI ,10000000261324,N,,,2025/08/21,
3000000021449,1,Caixa Postal,00:00:00,CLI ,10000000261324,N,,,2025/08/21,
3000000021450,1,Caixa Postal,00:00:00,CLI ,10000000261324,N,,,2025/08/21,
3000000021451,1,Caixa Postal,00:00:00,,,N,,,2025/08/21,
3000000021452,1,Caixa Postal,00:00:00,,,N,,,2025/08/21,
3000000021453,1,URA Pesquisa NPS,00:01:50,Cli,10000000261325,S,Sim,10.0,2025/08/21,Email19156
3000000021454,1,Cliente Desligou,00:00:08,cli,10000000261326,N,,,2025/08/21,
3000000021455,1,URA Pesquisa NPS,00:02:14,Cli ,10000000261327,S,,,2025/08/21,Email48444
3000000021456,1,Chamada Não Atendida,00:00:04,Cli ,,N,,,2025/08/21,
3000000021457,1,Chamada Não Atendida,00:00:01,Cli ,10000000261323,N,,,2025/08/21,
3000000021458,1,Caixa Postal,00:00:05,Cli ,10000000261323,N,,,2025/08/21,
3000000021459,1,Caixa Postal,00:00:01,Cli ,10000000261323,N,,,2025/08/21,
3000000021460,1,Caixa Postal,00:00:01,Cli ,10000000261323,N,,,2025/08/21,
3000000021461,1,Caixa Postal,00:00:00,Cli ,10000000261323,N,,,2025/08/21,
3000000021462,1,Caixa Postal,00:00:01,Cli ,10000000261323,N,,,2025/08/21,
3000000021463,1,Chamada Não Atendida,00:00:08,cli,10000000261323,N,,,2025/08/21,
3000000021464,1,URA Pesquisa NPS,00:01:57,cli,10000000261328,S,Sim,10.0,2025/08/21,Email48444
3000000021465,1,Caixa Postal,00:00:00,Cli,10000000261329,N,,,2025/08/21,
3000000021466,1,Caixa Postal,00:00:00,CLI,10000000261330,N,,,2025/08/21,
3000000021467,1,Ocupado,00:00:00,,,N,,,2025/08/21,
3000000021468,1,Ocupado,00:00:00,,,N,,,2025/08/21,
3000000021469,1,Informação,00:00:10,,,N,,,2025/08/21,
3000000021470,1,Informação,00:00:00,,,N,,,2025/08/21,
3000000021471,1,Caixa Postal,00:00:09,CLI,10000000261330,N,,,2025/08/21,
3000000021472,1,Caixa Postal,00:00:04,CLI,,N,,,2025/08/21,
3000000021473,1,Caixa Postal,00:00:04,CLI,,N,,,2025/08/21,
3000000021474,1,Caixa Postal,00:00:04,CLI,,N,,,2025/08/21,
3000000021475,1,Caixa Postal,00:00:10,Cli,10000000261331,N,,,2025/08/21,
3000000021476,1,Caixa Postal,00:00:06,Cli,,N,,,2025/08/21,
3000000021477,1,Caixa Postal,00:00:15,Cli,,N,,,2025/08/21,
3000000021478,1,Caixa Postal,00:00:04,Cli,10000000261331,N,,,2025/08/21,
3000000021479,1,Caixa Postal,00:00:00,Cli,10000000261332,N,,,2025/08/21,
3000000021480,1,Caixa Postal,00:00:00,Cli,10000000261332,N,,,2025/08/21,
3000000021481,1,Caixa Postal,00:00:00,Cli,10000000261332,N,,,2025/08/21,
3000000021482,1,Caixa Postal,00:00:08,cli,,N,,,2025/08/21,
3000000021483,1,Caixa Postal,00:00:07,cli,,N,,,2025/08/21,
3000000021484,1,URA Pesquisa NPS,00:01:05,Cli ,10000000261333,S,Sim,10.0,2025/08/21,Email585
3000000021485,1,URA Pesquisa NPS,00:01:12,Cli,10000000261334,S,,,2025/08/21,Email1615
3000000021486,1,Caixa Postal,00:00:04,Cli,,N,,,2025/08/21,
3000000021487,1,Caixa Postal,00:00:03,Cli,,N,,,2025/08/21,
3000000021488,1,Informação,00:00:00,,,N,,,2025/08/21,
3000000021489,1,Caixa Postal,00:00:10,Cli,10000000261335,N,,,2025/08/21,
3000000021490,1,Caixa Postal,00:00:09,Cli,,N,,,2025/08/21,
3000000021491,1,Caixa Postal,00:00:05,CLI,10000000261336,N,,,2025/08/21,
3000000021492,1,Chamada Não Atendida,00:00:00,,,N,,,2025/08/21,
3000000021493,1,Cliente Desligou,00:00:06,Cli ,10000000261337,N,,,2025/08/21,
3000000021494,1,Informação,00:06:10,Cli ,10000000261337,N,,,2025/08/21,
3000000021495,1,Caixa Postal,00:00:00,cli,10000000261338,N,,,2025/08/21,
3000000021496,1,Caixa Postal,00:00:00,cli,10000000261338,N,,,2025/08/21,
3000000021497,1,Caixa Postal,00:00:22,Cli,,N,,,2025/08/21,
3000000021498,1,Ligação Muda,00:00:00,cli,10000000261339,N,,,2025/08/21,
3000000021499,1,Caixa Postal,00:00:00,cli,10000000261339,N,,,2025/08/21,
3000000021500,1,Ligação Muda,00:00:00,CLI,10000000261339,N,,,2025/08/21,
3000000021501,1,Sent To Voicemail,00:01:52,Cli ,10000000261337,S,Sim,10.0,2025/08/21,Email48444
3000000021502,1,Informação,00:00:05,,,N,,,2025/08/21,
3000000021503,1,Chamada Não Atendida,00:00:04,Cli ,10000000261340,N,,,2025/08/21,
3000000021504,1,Chamada Não Atendida,00:00:01,Cli ,10000000261340,N,,,2025/08/21,
3000000021505,1,URA Pesquisa NPS,00:03:10,,,S,,,2025/08/21,Email19156
3000000021506,1,Informação,00:00:00,Cli ,,N,,,2025/08/21,
3000000021507,1,URA Pesquisa NPS,00:02:26,Cli ,10000000261341,S,Sim,8.0,2025/08/21,Email48444
3000000021508,1,Consulta Status,00:00:10,,,N,,,2025/08/21,
3000000021509,1,Caixa Postal,00:00:04,,,N,,,2025/08/21,
3000000021510,1,Cliente Desligou,00:02:02,,10000000261244,N,,,2025/08/21,
3000000021511,1,Protocolo Permanecera em Andamento,00:00:41,,,N,,,2025/08/21,
3000000021512,1,Agent Error,00:09:04,,,N,,,2025/08/21,
3000000021513,1,Caixa Postal,00:00:00,Cli ,10000000261342,N,,,2025/08/21,
3000000021514,1,Caixa Postal,00:00:02,Cli ,10000000261342,N,,,2025/08/21,
3000000021515,1,Informação,00:00:00,,,N,,,2025/08/21,
3000000021516,1,Informação,00:00:00,,,N,,,2025/08/20,
3000000021517,1,Caixa Postal,00:00:07,Cli ,10000000261343,N,,,2025/08/20,
3000000021518,1,Caixa Postal,00:00:02,Cli ,10000000261343,N,,,2025/08/20,
3000000021519,1,Caixa Postal,00:00:04,Cli ,10000000261343,N,,,2025/08/20,
3000000021520,1,Caixa Postal,00:00:01,Cli ,10000000261343,N,,,2025/08/20,
3000000021521,1,Caixa Postal,00:00:00,Cli,10000000261344,N,,,2025/08/20,
3000000021522,1,Caixa Postal,00:00:00,Cli,10000000261344,N,,,2025/08/20,
3000000021523,1,Chamada Não Atendida,00:00:00,cli,10000000261345,N,,,2025/08/20,
3000000021524,1,Chamada Não Atendida,00:00:00,cli,10000000261345,N,,,2025/08/20,
3000000021525,1,Chamada Não Atendida,00:00:00,cli,10000000261345,N,,,2025/08/20,
3000000021526,1,Chamada Não Atendida,00:00:08,CLI,10000000261346,N,,,2025/08/20,
3000000021527,1,Informação,00:01:15,CLI,10000000261346,N,,,2025/08/20,
3000000021528,1,URA Pesquisa NPS,00:03:38,Cli,10000000261347,S,Sim,10.0,2025/08/20,Email19156
3000000021529,1,Caixa Postal,00:00:04,Cli,,N,,,2025/08/20,
3000000021530,1,Ligação Muda,00:00:00,CLI,10000000261348,N,,,2025/08/20,
3000000021531,1,Não Atende,00:00:00,cli,10000000261348,N,,,2025/08/20,
3000000021532,1,Caixa Postal,00:00:08,CLI,10000000261349,N,,,2025/08/20,
3000000021533,1,Ligação Muda,00:00:07,CLI,,N,,,2025/08/20,
3000000021534,1,Caixa Postal,00:00:04,CLI,,N,,,2025/08/20,
3000000021535,1,Caixa Postal,00:00:06,CLI,10000000261349,N,,,2025/08/20,
3000000021536,1,URA Pesquisa NPS,00:04:10,cli,10000000261350,S,Sim,10.0,2025/08/20,Email11179
3000000021537,1,Contato de Finalizacao do Protocolo,00:21:21,CLI,,N,,,2025/08/20,
3000000021538,1,Chamada Não Atendida,00:00:03,CLI,10000000261293,N,,,2025/08/20,
3000000021539,1,Informação,00:00:39,CLI,10000000261293,N,,,2025/08/20,
3000000021540,1,URA Pesquisa NPS,00:02:02,Cli,10000000261351,S,,,2025/08/20,Email19156
3000000021541,1,Chamada Não Atendida,00:00:00,CLI ,10000000261352,N,,,2025/08/20,
3000000021542,1,Chamada Não Atendida,00:00:01,CLI ,10000000261352,N,,,2025/08/20,
3000000021543,1,Chamada Não Atendida,00:00:00,CLI ,10000000261352,N,,,2025/08/20,
3000000021544,1,Caixa Postal,00:00:07,CLI,10000000261353,N,,,2025/08/20,
3000000021545,1,Caixa Postal,00:00:01,CLI,10000000261353,N,,,2025/08/20,
3000000021546,1,URA Pesquisa NPS,00:02:51,cli,10000000261354,S,Sim,8.0,2025/08/20,Email11179
3000000021547,1,Informação,00:13:57,CLI,10000000261293,N,,,2025/08/20,
3000000021548,1,Informação,00:00:19,,,N,,,2025/08/20,
3000000021549,1,Chamada Não Atendida,00:00:01,CLI ,10000000261355,N,,,2025/08/20,
3000000021550,1,Chamada Não Atendida,00:00:00,CLI ,10000000261355,N,,,2025/08/20,
3000000021551,1,Caixa Postal,00:00:03,Cli ,10000000261247,N,,,2025/08/20,
3000000021552,1,Informação,00:00:00,Cli,,N,,,2025/08/20,
3000000021553,1,Caixa Postal,00:00:03,cli,10000000261356,N,,,2025/08/20,
3000000021554,1,Chamada Não Atendida,00:00:00,CLI ,10000000261357,N,,,2025/08/20,
3000000021555,1,Caixa Postal,00:00:06,CLI,,N,,,2025/08/20,
3000000021556,1,Caixa Postal,00:00:00,CLI,,N,,,2025/08/20,
3000000021557,1,Chamada Não Atendida,00:00:00,Cliente,10000000261358,N,,,2025/08/20,
3000000021558,1,Chamada Não Atendida,00:00:00,Cliente,10000000261358,N,,,2025/08/20,
3000000021559,1,Chamada Não Atendida,00:00:02,Cliente,10000000261358,N,,,2025/08/20,
3000000021560,1,Chamada Não Atendida,00:00:00,Cliente,10000000261358,N,,,2025/08/20,
3000000021561,1,Caixa Postal,00:00:00,,,N,,,2025/08/20,
3000000021562,1,Caixa Postal,00:00:00,,,N,,,2025/08/20,
3000000021563,1,Caixa Postal,00:00:08,,,N,,,2025/08/20,
3000000021564,1,URA Pesquisa NPS,00:02:18,cli,10000000261359,S,Sim,10.0,2025/08/20,Email5371
3000000021565,1,Caixa Postal,00:00:00,cli,10000000261360,N,,,2025/08/20,
3000000021566,1,Sent To Voicemail,00:00:51,CLI,10000000261361,S,Sim,5.0,2025/08/20,Email5556
3000000021567,1,Dados incorretos do cliente,00:00:00,CLI ,,N,,,2025/08/20,
3000000021568,1,Chamada Não Atendida,00:00:00,CLI ,10000000261362,N,,,2025/08/20,
3000000021569,1,Chamada Não Atendida,00:00:00,CLI ,10000000261362,N,,,2025/08/20,
3000000021570,1,Chamada Não Atendida,00:00:00,CLI ,10000000261362,N,,,2025/08/20,
3000000021571,1,Chamada Não Atendida,00:00:02,CLI ,10000000261362,N,,,2025/08/20,
3000000021572,1,Chamada Não Atendida,00:00:00,CLI ,10000000261362,N,,,2025/08/20,
3000000021573,1,Chamada Não Atendida,00:00:00,CLI,10000000261135,N,,,2025/08/20,
3000000021574,1,URA Pesquisa NPS,00:00:38,CLI ,10000000261363,S,Sim,10.0,2025/08/20,Email372
3000000021575,1,Chamada Não Atendida,00:00:00,CLI ,10000000261364,N,,,2025/08/20,
3000000021576,1,Chamada Não Atendida,00:00:01,CLI ,,N,,,2025/08/20,
3000000021577,1,Chamada Não Atendida,00:00:00,CLI ,10000000261364,N,,,2025/08/20,
3000000021578,1,Chamada Não Atendida,00:00:00,CLI ,10000000261364,N,,,2025/08/20,
3000000021579,1,Contato de Finalizacao do Protocolo,00:02:44,Cli,10000000261365,N,,,2025/08/20,
3000000021580,1,Chamada Não Atendida,00:00:00,CLI ,10000000261366,N,,,2025/08/20,
3000000021581,1,Chamada Não Atendida,00:00:06,CLI ,10000000261366,N,,,2025/08/20,
3000000021582,1,URA Pesquisa NPS,00:00:41,CLI ,10000000261366,S,Sim,10.0,2025/08/20,Email372
3000000021583,1,Chamada Não Atendida,00:00:03,Cli,10000000261312,N,,,2025/08/20,
3000000021584,1,Chamada Não Atendida,00:00:03,Cli,10000000261312,N,,,2025/08/20,
3000000021585,1,Chamada Não Atendida,00:00:02,Cli,10000000261312,N,,,2025/08/20,
3000000021586,1,Caixa Postal,00:00:11,cli,10000000261367,N,,,2025/08/20,
3000000021587,1,Chamada Não Atendida,00:00:07,Cli ,10000000261368,N,,,2025/08/20,
3000000021588,1,Chamada Não Atendida,00:00:06,Cli ,10000000261368,N,,,2025/08/20,
3000000021589,1,Chamada Não Atendida,00:00:05,Cli ,10000000261368,N,,,2025/08/20,
3000000021590,1,Caixa Postal,00:00:08,,,N,,,2025/08/20,
3000000021591,1,Caixa Postal,00:00:06,Cli,10000000261314,N,,,2025/08/20,
3000000021592,1,Caixa Postal,00:00:07,Cli,10000000261314,N,,,2025/08/20,
3000000021593,1,Caixa Postal,00:00:14,Cli ,10000000261316,N,,,2025/08/20,
3000000021594,1,Caixa Postal,00:00:08,Cli ,10000000261316,N,,,2025/08/20,
3000000021595,1,URA Pesquisa NPS,00:02:24,cli,10000000261369,S,Sim,10.0,2025/08/20,Email48445
3000000021596,1,Caixa Postal,00:00:01,Cli ,10000000261317,N,,,2025/08/20,
3000000021597,1,Caixa Postal,00:00:02,Cli,10000000261370,N,,,2025/08/20,
3000000021598,1,Caixa Postal,00:00:02,Cli,,N,,,2025/08/20,
3000000021599,1,Caixa Postal,00:01:32,,,N,,,2025/08/20,
3000000021600,1,Não Atende,00:00:04,CLI,10000000261371,N,,,2025/08/19,
3000000021601,1,URA Pesquisa NPS,00:01:44,CLI,10000000261372,S,Sim,10.0,2025/08/19,Email4355
3000000021602,1,Informação,00:00:06,Cli,,N,,,2025/08/19,
3000000021603,1,Informação,00:00:02,Cli,,N,,,2025/08/19,
3000000021604,1,Informação,00:00:18,CLI,,N,,,2025/08/19,
3000000021605,1,Chamada Não Atendida,00:00:03,CLI,10000000261373,N,,,2025/08/19,
3000000021606,1,Dados incorretos do cliente,00:00:23,CLI,10000000261373,N,,,2025/08/19,
3000000021607,1,Chamada Não Atendida,00:00:02,CLI,10000000261373,N,,,2025/08/19,
3000000021608,1,Informação,00:00:04,Cli,,N,,,2025/08/19,
3000000021609,1,Chamada Não Atendida,00:00:04,CLI ,10000000261374,N,,,2025/08/19,
3000000021610,1,Chamada Não Atendida,00:00:00,CLI ,10000000261374,N,,,2025/08/19,
3000000021611,1,URA Pesquisa NPS,00:04:20,Cli,10000000261375,S,,,2025/08/19,Email11179
3000000021612,1,Caixa Postal,00:00:04,CLI,10000000261371,N,,,2025/08/19,
3000000021613,1,URA Pesquisa NPS,00:00:54,Cli ,10000000261376,S,Sim,10.0,2025/08/19,Email48444
3000000021614,1,Informação,00:00:00,,,N,,,2025/08/19,
3000000021615,1,Informação,00:03:27,Cli ,10000000261377,N,,,2025/08/19,
3000000021616,1,Caixa Postal,00:00:10,Cli,10000000261378,N,,,2025/08/19,
3000000021617,1,Caixa Postal,00:00:00,Cli,10000000261378,N,,,2025/08/19,
3000000021618,1,Caixa Postal,00:00:11,Cli,10000000261379,N,,,2025/08/19,
3000000021619,1,Caixa Postal,00:00:00,CLI,10000000261380,N,,,2025/08/19,
3000000021620,1,Chamada Não Atendida,00:00:05,Cli ,10000000261381,N,,,2025/08/19,
3000000021621,1,URA Pesquisa NPS,00:01:05,Cli ,10000000261381,S,,,2025/08/19,Email48444
3000000021622,1,URA Pesquisa NPS,00:02:23,cli,10000000261382,S,,,2025/08/19,Email48439
3000000021623,1,Chamada Não Atendida,00:00:00,CLI ,10000000261383,N,,,2025/08/19,
3000000021624,1,Chamada Não Atendida,00:00:00,CLI ,10000000261383,N,,,2025/08/19,
3000000021625,1,Chamada Não Atendida,00:00:00,CLI ,10000000261383,N,,,2025/08/19,
3000000021626,1,Chamada Não Atendida,00:00:02,CLI ,10000000261384,N,,,2025/08/19,
3000000021627,1,Chamada Não Atendida,00:00:02,CLI ,10000000261384,N,,,2025/08/19,
3000000021628,1,Chamada Não Atendida,00:00:00,CLI ,10000000261384,N,,,2025/08/19,
3000000021629,1,URA Pesquisa NPS,00:01:37,CLI ,10000000261384,S,,,2025/08/19,Email372
3000000021630,1,URA Pesquisa NPS,00:07:32,Cli,10000000261385,S,Sim,10.0,2025/08/19,Email5371
3000000021631,1,Informação,00:00:04,Cli ,10000000261386,N,,,2025/08/19,
3000000021632,1,Chamada Não Atendida,00:00:00,Cli ,10000000261386,N,,,2025/08/19,
3000000021633,1,URA Pesquisa NPS,00:01:32,Cli,10000000261385,S,Sim,10.0,2025/08/19,Email5371
3000000021634,1,Informação,00:00:04,,,N,,,2025/08/19,
3000000021635,1,Informação,00:00:08,,,N,,,2025/08/19,
3000000021636,1,Informação,00:00:03,,,N,,,2025/08/19,
3000000021637,1,Chamada Não Atendida,00:00:19,Cli ,10000000261387,N,,,2025/08/19,
3000000021638,1,Chamada Não Atendida,00:00:07,Cli ,10000000261387,N,,,2025/08/19,
3000000021639,1,Chamada Não Atendida,00:00:00,Cli ,10000000261388,N,,,2025/08/19,
3000000021640,1,Chamada Não Atendida,00:00:00,Cli ,10000000261388,N,,,2025/08/19,
3000000021641,1,Caixa Postal,00:00:06,,,N,,,2025/08/19,
3000000021642,1,Caixa Postal,00:00:08,,,N,,,2025/08/19,
3000000021643,1,Não Atende,00:00:00,,,N,,,2025/08/19,
3000000021644,1,URA Pesquisa NPS,00:15:11,CLI,10000000261389,S,,,2025/08/19,Email4355
3000000021645,1,Informação,00:02:28,,,N,,,2025/08/19,
3000000021646,1,Caixa Postal,00:00:09,,10000000261390,N,,,2025/08/19,
3000000021647,1,Caixa Postal,00:00:10,CLI,10000000261391,N,,,2025/08/19,
3000000021648,1,Caixa Postal,00:00:00,CLI,,N,,,2025/08/19,
3000000021649,1,Dados incorretos do cliente,00:00:00,,,N,,,2025/08/19,
3000000021650,1,URA Pesquisa NPS,00:01:42,Cli ,10000000261392,S,Sim,9.0,2025/08/19,Email45
3000000021651,1,Caixa Postal,00:00:00,,,N,,,2025/08/19,
3000000021652,1,Caixa Postal,00:00:05,cli,10000000261393,N,,,2025/08/19,
3000000021653,1,URA Pesquisa NPS,00:00:51,cli,10000000261393,S,,,2025/08/19,Email48439
3000000021654,1,Caixa Postal,00:00:04,Cli,,N,,,2025/08/19,
3000000021655,1,Caixa Postal,00:00:08,Cli,,N,,,2025/08/19,
3000000021656,1,Caixa Postal,00:00:06,Cli,10000000261312,N,,,2025/08/19,
3000000021657,1,Caixa Postal,00:00:05,Cli,10000000261394,N,,,2025/08/19,
3000000021658,1,Caixa Postal,00:00:04,Cli,10000000261394,N,,,2025/08/19,
3000000021659,1,URA Pesquisa NPS,00:00:50,Cli,10000000261395,S,Sim,10.0,2025/08/19,Email585
3000000021660,1,URA Pesquisa NPS,00:05:58,cli,10000000261396,S,Sim,10.0,2025/08/19,Email11179
3000000021661,1,Não Atende,00:00:05,CLI,10000000261397,N,,,2025/08/19,
3000000021662,1,Caixa Postal,00:00:10,CLI,,N,,,2025/08/19,
3000000021663,1,Caixa Postal,00:00:00,,,N,,,2025/08/19,
3000000021664,1,Caixa Postal,00:00:05,cli,10000000261398,N,,,2025/08/19,
3000000021665,1,Caixa Postal,00:00:04,Cli,,N,,,2025/08/19,
3000000021666,1,Caixa Postal,00:00:01,cli,10000000261398,N,,,2025/08/19,
3000000021667,1,Caixa Postal,00:00:09,Cli,,N,,,2025/08/19,
3000000021668,1,Caixa Postal,00:00:06,CLI,10000000261399,N,,,2025/08/19,
3000000021669,1,URA Pesquisa NPS,00:08:11,Cli ,10000000261400,S,,,2025/08/19,Email48444
3000000021670,1,Contato de Finalizacao do Protocolo,00:04:17,,,N,,,2025/08/19,
3000000021671,1,Caixa Postal,00:00:10,,,N,,,2025/08/19,
3000000021672,1,Informação,00:04:34,,,N,,,2025/08/19,
3000000021673,1,Caixa Postal,00:00:10,CLI,10000000261399,N,,,2025/08/19,
3000000021674,1,Caixa Postal,00:00:18,Cli,10000000261401,N,,,2025/08/19,
3000000021675,1,Caixa Postal,00:00:14,Cli,10000000261331,N,,,2025/08/19,
3000000021676,1,Caixa Postal,00:00:00,,,N,,,2025/08/19,
3000000021677,1,Caixa Postal,00:00:00,,,N,,,2025/08/19,
3000000021678,1,Caixa Postal,00:00:00,,,N,,,2025/08/19,
3000000021679,1,Abandon,00:07:24,Cli,10000000261402,S,,,2025/08/19,Email19156
3000000021680,1,Agent Error,00:02:30,,,N,,,2025/08/18,
3000000021681,1,Chamada Não Atendida,00:00:00,CLI,10000000261403,N,,,2025/08/18,
3000000021682,1,URA Pesquisa NPS,00:00:46,CLI,10000000261403,S,Sim,,2025/08/18,Email639
3000000021683,1,Caixa Postal,00:00:07,Cli ,10000000261404,N,,,2025/08/18,
3000000021684,1,Caixa Postal,00:00:00,Cli ,10000000261404,N,,,2025/08/18,
3000000021685,1,Caixa Postal,00:00:09,Cli ,10000000261404,N,,,2025/08/18,
3000000021686,1,Caixa Postal,00:00:10,Cli,10000000261405,N,,,2025/08/18,
3000000021687,1,Caixa Postal,00:00:09,Cli,10000000261405,N,,,2025/08/18,
3000000021688,1,Caixa Postal,00:00:03,CLI,10000000261406,N,,,2025/08/18,
3000000021689,1,Chamada Não Atendida,00:00:00,,,N,,,2025/08/18,
3000000021690,1,Caixa Postal,00:00:00,cli,10000000261407,N,,,2025/08/18,
3000000021691,1,Ligação Muda,00:00:00,cli,10000000261408,N,,,2025/08/18,
3000000021692,1,Ligação Muda,00:00:00,cli,10000000261409,N,,,2025/08/18,
3000000021693,1,Caixa Postal,00:00:00,cli,10000000261409,N,,,2025/08/18,
3000000021694,1,Caixa Postal,00:00:04,cli,10000000261409,N,,,2025/08/18,
3000000021695,1,Caixa Postal,00:00:06,CLI,,N,,,2025/08/18,
3000000021696,1,URA Pesquisa NPS,00:16:14,CLI,10000000261410,S,Sim,9.0,2025/08/18,Email4355
3000000021697,1,Cliente Desligou,00:03:13,Cli,,N,,,2025/08/18,
3000000021698,1,URA Pesquisa NPS,00:10:58,Cli,10000000261411,S,Sim,8.0,2025/08/18,Email19156
3000000021699,1,Caixa Postal,00:00:04,CLI,10000000261412,N,,,2025/08/18,
3000000021700,1,Caixa Postal,00:00:10,Cli,10000000261405,N,,,2025/08/18,
3000000021701,1,Caixa Postal,00:00:07,Cli,10000000261405,N,,,2025/08/18,
3000000021702,1,Responsavel ausente,00:02:21,,,N,,,2025/08/18,
3000000021703,1,Informação,00:00:06,Cliente,10000000261413,N,,,2025/08/18,
3000000021704,1,Chamada Não Atendida,00:00:00,,10000000261413,N,,,2025/08/18,
3000000021705,1,Caixa Postal,00:00:00,Cliente,10000000261413,N,,,2025/08/18,
3000000021706,1,URA Pesquisa NPS,00:00:39,CLI,10000000261414,S,,,2025/08/18,Email296
3000000021707,1,Contato de Finalizacao do Protocolo,00:46:39,CLI,,N,,,2025/08/18,
3000000021708,1,Caixa Postal,00:00:03,CLI ,10000000261415,N,,,2025/08/18,
3000000021709,1,Caixa Postal,00:00:01,CLI ,10000000261415,N,,,2025/08/18,
3000000021710,1,Caixa Postal,00:00:08,CLI,10000000261416,N,,,2025/08/18,
3000000021711,1,URA Pesquisa NPS,00:00:38,CLI,10000000261416,S,,,2025/08/18,Email296
3000000021712,1,Chamada Não Atendida,00:00:00,CLI ,10000000261417,N,,,2025/08/18,
3000000021713,1,Chamada Não Atendida,00:00:00,CLI ,10000000261417,N,,,2025/08/18,
3000000021714,1,Caixa Postal,00:00:01,cli,10000000261275,N,,,2025/08/18,
3000000021715,1,URA Pesquisa NPS,00:04:27,CLI,10000000261418,S,Sim,8.0,2025/08/18,Email364
3000000021716,1,Informação,00:00:00,cli,10000000261419,N,,,2025/08/18,
3000000021717,1,Contato de Finalizacao do Protocolo,00:06:33,,,N,,,2025/08/18,
3000000021718,1,Chamada Não Atendida,00:00:00,CLI ,10000000261420,N,,,2025/08/18,
3000000021719,1,Chamada Não Atendida,00:00:00,CLI ,10000000261420,N,,,2025/08/18,
3000000021720,1,Chamada Não Atendida,00:00:00,CLI ,10000000261420,N,,,2025/08/18,
3000000021721,1,Caixa Postal,00:00:09,CLI,10000000261421,N,,,2025/08/18,
3000000021722,1,Caixa Postal,00:00:04,CLI,10000000261421,N,,,2025/08/18,
3000000021723,1,Contato de Finalizacao do Protocolo,00:02:21,cli,10000000261422,N,,,2025/08/18,
3000000021724,1,Caixa Postal,00:00:04,Cli,10000000261423,N,,,2025/08/18,
3000000021725,1,Caixa Postal,00:00:05,Cli,10000000261423,N,,,2025/08/18,
3000000021726,1,Caixa Postal,00:00:05,Cli,,N,,,2025/08/18,
3000000021727,1,Caixa Postal,00:00:00,CLI,10000000261424,N,,,2025/08/18,
3000000021728,1,Informação,00:00:00,,,N,,,2025/08/18,
3000000021729,1,URA Pesquisa NPS,00:03:12,Cli,10000000261423,S,Sim,10.0,2025/08/18,Email19156
3000000021730,1,Caixa Postal,00:00:10,Cli,10000000261425,N,,,2025/08/18,
3000000021731,1,Caixa Postal,00:00:10,Cli,10000000261425,N,,,2025/08/18,
3000000021732,1,Informação,00:00:00,,,N,,,2025/08/18,
3000000021733,1,Caixa Postal,00:00:08,Cli,10000000261426,N,,,2025/08/18,
3000000021734,1,Caixa Postal,00:00:00,Cli,10000000261426,N,,,2025/08/18,
3000000021735,1,Caixa Postal,00:00:06,Cli,10000000261426,N,,,2025/08/18,
3000000021736,1,Informação,00:00:10,CLI ,,N,,,2025/08/18,
3000000021737,1,Informação,00:00:04,CLI ,,N,,,2025/08/18,
3000000021738,1,Caixa Postal,00:00:10,CLI ,,N,,,2025/08/18,
3000000021739,1,Informação,00:00:07,Cliente,,N,,,2025/08/18,
3000000021740,1,Informação,00:00:00,Cli,,N,,,2025/08/18,
3000000021741,1,URA Pesquisa NPS,00:01:16,cli,10000000261427,S,Sim,10.0,2025/08/18,Email19156
3000000021742,1,Caixa Postal,00:00:06,Cli ,10000000261428,N,,,2025/08/18,
3000000021743,1,Caixa Postal,00:00:03,Cli ,10000000261428,N,,,2025/08/18,
3000000021744,1,Informação,00:01:08,Cli ,10000000261428,N,,,2025/08/18,
3000000021745,1,Caixa Postal,00:00:05,Cli,,N,,,2025/08/18,
3000000021746,1,Caixa Postal,00:00:06,cli,10000000261429,N,,,2025/08/18,
3000000021747,1,Caixa Postal,00:00:05,cli,10000000261429,N,,,2025/08/18,
3000000021748,1,Informação,00:00:15,,10000000261430,N,,,2025/08/18,
3000000021749,1,Informação,00:00:26,Cli ,,N,,,2025/08/18,
3000000021750,1,URA Pesquisa NPS,00:12:22,cli,10000000261431,S,Sim,10.0,2025/08/18,Email48445
3000000021751,1,Chamada Não Atendida,00:00:09,Cli ,10000000261432,N,,,2025/08/18,
3000000021752,1,Chamada Não Atendida,00:00:01,Cli ,10000000261432,N,,,2025/08/18,
3000000021753,1,Chamada Não Atendida,00:00:07,Cli ,10000000261432,N,,,2025/08/18,
3000000021754,1,URA Pesquisa NPS,00:01:10,cli,10000000261433,S,,,2025/08/18,Email48439
3000000021755,1,Informação,00:00:02,,,N,,,2025/08/18,
3000000021756,1,Caixa Postal,00:00:00,cli,10000000261434,N,,,2025/08/18,
3000000021757,1,Caixa Postal,00:00:04,cli,10000000261435,N,,,2025/08/18,
3000000021758,1,Ligação Muda,00:00:18,cli,10000000261435,N,,,2025/08/18,
3000000021759,1,Agent Error,00:02:28,,,N,,,2025/08/18,
3000000021760,1,Caixa Postal,00:00:10,CLI,10000000261436,N,,,2025/08/18,
3000000021761,1,Caixa Postal,00:00:00,cli,10000000261437,N,,,2025/08/18,
3000000021762,1,Caixa Postal,00:00:04,cli,10000000261435,N,,,2025/08/18,
3000000021763,1,Caixa Postal,00:00:05,CLI,10000000261436,N,,,2025/08/18,
3000000021764,1,Caixa Postal,00:00:00,cli,10000000261437,N,,,2025/08/18,
3000000021765,1,Informação,00:00:00,cli,,N,,,2025/08/18,
3000000021766,1,Chamada Não Atendida,00:00:06,Cli ,10000000261438,N,,,2025/08/18,
3000000021767,1,Caixa Postal,00:00:04,Cli ,10000000261438,N,,,2025/08/18,
3000000021768,1,Contato de Finalizacao do Protocolo,00:02:34,,,N,,,2025/08/18,
3000000021769,1,Chamada Não Atendida,00:00:00,,10000000261439,N,,,2025/08/15,
3000000021770,1,URA Pesquisa NPS,00:01:48,CLI,10000000261440,S,Sim,8.0,2025/08/15,Email288
3000000021771,1,Caixa Postal,00:00:04,Cli,10000000261441,N,,,2025/08/15,
3000000021772,1,Caixa Postal,00:00:05,Cli,10000000261442,N,,,2025/08/15,
3000000021773,1,URA Pesquisa NPS,00:14:52,Cli,10000000261441,S,Sim,10.0,2025/08/15,Email11179
3000000021774,1,Caixa Postal,00:00:05,Cli,,N,,,2025/08/15,
3000000021775,1,Caixa Postal,00:00:04,CLI,10000000261443,N,,,2025/08/15,
3000000021776,1,Caixa Postal,00:00:10,Cli,10000000261444,N,,,2025/08/15,
3000000021777,1,Caixa Postal,00:01:29,Cli,,N,,,2025/08/15,
3000000021778,1,Caixa Postal,00:00:08,Cli,,N,,,2025/08/15,
3000000021779,1,Caixa Postal,00:00:08,CLI,10000000261445,N,,,2025/08/15,
3000000021780,1,Caixa Postal,00:00:03,CLI,10000000261445,N,,,2025/08/15,
3000000021781,1,URA Pesquisa NPS,00:03:23,cli,10000000261446,S,Sim,10.0,2025/08/15,Email5556
3000000021782,1,Informação,00:05:39,Cli ,,N,,,2025/08/15,
3000000021783,1,Caixa Postal,00:00:15,Cli ,,N,,,2025/08/15,
3000000021784,1,Contato de Finalizacao do Protocolo,00:00:55,Cli ,10000000261447,N,,,2025/08/15,
3000000021785,1,Informação,00:00:00,Cl,,N,,,2025/08/15,
3000000021786,1,Caixa Postal,00:00:05,Cli,10000000261448,N,,,2025/08/15,
3000000021787,1,Caixa Postal,00:00:04,Cli,10000000261448,N,,,2025/08/15,
3000000021788,1,Caixa Postal,00:00:02,Cl,10000000261449,N,,,2025/08/15,
3000000021789,1,Caixa Postal,00:00:03,Cl,10000000261449,N,,,2025/08/15,
3000000021790,1,Informação,00:00:07,,,N,,,2025/08/15,
3000000021791,1,Informação,00:00:07,CLI,,N,,,2025/08/15,
3000000021792,1,Caixa Postal,00:00:04,,,N,,,2025/08/15,
3000000021793,1,Caixa Postal,00:00:00,,,N,,,2025/08/15,
3000000021794,1,Caixa Postal,00:00:00,,,N,,,2025/08/15,
3000000021795,1,Não Atende,00:00:00,,,N,,,2025/08/15,
3000000021796,1,Caixa Postal,00:00:00,Cli ,10000000261450,N,,,2025/08/15,
3000000021797,1,Caixa Postal,00:00:04,Cli ,10000000261450,N,,,2025/08/15,
3000000021798,1,Chamada Não Atendida,00:00:07,Cli ,10000000261450,N,,,2025/08/15,
3000000021799,1,Chamada Não Atendida,00:00:03,Cli ,10000000261450,N,,,2025/08/15,
3000000021800,1,Informação,00:00:00,4139021,,N,,,2025/08/15,
3000000021801,1,Caixa Postal,00:00:08,Cli ,10000000261451,N,,,2025/08/15,
3000000021802,1,Caixa Postal,00:00:00,Cli ,10000000261451,N,,,2025/08/15,
3000000021803,1,Informação,00:00:00,Cli,,N,,,2025/08/15,
3000000021804,1,URA Pesquisa NPS,00:04:21,Cli,10000000261452,S,Sim,10.0,2025/08/15,Email5371
3000000021805,1,Chamada Não Atendida,00:00:05,Cli ,,N,,,2025/08/15,
3000000021806,1,Chamada Não Atendida,00:00:07,Cli ,10000000261453,N,,,2025/08/15,
3000000021807,1,Informação,00:00:08,,,N,,,2025/08/15,
3000000021808,1,Caixa Postal,00:00:06,CLI,,N,,,2025/08/15,
3000000021809,1,Caixa Postal,00:00:00,CLI,10000000261454,N,,,2025/08/15,
3000000021810,1,Dados do vendedor,00:00:00,CLI ,10000000261455,N,,,2025/08/15,
3000000021811,1,Informação,00:00:00,CLI ,10000000261455,N,,,2025/08/15,
3000000021812,1,Caixa Postal,00:00:00,CLI ,10000000261455,N,,,2025/08/15,
3000000021813,1,Caixa Postal,00:00:00,CLI ,10000000261455,N,,,2025/08/15,
3000000021814,1,Caixa Postal,00:00:00,,,N,,,2025/08/15,
3000000021815,1,Caixa Postal,00:00:06,,,N,,,2025/08/15,
3000000021816,1,Caixa Postal,00:00:04,,,N,,,2025/08/15,
3000000021817,1,Informação,00:00:02,,,N,,,2025/08/15,
3000000021818,1,Caixa Postal,00:00:07,,,N,,,2025/08/15,
3000000021819,1,Caixa Postal,00:00:05,,,N,,,2025/08/15,
3000000021820,1,Cliente solicita novo contato,00:07:31,Cli,10000000261456,N,,,2025/08/15,
3000000021821,1,Caixa Postal,00:00:00,Cli,10000000261457,N,,,2025/08/15,
3000000021822,1,Informação,00:00:00,cli,,N,,,2025/08/15,
3000000021823,1,URA Pesquisa NPS,00:01:00,4139021,10000000260044,S,Sim,0.0,2025/08/15,Email288
3000000021824,1,Contato de Finalizacao do Protocolo,00:01:10,CLI,10000000260457,N,,,2025/08/15,
3000000021825,1,Informação,00:00:04,Cli ,,N,,,2025/08/15,
3000000021826,1,URA Pesquisa NPS,00:01:00,Cli,,S,Sim,9.0,2025/08/15,Email19156
3000000021827,1,Caixa Postal,00:00:00,,,N,,,2025/08/15,
3000000021828,1,Caixa Postal,00:00:00,,,N,,,2025/08/15,
3000000021829,1,Caixa Postal,00:00:00,,,N,,,2025/08/15,
3000000021830,1,Caixa Postal,00:00:00,,,N,,,2025/08/15,
3000000021831,1,Informação,00:04:10,Cli,10000000261458,N,,,2025/08/15,
3000000021832,1,Caixa Postal,00:00:00,cli,10000000261459,N,,,2025/08/15,
3000000021833,1,Chamada Não Atendida,00:00:07,Cli ,10000000261460,N,,,2025/08/15,
3000000021834,1,Chamada Não Atendida,00:00:07,Cli ,10000000261460,N,,,2025/08/15,
3000000021835,1,Cliente Desligou,00:00:04,Cli ,10000000261460,N,,,2025/08/15,
3000000021836,1,Informação,00:00:00,,,N,,,2025/08/15,
3000000021837,1,Informação,00:01:26,,,N,,,2025/08/15,
3000000021838,1,Informação,00:00:00,Cli,,N,,,2025/08/15,
3000000021839,1,Informação,00:03:50,Cli,10000000261456,N,,,2025/08/15,
3000000021840,1,Cliente Desligou,00:00:14,CLI,10000000261461,N,,,2025/08/15,
3000000021841,1,Contato de Finalizacao do Protocolo,00:13:07,CLI,,N,,,2025/08/15,
3000000021842,1,Protocolo Permanecera em Andamento,00:52:48,Cli,10000000261235,N,,,2025/08/15,
3000000021843,1,Caixa Postal,00:00:00,Cli ,,N,,,2025/08/15,
3000000021844,1,Caixa Postal,00:00:00,cli,10000000261462,N,,,2025/08/15,
3000000021845,1,Caixa Postal,00:00:16,Cli ,10000000261463,N,,,2025/08/15,
3000000021846,1,Caixa Postal,00:00:11,CLI,10000000261464,N,,,2025/08/15,
3000000021847,1,Caixa Postal,00:00:04,CLI,10000000261464,N,,,2025/08/15,
3000000021848,1,Caixa Postal,00:00:20,CLI,10000000261464,N,,,2025/08/15,
3000000021849,1,URA Pesquisa NPS,00:01:47,CLI,10000000261465,S,,,2025/08/14,Email296
3000000021850,1,Contato de Finalizacao do Protocolo,00:00:07,,,N,,,2025/08/14,
3000000021851,1,Caixa Postal,00:00:01,,,N,,,2025/08/14,
3000000021852,1,URA Pesquisa NPS,00:01:46,CLI,10000000261466,S,Sim,9.0,2025/08/14,Email11179
3000000021853,1,Caixa Postal,00:00:00,,,N,,,2025/08/14,
3000000021854,1,Não Atende,00:00:00,cli,10000000261467,N,,,2025/08/14,
3000000021855,1,Não Atende,00:00:33,cli,10000000261468,N,,,2025/08/14,
3000000021856,1,Informação,00:05:23,cli,10000000261469,N,,,2025/08/14,
3000000021857,1,Contato de Finalizacao do Protocolo,00:04:34,cli,10000000261468,N,,,2025/08/14,
3000000021858,1,Informação,00:00:08,Cli,,N,,,2025/08/14,
3000000021859,1,Informação,00:00:02,Cli,,N,,,2025/08/14,
3000000021860,1,Contato de Finalizacao do Protocolo,00:01:55,CLI,,N,,,2025/08/14,
3000000021861,1,Caixa Postal,00:00:00,CLI,10000000261470,N,,,2025/08/14,
3000000021862,1,Informação,00:00:52,CLI,10000000261471,N,,,2025/08/14,
3000000021863,1,Chamada Não Atendida,00:00:00,CLI,10000000261470,N,,,2025/08/14,
3000000021864,1,Não Atende,00:00:00,CLI,10000000261472,N,,,2025/08/14,
3000000021865,1,Não Atende,00:00:00,CLI,10000000261472,N,,,2025/08/14,
3000000021866,1,Caixa Postal,00:00:09,Cli ,10000000261473,N,,,2025/08/14,
3000000021867,1,Chamada Não Atendida,00:00:05,Cli ,10000000261473,N,,,2025/08/14,
3000000021868,1,Chamada Não Atendida,00:00:05,Cli ,10000000261473,N,,,2025/08/14,
3000000021869,1,Informação,00:03:54,,,N,,,2025/08/14,
3000000021870,1,Caixa Postal,00:00:00,CLI,,N,,,2025/08/14,
3000000021871,1,Caixa Postal,00:00:00,CLI,,N,,,2025/08/14,
3000000021872,1,Chamada Não Atendida,00:00:00,,,N,,,2025/08/14,
3000000021873,1,Caixa Postal,00:00:13,CLI,10000000261474,N,,,2025/08/14,
3000000021874,1,Ocupado,00:00:00,,,N,,,2025/08/14,
3000000021875,1,Caixa Postal,00:00:00,,,N,,,2025/08/14,
3000000021876,1,Caixa Postal,00:00:04,CLI,10000000261475,N,,,2025/08/14,
3000000021877,1,Caixa Postal,00:00:01,CLI,10000000261475,N,,,2025/08/14,
3000000021878,1,Caixa Postal,00:00:06,CLI,10000000261475,N,,,2025/08/14,
3000000021879,1,Caixa Postal,00:00:18,Cli,10000000261476,N,,,2025/08/14,
3000000021880,1,Caixa Postal,00:00:09,Cli,10000000261476,N,,,2025/08/14,
3000000021881,1,Caixa Postal,00:00:05,cli,10000000261467,N,,,2025/08/14,
3000000021882,1,Caixa Postal,00:00:06,Cli,10000000261477,N,,,2025/08/14,
3000000021883,1,Caixa Postal,00:00:07,CLI,10000000261472,N,,,2025/08/14,
3000000021884,1,Caixa Postal,00:00:06,Cli,10000000261477,N,,,2025/08/14,
3000000021885,1,URA Pesquisa NPS,00:02:24,CLI,10000000261478,S,,,2025/08/14,Email11179
3000000021886,1,Dados incorretos do cliente,00:00:35,CLI,10000000261479,N,,,2025/08/14,
3000000021887,1,URA Pesquisa NPS,00:04:47,Cli,10000000261479,S,Sim,10.0,2025/08/14,Email364
3000000021888,1,Caixa Postal,00:00:10,cli,10000000261480,N,,,2025/08/14,
3000000021889,1,URA Pesquisa NPS,00:01:42,cli,10000000261480,S,Sim,10.0,2025/08/14,Email48438
3000000021890,1,Caixa Postal,00:00:04,CLI,10000000261474,N,,,2025/08/14,
3000000021891,1,Caixa Postal,00:00:06,CLI,10000000261481,N,,,2025/08/14,
3000000021892,1,Caixa Postal,00:00:04,CLI,10000000261481,N,,,2025/08/14,
3000000021893,1,URA Pesquisa NPS,00:02:18,Cli,10000000261482,S,Sim,10.0,2025/08/14,Email11179
3000000021894,1,Informação,00:00:00,Cliente ,,N,,,2025/08/14,
3000000021895,1,Caixa Postal,00:00:07,CLI,10000000261483,N,,,2025/08/14,
3000000021896,1,Protocolo Permanecera em Andamento,00:02:09,CLI,10000000261483,N,,,2025/08/14,
3000000021897,1,Caixa Postal,00:00:28,CLI,,N,,,2025/08/14,
3000000021898,1,Contato de Finalizacao do Protocolo,00:04:51,CLI,,N,,,2025/08/14,
3000000021899,1,URA Pesquisa NPS,00:01:30,,,S,Sim,10.0,2025/08/14,Email19156
3000000021900,1,Caixa Postal,00:00:00,CLI,,N,,,2025/08/14,
3000000021901,1,Caixa Postal,00:00:10,CLI,,N,,,2025/08/14,
3000000021902,1,Caixa Postal,00:00:00,cli,10000000261484,N,,,2025/08/14,
3000000021903,1,Caixa Postal,00:00:18,CLI ,10000000261485,N,,,2025/08/14,
3000000021904,1,URA Pesquisa NPS,00:01:00,CLI ,10000000261486,S,Sim,10.0,2025/08/14,Email296
3000000021905,1,URA Pesquisa NPS,00:03:42,CLI ,10000000261485,S,Sim,0.0,2025/08/14,Email639
3000000021906,1,Informação,00:00:05,,,N,,,2025/08/14,
3000000021907,1,Chamada Não Atendida,00:00:00,Cli ,10000000261487,N,,,2025/08/14,
3000000021908,1,Chamada Não Atendida,00:00:00,Cli,10000000261488,N,,,2025/08/14,
3000000021909,1,URA Pesquisa NPS,00:01:00,Cli,10000000261488,S,,,2025/08/14,Email639
3000000021910,1,Chamada Não Atendida,00:00:00,Cli ,10000000261487,N,,,2025/08/14,
3000000021911,1,Caixa Postal,00:00:00,Cli,10000000261329,N,,,2025/08/14,
3000000021912,1,URA Pesquisa NPS,00:02:36,cli,10000000261484,S,Sim,0.0,2025/08/14,Email11179
3000000021913,1,Caixa Postal,00:00:04,CLI,10000000261489,N,,,2025/08/14,
3000000021914,1,Informação,00:00:10,,,N,,,2025/08/14,
3000000021915,1,Caixa Postal,00:00:10,,,N,,,2025/08/14,
3000000021916,1,Caixa Postal,00:00:04,,,N,,,2025/08/14,
3000000021917,1,Caixa Postal,00:00:00,CLI,10000000261489,N,,,2025/08/14,
3000000021918,1,Caixa Postal,00:00:04,CL,10000000261490,N,,,2025/08/14,
3000000021919,1,URA Pesquisa NPS,00:00:15,CL,10000000261490,S,,,2025/08/14,Email296
3000000021920,1,Caixa Postal,00:00:00,cli,,N,,,2025/08/14,
3000000021921,1,Caixa Postal,00:00:00,cli,,N,,,2025/08/14,
3000000021922,1,Chamada Não Atendida,00:00:03,Cli ,10000000261333,N,,,2025/08/14,
3000000021923,1,Chamada Não Atendida,00:00:01,Cli ,10000000261333,N,,,2025/08/14,
3000000021924,1,Caixa Postal,00:00:03,Cli ,10000000261491,N,,,2025/08/14,
3000000021925,1,Caixa Postal,00:00:00,Cli ,10000000261491,N,,,2025/08/14,
3000000021926,1,Caixa Postal,00:00:10,Cli,10000000261492,N,,,2025/08/14,
3000000021927,1,Caixa Postal,00:00:01,Cli,10000000261492,N,,,2025/08/14,
3000000021928,1,Caixa Postal,00:00:01,CLI ,10000000261493,N,,,2025/08/14,
3000000021929,1,Informação,00:00:07,,,N,,,2025/08/14,
3000000021930,1,Informação,00:00:15,,,N,,,2025/08/14,
3000000021931,1,Informação,00:00:09,,,N,,,2025/08/14,
3000000021932,1,Caixa Postal,00:00:16,Cli,10000000261494,N,,,2025/08/14,
3000000021933,1,Informação,00:00:00,,,N,,,2025/08/14,
3000000021934,1,Informação,00:00:33,,,N,,,2025/08/14,
3000000021935,1,URA Pesquisa NPS,00:03:50,Cli,,S,Sim,9.0,2025/08/14,Email19156
3000000021936,1,Informação,00:00:13,,,N,,,2025/08/14,
3000000021937,1,Informação,00:00:04,,,N,,,2025/08/14,
3000000021938,1,Informação,00:01:15,,,N,,,2025/08/14,
3000000021939,1,Caixa Postal,00:00:00,CLI,10000000261495,N,,,2025/08/14,
3000000021940,1,Caixa Postal,00:00:00,CLI,10000000261496,N,,,2025/08/14,
3000000021941,1,Chamada Não Atendida,00:00:07,Cli ,10000000261497,N,,,2025/08/14,
3000000021942,1,Chamada Não Atendida,00:00:01,Cli ,10000000261497,N,,,2025/08/14,
3000000021943,1,Chamada Não Atendida,00:00:01,Cli ,10000000261497,N,,,2025/08/14,
3000000021944,1,Chamada Não Atendida,00:00:00,Cli ,10000000261497,N,,,2025/08/14,
3000000021945,1,Caixa Postal,00:00:00,cli,10000000261498,N,,,2025/08/14,
3000000021946,1,Chamada Não Atendida,00:00:05,Cli ,10000000261499,N,,,2025/08/14,
3000000021947,1,Agent Error,00:00:50,,,N,,,2025/08/14,
3000000021948,1,Informação,00:00:02,,,N,,,2025/08/14,
3000000021949,1,Informação,00:00:03,,,N,,,2025/08/14,
3000000021950,1,Informação,00:00:03,,,N,,,2025/08/14,
3000000021951,1,URA Pesquisa NPS,00:02:48,Cli,10000000261500,S,,,2025/08/13,Email1615
3000000021952,1,Informação,00:00:00,,,N,,,2025/08/13,
3000000021953,1,Caixa Postal,00:00:10,CLI,10000000261501,N,,,2025/08/13,
3000000021954,1,Caixa Postal,00:00:07,,,N,,,2025/08/13,
3000000021955,1,Ligação Muda,00:00:00,,,N,,,2025/08/13,
3000000021956,1,Cliente Desligou,00:00:03,,,N,,,2025/08/13,
3000000021957,1,Caixa Postal,00:00:03,,,N,,,2025/08/13,
3000000021958,1,Contato de Finalizacao do Protocolo,00:01:49,,,N,,,2025/08/13,
3000000021959,1,Protocolo Permanecera em Andamento,00:21:48,Cli,10000000261235,N,,,2025/08/13,
3000000021960,1,Informação,00:00:01,,,N,,,2025/08/13,
3000000021961,1,Informação,00:00:10,,,N,,,2025/08/13,
3000000021962,1,Informação,00:00:11,,,N,,,2025/08/13,
3000000021963,1,Caixa Postal,00:00:00,CLI,10000000261501,N,,,2025/08/13,
3000000021964,1,URA Pesquisa NPS,00:01:34,cli,10000000261502,S,Sim,,2025/08/13,Email5556
3000000021965,1,URA Pesquisa NPS,00:05:20,Cli,10000000261503,S,Sim,10.0,2025/08/13,Email19156
3000000021966,1,Caixa Postal,00:00:03,,,N,,,2025/08/13,
3000000021967,1,Caixa Postal,00:00:07,Cli,10000000261504,N,,,2025/08/13,
3000000021968,1,Informação,00:00:07,,,N,,,2025/08/13,
3000000021969,1,Caixa Postal,00:00:03,cli,10000000261505,N,,,2025/08/13,
3000000021970,1,Informação,00:00:03,,,N,,,2025/08/13,
3000000021971,1,Informação,00:03:52,,,N,,,2025/08/13,
3000000021972,1,Não Atende,00:00:10,Cli ,10000000261387,N,,,2025/08/13,
3000000021973,1,Informação,00:00:03,,,N,,,2025/08/13,
3000000021974,1,Caixa Postal,00:00:01,CLI,10000000261506,N,,,2025/08/13,
3000000021975,1,Informação,00:13:56,CLI,10000000261506,N,,,2025/08/13,
3000000021976,1,Informação,00:14:23,CLI,10000000261506,N,,,2025/08/13,
3000000021977,1,Informação,00:00:00,CLI,,N,,,2025/08/13,
3000000021978,1,URA Pesquisa NPS,00:04:02,cli,10000000261507,S,Sim,8.0,2025/08/13,Email5556
3000000021979,1,Ligação Muda,00:00:10,Cli ,10000000261508,N,,,2025/08/13,
3000000021980,1,Informação,00:02:49,,,N,,,2025/08/13,
3000000021981,1,Caixa Postal,00:00:04,Cli,,N,,,2025/08/13,
3000000021982,1,URA Pesquisa NPS,00:01:14,Cli,10000000261509,S,,,2025/08/13,Email585
3000000021983,1,Protocolo Permanecera em Andamento,00:10:00,Cli,10000000261441,N,,,2025/08/13,
3000000021984,1,Contato de Finalizacao do Protocolo,00:00:00,CLI,,N,,,2025/08/13,
3000000021985,1,Caixa Postal,00:00:00,CLI,,N,,,2025/08/13,
3000000021986,1,Ocupado,00:00:00,,,N,,,2025/08/13,
3000000021987,1,Ocupado,00:00:00,,,N,,,2025/08/13,
3000000021988,1,URA Pesquisa NPS,00:09:10,CLI,10000000261510,S,Sim,10.0,2025/08/13,Email4355
3000000021989,1,URA Pesquisa NPS,00:01:36,cli,10000000261511,S,Sim,10.0,2025/08/13,Email5556
3000000021990,1,URA Pesquisa NPS,00:03:20,CLI,10000000261512,S,,,2025/08/13,Email296
3000000021991,1,Caixa Postal,00:00:00,Cli,10000000261513,N,,,2025/08/13,
3000000021992,1,URA Pesquisa NPS,00:01:06,Cli,10000000261513,S,Sim,10.0,2025/08/13,Email296
3000000021993,1,Informação,00:00:03,,,N,,,2025/08/13,
3000000021994,1,Informação,00:00:14,cli,10000000261514,N,,,2025/08/13,
3000000021995,1,Caixa Postal,00:00:00,,,N,,,2025/08/13,
3000000021996,1,Informação,00:00:00,,,N,,,2025/08/13,
3000000021997,1,URA Pesquisa NPS,00:02:03,cli,10000000261514,S,,,2025/08/13,Email11179
3000000021998,1,Informação,00:00:00,,,N,,,2025/08/13,
3000000021999,1,Cliente Desligou,00:00:06,CLI,,N,,,2025/08/13,
3000000022000,1,Não Atende,00:00:05,CLI,10000000261515,N,,,2025/08/13,
3000000022001,1,Caixa Postal,00:00:10,CLI,,N,,,2025/08/13,
3000000022002,1,Caixa Postal,00:00:00,CLI,10000000261516,N,,,2025/08/13,
3000000022003,1,Caixa Postal,00:00:04,CLI,10000000261515,N,,,2025/08/13,
3000000022004,1,Caixa Postal,00:00:01,CLI,10000000261517,N,,,2025/08/13,
3000000022005,1,Caixa Postal,00:00:00,CLI,10000000261517,N,,,2025/08/13,
3000000022006,1,Caixa Postal,00:00:00,,,N,,,2025/08/13,
3000000022007,1,Caixa Postal,00:00:01,,,N,,,2025/08/13,
3000000022008,1,Não Atende,00:00:00,,,N,,,2025/08/13,
3000000022009,1,URA Pesquisa NPS,00:00:56,Cli,10000000261518,S,Sim,10.0,2025/08/13,Email585
3000000022010,1,Informação,00:00:03,Cliente,,N,,,2025/08/13,
3000000022011,1,Caixa Postal,00:00:07,Cliente,,N,,,2025/08/13,
3000000022012,1,Ocupado,00:00:00,Cli,10000000261519,N,,,2025/08/13,
3000000022013,1,URA Pesquisa NPS,00:01:38,CLI,10000000261520,S,Sim,9.0,2025/08/13,Email4355
3000000022014,1,Caixa Postal,00:00:00,,,N,,,2025/08/13,
3000000022015,1,Caixa Postal,00:00:00,,,N,,,2025/08/13,
3000000022016,1,Caixa Postal,00:00:20,,,N,,,2025/08/13,
3000000022017,1,Contato de Finalizacao do Protocolo,00:22:17,Cli,10000000261441,N,,,2025/08/13,
3000000022018,1,URA Pesquisa NPS,00:01:07,cli,10000000261521,S,Sim,10.0,2025/08/13,Email639
3000000022019,1,Sent To Voicemail,00:02:58,,,S,Sim,10.0,2025/08/13,Email19156
3000000022020,1,Chamada Não Atendida,00:00:08,Cli ,10000000261522,N,,,2025/08/13,
3000000022021,1,Chamada Não Atendida,00:00:01,Cli ,10000000261522,N,,,2025/08/13,
3000000022022,1,Chamada Não Atendida,00:00:03,Cli ,10000000261522,N,,,2025/08/13,
3000000022023,1,Caixa Postal,00:00:03,,,N,,,2025/08/13,
3000000022024,1,Caixa Postal,00:00:07,,,N,,,2025/08/13,
3000000022025,1,Cliente Desligou,00:00:09,,,N,,,2025/08/13,
3000000022026,1,Cliente Desligou,00:00:10,,,N,,,2025/08/13,
3000000022027,1,Caixa Postal,00:00:04,Cli,10000000261523,N,,,2025/08/13,
3000000022028,1,URA Pesquisa NPS,00:01:04,cli,10000000261524,S,,,2025/08/13,Email5556
3000000022029,1,Caixa Postal,00:00:04,Cli,10000000261523,N,,,2025/08/13,
3000000022030,1,Caixa Postal,00:00:00,Cli,10000000261523,N,,,2025/08/13,
3000000022031,1,Chamada Não Atendida,00:00:02,CLI ,10000000261493,N,,,2025/08/13,
3000000022032,1,Chamada Não Atendida,00:00:00,CLI ,10000000261493,N,,,2025/08/13,
3000000022033,1,Ligação Muda,00:00:19,Cli ,10000000261525,N,,,2025/08/13,
3000000022034,1,Ligação Muda,00:00:10,Cli ,10000000261525,N,,,2025/08/13,
3000000022035,1,Agent Error,00:09:03,,,N,,,2025/08/13,
3000000022036,1,Informação,00:00:00,Cli,,N,,,2025/08/13,
3000000022037,1,Ocupado,00:00:00,Cli,10000000261526,N,,,2025/08/13,
3000000022038,1,Informação,00:00:00,Cli,,N,,,2025/08/13,
3000000022039,1,Caixa Postal,00:00:03,,,N,,,2025/08/13,
3000000022040,1,Caixa Postal,00:00:44,CLI,,N,,,2025/08/13,
3000000022041,1,URA Pesquisa NPS,00:10:25,CLI,10000000261527,S,Sim,,2025/08/13,Email4355
3000000022042,1,Caixa Postal,00:00:14,CLI ,10000000261528,N,,,2025/08/12,
3000000022043,1,URA Pesquisa NPS,00:01:34,Cli,10000000261529,S,,,2025/08/12,Email48439
3000000022044,1,URA Pesquisa NPS,00:04:15,Cli ,10000000261530,S,Sim,10.0,2025/08/12,Email48444
3000000022045,1,Caixa Postal,00:00:05,Cli,10000000261531,N,,,2025/08/12,
3000000022046,1,Cliente Desligou,00:00:00,Cli,10000000261532,N,,,2025/08/12,
3000000022047,1,Caixa Postal,00:00:06,Cli,10000000261531,N,,,2025/08/12,
3000000022048,1,Caixa Postal,00:00:03,cli,10000000261533,N,,,2025/08/12,
3000000022049,1,Informação,00:08:28,Cli,,N,,,2025/08/12,
3000000022050,1,Caixa Postal,00:00:00,CLI ,10000000261534,N,,,2025/08/12,
3000000022051,1,Caixa Postal,00:00:00,CLI ,10000000261534,N,,,2025/08/12,
3000000022052,1,URA Pesquisa NPS,00:01:31,Cli,10000000261535,S,Sim,8.0,2025/08/12,Email5556
3000000022053,1,URA Pesquisa NPS,00:00:54,Cli,10000000261536,S,Sim,10.0,2025/08/12,Email5371
3000000022054,1,Caixa Postal,00:00:00,Cli,10000000261537,N,,,2025/08/12,
3000000022055,1,Caixa Postal,00:00:00,Cli,10000000261537,N,,,2025/08/12,
3000000022056,1,Caixa Postal,00:00:00,Cli,10000000261537,N,,,2025/08/12,
3000000022057,1,Informação,00:00:00,,,N,,,2025/08/12,
3000000022058,1,Informação,00:00:00,,,N,,,2025/08/12,
3000000022059,1,Informação,00:00:00,,,N,,,2025/08/12,
3000000022060,1,Informação,00:00:00,,,N,,,2025/08/12,
3000000022061,1,Informação,00:00:06,,,N,,,2025/08/12,
3000000022062,1,Informação,00:00:00,,,N,,,2025/08/12,
3000000022063,1,Informação,00:00:00,Cli,,N,,,2025/08/12,
3000000022064,1,Informação,00:00:00,Cliente ,,N,,,2025/08/12,
3000000022065,1,Informação,00:00:00,,,N,,,2025/08/12,
3000000022066,1,Informação,00:00:00,Cliente ,,N,,,2025/08/12,
3000000022067,1,Informação,00:00:00,Cliente ,,N,,,2025/08/12,
3000000022068,1,Informação,00:00:00,Cliente ,,N,,,2025/08/12,
3000000022069,1,Ocupado,00:00:00,CLI,10000000261538,N,,,2025/08/12,
3000000022070,1,Caixa Postal,00:00:17,Cli,10000000261539,N,,,2025/08/12,
3000000022071,1,Caixa Postal,00:00:04,Cli,10000000261539,N,,,2025/08/12,
3000000022072,1,Contato de Finalizacao do Protocolo,00:07:33,CLI ,,N,,,2025/08/12,
3000000022073,1,Informação,00:00:00,,,N,,,2025/08/12,
3000000022074,1,Informação,00:00:00,,,N,,,2025/08/12,
3000000022075,1,Informação,00:00:00,,,N,,,2025/08/12,
3000000022076,1,Ligação Muda,00:00:19,cli,10000000261533,N,,,2025/08/12,
3000000022077,1,Informação,00:00:00,,,N,,,2025/08/12,
3000000022078,1,Informação,00:00:00,,,N,,,2025/08/12,
3000000022079,1,Informação,00:00:18,,,N,,,2025/08/12,
3000000022080,1,Informação,00:00:11,,,N,,,2025/08/12,
3000000022081,1,Caixa Postal,00:00:00,cli ,,N,,,2025/08/12,
3000000022082,1,URA Pesquisa NPS,00:01:49,cli ,10000000261540,S,Sim,,2025/08/12,Email48439
3000000022083,1,Informação,00:00:00,,,N,,,2025/08/12,
3000000022084,1,Caixa Postal,00:00:05,CLI,,N,,,2025/08/12,
3000000022085,1,Caixa Postal,00:00:00,cli,,N,,,2025/08/12,
3000000022086,1,Caixa Postal,00:00:05,cli,,N,,,2025/08/12,
3000000022087,1,Caixa Postal,00:00:03,CLI,10000000261541,N,,,2025/08/12,
3000000022088,1,Informação,00:01:55,cli,,N,,,2025/08/12,
3000000022089,1,Caixa Postal,00:00:05,CLI,10000000261541,N,,,2025/08/12,
3000000022090,1,Informação,00:00:08,cli,,N,,,2025/08/12,
3000000022091,1,Informação,00:00:14,cli,,N,,,2025/08/12,
3000000022092,1,Informação,00:00:16,cli,,N,,,2025/08/12,
3000000022093,1,Ligação Muda,00:00:10,cli,10000000261533,N,,,2025/08/12,
3000000022094,1,Ligação Muda,00:00:24,cli,10000000261533,N,,,2025/08/12,
3000000022095,1,Dados incorretos do cliente,00:00:00,Cli ,10000000261542,N,,,2025/08/12,
3000000022096,1,Informação,00:00:03,,,N,,,2025/08/12,
3000000022097,1,Informação,00:00:00,,,N,,,2025/08/12,
3000000022098,1,Informação,00:00:00,,,N,,,2025/08/12,
3000000022099,1,Informação,00:01:02,,,N,,,2025/08/12,
3000000022100,1,Informação,00:00:00,,,N,,,2025/08/12,
3000000022101,1,Informação,00:02:52,cli,,N,,,2025/08/12,
3000000022102,1,Caixa Postal,00:00:04,,,N,,,2025/08/12,
3000000022103,1,Sent To Voicemail,00:22:51,CLI,10000000261543,S,Sim,10.0,2025/08/12,Email4194
3000000022104,1,Cliente Desligou,00:00:14,Abel,10000000261544,N,,,2025/08/12,
3000000022105,1,URA Pesquisa NPS,00:03:09,Abel,10000000261544,S,Sim,10.0,2025/08/12,Email19156
3000000022106,1,Contato de Finalizacao do Protocolo,00:16:32,CLI,10000000261545,N,,,2025/08/12,
3000000022107,1,Informação,00:00:02,,,N,,,2025/08/12,
3000000022108,1,Caixa Postal,00:00:09,CLI,10000000261546,N,,,2025/08/12,
3000000022109,1,Caixa Postal,00:00:08,,,N,,,2025/08/12,
3000000022110,1,Ocupado,00:00:00,,,N,,,2025/08/12,
3000000022111,1,Ocupado,00:00:00,,,N,,,2025/08/12,
3000000022112,1,Ocupado,00:00:00,,,N,,,2025/08/12,
3000000022113,1,Caixa Postal,00:00:09,Cli ,10000000261547,N,,,2025/08/12,
3000000022114,1,URA Pesquisa NPS,00:01:08,CLI,10000000261548,S,Sim,8.0,2025/08/12,Email288
3000000022115,1,Caixa Postal,00:00:17,Cli ,10000000261549,N,,,2025/08/12,
3000000022116,1,Caixa Postal,00:00:04,Cli ,10000000261549,N,,,2025/08/12,
3000000022117,1,Caixa Postal,00:00:03,Cli ,10000000261549,N,,,2025/08/12,
3000000022118,1,URA Pesquisa NPS,00:01:00,Cli,10000000261550,S,Sim,9.0,2025/08/12,Email585
3000000022119,1,Caixa Postal,00:00:05,,,N,,,2025/08/12,
3000000022120,1,Caixa Postal,00:00:04,,,N,,,2025/08/12,
3000000022121,1,Informação,00:00:04,Cli,,N,,,2025/08/12,
3000000022122,1,Informação,00:00:03,Cli,,N,,,2025/08/12,
3000000022123,1,Caixa Postal,00:00:03,Cli,10000000261551,N,,,2025/08/12,
3000000022124,1,URA Pesquisa NPS,00:01:12,Cli,10000000261395,S,Sim,10.0,2025/08/12,Email585
3000000022125,1,Informação,00:00:04,,,N,,,2025/08/12,
3000000022126,1,Informação,00:00:00,,,N,,,2025/08/12,
3000000022127,1,Informação,00:00:00,,,N,,,2025/08/12,
3000000022128,1,Caixa Postal,00:00:13,Cli,10000000261552,N,,,2025/08/12,
3000000022129,1,Informação,00:00:00,CLI,,N,,,2025/08/12,
3000000022130,1,Ocupado,00:00:00,Cliente,,N,,,2025/08/12,
3000000022131,1,Caixa Postal,00:00:07,Cliente,,N,,,2025/08/12,
3000000022132,1,Caixa Postal,00:00:00,,,N,,,2025/08/12,
3000000022133,1,Ocupado,00:00:00,,,N,,,2025/08/12,
3000000022134,1,Caixa Postal,00:00:04,CLI,10000000261553,N,,,2025/08/12,
3000000022135,1,Cliente Desligou,00:00:03,CLI,10000000261553,N,,,2025/08/12,
3000000022136,1,Informação,00:00:07,Cli,,N,,,2025/08/12,
3000000022137,1,Caixa Postal,00:00:06,cli,10000000261554,N,,,2025/08/12,
3000000022138,1,Caixa Postal,00:00:03,CLI,10000000261554,N,,,2025/08/12,
3000000022139,1,Caixa Postal,00:00:03,CLI,10000000261554,N,,,2025/08/12,
3000000022140,1,Informação,00:00:00,,,N,,,2025/08/12,
3000000022141,1,URA Pesquisa NPS,00:02:19,Cli,10000000261307,S,,,2025/08/12,Email585
3000000022142,1,URA Pesquisa NPS,00:01:46,CLI,10000000261545,S,Sim,10.0,2025/08/12,Email48445
3000000022143,1,Ligação Muda,00:00:03,cli,10000000261555,N,,,2025/08/12,
3000000022144,1,Informação,00:00:02,CLI,,N,,,2025/08/12,
3000000022145,1,URA Pesquisa NPS,00:01:01,cli,10000000261555,S,Sim,10.0,2025/08/12,Email48445
3000000022146,1,Informação,00:00:05,cli,,N,,,2025/08/12,
3000000022147,1,Sent To Voicemail,00:02:01,cli,10000000261556,S,Sim,10.0,2025/08/12,Email5556
3000000022148,1,Não Atende,00:00:00,Cli,10000000261557,N,,,2025/08/11,
3000000022149,1,Não Atende,00:00:00,CLI,10000000261557,N,,,2025/08/11,
3000000022150,1,URA Pesquisa NPS,00:00:58,CLI,10000000261558,S,,,2025/08/11,Email45
3000000022151,1,Informação,00:00:10,,,N,,,2025/08/11,
3000000022152,1,Informação,00:00:02,,,N,,,2025/08/11,
3000000022153,1,Caixa Postal,00:00:00,Cli ,,N,,,2025/08/11,
3000000022154,1,Caixa Postal,00:00:00,Cli ,,N,,,2025/08/11,
3000000022155,1,Caixa Postal,00:00:04,CLI,10000000261559,N,,,2025/08/11,
3000000022156,1,Cliente Desligou,00:00:00,CLI,10000000261403,N,,,2025/08/11,
3000000022157,1,Cliente Desligou,00:00:00,CLI,10000000261403,N,,,2025/08/11,
3000000022158,1,Informação,00:00:00,,,N,,,2025/08/11,
3000000022159,1,URA Pesquisa NPS,00:04:05,,,S,Sim,,2025/08/11,Email19156
3000000022160,1,Caixa Postal,00:00:04,CLI,10000000261470,N,,,2025/08/11,
3000000022161,1,URA Pesquisa NPS,00:07:40,CLI,10000000261470,S,,,2025/08/11,Email4194
3000000022162,1,Ligação Muda,00:00:00,CLI,10000000261557,N,,,2025/08/11,
3000000022163,1,Não Atende,00:00:00,Cli,10000000261557,N,,,2025/08/11,
3000000022164,1,Informação,00:00:00,CLI,,N,,,2025/08/11,
3000000022165,1,Informação,00:00:00,CLI,,N,,,2025/08/11,
3000000022166,1,Caixa Postal,00:00:06,CLI,10000000261560,N,,,2025/08/11,
3000000022167,1,Chamada Não Atendida,00:00:04,Cli ,10000000261561,N,,,2025/08/11,
3000000022168,1,Caixa Postal,00:00:07,cli,10000000261562,N,,,2025/08/11,
3000000022169,1,Informação,00:00:10,Cliente,,N,,,2025/08/11,
3000000022170,1,URA Pesquisa NPS,00:07:13,Cli ,10000000261563,S,Sim,10.0,2025/08/11,Email48444
3000000022171,1,Caixa Postal,00:00:01,CLI,10000000261564,N,,,2025/08/11,
3000000022172,1,URA Pesquisa NPS,00:01:35,CLI,10000000261564,S,,,2025/08/11,Email4194
3000000022173,1,Informação,00:00:00,,,N,,,2025/08/11,
3000000022174,1,Informação,00:00:00,CLI,,N,,,2025/08/11,
3000000022175,1,Caixa Postal,00:00:05,Cli,10000000261565,N,,,2025/08/11,
3000000022176,1,Caixa Postal,00:00:01,cli,10000000261566,N,,,2025/08/11,
3000000022177,1,Caixa Postal,00:00:04,cli,10000000261562,N,,,2025/08/11,
3000000022178,1,Informação,00:00:00,cli,,N,,,2025/08/11,
3000000022179,1,URA Pesquisa NPS,00:03:04,cli,10000000261567,S,Sim,10.0,2025/08/11,Email5556
3000000022180,1,Caixa Postal,00:00:06,cli,10000000261568,N,,,2025/08/11,
3000000022181,1,URA Pesquisa NPS,00:00:57,cli,10000000261568,S,Sim,9.0,2025/08/11,Email639
3000000022182,1,URA Pesquisa NPS,00:01:33,Cli,10000000261569,S,,,2025/08/11,Email5556
3000000022183,1,Caixa Postal,00:00:02,CLI,10000000261570,N,,,2025/08/11,
3000000022184,1,Chamada Não Atendida,00:00:00,CLI,10000000261570,N,,,2025/08/11,
3000000022185,1,Caixa Postal,00:00:03,cli,10000000261566,N,,,2025/08/11,
3000000022186,1,Caixa Postal,00:00:00,,,N,,,2025/08/11,
3000000022187,1,Caixa Postal,00:00:00,,,N,,,2025/08/11,
3000000022188,1,Caixa Postal,00:00:00,,,N,,,2025/08/11,
3000000022189,1,Caixa Postal,00:00:03,,,N,,,2025/08/11,
3000000022190,1,Chamada Não Atendida,00:00:00,CLI ,10000000261571,N,,,2025/08/11,
3000000022191,1,Chamada Não Atendida,00:00:00,CLI ,10000000261571,N,,,2025/08/11,
3000000022192,1,Protocolo Permanecera em Andamento,00:03:27,CLI,10000000261572,N,,,2025/08/11,
3000000022193,1,Ocupado,00:00:00,Cli,10000000261573,N,,,2025/08/11,
3000000022194,1,Ocupado,00:00:00,Cli,10000000261573,N,,,2025/08/11,
3000000022195,1,Caixa Postal,00:00:05,CLI,10000000261574,N,,,2025/08/11,
3000000022196,1,Caixa Postal,00:00:17,Cli,10000000261575,N,,,2025/08/11,
3000000022197,1,Caixa Postal,00:00:18,Cli,10000000261575,N,,,2025/08/11,
3000000022198,1,Informação,00:00:00,,,N,,,2025/08/11,
3000000022199,1,Informação,00:00:00,,,N,,,2025/08/11,
3000000022200,1,Caixa Postal,00:00:00,cli,,N,,,2025/08/11,
3000000022201,1,Caixa Postal,00:00:00,cli,10000000261429,N,,,2025/08/11,
3000000022202,1,Informação,00:00:00,cli,,N,,,2025/08/11,
3000000022203,1,Informação,00:00:00,cLI,,N,,,2025/08/11,
3000000022204,1,Informação,00:00:00,cLI,,N,,,2025/08/11,
3000000022205,1,Informação,00:00:08,,,N,,,2025/08/11,
3000000022206,1,Caixa Postal,00:00:03,cli,10000000261576,N,,,2025/08/11,
3000000022207,1,Caixa Postal,00:00:01,cli,10000000261576,N,,,2025/08/11,
3000000022208,1,Caixa Postal,00:00:11,cli,10000000261576,N,,,2025/08/11,
3000000022209,1,Caixa Postal,00:00:06,CLI,10000000261436,N,,,2025/08/11,
3000000022210,1,URA Pesquisa NPS,00:01:18,CLI,10000000261577,S,,,2025/08/11,Email296
3000000022211,1,Informação,00:00:00,,,N,,,2025/08/11,
3000000022212,1,Contato de Finalizacao do Protocolo,00:01:14,,10000000261578,N,,,2025/08/11,
3000000022213,1,URA Pesquisa NPS,00:05:23,cli,10000000261579,S,Sim,10.0,2025/08/11,Email48445
3000000022214,1,Informação,00:00:00,,,N,,,2025/08/11,
3000000022215,1,Não Atende,00:00:00,,,N,,,2025/08/11,
3000000022216,1,Informação,00:00:00,,,N,,,2025/08/11,
3000000022217,1,Informação,00:00:00,Cli,,N,,,2025/08/11,
3000000022218,1,URA Pesquisa NPS,00:04:11,,,S,Sim,8.0,2025/08/11,Email19156
3000000022219,1,Informação,00:00:00,,,N,,,2025/08/11,
3000000022220,1,Informação,00:00:00,,,N,,,2025/08/11,
3000000022221,1,Informação,00:00:02,,,N,,,2025/08/11,
3000000022222,1,Informação,00:00:00,,,N,,,2025/08/11,
3000000022223,1,Informação,00:00:00,,,N,,,2025/08/11,
3000000022224,1,URA Pesquisa NPS,00:02:39,Cli,10000000261580,S,Sim,10.0,2025/08/11,Email5371
3000000022225,1,URA Pesquisa NPS,00:02:01,CLI,10000000261581,S,Sim,10.0,2025/08/11,Email4355
3000000022226,1,Informação,00:00:03,CLI,10000000261436,N,,,2025/08/11,
3000000022227,1,Chamada Não Atendida,00:00:04,Cli ,10000000261582,N,,,2025/08/08,
3000000022228,1,Chamada Não Atendida,00:00:10,Cli ,10000000261582,N,,,2025/08/08,
3000000022229,1,Informação,00:02:54,,,N,,,2025/08/08,
3000000022230,1,Caixa Postal,00:00:00,Cli,10000000261583,N,,,2025/08/08,
3000000022231,1,Caixa Postal,00:00:04,cli,10000000261584,N,,,2025/08/08,
3000000022232,1,Chamada Não Atendida,00:00:00,cli,10000000261585,N,,,2025/08/08,
3000000022233,1,Informação,00:00:00,,,N,,,2025/08/08,
3000000022234,1,Não Atende,00:00:00,Cli,10000000261583,N,,,2025/08/08,
3000000022235,1,Caixa Postal,00:00:04,cli,10000000261586,N,,,2025/08/08,
3000000022236,1,Informação,00:00:04,Cli ,,N,,,2025/08/08,
3000000022237,1,Caixa Postal,00:00:09,CLI,10000000261587,N,,,2025/08/08,
3000000022238,1,Ocupado,00:00:00,CLI,10000000261587,N,,,2025/08/08,
3000000022239,1,Chamada Não Atendida,00:00:00,CLI,10000000261587,N,,,2025/08/08,
3000000022240,1,Caixa Postal,00:00:04,CLI,10000000261470,N,,,2025/08/08,
3000000022241,1,Informação,00:00:01,,,N,,,2025/08/08,
3000000022242,1,Informação,00:00:04,,,N,,,2025/08/08,
3000000022243,1,Caixa Postal,00:00:10,cli,,N,,,2025/08/08,
3000000022244,1,Caixa Postal,00:00:21,cli,,N,,,2025/08/08,
3000000022245,1,Caixa Postal,00:00:15,CLI,10000000261588,N,,,2025/08/08,
3000000022246,1,Informação,00:00:00,,,N,,,2025/08/08,
3000000022247,1,Caixa Postal,00:00:09,Cli,10000000261589,N,,,2025/08/08,
3000000022248,1,Ocupado,00:00:00,Cli,,N,,,2025/08/08,
3000000022249,1,Caixa Postal,00:00:04,Cli,10000000261589,N,,,2025/08/08,
3000000022250,1,Caixa Postal,00:00:03,Cli,,N,,,2025/08/08,
3000000022251,1,Ocupado,00:00:00,Cli,,N,,,2025/08/08,
3000000022252,1,Caixa Postal,00:00:04,CLI,10000000261590,N,,,2025/08/08,
3000000022253,1,Caixa Postal,00:00:19,CLI,10000000261590,N,,,2025/08/08,
3000000022254,1,URA Pesquisa NPS,00:01:55,Cli,10000000261591,S,Sim,10.0,2025/08/08,Email585
3000000022255,1,Caixa Postal,00:00:04,,,N,,,2025/08/08,
3000000022256,1,Caixa Postal,00:00:02,,,N,,,2025/08/08,
3000000022257,1,Ligação Muda,00:00:18,Cli,10000000261592,N,,,2025/08/08,
3000000022258,1,Ligação Muda,00:00:00,Cli,,N,,,2025/08/08,
3000000022259,1,URA Pesquisa NPS,00:16:22,Cli,10000000261593,S,,,2025/08/08,Email5371
3000000022260,1,Caixa Postal,00:00:05,CLI,10000000261588,N,,,2025/08/08,
3000000022261,1,URA Pesquisa NPS,00:00:47,CLI,10000000261594,S,,,2025/08/08,Email45
3000000022262,1,Informação,00:00:00,,,N,,,2025/08/08,
3000000022263,1,Informação,00:00:02,,,N,,,2025/08/08,
3000000022264,1,Informação,00:00:00,,,N,,,2025/08/08,
3000000022265,1,Informação,00:00:00,,,N,,,2025/08/08,
3000000022266,1,URA Pesquisa NPS,00:05:08,cli,10000000261595,S,Sim,9.0,2025/08/08,Email11179
3000000022267,1,URA Pesquisa NPS,00:00:59,Cli,10000000261596,S,Sim,10.0,2025/08/08,Email639
3000000022268,1,Caixa Postal,00:00:04,CLI,10000000261597,N,,,2025/08/08,
3000000022269,1,URA Pesquisa NPS,00:03:00,cli,10000000261598,S,,,2025/08/08,Email11179
3000000022270,1,Caixa Postal,00:00:00,CLI,,N,,,2025/08/08,
3000000022271,1,Caixa Postal,00:00:01,CLI,10000000261572,N,,,2025/08/08,
3000000022272,1,Caixa Postal,00:00:12,,,N,,,2025/08/08,
3000000022273,1,Caixa Postal,00:00:10,,,N,,,2025/08/08,
3000000022274,1,Caixa Postal,00:00:08,,,N,,,2025/08/08,
3000000022275,1,Ligação Muda,00:00:00,cli,10000000261599,N,,,2025/08/08,
3000000022276,1,Informação,00:00:00,,,N,,,2025/08/08,
3000000022277,1,Caixa Postal,00:00:05,cli,10000000261600,N,,,2025/08/08,
3000000022278,1,URA Pesquisa NPS,00:12:30,CLI,10000000261601,S,,,2025/08/08,Email11179
3000000022279,1,Informação,00:00:00,CLI,,N,,,2025/08/08,
3000000022280,1,Informação,00:00:00,CLI,,N,,,2025/08/08,
3000000022281,1,Caixa Postal,00:00:05,Cliente,10000000261602,N,,,2025/08/08,
3000000022282,1,Caixa Postal,00:00:05,Cliente,10000000261602,N,,,2025/08/08,
3000000022283,1,Informação,00:02:06,CLI,,N,,,2025/08/08,
3000000022284,1,URA Pesquisa NPS,00:15:39,cli,10000000261603,S,Nao,8.0,2025/08/08,Email5556
3000000022285,1,URA Pesquisa NPS,00:01:18,cli,10000000261600,S,Sim,10.0,2025/08/08,Email48445
3000000022286,1,Informação,00:00:03,,,N,,,2025/08/08,
3000000022287,1,Caixa Postal,00:00:00,Cli,10000000261329,N,,,2025/08/08,
3000000022288,1,Informação,00:00:00,,,N,,,2025/08/08,
3000000022289,1,Caixa Postal,00:00:08,,,N,,,2025/08/08,
3000000022290,1,URA Pesquisa NPS,00:01:30,cli,10000000261603,S,Sim,10.0,2025/08/08,Email5556
3000000022291,1,Informação,00:00:00,,,N,,,2025/08/08,
3000000022292,1,Informação,00:00:01,CLI,,N,,,2025/08/08,
3000000022293,1,Informação,00:01:00,,,N,,,2025/08/08,
3000000022294,1,Informação,00:00:00,,,N,,,2025/08/08,
3000000022295,1,Caixa Postal,00:00:07,cli,10000000261604,N,,,2025/08/07,
3000000022296,1,Caixa Postal,00:00:06,Cli ,10000000261605,N,,,2025/08/07,
3000000022297,1,Caixa Postal,00:00:00,Cli ,10000000261605,N,,,2025/08/07,
3000000022298,1,Caixa Postal,00:00:00,Cli ,10000000261605,N,,,2025/08/07,
3000000022299,1,Caixa Postal,00:00:00,Cli ,10000000261606,N,,,2025/08/07,
3000000022300,1,Caixa Postal,00:00:00,Cli ,10000000261606,N,,,2025/08/07,
3000000022301,1,Cliente Desligou,00:00:13,Cli ,10000000261606,N,,,2025/08/07,
3000000022302,1,Cliente Desligou,00:00:03,Cli ,10000000261606,N,,,2025/08/07,
3000000022303,1,Informação,00:00:00,CLI,,N,,,2025/08/07,
3000000022304,1,Caixa Postal,00:00:03,CLI,10000000261607,N,,,2025/08/07,
3000000022305,1,Caixa Postal,00:00:00,Cli ,10000000261606,N,,,2025/08/07,
3000000022306,1,Chamada Não Atendida,00:00:00,cli,10000000261608,N,,,2025/08/07,
3000000022307,1,Chamada Não Atendida,00:00:00,cli,10000000261608,N,,,2025/08/07,
3000000022308,1,Dados incorretos do cliente,00:00:00,Cli ,,N,,,2025/08/07,
3000000022309,1,Chamada Não Atendida,00:00:00,cli,10000000261608,N,,,2025/08/07,
3000000022310,1,URA Pesquisa NPS,00:00:52,cli,10000000261604,S,,,2025/08/07,Email45
3000000022311,1,Caixa Postal,00:00:04,Cli,10000000261609,N,,,2025/08/07,
3000000022312,1,Caixa Postal,00:00:19,CLI,10000000261607,N,,,2025/08/07,
3000000022313,1,Caixa Postal,00:04:57,,,N,,,2025/08/07,
3000000022314,1,Caixa Postal,00:00:04,Cli ,10000000261610,N,,,2025/08/07,
3000000022315,1,Caixa Postal,00:00:00,Cli ,10000000261610,N,,,2025/08/07,
3000000022316,1,Caixa Postal,00:00:00,Cli ,10000000261610,N,,,2025/08/07,
3000000022317,1,Caixa Postal,00:00:06,cli,10000000261611,N,,,2025/08/07,
3000000022318,1,Caixa Postal,00:00:10,cli,10000000261611,N,,,2025/08/07,
3000000022319,1,URA Pesquisa NPS,00:32:08,Cli,10000000261612,S,Sim,10.0,2025/08/07,Email48444
3000000022320,1,URA Pesquisa NPS,00:03:49,cli,10000000261613,S,,,2025/08/07,Email11179
3000000022321,1,Informação,00:00:00,CLI,,N,,,2025/08/07,
3000000022322,1,Informação,00:00:00,CLI,,N,,,2025/08/07,
3000000022323,1,Ocupado,00:00:00,Cli,,N,,,2025/08/07,
3000000022324,1,Ocupado,00:00:00,Cli,,N,,,2025/08/07,
3000000022325,1,Caixa Postal,00:00:00,Cli ,10000000261614,N,,,2025/08/07,
3000000022326,1,Caixa Postal,00:00:00,Cli ,10000000261614,N,,,2025/08/07,
3000000022327,1,Informação,00:00:00,CLI,,N,,,2025/08/07,
3000000022328,1,Dados incorretos do cliente,00:00:00,CLI,,N,,,2025/08/07,
3000000022329,1,Dados incorretos do cliente,00:00:00,CLI,10000000261615,N,,,2025/08/07,
3000000022330,1,Caixa Postal,00:00:04,CLI,10000000261615,N,,,2025/08/07,
3000000022331,1,Caixa Postal,00:00:00,CLI,10000000261616,N,,,2025/08/07,
3000000022332,1,Caixa Postal,00:00:07,Cli,10000000261617,N,,,2025/08/07,
3000000022333,1,Caixa Postal,00:00:01,Cli,10000000261617,N,,,2025/08/07,
3000000022334,1,URA Pesquisa NPS,00:05:38,Cli ,10000000261618,S,Sim,10.0,2025/08/07,Email48444
3000000022335,1,URA Pesquisa NPS,00:02:23,CLI,10000000261616,S,Sim,10.0,2025/08/07,Email364
3000000022336,1,Dados incorretos do cliente,00:00:00,cLI,10000000261619,N,,,2025/08/07,
3000000022337,1,Caixa Postal,00:00:13,cLI,10000000261619,N,,,2025/08/07,
3000000022338,1,Caixa Postal,00:00:00,CLI,10000000261619,N,,,2025/08/07,
3000000022339,1,Caixa Postal,00:00:05,CLI,10000000261619,N,,,2025/08/07,
3000000022340,1,Caixa Postal,00:00:00,,,N,,,2025/08/07,
3000000022341,1,Caixa Postal,00:00:00,,,N,,,2025/08/07,
3000000022342,1,Caixa Postal,00:00:00,CLI,10000000261619,N,,,2025/08/07,
3000000022343,1,Responsavel ausente,00:01:07,CLI,10000000261619,N,,,2025/08/07,
3000000022344,1,Caixa Postal,00:00:05,Cli ,10000000261620,N,,,2025/08/07,
3000000022345,1,URA Pesquisa NPS,00:02:47,Cli ,10000000261620,S,,,2025/08/07,Email48444
3000000022346,1,Responsavel ausente,00:00:52,,,N,,,2025/08/07,
3000000022347,1,Cliente Desligou,00:00:01,Cli,10000000261621,N,,,2025/08/07,
3000000022348,1,Caixa Postal,00:00:04,Cli,10000000261621,N,,,2025/08/07,
3000000022349,1,URA Pesquisa NPS,00:01:49,Cli,10000000261621,S,,,2025/08/07,Email19156
3000000022350,1,Protocolo Permanecera em Andamento,00:03:24,Cli,10000000261622,N,,,2025/08/07,
3000000022351,1,URA Pesquisa NPS,00:00:40,Cliente,10000000261623,S,,,2025/08/07,Email8754
3000000022352,1,Não Atende,00:00:00,Cliente,10000000261624,N,,,2025/08/07,
3000000022353,1,Caixa Postal,00:00:08,cli,10000000261625,N,,,2025/08/07,
3000000022354,1,Caixa Postal,00:00:00,,,N,,,2025/08/07,
3000000022355,1,Contato de Finalizacao do Protocolo,00:04:42,CLI,10000000261626,N,,,2025/08/07,
3000000022356,1,Caixa Postal,00:00:18,Cli ,10000000261627,N,,,2025/08/07,
3000000022357,1,Caixa Postal,00:00:03,Cli ,10000000261627,N,,,2025/08/07,
3000000022358,1,Caixa Postal,00:00:00,Cli,10000000261628,N,,,2025/08/07,
3000000022359,1,Informação,00:00:00,CLI,,N,,,2025/08/07,
3000000022360,1,URA Pesquisa NPS,00:01:51,Cli,10000000261628,S,,,2025/08/07,Email19156
3000000022361,1,Informação,00:00:00,CLI,,N,,,2025/08/07,
3000000022362,1,Informação,00:00:00,CLI,,N,,,2025/08/07,
3000000022363,1,Caixa Postal,00:00:01,Cli ,10000000261629,N,,,2025/08/07,
3000000022364,1,Informação,00:00:03,CLI,,N,,,2025/08/07,
3000000022365,1,Informação,00:00:13,CLI,10000000261630,N,,,2025/08/07,
3000000022366,1,Agent Error,00:00:53,,,N,,,2025/08/07,
3000000022367,1,Ocupado,00:00:00,CLI,10000000261631,N,,,2025/08/07,
3000000022368,1,Ocupado,00:00:00,CLI,,N,,,2025/08/07,
3000000022369,1,URA Pesquisa NPS,00:04:10,cli,10000000261632,S,Sim,10.0,2025/08/07,Email5556
3000000022370,1,Contato de Finalizacao do Protocolo,00:05:05,cli,10000000261585,N,,,2025/08/07,
3000000022371,1,Ocupado,00:00:00,CLI,10000000261631,N,,,2025/08/07,
3000000022372,1,URA Pesquisa NPS,00:05:09,cli,10000000261633,S,Sim,9.0,2025/08/07,Email639
3000000022373,1,Chamada Não Atendida,00:00:00,Cli ,10000000261634,N,,,2025/08/07,
3000000022374,1,Caixa Postal,00:00:00,Cli ,10000000261634,N,,,2025/08/07,
3000000022375,1,URA Pesquisa NPS,00:08:44,cli,10000000261625,S,,,2025/08/07,Email11179
3000000022376,1,URA Pesquisa NPS,00:02:59,Cli,10000000261635,S,Sim,10.0,2025/08/07,Email4355
3000000022377,1,Informação,00:00:00,,,N,,,2025/08/07,
3000000022378,1,Informação,00:00:00,,,N,,,2025/08/07,
3000000022379,1,Informação,00:00:04,,,N,,,2025/08/07,
3000000022380,1,Caixa Postal,00:00:04,Cli ,10000000261636,N,,,2025/08/07,
3000000022381,1,Caixa Postal,00:00:04,Cli ,10000000261636,N,,,2025/08/07,
3000000022382,1,URA Pesquisa NPS,00:06:50,CLI,10000000261637,S,Sim,,2025/08/07,Email4355
3000000022383,1,Caixa Postal,00:00:00,,,N,,,2025/08/07,
3000000022384,1,Caixa Postal,00:00:00,,,N,,,2025/08/07,
3000000022385,1,Caixa Postal,00:00:06,,,N,,,2025/08/07,
3000000022386,1,Caixa Postal,00:00:08,,,N,,,2025/08/07,
3000000022387,1,Caixa Postal,00:00:04,CLI,,N,,,2025/08/06,
3000000022388,1,Informação,00:37:52,Cli ,10000000261387,N,,,2025/08/06,
3000000022389,1,Ligação Muda,00:00:12,CLI,10000000261638,N,,,2025/08/06,
3000000022390,1,Caixa Postal,00:00:06,cli,10000000261639,N,,,2025/08/06,
3000000022391,1,URA Pesquisa NPS,00:02:32,Cli ,10000000261640,S,Sim,10.0,2025/08/06,Email48444
3000000022392,1,Caixa Postal,00:00:03,Cli,10000000260393,N,,,2025/08/06,
3000000022393,1,URA Pesquisa NPS,00:02:04,CLI,10000000261641,S,,,2025/08/06,Email45
3000000022394,1,Contato de Finalizacao do Protocolo,00:02:28,cli,10000000261642,N,,,2025/08/06,
3000000022395,1,Informação,00:00:16,Cli,10000000261643,N,,,2025/08/06,
3000000022396,1,Informação,00:00:00,Cli,,N,,,2025/08/06,
3000000022397,1,Sent To Voicemail,00:04:38,Cli ,10000000261644,S,Sim,10.0,2025/08/06,Email48444
3000000022398,1,Caixa Postal,00:00:00,Cli,10000000261645,N,,,2025/08/06,
3000000022399,1,Caixa Postal,00:00:00,Cli,,N,,,2025/08/06,
3000000022400,1,Caixa Postal,00:00:01,Cli,10000000261646,N,,,2025/08/06,
3000000022401,1,Caixa Postal,00:00:05,cli,10000000261639,N,,,2025/08/06,
3000000022402,1,Caixa Postal,00:00:00,CLI,10000000261647,N,,,2025/08/06,
3000000022403,1,Caixa Postal,00:00:22,CLI,10000000261648,N,,,2025/08/06,
3000000022404,1,Caixa Postal,00:00:01,Cli,10000000261645,N,,,2025/08/06,
3000000022405,1,Caixa Postal,00:00:10,Cli,,N,,,2025/08/06,
3000000022406,1,Caixa Postal,00:00:01,Cli,10000000261645,N,,,2025/08/06,
3000000022407,1,Caixa Postal,00:00:00,Cli,10000000261645,N,,,2025/08/06,
3000000022408,1,Caixa Postal,00:00:09,CLI,10000000261648,N,,,2025/08/06,
3000000022409,1,Contato de Finalizacao do Protocolo,00:04:13,cli,10000000261604,N,,,2025/08/06,
3000000022410,1,URA Pesquisa NPS,00:01:01,cli,10000000261649,S,Sim,10.0,2025/08/06,Email5556
3000000022411,1,Ligação Muda,00:00:32,Cli,10000000261650,N,,,2025/08/06,
3000000022412,1,URA Pesquisa NPS,00:02:59,Cli,10000000261650,S,Sim,9.0,2025/08/06,Email19156
3000000022413,1,URA Pesquisa NPS,00:01:33,cli,10000000261651,S,Sim,10.0,2025/08/06,Email48445
3000000022414,1,Caixa Postal,00:00:06,Cli,10000000261652,N,,,2025/08/06,
3000000022415,1,Não Atende,00:00:12,CLI,10000000261653,N,,,2025/08/06,
3000000022416,1,Não Atende,00:00:04,CLI,10000000261653,N,,,2025/08/06,
3000000022417,1,URA Pesquisa NPS,00:09:10,Cli,,S,Sim,10.0,2025/08/06,Email19156
3000000022418,1,Informação,00:01:37,CLI,,N,,,2025/08/06,
3000000022419,1,Informação,00:00:50,Cli,,N,,,2025/08/06,
3000000022420,1,Cliente Desligou,00:00:06,Cli ,10000000261654,N,,,2025/08/06,
3000000022421,1,Caixa Postal,00:00:07,Cli ,10000000261654,N,,,2025/08/06,
3000000022422,1,Chamada Não Atendida,00:01:26,CLI,10000000261655,N,,,2025/08/06,
3000000022423,1,URA Pesquisa NPS,00:00:44,CLI,10000000261655,S,Sim,10.0,2025/08/06,Email372
3000000022424,1,URA Pesquisa NPS,00:01:01,Cli,10000000261656,S,,,2025/08/06,Email19156
3000000022425,1,Caixa Postal,00:00:04,CLI,10000000261657,N,,,2025/08/06,
3000000022426,1,Caixa Postal,00:00:00,,,N,,,2025/08/06,
3000000022427,1,Cliente Desligou,00:00:07,CLI,10000000261658,N,,,2025/08/06,
3000000022428,1,Cliente Desligou,00:00:06,CLI,10000000261658,N,,,2025/08/06,
3000000022429,1,Caixa Postal,00:00:13,cli,10000000261659,N,,,2025/08/06,
3000000022430,1,Cliente Desligou,00:00:05,Cli,10000000260393,N,,,2025/08/06,
3000000022431,1,Informação,00:00:00,,,N,,,2025/08/06,
3000000022432,1,Informação,00:00:00,,,N,,,2025/08/06,
3000000022433,1,Informação,00:00:00,,,N,,,2025/08/06,
3000000022434,1,URA Pesquisa NPS,00:00:47,CLI ,10000000261660,S,Sim,10.0,2025/08/06,Email5556
3000000022435,1,Caixa Postal,00:00:06,CLI,10000000261658,N,,,2025/08/06,
3000000022436,1,Informação,00:00:00,,,N,,,2025/08/06,
3000000022437,1,Informação,00:00:03,,,N,,,2025/08/06,
3000000022438,1,URA Pesquisa NPS,00:02:37,cli ,10000000261661,S,,,2025/08/06,Email48444
3000000022439,1,URA Pesquisa NPS,00:04:17,Cli,10000000261662,S,,,2025/08/06,Email5371
3000000022440,1,Caixa Postal,00:00:01,Cli ,10000000261663,N,,,2025/08/06,
3000000022441,1,Caixa Postal,00:00:01,Cli ,10000000261663,N,,,2025/08/06,
3000000022442,1,Caixa Postal,00:00:01,Cli ,10000000261663,N,,,2025/08/06,
3000000022443,1,Cliente Desligou,00:00:01,CLI,10000000260399,N,,,2025/08/06,
3000000022444,1,Cliente Desligou,00:00:02,CLI,10000000260399,N,,,2025/08/06,
3000000022445,1,Dados incorretos do cliente,00:00:00,Cli ,10000000260399,N,,,2025/08/06,
3000000022446,1,Caixa Postal,00:00:03,Cli ,10000000260399,N,,,2025/08/06,
3000000022447,1,Caixa Postal,00:00:06,Cli ,10000000260399,N,,,2025/08/06,
3000000022448,1,Sent To Voicemail,00:05:30,CLI,10000000261664,S,Sim,10.0,2025/08/05,Email48445
3000000022449,1,Ligação Muda,00:00:00,CLI,10000000260429,N,,,2025/08/05,
3000000022450,1,Ligação Muda,00:00:00,CLI,10000000260429,N,,,2025/08/05,
3000000022451,1,Caixa Postal,00:00:11,Cli,10000000261665,N,,,2025/08/05,
3000000022452,1,Caixa Postal,00:00:03,cli,10000000261666,N,,,2025/08/05,
3000000022453,1,URA Pesquisa NPS,00:03:52,Cli,10000000261665,S,Sim,10.0,2025/08/05,Email19156
3000000022454,1,Não Atende,00:00:01,,,N,,,2025/08/05,
3000000022455,1,Caixa Postal,00:00:02,Cli,10000000261667,N,,,2025/08/05,
3000000022456,1,Informação,00:00:00,CLI,,N,,,2025/08/05,
3000000022457,1,Caixa Postal,00:00:00,cli,10000000261666,N,,,2025/08/05,
3000000022458,1,Chamada Não Atendida,00:00:00,Cli,10000000261668,N,,,2025/08/05,
3000000022459,1,Informação,00:00:05,Cliente,,N,,,2025/08/05,
3000000022460,1,Chamada Não Atendida,00:00:00,Cli,10000000261668,N,,,2025/08/05,
3000000022461,1,Caixa Postal,00:00:00,cli,,N,,,2025/08/05,
3000000022462,1,Cliente Desligou,00:00:10,cli,10000000261669,N,,,2025/08/05,
3000000022463,1,Caixa Postal,00:00:05,cli,,N,,,2025/08/05,
3000000022464,1,Caixa Postal,00:00:05,cli,10000000261670,N,,,2025/08/05,
3000000022465,1,Caixa Postal,00:00:01,cli,10000000261671,N,,,2025/08/05,
3000000022466,1,Chamada Não Atendida,00:00:00,cli,,N,,,2025/08/05,
3000000022467,1,Caixa Postal,00:00:00,cli,,N,,,2025/08/05,
3000000022468,1,Caixa Postal,00:00:00,cli,,N,,,2025/08/05,
3000000022469,1,Não Atende,00:00:00,cli,10000000261671,N,,,2025/08/05,
3000000022470,1,Informação,00:00:06,CLI,,N,,,2025/08/05,
3000000022471,1,Ligação Muda,00:00:34,CLI,10000000261672,N,,,2025/08/05,
3000000022472,1,Informação,00:00:00,,,N,,,2025/08/05,
3000000022473,1,URA Pesquisa NPS,00:04:08,Cli,10000000261529,S,,,2025/08/05,Email585
3000000022474,1,Caixa Postal,00:00:07,cli,,N,,,2025/08/05,
3000000022475,1,Contato de Finalizacao do Protocolo,00:02:44,cli,,N,,,2025/08/05,
3000000022476,1,Informação,00:00:37,Cli,,N,,,2025/08/05,
3000000022477,1,Ligação Muda,00:00:00,CLI,,N,,,2025/08/05,
3000000022478,1,Caixa Postal,00:08:53,Cli,,N,,,2025/08/05,
3000000022479,1,Informação,00:00:00,CLI,,N,,,2025/08/05,
3000000022480,1,Ligação Muda,00:00:08,CLI,10000000261673,N,,,2025/08/05,
3000000022481,1,Não Atende,00:00:17,CLI,10000000261673,N,,,2025/08/05,
3000000022482,1,Informação,00:00:10,,,N,,,2025/08/05,
3000000022483,1,Caixa Postal,00:00:04,Cliente,10000000261674,N,,,2025/08/05,
3000000022484,1,Informação,00:00:00,,,N,,,2025/08/05,
3000000022485,1,Informação,00:00:01,CLI,,N,,,2025/08/05,
3000000022486,1,Informação,00:00:02,CLI,,N,,,2025/08/05,
3000000022487,1,URA Pesquisa NPS,00:00:51,CLI,10000000261675,S,Sim,10.0,2025/08/05,Email45
3000000022488,1,Informação,00:00:21,,,N,,,2025/08/05,
3000000022489,1,Informação,00:00:08,,,N,,,2025/08/05,
3000000022490,1,Informação,00:00:00,,,N,,,2025/08/05,
3000000022491,1,Informação,00:00:00,,,N,,,2025/08/05,
3000000022492,1,Informação,00:00:23,,,N,,,2025/08/05,
3000000022493,1,Informação,00:00:16,cli,10000000261676,N,,,2025/08/05,
3000000022494,1,Informação,00:00:00,cli,10000000261676,N,,,2025/08/05,
3000000022495,1,Caixa Postal,00:00:09,Cli,10000000261677,N,,,2025/08/05,
3000000022496,1,Caixa Postal,00:00:01,Cli,10000000261678,N,,,2025/08/05,
3000000022497,1,Caixa Postal,00:00:03,CLI,10000000261679,N,,,2025/08/05,
3000000022498,1,Informação,00:00:07,cli,10000000261680,N,,,2025/08/05,
3000000022499,1,Contato de Finalizacao do Protocolo,00:13:12,CLI,10000000261545,N,,,2025/08/05,
3000000022500,1,Informação,00:00:00,,,N,,,2025/08/05,
3000000022501,1,Não Atende,00:00:05,CLI,10000000261681,N,,,2025/08/04,
3000000022502,1,Informação,00:00:00,,,N,,,2025/08/04,
3000000022503,1,URA Pesquisa NPS,00:01:40,Cli ,10000000261682,S,,,2025/08/04,Email639
3000000022504,1,Informação,00:01:53,cli,10000000261683,N,,,2025/08/04,
3000000022505,1,Caixa Postal,00:00:05,,,N,,,2025/08/04,
3000000022506,1,URA Pesquisa NPS,00:01:03,CLI,10000000261684,S,Sim,10.0,2025/08/04,Email45
3000000022507,1,URA Pesquisa NPS,00:01:06,CLI,10000000261681,S,,,2025/08/04,Email45
3000000022508,1,Informação,00:01:50,,,N,,,2025/08/04,
3000000022509,1,Informação,00:16:10,CLI,10000000261685,N,,,2025/08/04,
3000000022510,1,Protocolo Permanecera em Andamento,00:02:00,CLI ,,N,,,2025/08/04,
3000000022511,1,Caixa Postal,00:00:00,,,N,,,2025/08/04,
3000000022512,1,Informação,00:00:00,,,N,,,2025/08/04,
3000000022513,1,Contato de Finalizacao do Protocolo,00:00:39,Cli,10000000260482,N,,,2025/08/04,
3000000022514,1,URA Pesquisa NPS,00:02:27,Cli,10000000261686,S,Sim,,2025/08/04,Email5556
3000000022515,1,URA Pesquisa NPS,00:01:18,cli,10000000261687,S,,,2025/08/04,Email5556
3000000022516,1,URA Pesquisa NPS,00:02:03,cli,10000000261688,S,Sim,10.0,2025/08/04,Email639
3000000022517,1,Caixa Postal,00:00:04,CLI,10000000261689,N,,,2025/08/04,
3000000022518,1,Caixa Postal,00:00:04,CLI,10000000261689,N,,,2025/08/04,
3000000022519,1,Caixa Postal,00:00:21,SAC,10000000261690,N,,,2025/08/04,
3000000022520,1,URA Pesquisa NPS,00:01:50,SAC,10000000261690,S,Sim,10.0,2025/08/04,Email1615
3000000022521,1,Cliente Desligou,00:06:18,Cli,10000000261691,N,,,2025/08/04,
3000000022522,1,Sent To Voicemail,00:06:09,Cli,10000000261692,S,Sim,10.0,2025/08/04,Email1615
3000000022523,1,Caixa Postal,00:00:00,CLI,10000000261685,N,,,2025/08/04,
3000000022524,1,Informação,00:07:32,cli,10000000261693,N,,,2025/08/04,
3000000022525,1,Ocupado,00:00:00,CLI,10000000261694,N,,,2025/08/04,
3000000022526,1,Caixa Postal,00:00:04,Cli,10000000260420,N,,,2025/08/04,
3000000022527,1,URA Pesquisa NPS,00:17:11,cli,10000000261693,S,Sim,10.0,2025/08/04,Email48438
3000000022528,1,Cliente Desligou,00:00:02,Cli,10000000260420,N,,,2025/08/04,
3000000022529,1,Caixa Postal,00:00:04,Cli,10000000261695,N,,,2025/08/04,
3000000022530,1,Caixa Postal,00:00:03,Cli,10000000261695,N,,,2025/08/04,
3000000022531,1,Informação,00:00:00,,,N,,,2025/08/04,
3000000022532,1,Informação,00:00:15,cli,10000000261696,N,,,2025/08/04,
3000000022533,1,Caixa Postal,00:00:05,Cli,10000000261697,N,,,2025/08/04,
3000000022534,1,Caixa Postal,00:00:04,Cli,10000000261697,N,,,2025/08/04,
3000000022535,1,URA Pesquisa NPS,00:02:11,cli,10000000261698,S,,,2025/08/04,Email48438
3000000022536,1,URA Pesquisa NPS,00:06:22,cli,10000000261699,S,,,2025/08/04,Email5556
3000000022537,1,Caixa Postal,00:00:00,CLI,10000000261700,N,,,2025/08/04,
3000000022538,1,Caixa Postal,00:00:11,Cli,10000000261701,N,,,2025/08/04,
3000000022539,1,Caixa Postal,00:00:05,cli,10000000261702,N,,,2025/08/04,
3000000022540,1,Caixa Postal,00:00:07,CLI ,10000000261703,N,,,2025/08/04,
3000000022541,1,Caixa Postal,00:00:04,CLI ,10000000261703,N,,,2025/08/04,
3000000022542,1,Cliente Desligou,00:00:42,Cli,,N,,,2025/08/04,
3000000022543,1,Caixa Postal,00:00:05,cli,10000000261702,N,,,2025/08/04,
3000000022544,1,Caixa Postal,00:00:00,Cli,10000000261667,N,,,2025/08/04,
3000000022545,1,Informação,00:00:00,,,N,,,2025/08/01,
3000000022546,1,Informação,00:00:00,,,N,,,2025/08/01,
3000000022547,1,Informação,00:00:03,,,N,,,2025/08/01,
3000000022548,1,Informação,00:00:00,,,N,,,2025/08/01,
3000000022549,1,Caixa Postal,00:00:08,CLI,10000000261704,N,,,2025/08/01,
3000000022550,1,Caixa Postal,00:00:04,cli,10000000261705,N,,,2025/08/01,
3000000022551,1,URA Pesquisa NPS,00:00:59,CLI,,S,Sim,9.0,2025/08/01,Email19156
3000000022552,1,Caixa Postal,00:00:03,CLI,,N,,,2025/08/01,
3000000022553,1,Caixa Postal,00:00:00,CLI,,N,,,2025/08/01,
3000000022554,1,Caixa Postal,00:00:15,Cli,10000000261706,N,,,2025/08/01,
3000000022555,1,Caixa Postal,00:00:08,Cli,10000000261706,N,,,2025/08/01,
3000000022556,1,Informação,00:01:55,cli,,N,,,2025/08/01,
3000000022557,1,Não Atende,00:00:26,Cli,10000000261707,N,,,2025/08/01,
3000000022558,1,Caixa Postal,00:00:04,cli,10000000261705,N,,,2025/08/01,
3000000022559,1,Caixa Postal,00:00:00,,,N,,,2025/08/01,
3000000022560,1,Caixa Postal,00:00:00,,,N,,,2025/08/01,
3000000022561,1,Caixa Postal,00:00:00,Cli,10000000261706,N,,,2025/08/01,
3000000022562,1,Informação,00:00:00,,,N,,,2025/08/01,
3000000022563,1,Informação,00:00:00,cli,10000000261708,N,,,2025/08/01,
3000000022564,1,Protocolo Permanecera em Andamento,00:18:32,Cliente,10000000261709,N,,,2025/08/01,
3000000022565,1,URA Pesquisa NPS,00:00:58,Cli,,S,Sim,10.0,2025/08/01,Email45
3000000022566,1,Informação,00:00:00,,,N,,,2025/08/01,
3000000022567,1,Informação,00:00:00,Cliente,,N,,,2025/08/01,
3000000022568,1,Informação,00:00:12,Cliente,,N,,,2025/08/01,
3000000022569,1,Informação,00:00:03,,,N,,,2025/08/01,
3000000022570,1,Informação,00:00:11,,,N,,,2025/08/01,
3000000022571,1,Informação,00:00:01,Cli ,,N,,,2025/08/01,
3000000022572,1,Informação,00:00:05,Cli ,,N,,,2025/08/01,
3000000022573,1,Informação,00:00:14,,,N,,,2025/08/01,
3000000022574,1,Informação,00:00:27,,,N,,,2025/08/01,
3000000022575,1,Informação,00:00:00,cli,10000000261710,N,,,2025/08/01,
3000000022576,1,Ocupado,00:00:00,cli,,N,,,2025/08/01,
3000000022577,1,Informação,00:00:00,,,N,,,2025/08/01,
3000000022578,1,Não Atende,00:00:00,,10000000261711,N,,,2025/08/01,
3000000022579,1,Caixa Postal,00:00:00,,,N,,,2025/08/01,
3000000022580,1,Ocupado,00:00:00,cli,10000000261710,N,,,2025/08/01,
3000000022581,1,Caixa Postal,00:00:01,CLI,10000000261712,N,,,2025/08/01,
3000000022582,1,URA Pesquisa NPS,00:01:53,Cli,10000000261713,S,Sim,10.0,2025/08/01,Email19156
3000000022583,1,Contato de Finalizacao do Protocolo,00:00:12,Cliente,10000000261322,N,,,2025/08/01,
3000000022584,1,Caixa Postal,00:00:08,CLI,10000000261714,N,,,2025/08/01,
3000000022585,1,Caixa Postal,00:00:07,CLI,,N,,,2025/08/01,
3000000022586,1,Caixa Postal,00:00:10,cli,10000000261715,N,,,2025/08/01,
3000000022587,1,Caixa Postal,00:00:03,Cliente,10000000261716,N,,,2025/08/01,
3000000022588,1,Caixa Postal,00:00:38,cli,10000000261715,N,,,2025/08/01,
3000000022589,1,Caixa Postal,00:00:00,Cliente,10000000261716,N,,,2025/08/01,
3000000022590,1,Chamada Não Atendida,00:00:00,CLI ,10000000261717,N,,,2025/08/01,
3000000022591,1,URA Pesquisa NPS,00:01:11,CLI ,10000000261717,S,Sim,10.0,2025/08/01,Email372
3000000022592,1,Informação,00:00:55,CLI ,10000000261718,N,,,2025/08/01,
3000000022593,1,Caixa Postal,00:00:13,Cli,10000000261719,N,,,2025/08/01,
3000000022594,1,Caixa Postal,00:00:04,Cli,10000000261720,N,,,2025/08/01,
3000000022595,1,Caixa Postal,00:00:04,Cli,10000000261720,N,,,2025/08/01,
3000000022596,1,Caixa Postal,00:00:04,Cli,10000000261721,N,,,2025/08/01,
3000000022597,1,URA Pesquisa NPS,00:05:09,CLI,10000000261722,S,Sim,10.0,2025/08/01,Email19156
3000000022598,1,URA Pesquisa NPS,00:01:25,Cli,,S,Sim,10.0,2025/08/01,Email19156
3000000022599,1,URA Pesquisa NPS,00:02:43,Cli,10000000261650,S,,,2025/08/01,Email19156
3000000022600,1,Contato de Finalizacao do Protocolo,00:01:22,Cli,,N,,,2025/08/01,
3000000022601,1,Ocupado,00:00:00,cliente,10000000261723,N,,,2025/08/01,
3000000022602,1,Ocupado,00:00:00,cliente,10000000261723,N,,,2025/08/01,
3000000022603,1,Caixa Postal,00:00:00,Cli,10000000261724,N,,,2025/08/01,
3000000022604,1,Caixa Postal,00:00:00,Cli,10000000261724,N,,,2025/08/01,
3000000022605,1,Caixa Postal,00:00:05,Cli,10000000261724,N,,,2025/08/01,
3000000022606,1,Caixa Postal,00:00:06,Cli,10000000261724,N,,,2025/08/01,
3000000022607,1,Responsavel ausente,00:00:37,cli,10000000261725,N,,,2025/08/01,
3000000022608,1,URA Pesquisa NPS,00:04:27,cli,10000000261726,S,,,2025/08/01,Email48445
