CALL ID,CALLS,DISPOSITION,TALK TIME,Devolutiva,Custom.Numero_CAP,Custom.Transfer_NPS,Custom.NPS_Solicitacao,Custom.NPS_Nota,DATE,Custom.Analista
3000000018883,1,URA Pesquisa NPS,00:01:21,cli,10000000260375,S,Sim,10.0,2025/07/31,Email5556
3000000018884,1,Caixa Postal,00:00:05,cli,10000000260376,N,,,2025/07/31,
3000000018885,1,Informação,,Cli,,N,,,2025/07/31,
3000000018886,1,Informação,00:00:17,Cli,,N,,,2025/07/31,
3000000018887,1,Informação,,Cli,,N,,,2025/07/31,
3000000018888,1,URA Pesquisa NPS,00:01:02,,,S,Sim,10.0,2025/07/31,Email19156
3000000018889,1,Informação,00:00:26,CLI,10000000260377,N,,,2025/07/31,
3000000018890,1,Caixa Postal,00:00:03,CLI,10000000260378,N,,,2025/07/31,
3000000018891,1,Informação,00:01:17,CLI,10000000260378,N,,,2025/07/31,
3000000018892,1,Caixa Postal,00:00:04,cli,10000000260376,N,,,2025/07/31,
3000000018893,1,Ligação Muda,00:00:00,CLI,10000000260379,N,,,2025/07/31,
3000000018894,1,URA Pesquisa NPS,00:01:37,CLI,10000000260379,S,,,2025/07/31,Email364
3000000018895,1,Chamada Não Atendida,,cli,10000000260380,N,,,2025/07/31,
3000000018896,1,Informação,00:01:11,cli,10000000260380,N,,,2025/07/31,
3000000018897,1,Informação,00:00:05,,,N,,,2025/07/31,
3000000018898,1,Caixa Postal,00:00:05,Cli,10000000260381,N,,,2025/07/31,
3000000018899,1,Informação,00:02:17,CLI ,10000000260382,N,,,2025/07/31,
3000000018900,1,URA Pesquisa NPS,00:01:27,Cli,10000000260381,S,,,2025/07/31,Email639
3000000018901,1,Chamada Não Atendida,,CLI,10000000260383,N,,,2025/07/31,
3000000018902,1,Chamada Não Atendida,,CLI,10000000260383,N,,,2025/07/31,
3000000018903,1,URA Pesquisa NPS,00:05:26,cli,10000000260384,S,Sim,10.0,2025/07/31,Email5556
3000000018904,1,URA Pesquisa NPS,00:01:28,cli,10000000260385,S,Sim,10.0,2025/07/31,Email372
3000000018905,1,Chamada Não Atendida,00:00:07,CLI ,10000000260386,N,,,2025/07/31,
3000000018906,1,Chamada Não Atendida,00:00:29,CLI ,10000000260386,N,,,2025/07/31,
3000000018907,1,Chamada Não Atendida,00:00:06,CLI ,,N,,,2025/07/31,
3000000018908,1,Chamada Não Atendida,00:00:03,CLI,10000000260383,N,,,2025/07/31,
3000000018909,1,Chamada Não Atendida,00:00:03,CLI,10000000260383,N,,,2025/07/31,
3000000018910,1,URA Pesquisa NPS,00:01:31,CLI,10000000260387,S,Sim,10.0,2025/07/31,Email45
3000000018911,1,Chamada Não Atendida,,CLI ,10000000260386,N,,,2025/07/31,
3000000018912,1,Chamada Não Atendida,,CLI ,10000000260386,N,,,2025/07/31,
3000000018913,1,Informação,,,,N,,,2025/07/31,
3000000018914,1,Informação,,,,N,,,2025/07/31,
3000000018915,1,URA Pesquisa NPS,00:02:19,CLI,10000000260388,S,,,2025/07/31,Email45
3000000018916,1,Caixa Postal,00:00:00,Cli,10000000260389,N,,,2025/07/31,
3000000018917,1,Sent To Voicemail,00:01:05,Cli,10000000260389,S,Sim,10.0,2025/07/31,Email639
3000000018918,1,Informação,,cli,10000000260390,N,,,2025/07/31,
3000000018919,1,Informação,,cli,10000000260390,N,,,2025/07/31,
3000000018920,1,Caixa Postal,00:00:07,cli,,N,,,2025/07/31,
3000000018921,1,URA Pesquisa NPS,00:01:42,CLI,10000000260391,S,Sim,10.0,2025/07/31,Email5371
3000000018922,1,URA Pesquisa NPS,00:04:16,Cli,10000000260392,S,Sim,10.0,2025/07/31,Email5371
3000000018923,1,Chamada Não Atendida,00:00:05,CLI,,N,,,2025/07/31,
3000000018924,1,Informação,00:09:28,Cli,10000000260393,N,,,2025/07/31,
3000000018925,1,Caixa Postal,00:00:06,CLI,10000000260394,N,,,2025/07/31,
3000000018926,1,Caixa Postal,00:00:08,CLI,10000000260394,N,,,2025/07/31,
3000000018927,1,Contato de Finalizacao do Protocolo,00:01:18,Cli,,N,,,2025/07/31,
3000000018928,1,URA Pesquisa NPS,00:01:37,Cli,10000000260395,S,Sim,10.0,2025/07/31,Email5371
3000000018929,1,Dados incorretos do cliente,,CLI ,10000000260396,N,,,2025/07/31,
3000000018930,1,Dados incorretos do cliente,,,,N,,,2025/07/31,
3000000018931,1,Dados incorretos do cliente,,,,N,,,2025/07/31,
3000000018932,1,Caixa Postal,00:00:04,Cli ,10000000260396,N,,,2025/07/31,
3000000018933,1,Caixa Postal,00:00:04,cl,10000000260397,N,,,2025/07/30,
3000000018934,1,URA Pesquisa NPS,00:02:48,CLI,10000000260397,S,,,2025/07/30,Email48445
3000000018935,1,Caixa Postal,00:00:04,cli,10000000260398,N,,,2025/07/30,
3000000018936,1,Chamada Não Atendida,00:00:07,CLI,10000000260399,N,,,2025/07/30,
3000000018937,1,Chamada Não Atendida,,CLI,10000000260399,N,,,2025/07/30,
3000000018938,1,URA Pesquisa NPS,00:02:00,CLI,10000000260400,S,,,2025/07/30,Email45
3000000018939,1,Informação,00:02:35,CLI,10000000260401,N,,,2025/07/30,
3000000018940,1,Cliente Desligou,00:00:37,cli,10000000260402,N,,,2025/07/30,
3000000018941,1,Caixa Postal,00:00:08,cli,10000000260402,N,,,2025/07/30,
3000000018942,1,Caixa Postal,00:00:11,cli,10000000260402,N,,,2025/07/30,
3000000018943,1,Chamada Não Atendida,00:00:04,Cli ,10000000260403,N,,,2025/07/30,
3000000018944,1,Chamada Não Atendida,,Cli ,10000000260403,N,,,2025/07/30,
3000000018945,1,Caixa Postal,,CLI,10000000260404,N,,,2025/07/30,
3000000018946,1,Caixa Postal,,CLI,10000000260404,N,,,2025/07/30,
3000000018947,1,Ligação Muda,00:00:18,cli,10000000260405,N,,,2025/07/30,
3000000018948,1,Informação,,Cli,,N,,,2025/07/30,
3000000018949,1,Informação,,Cli,,N,,,2025/07/30,
3000000018950,1,Responsavel ausente,00:01:01,Cli,,N,,,2025/07/30,
3000000018951,1,Informação,,cli,,N,,,2025/07/30,
3000000018952,1,Chamada Não Atendida,00:00:03,CLI,10000000260406,N,,,2025/07/30,
3000000018953,1,Chamada Não Atendida,,CLI,10000000260406,N,,,2025/07/30,
3000000018954,1,Caixa Postal,00:00:06,cli,10000000260407,N,,,2025/07/30,
3000000018955,1,Não Atende,00:00:14,Cli,10000000260408,N,,,2025/07/30,
3000000018956,1,Informação,,,,N,,,2025/07/30,
3000000018957,1,Informação,00:00:04,,,N,,,2025/07/30,
3000000018958,1,Chamada Não Atendida,00:00:08,CLI,10000000260409,N,,,2025/07/30,
3000000018959,1,Chamada Não Atendida,00:00:05,CLI,10000000260409,N,,,2025/07/30,
3000000018960,1,Chamada Não Atendida,,,,N,,,2025/07/30,
3000000018961,1,Informação,,,,N,,,2025/07/30,
3000000018962,1,Caixa Postal,,CLI,10000000260404,N,,,2025/07/30,
3000000018963,1,Caixa Postal,,cli,,N,,,2025/07/30,
3000000018964,1,URA Pesquisa NPS,00:01:47,CLI,10000000260410,S,Sim,8.0,2025/07/30,Email296
3000000018965,1,Informação,,,,N,,,2025/07/30,
3000000018966,1,Caixa Postal,,CLI,10000000260411,N,,,2025/07/30,
3000000018967,1,URA Pesquisa NPS,00:01:15,CLI,10000000260411,S,Sim,10.0,2025/07/30,Email364
3000000018968,1,Caixa Postal,00:00:29,Cli,10000000260412,N,,,2025/07/30,
3000000018969,1,Não Atende,00:01:54,CLI,10000000260413,N,,,2025/07/30,
3000000018970,1,Caixa Postal,00:00:05,CLI,10000000260413,N,,,2025/07/30,
3000000018971,1,Ligação Muda,00:00:28,CLI,10000000260414,N,,,2025/07/30,
3000000018972,1,Cliente solicita novo contato,00:00:33,CLI,10000000260414,N,,,2025/07/30,
3000000018973,1,Caixa Postal,,cli,10000000260415,N,,,2025/07/30,
3000000018974,1,Caixa Postal,00:00:03,,,N,,,2025/07/30,
3000000018975,1,Cliente Desligou,00:00:10,,,N,,,2025/07/30,
3000000018976,1,Não Atende,00:01:59,CLI,10000000260413,N,,,2025/07/30,
3000000018977,1,URA Pesquisa NPS,00:05:11,CLI,10000000260416,S,,,2025/07/30,Email45
3000000018978,1,Caixa Postal,00:00:18,cli,10000000260417,N,,,2025/07/30,
3000000018979,1,URA Pesquisa NPS,00:10:14,cli,10000000260417,S,Sim,10.0,2025/07/30,Email639
3000000018980,1,URA Pesquisa NPS,00:01:01,CLI,10000000260416,S,Sim,,2025/07/30,Email45
3000000018981,1,Cliente Desligou,00:02:06,Cli,10000000260418,N,,,2025/07/30,
3000000018982,1,Caixa Postal,,Cliente,10000000260419,N,,,2025/07/30,
3000000018983,1,Caixa Postal,00:00:06,Cli,10000000260420,N,,,2025/07/30,
3000000018984,1,Caixa Postal,00:00:04,Cli,10000000260420,N,,,2025/07/30,
3000000018985,1,Caixa Postal,00:00:05,Cli,10000000260420,N,,,2025/07/30,
3000000018986,1,Chamada Não Atendida,00:03:36,CLI ,10000000260421,N,,,2025/07/30,
3000000018987,1,Informação,,CLI,,N,,,2025/07/30,
3000000018988,1,Caixa Postal,00:00:06,CLI,10000000259719,N,,,2025/07/30,
3000000018989,1,Cliente Desligou,00:00:26,CLI,10000000259719,N,,,2025/07/30,
3000000018990,1,Chamada Não Atendida,,CLI ,10000000260422,N,,,2025/07/30,
3000000018991,1,Cliente Desligou,00:00:32,Cli,,N,,,2025/07/30,
3000000018992,1,Chamada Não Atendida,,CLI ,10000000260423,N,,,2025/07/30,
3000000018993,1,Chamada Não Atendida,,CLI ,10000000260423,N,,,2025/07/30,
3000000018994,1,Caixa Postal,00:00:05,CLI,10000000260424,N,,,2025/07/30,
3000000018995,1,Ligação Muda,,CLI,10000000260424,N,,,2025/07/30,
3000000018996,1,Não Atende,00:00:04,CLI,10000000260425,N,,,2025/07/30,
3000000018997,1,URA Pesquisa NPS,00:03:06,CLI,10000000260414,S,Nao,2.0,2025/07/30,Email364
3000000018998,1,Informação,,Cliente,,N,,,2025/07/30,
3000000018999,1,Chamada Não Atendida,00:00:03,CLI ,10000000260426,N,,,2025/07/30,
3000000019000,1,URA Pesquisa NPS,00:03:52,CLI ,10000000260426,S,Sim,,2025/07/30,Email48444
3000000019001,1,Informação,,,,N,,,2025/07/29,
3000000019002,1,Chamada Não Atendida,,Cli ,10000000260427,N,,,2025/07/29,
3000000019003,1,Chamada Não Atendida,,Cli ,10000000260427,N,,,2025/07/29,
3000000019004,1,Chamada Não Atendida,00:00:08,CLI,10000000260428,N,,,2025/07/29,
3000000019005,1,Chamada Não Atendida,00:00:04,CLI,10000000260428,N,,,2025/07/29,
3000000019006,1,Informação,,,,N,,,2025/07/29,
3000000019007,1,Informação,00:00:12,,,N,,,2025/07/29,
3000000019008,1,Informação,00:00:05,,,N,,,2025/07/29,
3000000019009,1,Cliente Desligou,00:00:24,,,N,,,2025/07/29,
3000000019010,1,Caixa Postal,00:00:05,CLI,10000000260429,N,,,2025/07/29,
3000000019011,1,Caixa Postal,00:00:03,CLI,10000000260429,N,,,2025/07/29,
3000000019012,1,Protocolo Permanecera em Andamento,00:07:37,,,N,,,2025/07/29,
3000000019013,1,URA Pesquisa NPS,00:00:52,CLI,10000000260430,S,Sim,10.0,2025/07/29,Email296
3000000019014,1,Caixa Postal,,Cli,10000000260431,N,,,2025/07/29,
3000000019015,1,Ocupado,,Cli,10000000260432,N,,,2025/07/29,
3000000019016,1,Caixa Postal,00:00:04,Cli,10000000260432,N,,,2025/07/29,
3000000019017,1,Contato de Finalizacao do Protocolo,00:07:45,Cli,10000000260408,N,,,2025/07/29,
3000000019018,1,Caixa Postal,,CLI,10000000260433,N,,,2025/07/29,
3000000019019,1,URA Pesquisa NPS,00:03:43,Cli,10000000259782,S,Sim,5.0,2025/07/29,Email45
3000000019020,1,Caixa Postal,00:00:06,cli,10000000260434,N,,,2025/07/29,
3000000019021,1,Informação,00:01:44,CLI,10000000260435,N,,,2025/07/29,
3000000019022,1,Não Atende,00:01:45,CLI,10000000260435,N,,,2025/07/29,
3000000019023,1,Caixa Postal,00:00:08,CLI,10000000260436,N,,,2025/07/29,
3000000019024,1,URA Pesquisa NPS,00:01:24,CLI,10000000260435,S,Sim,10.0,2025/07/29,Email45
3000000019025,1,Caixa Postal,00:00:11,Cli,10000000260437,N,,,2025/07/29,
3000000019026,1,Cliente Desligou,00:11:52,Cli,,N,,,2025/07/29,
3000000019027,1,URA Pesquisa NPS,00:03:46,Cli,10000000260438,S,Sim,10.0,2025/07/29,Email1615
3000000019028,1,Caixa Postal,00:00:17,cli ,10000000260439,N,,,2025/07/29,
3000000019029,1,Chamada Não Atendida,,CLI,10000000260440,N,,,2025/07/29,
3000000019030,1,URA Pesquisa NPS,00:04:13,CLI,10000000260433,S,,,2025/07/29,Email11179
3000000019031,1,Chamada Não Atendida,,Cli,10000000260441,N,,,2025/07/29,
3000000019032,1,Chamada Não Atendida,00:01:26,Cli,10000000260441,N,,,2025/07/29,
3000000019033,1,URA Pesquisa NPS,00:08:32,CLI,10000000260442,S,Sim,10.0,2025/07/29,Email48444
3000000019034,1,Caixa Postal,00:00:07,CLI,10000000260443,N,,,2025/07/29,
3000000019035,1,Ligação Muda,,cli,10000000260444,N,,,2025/07/29,
3000000019036,1,Ocupado,,cli,10000000260444,N,,,2025/07/29,
3000000019037,1,URA Pesquisa NPS,00:03:02,Cli,10000000260445,S,,,2025/07/29,Email11179
3000000019038,1,Chamada Não Atendida,,CLI,10000000260446,N,,,2025/07/29,
3000000019039,1,Chamada Não Atendida,,CLI,10000000260446,N,,,2025/07/29,
3000000019040,1,Informação,00:00:02,Cli,,N,,,2025/07/29,
3000000019041,1,Informação,00:00:09,CLI,,N,,,2025/07/29,
3000000019042,1,Ocupado,,CLI,10000000260447,N,,,2025/07/29,
3000000019043,1,Informação,,CLI,10000000260447,N,,,2025/07/29,
3000000019044,1,Caixa Postal,,Cli,10000000260448,N,,,2025/07/29,
3000000019045,1,URA Pesquisa NPS,00:04:10,Cli,10000000260448,S,,,2025/07/29,Email639
3000000019046,1,Informação,,cli,,N,,,2025/07/29,
3000000019047,1,Ocupado,,cli,10000000260444,N,,,2025/07/29,
3000000019048,1,URA Pesquisa NPS,00:00:49,cli,10000000260449,S,Sim,10.0,2025/07/29,Email5556
3000000019049,1,Agent Error,00:01:55,,,N,,,2025/07/29,
3000000019050,1,Chamada Não Atendida,,CLI,10000000260450,N,,,2025/07/29,
3000000019051,1,Chamada Não Atendida,,CLI,10000000260450,N,,,2025/07/29,
3000000019052,1,Chamada Não Atendida,00:00:06,CLI,10000000260450,N,,,2025/07/29,
3000000019053,1,Chamada Não Atendida,,CLI,,N,,,2025/07/29,
3000000019054,1,Chamada Não Atendida,,CLI,10000000260450,N,,,2025/07/29,
3000000019055,1,URA Pesquisa NPS,00:01:12,CLI,10000000260451,S,Sim,10.0,2025/07/29,Email296
3000000019056,1,URA Pesquisa NPS,00:01:08,Cli,10000000260452,S,Sim,10.0,2025/07/29,Email1615
3000000019057,1,Caixa Postal,00:00:03,CLI,,N,,,2025/07/29,
3000000019058,1,Caixa Postal,,CLI,,N,,,2025/07/29,
3000000019059,1,Caixa Postal,00:00:15,CLI,10000000260453,N,,,2025/07/29,
3000000019060,1,URA Pesquisa NPS,00:04:24,,,S,Sim,,2025/07/29,Email19156
3000000019061,1,Caixa Postal,,CLI,10000000260454,N,,,2025/07/29,
3000000019062,1,URA Pesquisa NPS,00:00:57,CLI,10000000260455,S,,,2025/07/29,Email364
3000000019063,1,Caixa Postal,,Cli,,N,,,2025/07/29,
3000000019064,1,URA Pesquisa NPS,00:00:42,Cli,10000000260456,S,Sim,10.0,2025/07/29,Email585
3000000019065,1,Chamada Não Atendida,00:00:07,CLI,10000000260457,N,,,2025/07/29,
3000000019066,1,Chamada Não Atendida,00:00:03,CLI,10000000260457,N,,,2025/07/29,
3000000019067,1,Caixa Postal,00:00:05,Cli,,N,,,2025/07/29,
3000000019068,1,Caixa Postal,00:00:05,Cli,,N,,,2025/07/29,
3000000019069,1,Cliente Desligou,00:00:01,Cli,10000000260458,N,,,2025/07/29,
3000000019070,1,URA Pesquisa NPS,00:01:26,Cli,10000000260459,S,Sim,10.0,2025/07/29,Email5556
3000000019071,1,URA Pesquisa NPS,00:04:11,cli,10000000260460,S,Sim,10.0,2025/07/29,Email48438
3000000019072,1,Não Atende,00:00:06,CLI,10000000260461,N,,,2025/07/29,
3000000019073,1,Caixa Postal,00:00:03,CLi,,N,,,2025/07/29,
3000000019074,1,Caixa Postal,00:00:05,Cli,10000000260462,N,,,2025/07/29,
3000000019075,1,Cliente Desligou,00:00:08,Cli,10000000260462,N,,,2025/07/29,
3000000019076,1,Chamada Não Atendida,,,,N,,,2025/07/29,
3000000019077,1,URA Pesquisa NPS,00:10:15,CLI,10000000260453,S,Sim,10.0,2025/07/29,Email364
3000000019078,1,Caixa Postal,,CLI,10000000260454,N,,,2025/07/29,
3000000019079,1,Não Atende,,CLI,10000000260461,N,,,2025/07/29,
3000000019080,1,Informação,,,,N,,,2025/07/29,
3000000019081,1,URA Pesquisa NPS,00:03:23,Cli ,10000000260463,S,,,2025/07/29,Email48444
3000000019082,1,Caixa Postal,,,10000000260464,N,,,2025/07/29,
3000000019083,1,Chamada Não Atendida,,,,N,,,2025/07/29,
3000000019084,1,URA Pesquisa NPS,00:07:47,cli,10000000260465,S,Sim,10.0,2025/07/29,Email48444
3000000019085,1,Chamada Não Atendida,,Cli ,10000000260466,N,,,2025/07/29,
3000000019086,1,Chamada Não Atendida,,Cli ,10000000260466,N,,,2025/07/29,
3000000019087,1,Chamada Não Atendida,,Cli ,10000000260466,N,,,2025/07/29,
3000000019088,1,Caixa Postal,,cli,10000000260467,N,,,2025/07/29,
3000000019089,1,Informação,00:04:29,Cli,10000000260468,N,,,2025/07/29,
3000000019090,1,URA Pesquisa NPS,00:01:36,CLI,10000000260467,S,,,2025/07/29,Email639
3000000019091,1,Caixa Postal,00:00:09,Cli,10000000260469,N,,,2025/07/29,
3000000019092,1,Caixa Postal,00:00:05,Cli,10000000260469,N,,,2025/07/29,
3000000019093,1,URA Pesquisa NPS,00:04:04,Cli ,10000000260470,S,Sim,10.0,2025/07/29,Email5556
3000000019094,1,Caixa Postal,,,10000000260471,N,,,2025/07/29,
3000000019095,1,Caixa Postal,,CLI,,N,,,2025/07/29,
3000000019096,1,Caixa Postal,,CLI,10000000260472,N,,,2025/07/29,
3000000019097,1,URA Pesquisa NPS,00:01:29,CLI,10000000260473,S,Sim,9.0,2025/07/28,Email45
3000000019098,1,Caixa Postal,00:00:25,Cli,10000000260474,N,,,2025/07/28,
3000000019099,1,Caixa Postal,00:00:05,Cli,10000000260474,N,,,2025/07/28,
3000000019100,1,Informação,00:00:09,Cli,,N,,,2025/07/28,
3000000019101,1,Informação,00:00:15,Cli,,N,,,2025/07/28,
3000000019102,1,Informação,00:00:07,Cli,,N,,,2025/07/28,
3000000019103,1,Caixa Postal,00:00:09,Cli,10000000260475,N,,,2025/07/28,
3000000019104,1,URA Pesquisa NPS,00:00:48,Cli ,10000000260476,S,Sim,9.0,2025/07/28,Email296
3000000019105,1,URA Pesquisa NPS,00:01:27,cli,10000000260477,S,Sim,10.0,2025/07/28,Email11179
3000000019106,1,Caixa Postal,00:00:07,Cli ,10000000260478,N,,,2025/07/28,
3000000019107,1,Caixa Postal,,Cli ,10000000260478,N,,,2025/07/28,
3000000019108,1,URA Pesquisa NPS,00:01:08,Cli ,10000000260478,S,Sim,10.0,2025/07/28,Email48444
3000000019109,1,URA Pesquisa NPS,00:01:18,Cli ,10000000260479,S,,,2025/07/28,Email48444
3000000019110,1,URA Pesquisa NPS,00:01:29,CLI,10000000260480,S,Sim,,2025/07/28,Email364
3000000019111,1,Contato de Finalizacao do Protocolo,00:01:04,CLI,10000000260481,N,,,2025/07/28,
3000000019112,1,Informação,,,,N,,,2025/07/28,
3000000019113,1,Informação,,,,N,,,2025/07/28,
3000000019114,1,Sent To Voicemail,00:01:46,Cli,10000000260482,S,Sim,8.0,2025/07/28,Email5371
3000000019115,1,Atendimento exclusivo por email,,Cli,,N,,,2025/07/28,
3000000019116,1,URA Pesquisa NPS,00:03:10,Cli,10000000260483,S,Sim,10.0,2025/07/28,Email639
3000000019117,1,URA Pesquisa NPS,00:02:03,cli,10000000260484,S,Sim,10.0,2025/07/28,Email48445
3000000019118,1,Caixa Postal,00:00:07,CLI,10000000260485,N,,,2025/07/28,
3000000019119,1,Caixa Postal,,CLI,10000000260486,N,,,2025/07/28,
3000000019120,1,Caixa Postal,00:00:04,CLI,10000000260485,N,,,2025/07/28,
3000000019121,1,Informação,00:00:03,CLI,,N,,,2025/07/28,
3000000019122,1,Chamada Não Atendida,00:00:05,Cliente,10000000260487,N,,,2025/07/28,
3000000019123,1,Caixa Postal,,cli,,N,,,2025/07/28,
3000000019124,1,URA Pesquisa NPS,00:04:08,cli,10000000260488,S,Sim,9.0,2025/07/28,Email639
3000000019125,1,Caixa Postal,00:00:05,Cliente,10000000260487,N,,,2025/07/28,
3000000019126,1,Caixa Postal,,CLI,10000000260414,N,,,2025/07/28,
3000000019127,1,Caixa Postal,00:00:05,Cli,10000000260489,N,,,2025/07/28,
3000000019128,1,Caixa Postal,00:00:05,Cli ,10000000260490,N,,,2025/07/28,
3000000019129,1,Caixa Postal,00:00:01,Cli ,10000000260490,N,,,2025/07/28,
3000000019130,1,Caixa Postal,00:00:04,Cli ,10000000260490,N,,,2025/07/28,
3000000019131,1,Informação,00:09:19,cli,10000000260417,N,,,2025/07/28,
3000000019132,1,Caixa Postal,00:00:10,Cli,10000000260491,N,,,2025/07/28,
3000000019133,1,Caixa Postal,00:00:10,Cli,10000000260491,N,,,2025/07/28,
3000000019134,1,Caixa Postal,00:00:07,Cli,10000000260492,N,,,2025/07/28,
3000000019135,1,Caixa Postal,00:00:05,cli,10000000260493,N,,,2025/07/28,
3000000019136,1,Informação,00:02:47,Cliente,10000000260494,N,,,2025/07/28,
3000000019137,1,Caixa Postal,00:00:04,cli,10000000260495,N,,,2025/07/28,
3000000019138,1,Caixa Postal,00:00:05,cli,10000000260495,N,,,2025/07/28,
3000000019139,1,Caixa Postal,,Cli,,N,,,2025/07/28,
3000000019140,1,Caixa Postal,,Cli,10000000260496,N,,,2025/07/28,
3000000019141,1,Caixa Postal,,Cli,10000000260496,N,,,2025/07/28,
3000000019142,1,Caixa Postal,00:00:18,Cli,10000000260491,N,,,2025/07/28,
3000000019143,1,Chamada Não Atendida,,CLI,10000000260497,N,,,2025/07/28,
3000000019144,1,Caixa Postal,00:00:19,Cli,10000000260491,N,,,2025/07/28,
3000000019145,1,Informação,00:00:03,,,N,,,2025/07/28,
3000000019146,1,Informação,00:00:00,,,N,,,2025/07/28,
3000000019147,1,Caixa Postal,00:00:16,Cli,10000000260498,N,,,2025/07/28,
3000000019148,1,URA Pesquisa NPS,00:10:57,cli,10000000260493,S,Sim,10.0,2025/07/28,Email11179
3000000019149,1,Caixa Postal,,Cli ,10000000260427,N,,,2025/07/28,
3000000019150,1,Caixa Postal,,Cli ,10000000260427,N,,,2025/07/28,
3000000019151,1,Caixa Postal,,Cli ,10000000260427,N,,,2025/07/28,
3000000019152,1,Caixa Postal,00:00:05,cli,10000000260499,N,,,2025/07/28,
3000000019153,1,Caixa Postal,00:00:04,cli,10000000260500,N,,,2025/07/28,
3000000019154,1,Sent To Voicemail,00:01:29,Cli,10000000260501,S,Sim,10.0,2025/07/28,Email5371
3000000019155,1,URA Pesquisa NPS,00:08:18,Cli,10000000260502,S,,,2025/07/28,Email19156
3000000019156,1,URA Pesquisa NPS,00:05:23,CLI,10000000260414,S,Sim,10.0,2025/07/28,Email364
3000000019157,1,URA Pesquisa NPS,00:01:09,CLI,10000000260503,S,,,2025/07/25,Email45
3000000019158,1,Caixa Postal,00:00:06,cli,10000000260504,N,,,2025/07/25,
3000000019159,1,Caixa Postal,00:00:04,cli,10000000260505,N,,,2025/07/25,
3000000019160,1,Caixa Postal,00:00:06,Cli ,10000000260506,N,,,2025/07/25,
3000000019161,1,Caixa Postal,00:00:03,Cli ,10000000260506,N,,,2025/07/25,
3000000019162,1,Informação,00:04:32,CLI,10000000260507,N,,,2025/07/25,
3000000019163,1,Informação,,,,N,,,2025/07/25,
3000000019164,1,Informação,,,,N,,,2025/07/25,
3000000019165,1,Informação,00:00:03,Cli ,,N,,,2025/07/25,
3000000019166,1,Informação,00:00:05,Cli ,,N,,,2025/07/25,
3000000019167,1,URA Pesquisa NPS,00:02:31,Cli,10000000260508,S,,,2025/07/25,Email1615
3000000019168,1,Informação,,Cli,10000000260509,N,,,2025/07/25,
3000000019169,1,Ocupado,,Cli,,N,,,2025/07/25,
3000000019170,1,Não Atende,,cli,10000000260505,N,,,2025/07/25,
3000000019171,1,Informação,00:00:07,Cliente ,,N,,,2025/07/25,
3000000019172,1,Informação,00:00:13,Cliente ,,N,,,2025/07/25,
3000000019173,1,Caixa Postal,,CLI,10000000260510,N,,,2025/07/25,
3000000019174,1,Informação,00:00:13,Cliente ,,N,,,2025/07/25,
3000000019175,1,Informação,00:03:52,Cliente ,,N,,,2025/07/25,
3000000019176,1,URA Pesquisa NPS,00:04:04,cli,10000000260511,S,Sim,1.0,2025/07/25,Email5556
3000000019177,1,Ligação Muda,,Cli,10000000260512,N,,,2025/07/25,
3000000019178,1,Ocupado,,Cli,,N,,,2025/07/25,
3000000019179,1,Chamada Não Atendida,00:00:05,Cli ,10000000260513,N,,,2025/07/25,
3000000019180,1,Chamada Não Atendida,00:00:05,Cli ,10000000260513,N,,,2025/07/25,
3000000019181,1,Caixa Postal,00:00:06,cli,10000000260514,N,,,2025/07/25,
3000000019182,1,Informação,00:00:06,,,N,,,2025/07/25,
3000000019183,1,URA Pesquisa NPS,00:02:16,Cli ,10000000260515,S,Sim,10.0,2025/07/25,Email48444
3000000019184,1,Chamada Não Atendida,,CLI,10000000260516,N,,,2025/07/25,
3000000019185,1,Chamada Não Atendida,,CLI,10000000260516,N,,,2025/07/25,
3000000019186,1,Caixa Postal,00:00:03,cli,10000000260514,N,,,2025/07/25,
3000000019187,1,URA Pesquisa NPS,00:02:03,Cli,10000000260517,S,Sim,9.0,2025/07/25,Email1615
3000000019188,1,Ocupado,,Cli,10000000260518,N,,,2025/07/25,
3000000019189,1,Ocupado,,Cli,10000000260518,N,,,2025/07/25,
3000000019190,1,URA Pesquisa NPS,00:01:43,Cli,10000000260519,S,Sim,9.0,2025/07/25,Email1615
3000000019191,1,Caixa Postal,00:00:09,Cli,10000000260520,N,,,2025/07/25,
3000000019192,1,Caixa Postal,00:00:06,Cli,10000000260521,N,,,2025/07/25,
3000000019193,1,Caixa Postal,00:00:03,Cli,10000000260521,N,,,2025/07/25,
3000000019194,1,Contato de Finalizacao do Protocolo,00:10:35,Cli,10000000260522,N,,,2025/07/25,
3000000019195,1,Caixa Postal,,CLI,10000000260523,N,,,2025/07/25,
3000000019196,1,Dados incorretos do cliente,,CLI,10000000260523,N,,,2025/07/25,
3000000019197,1,Dados incorretos do cliente,,CLI,10000000260523,N,,,2025/07/25,
3000000019198,1,Caixa Postal,,Cli,10000000260524,N,,,2025/07/25,
3000000019199,1,Caixa Postal,,Cli,10000000260524,N,,,2025/07/25,
3000000019200,1,Caixa Postal,00:00:05,CLI,10000000260525,N,,,2025/07/25,
3000000019201,1,Ocupado,,,,N,,,2025/07/25,
3000000019202,1,Informação,,cli,,N,,,2025/07/24,
3000000019203,1,Caixa Postal,00:00:06,Cli,10000000260526,N,,,2025/07/24,
3000000019204,1,Caixa Postal,00:00:07,Cli,,N,,,2025/07/24,
3000000019205,1,URA Pesquisa NPS,00:04:18,CLI,10000000260527,S,,,2025/07/24,Email45
3000000019206,1,URA Pesquisa NPS,00:01:07,CLI,10000000260528,S,,,2025/07/24,Email48438
3000000019207,1,URA Pesquisa NPS,00:01:40,Cli,10000000260529,S,,,2025/07/24,Email5556
3000000019208,1,URA Pesquisa NPS,00:01:54,Cli,10000000260530,S,Sim,10.0,2025/07/24,Email5371
3000000019209,1,Caixa Postal,00:00:00,CLI,10000000260531,N,,,2025/07/24,
3000000019210,1,Caixa Postal,00:00:09,Cli,10000000260532,N,,,2025/07/24,
3000000019211,1,Informação,00:00:32,Cli ,10000000260533,N,,,2025/07/24,
3000000019212,1,Caixa Postal,00:00:03,Cli,,N,,,2025/07/24,
3000000019213,1,Caixa Postal,00:00:11,Cli,10000000260534,N,,,2025/07/24,
3000000019214,1,Não Atende,00:00:05,CLI,10000000260535,N,,,2025/07/24,
3000000019215,1,Caixa Postal,00:00:05,CLI,10000000260536,N,,,2025/07/24,
3000000019216,1,Caixa Postal,,Cli,10000000260537,N,,,2025/07/24,
3000000019217,1,Caixa Postal,00:00:01,CLI,10000000260531,N,,,2025/07/24,
3000000019218,1,Caixa Postal,,Cli,10000000260537,N,,,2025/07/24,
3000000019219,1,Chamada Não Atendida,00:00:22,Cli,10000000260538,N,,,2025/07/24,
3000000019220,1,Caixa Postal,00:00:02,CLI,10000000260539,N,,,2025/07/24,
3000000019221,1,Caixa Postal,00:00:06,Cli,10000000260538,N,,,2025/07/24,
3000000019222,1,Não Atende,00:00:05,CLI,10000000260535,N,,,2025/07/24,
3000000019223,1,Caixa Postal,00:00:06,Cli,10000000260540,N,,,2025/07/24,
3000000019224,1,URA Pesquisa NPS,00:04:47,cli,10000000260541,S,Sim,,2025/07/24,Email48444
3000000019225,1,Caixa Postal,00:00:05,Cli,10000000260540,N,,,2025/07/24,
3000000019226,1,Caixa Postal,00:00:05,Cli,10000000260532,N,,,2025/07/24,
3000000019227,1,Caixa Postal,,Cli,10000000260483,N,,,2025/07/24,
3000000019228,1,Caixa Postal,00:00:06,Cli,10000000260483,N,,,2025/07/24,
3000000019229,1,Caixa Postal,00:00:01,Cli,10000000260540,N,,,2025/07/24,
3000000019230,1,Caixa Postal,00:00:07,cli,10000000260542,N,,,2025/07/24,
3000000019231,1,Caixa Postal,00:00:05,cli,10000000260542,N,,,2025/07/24,
3000000019232,1,Informação,,CLI,,N,,,2025/07/24,
3000000019233,1,Ocupado,,cli,10000000260543,N,,,2025/07/24,
3000000019234,1,Ligação Muda,,cli,10000000260543,N,,,2025/07/24,
3000000019235,1,URA Pesquisa NPS,00:01:21,CLI,10000000260544,S,,,2025/07/24,Email4194
3000000019236,1,Caixa Postal,,cli,10000000260543,N,,,2025/07/24,
3000000019237,1,Informação,00:16:21,CLI,10000000260536,N,,,2025/07/24,
3000000019238,1,Ocupado,,cli,10000000260543,N,,,2025/07/24,
3000000019239,1,Informação,,cli,10000000260545,N,,,2025/07/24,
3000000019240,1,Informação,,cli,,N,,,2025/07/24,
3000000019241,1,Informação,00:00:04,,,N,,,2025/07/24,
3000000019242,1,Informação,00:00:05,,,N,,,2025/07/24,
3000000019243,1,Caixa Postal,00:00:04,cli,10000000260546,N,,,2025/07/24,
3000000019244,1,Chamada Não Atendida,00:00:05,Cli ,10000000260547,N,,,2025/07/24,
3000000019245,1,Chamada Não Atendida,00:00:08,Cli ,10000000260547,N,,,2025/07/24,
3000000019246,1,Sent To Voicemail,00:01:51,CLI,10000000260548,S,Sim,10.0,2025/07/24,Email288
3000000019247,1,Informação,00:00:09,cli,,N,,,2025/07/24,
3000000019248,1,Caixa Postal,00:00:05,cli,10000000260549,N,,,2025/07/24,
3000000019249,1,Caixa Postal,00:00:03,cli,,N,,,2025/07/24,
3000000019250,1,Caixa Postal,00:00:04,cli,10000000260546,N,,,2025/07/24,
3000000019251,1,Informação,,Cli,,N,,,2025/07/24,
3000000019252,1,URA Pesquisa NPS,00:05:01,Cli,10000000260550,S,Sim,9.0,2025/07/24,Email5371
3000000019253,1,URA Pesquisa NPS,00:01:16,cli,10000000260551,S,Sim,9.0,2025/07/24,Email585
3000000019254,1,Informação,,,,N,,,2025/07/24,
3000000019255,1,URA Pesquisa NPS,00:02:08,Cliente,10000000260552,S,Sim,,2025/07/24,Email8754
3000000019256,1,Informação,,cli,10000000260553,N,,,2025/07/24,
3000000019257,1,Informação,,cli,,N,,,2025/07/24,
3000000019258,1,Informação,,cli,10000000260553,N,,,2025/07/24,
3000000019259,1,Ocupado,,cli,,N,,,2025/07/24,
3000000019260,1,Ocupado,,cli,,N,,,2025/07/24,
3000000019261,1,Cliente Desligou,00:00:26,CLI,10000000260525,N,,,2025/07/24,
3000000019262,1,Ligação Muda,00:01:10,Cli,10000000260554,N,,,2025/07/24,
3000000019263,1,Ocupado,,Cliente,10000000260555,N,,,2025/07/24,
3000000019264,1,Não Atende,,Cliente,10000000260555,N,,,2025/07/24,
3000000019265,1,Não Atende,,Cliente,10000000260555,N,,,2025/07/24,
3000000019266,1,URA Pesquisa NPS,00:05:17,Cli,10000000260554,S,,,2025/07/24,Email1615
3000000019267,1,URA Pesquisa NPS,00:01:02,Cliente,10000000260555,S,Sim,10.0,2025/07/24,Email8754
3000000019268,1,Contato de Finalizacao do Protocolo,00:05:13,,10000000260556,N,,,2025/07/24,
3000000019269,1,Informação,,,,N,,,2025/07/24,
3000000019270,1,Não Atende,00:03:07,CLI,10000000260557,N,,,2025/07/24,
3000000019271,1,Caixa Postal,,,,N,,,2025/07/24,
3000000019272,1,Caixa Postal,,,,N,,,2025/07/24,
3000000019273,1,Ocupado,,,,N,,,2025/07/24,
3000000019274,1,Ocupado,,,,N,,,2025/07/24,
3000000019275,1,Não Atende,,,,N,,,2025/07/24,
3000000019276,1,Informação,00:00:01,cli,,N,,,2025/07/24,
3000000019277,1,Não Atende,,,,N,,,2025/07/24,
3000000019278,1,URA Pesquisa NPS,00:04:05,CLI,10000000260558,S,Sim,10.0,2025/07/24,Email288
3000000019279,1,Ligação Muda,00:00:13,Cli,10000000260559,N,,,2025/07/24,
3000000019280,1,Ligação Muda,00:00:15,Cli,,N,,,2025/07/24,
3000000019281,1,Cliente Desligou,00:00:11,,,N,,,2025/07/24,
3000000019282,1,URA Pesquisa NPS,00:01:13,CLI,10000000260560,S,Sim,10.0,2025/07/24,Email288
3000000019283,1,Caixa Postal,,CLI,10000000260561,N,,,2025/07/24,
3000000019284,1,Informação,00:02:50,CLI,10000000260561,N,,,2025/07/24,
3000000019285,1,URA Pesquisa NPS,00:01:11,CLI,10000000260562,S,Sim,10.0,2025/07/24,Email288
3000000019286,1,Caixa Postal,00:00:05,,,N,,,2025/07/24,
3000000019287,1,Caixa Postal,00:00:04,cli,10000000260504,N,,,2025/07/24,
3000000019288,1,Chamada Não Atendida,00:00:07,Cli ,10000000260563,N,,,2025/07/24,
3000000019289,1,Caixa Postal,00:00:05,Cli ,10000000260563,N,,,2025/07/24,
3000000019290,1,Chamada Não Atendida,00:00:06,Cli ,10000000260563,N,,,2025/07/24,
3000000019291,1,URA Pesquisa NPS,00:02:45,cli,10000000260564,S,Sim,10.0,2025/07/23,Email19156
3000000019292,1,Caixa Postal,00:00:05,cli,10000000260565,N,,,2025/07/23,
3000000019293,1,Caixa Postal,00:00:06,cli,10000000260565,N,,,2025/07/23,
3000000019294,1,Informação,,cli,10000000260565,N,,,2025/07/23,
3000000019295,1,Caixa Postal,00:00:01,cli,10000000260566,N,,,2025/07/23,
3000000019296,1,Caixa Postal,00:00:00,cli,10000000260567,N,,,2025/07/23,
3000000019297,1,Informação,00:00:10,Cli,,N,,,2025/07/23,
3000000019298,1,Caixa Postal,00:00:04,Cli,10000000260568,N,,,2025/07/23,
3000000019299,1,Caixa Postal,00:00:03,Cli ,10000000260569,N,,,2025/07/23,
3000000019300,1,Caixa Postal,,Cli ,10000000260569,N,,,2025/07/23,
3000000019301,1,Caixa Postal,,Cli ,10000000260569,N,,,2025/07/23,
3000000019302,1,Informação,,,,N,,,2025/07/23,
3000000019303,1,Informação,,,,N,,,2025/07/23,
3000000019304,1,Informação,,,,N,,,2025/07/23,
3000000019305,1,Informação,,,,N,,,2025/07/23,
3000000019306,1,Informação,,,,N,,,2025/07/23,
3000000019307,1,Informação,,,,N,,,2025/07/23,
3000000019308,1,Informação,00:00:01,,,N,,,2025/07/23,
3000000019309,1,URA Pesquisa NPS,00:01:55,Cli ,10000000260570,S,Sim,9.0,2025/07/23,Email48444
3000000019310,1,Informação,,Cli,,N,,,2025/07/23,
3000000019311,1,Informação,00:00:03,,,N,,,2025/07/23,
3000000019312,1,Informação,,Cli,,N,,,2025/07/23,
3000000019313,1,Informação,,cli,10000000260537,N,,,2025/07/23,
3000000019314,1,Caixa Postal,,Cli,10000000260571,N,,,2025/07/23,
3000000019315,1,Ocupado,,Cli,,N,,,2025/07/23,
3000000019316,1,Caixa Postal,,,,N,,,2025/07/23,
3000000019317,1,Caixa Postal,,,,N,,,2025/07/23,
3000000019318,1,URA Pesquisa NPS,00:02:08,Cli,10000000260571,S,Sim,10.0,2025/07/23,Email19156
3000000019319,1,Caixa Postal,00:00:08,cli,10000000260572,N,,,2025/07/23,
3000000019320,1,Caixa Postal,00:00:16,cli,10000000260572,N,,,2025/07/23,
3000000019321,1,Caixa Postal,00:00:20,Cli,10000000260573,N,,,2025/07/23,
3000000019322,1,Caixa Postal,00:00:01,cli,10000000260574,N,,,2025/07/23,
3000000019323,1,Caixa Postal,00:00:15,Cli,10000000260573,N,,,2025/07/23,
3000000019324,1,Caixa Postal,00:00:01,cli,10000000260575,N,,,2025/07/23,
3000000019325,1,Caixa Postal,00:00:04,cli,10000000260575,N,,,2025/07/23,
3000000019326,1,Caixa Postal,,cli,10000000260575,N,,,2025/07/23,
3000000019327,1,URA Pesquisa NPS,00:03:34,Cli,10000000260576,S,Sim,10.0,2025/07/23,Email19156
3000000019328,1,Informação,,CLI ,,N,,,2025/07/23,
3000000019329,1,URA Pesquisa NPS,00:01:09,Cli,10000000260508,S,,,2025/07/23,Email5556
3000000019330,1,Não Atende,,cli,10000000260577,N,,,2025/07/23,
3000000019331,1,Ocupado,,cli,10000000260577,N,,,2025/07/23,
3000000019332,1,Informação,,,,N,,,2025/07/23,
3000000019333,1,Informação,,,,N,,,2025/07/23,
3000000019334,1,Informação,00:00:03,,,N,,,2025/07/23,
3000000019335,1,Caixa Postal,00:00:05,CLI,10000000260578,N,,,2025/07/23,
3000000019336,1,Caixa Postal,00:00:05,Cliente,10000000260487,N,,,2025/07/23,
3000000019337,1,Caixa Postal,00:00:28,,,N,,,2025/07/23,
3000000019338,1,Informação,00:00:09,cli,10000000260579,N,,,2025/07/23,
3000000019339,1,Informação,,,,N,,,2025/07/23,
3000000019340,1,Cliente Desligou,00:00:05,,,N,,,2025/07/23,
3000000019341,1,Caixa Postal,,,,N,,,2025/07/23,
3000000019342,1,Ocupado,,,,N,,,2025/07/23,
3000000019343,1,Ocupado,,,,N,,,2025/07/23,
3000000019344,1,Ocupado,00:02:34,CLI,10000000260578,N,,,2025/07/23,
3000000019345,1,Ocupado,,cli,,N,,,2025/07/23,
3000000019346,1,Caixa Postal,00:00:37,Cli,10000000260580,N,,,2025/07/23,
3000000019347,1,Caixa Postal,00:00:04,cli,10000000260581,N,,,2025/07/23,
3000000019348,1,Caixa Postal,00:00:10,Cli,,N,,,2025/07/23,
3000000019349,1,Caixa Postal,00:00:03,cli,,N,,,2025/07/23,
3000000019350,1,Caixa Postal,00:00:04,Cli,,N,,,2025/07/23,
3000000019351,1,Caixa Postal,00:00:03,cli,10000000260581,N,,,2025/07/23,
3000000019352,1,Caixa Postal,,Cli,10000000260582,N,,,2025/07/23,
3000000019353,1,Caixa Postal,00:00:11,,,N,,,2025/07/23,
3000000019354,1,Caixa Postal,00:00:17,,,N,,,2025/07/23,
3000000019355,1,Cliente Desligou,00:00:08,,,N,,,2025/07/23,
3000000019356,1,Cliente Desligou,00:00:05,,,N,,,2025/07/23,
3000000019357,1,Caixa Postal,,CLI,10000000260583,N,,,2025/07/23,
3000000019358,1,Caixa Postal,00:00:01,cli,10000000260584,N,,,2025/07/23,
3000000019359,1,Caixa Postal,00:00:15,cliq,,N,,,2025/07/23,
3000000019360,1,Caixa Postal,00:00:10,cliq,,N,,,2025/07/23,
3000000019361,1,Caixa Postal,00:00:07,Cli,,N,,,2025/07/23,
3000000019362,1,Caixa Postal,00:00:28,Cli,,N,,,2025/07/23,
3000000019363,1,Caixa Postal,00:00:11,Cli,,N,,,2025/07/23,
3000000019364,1,URA Pesquisa NPS,00:02:04,Cli,10000000260585,S,Sim,10.0,2025/07/23,Email19156
3000000019365,1,Caixa Postal,,Cli,,N,,,2025/07/23,
3000000019366,1,Informação,00:01:48,,,N,,,2025/07/23,
3000000019367,1,Informação,00:02:15,Cli,10000000259782,N,,,2025/07/23,
3000000019368,1,Informação,00:00:09,Cli,,N,,,2025/07/23,
3000000019369,1,URA Pesquisa NPS,00:02:01,cli,10000000260586,S,Sim,10.0,2025/07/23,Email5556
3000000019370,1,Informação,,,,N,,,2025/07/23,
3000000019371,1,Informação,00:00:57,cli,10000000260587,N,,,2025/07/23,
3000000019372,1,Caixa Postal,,Cli,,N,,,2025/07/23,
3000000019373,1,Caixa Postal,00:00:08,Cli,,N,,,2025/07/23,
3000000019374,1,Caixa Postal,00:00:03,Cli,,N,,,2025/07/23,
3000000019375,1,Informação,,Cli,,N,,,2025/07/23,
3000000019376,1,Caixa Postal,,cli,10000000260584,N,,,2025/07/23,
3000000019377,1,Contato de Finalizacao do Protocolo,00:02:49,cli,10000000260588,N,,,2025/07/23,
3000000019378,1,Caixa Postal,00:00:27,cli,,N,,,2025/07/23,
3000000019379,1,Caixa Postal,00:00:32,cli,10000000260589,N,,,2025/07/23,
3000000019380,1,URA Pesquisa NPS,00:09:14,cli,10000000260589,S,Sim,9.0,2025/07/23,Email48445
3000000019381,1,Informação,,,,N,,,2025/07/23,
3000000019382,1,Contato de Finalizacao do Protocolo,00:07:53,Cli,10000000260590,N,,,2025/07/23,
3000000019383,1,Informação,,,,N,,,2025/07/23,
3000000019384,1,Abandon,00:00:40,cli,10000000260591,S,,,2025/07/23,Email5556
3000000019385,1,Ocupado,,,,N,,,2025/07/23,
3000000019386,1,URA Pesquisa NPS,00:01:28,cli,10000000260592,S,,,2025/07/23,Email5556
3000000019387,1,URA Pesquisa NPS,00:01:43,CLI,10000000260593,S,Sim,9.0,2025/07/23,Email364
3000000019388,1,Caixa Postal,00:00:07,Cli,10000000260594,N,,,2025/07/23,
3000000019389,1,URA Pesquisa NPS,00:02:12,Cli,10000000260594,S,,,2025/07/23,Email639
3000000019390,1,Informação,00:00:04,CLI,10000000260595,N,,,2025/07/23,
3000000019391,1,Informação,,CLI,,N,,,2025/07/23,
3000000019392,1,Não Atende,,CLI,10000000260596,N,,,2025/07/22,
3000000019393,1,Caixa Postal,,Cli,,N,,,2025/07/22,
3000000019394,1,Caixa Postal,00:00:07,cli,10000000260597,N,,,2025/07/22,
3000000019395,1,Ocupado,,,,N,,,2025/07/22,
3000000019396,1,Ocupado,,,,N,,,2025/07/22,
3000000019397,1,Caixa Postal,00:00:04,cli,10000000260598,N,,,2025/07/22,
3000000019398,1,Chamada Não Atendida,,CLI,10000000260599,N,,,2025/07/22,
3000000019399,1,Caixa Postal,00:00:07,Cli,10000000260600,N,,,2025/07/22,
3000000019400,1,Caixa Postal,,cli,10000000260601,N,,,2025/07/22,
3000000019401,1,Caixa Postal,,Cli ,,N,,,2025/07/22,
3000000019402,1,Caixa Postal,,Cli ,,N,,,2025/07/22,
3000000019403,1,Caixa Postal,00:00:03,cli,,N,,,2025/07/22,
3000000019404,1,Caixa Postal,,cli,,N,,,2025/07/22,
3000000019405,1,URA Pesquisa NPS,00:03:05,cli,10000000260449,S,Sim,10.0,2025/07/22,Email585
3000000019406,1,Chamada Não Atendida,,CLI,10000000260602,N,,,2025/07/22,
3000000019407,1,URA Pesquisa NPS,00:00:40,CLI,10000000260603,S,Sim,10.0,2025/07/22,Email296
3000000019408,1,Caixa Postal,00:00:09,cli,,N,,,2025/07/22,
3000000019409,1,Informação,,cli,,N,,,2025/07/22,
3000000019410,1,Informação,00:00:11,cli,10000000260604,N,,,2025/07/22,
3000000019411,1,Informação,00:00:11,cli,10000000260604,N,,,2025/07/22,
3000000019412,1,Caixa Postal,,cli,,N,,,2025/07/22,
3000000019413,1,Chamada Não Atendida,00:00:06,CLI,10000000260605,N,,,2025/07/22,
3000000019414,1,Informação,,cli,10000000260604,N,,,2025/07/22,
3000000019415,1,Informação,,cli,,N,,,2025/07/22,
3000000019416,1,Informação,,cli,,N,,,2025/07/22,
3000000019417,1,Informação,,,,N,,,2025/07/22,
3000000019418,1,Informação,00:00:05,cli,10000000260604,N,,,2025/07/22,
3000000019419,1,Chamada Não Atendida,,Cli ,10000000260606,N,,,2025/07/22,
3000000019420,1,Caixa Postal,,cli,10000000260601,N,,,2025/07/22,
3000000019421,1,Informação,00:03:10,Cli ,10000000260606,N,,,2025/07/22,
3000000019422,1,Caixa Postal,,cli,,N,,,2025/07/22,
3000000019423,1,Caixa Postal,00:00:19,Cli,10000000260607,N,,,2025/07/22,
3000000019424,1,Caixa Postal,00:00:17,Cli,10000000260607,N,,,2025/07/22,
3000000019425,1,Informação,00:00:38,cli,10000000260608,N,,,2025/07/22,
3000000019426,1,URA Pesquisa NPS,00:04:19,cli,10000000260608,S,Sim,1.0,2025/07/22,Email48438
3000000019427,1,Informação,,,,N,,,2025/07/22,
3000000019428,1,Informação,,,,N,,,2025/07/22,
3000000019429,1,Caixa Postal,00:00:06,cli,10000000260609,N,,,2025/07/22,
3000000019430,1,Informação,,cli,,N,,,2025/07/22,
3000000019431,1,Informação,00:00:08,cli,,N,,,2025/07/22,
3000000019432,1,Informação,,cli,,N,,,2025/07/22,
3000000019433,1,Informação,,cli,,N,,,2025/07/22,
3000000019434,1,Informação,,cli,,N,,,2025/07/22,
3000000019435,1,URA Pesquisa NPS,00:04:35,cli,10000000260610,S,Sim,10.0,2025/07/22,Email11179
3000000019436,1,Informação,,Cli,,N,,,2025/07/22,
3000000019437,1,URA Pesquisa NPS,00:04:57,cli,10000000260611,S,Sim,10.0,2025/07/22,Email48438
3000000019438,1,Cliente Desligou,00:00:13,cli,10000000260612,N,,,2025/07/22,
3000000019439,1,Cliente Desligou,00:00:00,cli,10000000260612,N,,,2025/07/22,
3000000019440,1,Chamada Não Atendida,,Cli ,10000000260613,N,,,2025/07/22,
3000000019441,1,Caixa Postal,00:00:07,cli,10000000260614,N,,,2025/07/22,
3000000019442,1,Chamada Não Atendida,,Cli ,10000000260613,N,,,2025/07/22,
3000000019443,1,Caixa Postal,00:00:02,cli,10000000260614,N,,,2025/07/22,
3000000019444,1,Ligação Muda,,CLI,10000000260615,N,,,2025/07/22,
3000000019445,1,URA Pesquisa NPS,00:08:58,CLI,10000000260615,S,Sim,10.0,2025/07/22,Email4194
3000000019446,1,URA Pesquisa NPS,00:00:46,Cli,10000000260616,S,Sim,,2025/07/22,Email585
3000000019447,1,Caixa Postal,,,,N,,,2025/07/22,
3000000019448,1,URA Pesquisa NPS,00:01:18,,,S,Sim,10.0,2025/07/22,Email19156
3000000019449,1,URA Pesquisa NPS,00:01:20,CLI,10000000260617,S,Sim,10.0,2025/07/22,Email296
3000000019450,1,Chamada Não Atendida,00:00:06,CLI,10000000260618,N,,,2025/07/22,
3000000019451,1,URA Pesquisa NPS,00:00:43,cli,10000000260619,S,Sim,10.0,2025/07/22,Email585
3000000019452,1,Ligação Muda,00:00:24,CLI,10000000260620,N,,,2025/07/22,
3000000019453,1,Caixa Postal,00:00:04,Cli,,N,,,2025/07/22,
3000000019454,1,Caixa Postal,,Cli,,N,,,2025/07/22,
3000000019455,1,Caixa Postal,00:00:03,Cli,,N,,,2025/07/22,
3000000019456,1,Contato de Finalizacao do Protocolo,00:03:11,Cli,10000000260621,N,,,2025/07/22,
3000000019457,1,Caixa Postal,00:00:00,cli,10000000260622,N,,,2025/07/22,
3000000019458,1,Caixa Postal,00:00:04,Cli,10000000260623,N,,,2025/07/22,
3000000019459,1,Caixa Postal,00:00:03,cli,,N,,,2025/07/22,
3000000019460,1,Caixa Postal,00:00:00,cli,10000000260543,N,,,2025/07/22,
3000000019461,1,URA Pesquisa NPS,00:01:08,Cli,10000000260624,S,,,2025/07/22,Email48438
3000000019462,1,Caixa Postal,00:00:04,,,N,,,2025/07/22,
3000000019463,1,Caixa Postal,00:00:02,,,N,,,2025/07/22,
3000000019464,1,Cliente Desligou,00:00:33,Cli,10000000260625,N,,,2025/07/22,
3000000019465,1,URA Pesquisa NPS,00:01:06,Cli,10000000260625,S,Sim,,2025/07/22,Email585
3000000019466,1,URA Pesquisa NPS,00:03:16,cli,10000000260626,S,Sim,9.0,2025/07/22,Email48438
3000000019467,1,Caixa Postal,00:00:03,,,N,,,2025/07/22,
3000000019468,1,Caixa Postal,00:00:03,,,N,,,2025/07/22,
3000000019469,1,URA Pesquisa NPS,00:01:39,Cli,10000000260623,S,Sim,10.0,2025/07/22,Email11179
3000000019470,1,Chamada Não Atendida,00:00:06,Cli ,10000000260627,N,,,2025/07/22,
3000000019471,1,Informação,,cli,,N,,,2025/07/22,
3000000019472,1,Chamada Não Atendida,00:00:04,Cli ,10000000260627,N,,,2025/07/22,
3000000019473,1,Informação,,cli,,N,,,2025/07/22,
3000000019474,1,Caixa Postal,00:00:04,Cli,10000000260628,N,,,2025/07/22,
3000000019475,1,Caixa Postal,00:00:03,Cli,10000000260628,N,,,2025/07/22,
3000000019476,1,Informação,00:01:43,Cli,10000000260629,N,,,2025/07/22,
3000000019477,1,Informação,00:02:38,CLI,10000000258169,N,,,2025/07/22,
3000000019478,1,Informação,,,,N,,,2025/07/22,
3000000019479,1,Não Atende,,Cli,10000000260630,N,,,2025/07/22,
3000000019480,1,Caixa Postal,00:00:04,,,N,,,2025/07/22,
3000000019481,1,Caixa Postal,00:00:06,,,N,,,2025/07/22,
3000000019482,1,Caixa Postal,00:00:04,CLI,10000000260631,N,,,2025/07/22,
3000000019483,1,Caixa Postal,00:00:03,Cli,10000000260630,N,,,2025/07/22,
3000000019484,1,Informação,00:00:32,CLI,10000000260632,N,,,2025/07/22,
3000000019485,1,Caixa Postal,00:00:16,Cli,10000000260518,N,,,2025/07/22,
3000000019486,1,Caixa Postal,00:00:01,CLI,10000000260633,N,,,2025/07/22,
3000000019487,1,Caixa Postal,,CLI,10000000260633,N,,,2025/07/22,
3000000019488,1,Caixa Postal,00:00:03,,,N,,,2025/07/22,
3000000019489,1,Informação,00:05:04,Cli ,10000000260634,N,,,2025/07/22,
3000000019490,1,Caixa Postal,00:00:04,,,N,,,2025/07/22,
3000000019491,1,Caixa Postal,00:00:04,,,N,,,2025/07/22,
3000000019492,1,Caixa Postal,00:00:03,,,N,,,2025/07/22,
3000000019493,1,URA Pesquisa NPS,00:01:22,CLI,10000000260635,S,Sim,9.0,2025/07/22,Email296
3000000019494,1,URA Pesquisa NPS,00:02:13,CLI,10000000260636,S,,,2025/07/22,Email288
3000000019495,1,Caixa Postal,00:00:02,,,N,,,2025/07/22,
3000000019496,1,Caixa Postal,,,,N,,,2025/07/22,
3000000019497,1,Caixa Postal,,Cli,10000000260637,N,,,2025/07/22,
3000000019498,1,URA Pesquisa NPS,00:00:37,Cli,10000000260637,S,Sim,1.0,2025/07/22,Email639
3000000019499,1,Caixa Postal,00:00:12,CLI,,N,,,2025/07/22,
3000000019500,1,Caixa Postal,00:00:03,cli,10000000260567,N,,,2025/07/22,
3000000019501,1,Caixa Postal,00:00:03,cli,10000000260638,N,,,2025/07/22,
3000000019502,1,Informação,,Cli ,,N,,,2025/07/22,
3000000019503,1,Caixa Postal,,,,N,,,2025/07/22,
3000000019504,1,Caixa Postal,,,,N,,,2025/07/22,
3000000019505,1,Caixa Postal,,,,N,,,2025/07/22,
3000000019506,1,Caixa Postal,,,,N,,,2025/07/22,
3000000019507,1,Caixa Postal,00:00:06,cli,10000000260639,N,,,2025/07/22,
3000000019508,1,Caixa Postal,00:00:02,cli,10000000260639,N,,,2025/07/22,
3000000019509,1,Caixa Postal,00:00:04,CLI,10000000260640,N,,,2025/07/22,
3000000019510,1,Cliente Desligou,00:00:06,CLI ,,N,,,2025/07/21,
3000000019511,1,Cliente Desligou,00:00:10,CLI ,,N,,,2025/07/21,
3000000019512,1,Abandon,00:05:39,Cli ,10000000260641,S,,,2025/07/21,Email48444
3000000019513,1,Caixa Postal,00:00:04,CLI,10000000260642,N,,,2025/07/21,
3000000019514,1,Cliente Desligou,,CLI,10000000260642,N,,,2025/07/21,
3000000019515,1,URA Pesquisa NPS,00:01:02,CLI,10000000260642,S,Sim,10.0,2025/07/21,Email45
3000000019516,1,Caixa Postal,,CLI,10000000260643,N,,,2025/07/21,
3000000019517,1,Informação,00:01:27,Cli ,10000000260644,N,,,2025/07/21,
3000000019518,1,Informação,00:00:03,,,N,,,2025/07/21,
3000000019519,1,Informação,00:00:34,CLI ,,N,,,2025/07/21,
3000000019520,1,Ligação Muda,00:00:51,CLI,10000000260645,N,,,2025/07/21,
3000000019521,1,URA Pesquisa NPS,00:01:41,CLI,10000000260645,S,Sim,9.0,2025/07/21,Email45
3000000019522,1,Informação,00:00:05,,,N,,,2025/07/21,
3000000019523,1,URA Pesquisa NPS,00:02:05,CLI,10000000260646,S,Sim,10.0,2025/07/21,Email11179
3000000019524,1,Caixa Postal,00:00:04,CLI,,N,,,2025/07/21,
3000000019525,1,Caixa Postal,00:00:05,CLI,,N,,,2025/07/21,
3000000019526,1,Caixa Postal,00:00:04,,,N,,,2025/07/21,
3000000019527,1,Caixa Postal,00:00:04,,,N,,,2025/07/21,
3000000019528,1,Caixa Postal,00:00:06,Cli,10000000260647,N,,,2025/07/21,
3000000019529,1,URA Pesquisa NPS,00:04:46,Cli,10000000260647,S,Sim,10.0,2025/07/21,Email639
3000000019530,1,Contato de Finalizacao do Protocolo,00:00:22,cli,10000000260648,N,,,2025/07/21,
3000000019531,1,Chamada Não Atendida,00:00:15,CLI,10000000260649,N,,,2025/07/21,
3000000019532,1,Ocupado,,3808336,10000000260650,N,,,2025/07/21,
3000000019533,1,Ocupado,,3808336,10000000260650,N,,,2025/07/21,
3000000019534,1,Ocupado,,3808336,10000000260650,N,,,2025/07/21,
3000000019535,1,Informação,00:01:40,Cli,,N,,,2025/07/21,
3000000019536,1,URA Pesquisa NPS,00:22:18,Cli,10000000260651,S,Sim,10.0,2025/07/21,Email5371
3000000019537,1,Informação,00:00:12,,,N,,,2025/07/21,
3000000019538,1,Informação,00:00:11,,,N,,,2025/07/21,
3000000019539,1,Informação,00:00:39,,,N,,,2025/07/21,
3000000019540,1,Caixa Postal,00:00:05,CLI,10000000260652,N,,,2025/07/21,
3000000019541,1,Ocupado,,Cli,10000000260653,N,,,2025/07/21,
3000000019542,1,URA Pesquisa NPS,00:00:52,CLI,10000000260654,S,Sim,9.0,2025/07/21,Email296
3000000019543,1,Chamada Não Atendida,,cli,10000000260655,N,,,2025/07/21,
3000000019544,1,URA Pesquisa NPS,00:05:44,cli,10000000260656,S,Sim,10.0,2025/07/21,Email5556
3000000019545,1,URA Pesquisa NPS,00:01:31,cli,10000000260657,S,Sim,10.0,2025/07/21,Email48445
3000000019546,1,Protocolo Permanecera em Andamento,00:15:40,Cli,10000000260532,N,,,2025/07/21,
3000000019547,1,URA Pesquisa NPS,00:01:23,Cli,10000000260529,S,,,2025/07/21,Email639
3000000019548,1,URA Pesquisa NPS,00:03:11,cli,10000000260648,S,Sim,10.0,2025/07/21,Email5371
3000000019549,1,Informação,,,,N,,,2025/07/21,
3000000019550,1,Informação,,,,N,,,2025/07/21,
3000000019551,1,Cliente Desligou,00:00:35,CLI,10000000260640,N,,,2025/07/21,
3000000019552,1,URA Pesquisa NPS,00:05:24,CLI,10000000260640,S,Sim,10.0,2025/07/21,Email11179
3000000019553,1,URA Pesquisa NPS,00:01:21,cli,10000000260658,S,Sim,10.0,2025/07/21,Email5556
3000000019554,1,Contato de Finalizacao do Protocolo,00:02:05,,,N,,,2025/07/21,
3000000019555,1,Caixa Postal,00:00:08,cli,,N,,,2025/07/21,
3000000019556,1,Caixa Postal,00:00:04,cli,,N,,,2025/07/21,
3000000019557,1,Informação,00:00:25,cli,10000000260659,N,,,2025/07/21,
3000000019558,1,URA Pesquisa NPS,00:02:01,cli,10000000260659,S,Sim,,2025/07/21,Email48438
3000000019559,1,Responsavel ausente,00:00:47,cli,10000000260660,N,,,2025/07/21,
3000000019560,1,Caixa Postal,,,,N,,,2025/07/21,
3000000019561,1,Cliente Desligou,00:00:08,Cli,,N,,,2025/07/21,
3000000019562,1,URA Pesquisa NPS,00:00:38,Cli,10000000260661,S,Sim,,2025/07/21,Email585
3000000019563,1,Caixa Postal,00:00:07,,10000000260662,N,,,2025/07/21,
3000000019564,1,URA Pesquisa NPS,00:06:25,,,S,Sim,10.0,2025/07/21,Email19156
3000000019565,1,Chamada Não Atendida,00:00:05,CLI,10000000260663,N,,,2025/07/21,
3000000019566,1,Chamada Não Atendida,00:00:07,CLI,10000000260663,N,,,2025/07/21,
3000000019567,1,Informação,00:00:12,Cli,,N,,,2025/07/21,
3000000019568,1,URA Pesquisa NPS,00:01:04,Cli,10000000260664,S,Sim,10.0,2025/07/21,Email5371
3000000019569,1,URA Pesquisa NPS,00:04:36,CLI,10000000260665,S,Sim,10.0,2025/07/21,Email19156
3000000019570,1,Chamada Não Atendida,,CLI,10000000260666,N,,,2025/07/21,
3000000019571,1,Informação,00:00:16,cliq,10000000260667,N,,,2025/07/21,
3000000019572,1,Informação,,cliq,,N,,,2025/07/21,
3000000019573,1,URA Pesquisa NPS,00:02:29,Cli ,10000000260668,S,Sim,10.0,2025/07/21,Email48444
3000000019574,1,Informação,00:00:09,cli,10000000260669,N,,,2025/07/21,
3000000019575,1,Informação,00:00:10,cli,10000000260669,N,,,2025/07/21,
3000000019576,1,Informação,,cli,10000000260669,N,,,2025/07/21,
3000000019577,1,Informação,00:04:25,Cli ,10000000260670,N,,,2025/07/21,
3000000019578,1,URA Pesquisa NPS,00:04:06,Cli,10000000260671,S,,,2025/07/21,Email639
3000000019579,1,Informação,00:00:10,cli,,N,,,2025/07/21,
3000000019580,1,Caixa Postal,,Cli ,10000000260672,N,,,2025/07/21,
3000000019581,1,URA Pesquisa NPS,00:00:34,cli,10000000260673,S,,,2025/07/21,Email5556
3000000019582,1,Caixa Postal,,Cli ,10000000260672,N,,,2025/07/21,
3000000019583,1,Caixa Postal,00:00:05,cli,10000000260674,N,,,2025/07/21,
3000000019584,1,Caixa Postal,,Cli ,10000000260675,N,,,2025/07/21,
3000000019585,1,Informação,00:10:48,cli,,N,,,2025/07/21,
3000000019586,1,Caixa Postal,00:00:08,cli,10000000260597,N,,,2025/07/21,
3000000019587,1,Não Atende,,CLI,10000000260676,N,,,2025/07/18,
3000000019588,1,Não Atende,00:00:13,CLI,10000000260677,N,,,2025/07/18,
3000000019589,1,Não Atende,00:00:09,CLI,10000000260676,N,,,2025/07/18,
3000000019590,1,Caixa Postal,00:00:07,cli,10000000260678,N,,,2025/07/18,
3000000019591,1,Caixa Postal,00:00:19,,,N,,,2025/07/18,
3000000019592,1,Dados incorretos do cliente,,Cli,10000000260679,N,,,2025/07/18,
3000000019593,1,Cliente Desligou,00:00:04,,,N,,,2025/07/18,
3000000019594,1,URA Pesquisa NPS,00:02:03,,,S,,,2025/07/18,Email19156
3000000019595,1,URA Pesquisa NPS,00:02:52,Cli,10000000260680,S,,,2025/07/18,Email11179
3000000019596,1,Caixa Postal,,Cli,10000000260681,N,,,2025/07/18,
3000000019597,1,Caixa Postal,00:00:06,Cli,10000000260681,N,,,2025/07/18,
3000000019598,1,URA Pesquisa NPS,00:02:58,Cli,10000000260681,S,Sim,10.0,2025/07/18,Email48438
3000000019599,1,Não Atende,,CLI,10000000260682,N,,,2025/07/18,
3000000019600,1,Caixa Postal,00:00:01,Cli,10000000260683,N,,,2025/07/18,
3000000019601,1,URA Pesquisa NPS,00:04:48,,,S,Sim,10.0,2025/07/18,Email19156
3000000019602,1,Não Atende,,CLI,10000000260682,N,,,2025/07/18,
3000000019603,1,Ligação Muda,,Cli,10000000260145,N,,,2025/07/18,
3000000019604,1,URA Pesquisa NPS,00:01:01,Cli,10000000260145,S,Sim,,2025/07/18,Email1615
3000000019605,1,Caixa Postal,00:00:19,Cli,10000000260145,N,,,2025/07/18,
3000000019606,1,URA Pesquisa NPS,00:00:55,Cli,10000000260145,S,Sim,10.0,2025/07/18,Email1615
3000000019607,1,Ocupado,,,,N,,,2025/07/18,
3000000019608,1,Ocupado,,CLI,10000000260684,N,,,2025/07/18,
3000000019609,1,Protocolo Permanecera em Andamento,00:08:05,Cli,10000000260685,N,,,2025/07/18,
3000000019610,1,Contato de Finalizacao do Protocolo,,cli,,N,,,2025/07/18,
3000000019611,1,Caixa Postal,,CLI,10000000260686,N,,,2025/07/18,
3000000019612,1,URA Pesquisa NPS,00:01:35,CLI,10000000260686,S,Sim,9.0,2025/07/18,Email45
3000000019613,1,URA Pesquisa NPS,00:01:29,CLI,10000000260687,S,Sim,10.0,2025/07/18,Email296
3000000019614,1,Caixa Postal,,cli,,N,,,2025/07/18,
3000000019615,1,Caixa Postal,,cli,,N,,,2025/07/18,
3000000019616,1,Caixa Postal,,cli,10000000260688,N,,,2025/07/18,
3000000019617,1,Ocupado,,CLI,10000000260684,N,,,2025/07/18,
3000000019618,1,URA Pesquisa NPS,00:02:21,cli,10000000260688,S,Sim,10.0,2025/07/18,Email48439
3000000019619,1,URA Pesquisa NPS,00:04:17,CLI,10000000260689,S,,,2025/07/18,Email288
3000000019620,1,Informação,,CLI,10000000260690,N,,,2025/07/18,
3000000019621,1,Caixa Postal,00:00:07,CLI,10000000260690,N,,,2025/07/18,
3000000019622,1,Chamada Não Atendida,00:00:03,CLI ,10000000260691,N,,,2025/07/18,
3000000019623,1,Chamada Não Atendida,00:00:02,CLI ,10000000260691,N,,,2025/07/18,
3000000019624,1,URA Pesquisa NPS,00:03:33,cli,10000000260692,S,Sim,10.0,2025/07/18,Email11179
3000000019625,1,Chamada Não Atendida,,CLI ,10000000260691,N,,,2025/07/18,
3000000019626,1,Chamada Não Atendida,,CLI,10000000258169,N,,,2025/07/18,
3000000019627,1,Chamada Não Atendida,00:00:04,CLI ,10000000260691,N,,,2025/07/18,
3000000019628,1,Caixa Postal,00:00:10,Cli,10000000260693,N,,,2025/07/18,
3000000019629,1,Caixa Postal,00:00:15,Cli,10000000260694,N,,,2025/07/18,
3000000019630,1,Caixa Postal,00:00:17,Cli,10000000260695,N,,,2025/07/18,
3000000019631,1,Caixa Postal,00:00:09,CLI,10000000260690,N,,,2025/07/18,
3000000019632,1,Caixa Postal,00:00:09,CLI,10000000260690,N,,,2025/07/18,
3000000019633,1,URA Pesquisa NPS,00:03:28,Cli,10000000260624,S,Sim,10.0,2025/07/18,Email1615
3000000019634,1,Ligação Muda,,Cli,10000000260694,N,,,2025/07/18,
3000000019635,1,Caixa Postal,00:00:04,Cli,10000000260694,N,,,2025/07/18,
3000000019636,1,Caixa Postal,00:00:05,cli,10000000260696,N,,,2025/07/18,
3000000019637,1,Caixa Postal,00:00:03,cli,10000000260696,N,,,2025/07/18,
3000000019638,1,Informação,00:01:28,cli,10000000260696,N,,,2025/07/18,
3000000019639,1,Caixa Postal,00:00:02,,,N,,,2025/07/18,
3000000019640,1,Caixa Postal,00:00:08,,,N,,,2025/07/18,
3000000019641,1,Caixa Postal,00:00:03,CLI,10000000260690,N,,,2025/07/18,
3000000019642,1,Caixa Postal,00:00:05,Cli,10000000260697,N,,,2025/07/18,
3000000019643,1,Caixa Postal,00:00:09,Cli,,N,,,2025/07/18,
3000000019644,1,Informação,00:00:09,,,N,,,2025/07/18,
3000000019645,1,Informação,,Cli,10000000260698,N,,,2025/07/18,
3000000019646,1,Informação,00:00:05,Cli,,N,,,2025/07/18,
3000000019647,1,URA Pesquisa NPS,00:01:52,CLI,10000000260699,S,Sim,10.0,2025/07/18,Email296
3000000019648,1,URA Pesquisa NPS,00:01:25,Cli ,10000000260700,S,Sim,8.0,2025/07/18,Email296
3000000019649,1,Caixa Postal,,Cli ,,N,,,2025/07/18,
3000000019650,1,Caixa Postal,,Cli ,10000000260701,N,,,2025/07/18,
3000000019651,1,Caixa Postal,,Cli ,,N,,,2025/07/18,
3000000019652,1,Caixa Postal,,Cli ,10000000260701,N,,,2025/07/18,
3000000019653,1,Agent Error,00:09:21,,,N,,,2025/07/18,
3000000019654,1,Informação,00:00:01,,,N,,,2025/07/18,
3000000019655,1,Chamada Não Atendida,00:00:04,CLI ,10000000260702,N,,,2025/07/18,
3000000019656,1,URA Pesquisa NPS,00:17:01,Cli,10000000260698,S,Sim,10.0,2025/07/18,Email5371
3000000019657,1,Caixa Postal,00:00:15,cli,10000000260703,N,,,2025/07/18,
3000000019658,1,Caixa Postal,00:00:06,cli,10000000260703,N,,,2025/07/18,
3000000019659,1,Caixa Postal,,Cli,10000000260704,N,,,2025/07/18,
3000000019660,1,Chamada Não Atendida,,CLI ,10000000260705,N,,,2025/07/18,
3000000019661,1,Ligação Muda,00:00:08,CLI ,10000000260705,N,,,2025/07/18,
3000000019662,1,Caixa Postal,,cli,,N,,,2025/07/18,
3000000019663,1,Caixa Postal,,cli,10000000260706,N,,,2025/07/18,
3000000019664,1,Não Atende,,Cliente,10000000260707,N,,,2025/07/18,
3000000019665,1,Caixa Postal,,cli ,,N,,,2025/07/18,
3000000019666,1,Contato de Finalizacao do Protocolo,00:05:43,,,N,,,2025/07/18,
3000000019667,1,Caixa Postal,,CLI ,10000000260708,N,,,2025/07/18,
3000000019668,1,Caixa Postal,,CLI ,10000000260708,N,,,2025/07/18,
3000000019669,1,URA Pesquisa NPS,00:11:34,Cli,10000000260709,S,,,2025/07/18,Email19156
3000000019670,1,Informação,00:01:01,CLI ,10000000260710,N,,,2025/07/18,
3000000019671,1,Caixa Postal,,cli,10000000260380,N,,,2025/07/18,
3000000019672,1,Ligação Muda,00:00:22,Cli,10000000260704,N,,,2025/07/18,
3000000019673,1,Cliente Desligou,00:00:01,CLI ,10000000260702,N,,,2025/07/18,
3000000019674,1,Cliente Desligou,00:00:06,CLI ,10000000260702,N,,,2025/07/18,
3000000019675,1,Cliente Desligou,00:00:05,CLI ,10000000260702,N,,,2025/07/18,
3000000019676,1,URA Pesquisa NPS,00:03:50,,10000000260711,S,,,2025/07/18,Email48445
3000000019677,1,Cliente Desligou,00:00:04,CLI ,10000000260702,N,,,2025/07/18,
3000000019678,1,Chamada Não Atendida,00:00:08,CLI ,10000000260702,N,,,2025/07/18,
3000000019679,1,Chamada Não Atendida,,Cli ,10000000260702,N,,,2025/07/18,
3000000019680,1,URA Pesquisa NPS,00:01:18,CLI ,10000000260705,S,,,2025/07/18,Email5371
3000000019681,1,Caixa Postal,,cli,10000000260706,N,,,2025/07/18,
3000000019682,1,URA Pesquisa NPS,00:01:27,CLI,10000000260712,S,,,2025/07/17,Email4194
3000000019683,1,Informação,00:03:51,,,N,,,2025/07/17,
3000000019684,1,Caixa Postal,00:00:09,,,N,,,2025/07/17,
3000000019685,1,Caixa Postal,00:00:05,,,N,,,2025/07/17,
3000000019686,1,Chamada Não Atendida,,CLI ,10000000260713,N,,,2025/07/17,
3000000019687,1,Chamada Não Atendida,,CLI,10000000260714,N,,,2025/07/17,
3000000019688,1,Chamada Não Atendida,,CLI ,10000000260713,N,,,2025/07/17,
3000000019689,1,Chamada Não Atendida,,CLI,10000000258958,N,,,2025/07/17,
3000000019690,1,Informação,,CLI,10000000258169,N,,,2025/07/17,
3000000019691,1,Informação,,CLI,10000000258225,N,,,2025/07/17,
3000000019692,1,Informação,,CLI,,N,,,2025/07/17,
3000000019693,1,Informação,,CLI,,N,,,2025/07/17,
3000000019694,1,Informação,,CLI,10000000258169,N,,,2025/07/17,
3000000019695,1,Informação,,CLI,10000000258169,N,,,2025/07/17,
3000000019696,1,Caixa Postal,00:00:04,Cli,,N,,,2025/07/17,
3000000019697,1,URA Pesquisa NPS,00:00:49,Cli,10000000260715,S,Sim,10.0,2025/07/17,Email585
3000000019698,1,Cliente Desligou,00:01:24,,,N,,,2025/07/17,
3000000019699,1,Informação,,CLI,,N,,,2025/07/17,
3000000019700,1,Contato de Finalizacao do Protocolo,00:01:24,cli,,N,,,2025/07/17,
3000000019701,1,Caixa Postal,00:00:02,cli,10000000260716,N,,,2025/07/17,
3000000019702,1,Cliente Desligou,00:00:26,cli,10000000260716,N,,,2025/07/17,
3000000019703,1,Informação,00:00:13,,,N,,,2025/07/17,
3000000019704,1,Informação,,,,N,,,2025/07/17,
3000000019705,1,Informação,00:00:04,,,N,,,2025/07/17,
3000000019706,1,Contato de Finalizacao do Protocolo,00:06:44,CLI,10000000260717,N,,,2025/07/17,
3000000019707,1,Informação,00:00:04,cli,,N,,,2025/07/17,
3000000019708,1,Informação,00:00:13,Cli,,N,,,2025/07/17,
3000000019709,1,Informação,00:02:34,Cli,,N,,,2025/07/17,
3000000019710,1,Informação,,Cli ,,N,,,2025/07/17,
3000000019711,1,Informação,00:00:07,Cli ,,N,,,2025/07/17,
3000000019712,1,URA Pesquisa NPS,00:10:49,Cli ,10000000260718,S,,,2025/07/17,Email48444
3000000019713,1,Informação,00:01:30,cli,,N,,,2025/07/17,
3000000019714,1,Informação,,,,N,,,2025/07/17,
3000000019715,1,Chamada Não Atendida,00:00:03,CLI,10000000260719,N,,,2025/07/17,
3000000019716,1,Chamada Não Atendida,00:00:00,CLI,10000000260719,N,,,2025/07/17,
3000000019717,1,Informação,00:00:01,Cli ,,N,,,2025/07/17,
3000000019718,1,Chamada Não Atendida,00:00:05,CLI,10000000260720,N,,,2025/07/17,
3000000019719,1,Sent To Voicemail,00:00:51,CLI,10000000260720,S,Nao,1.0,2025/07/17,Email296
3000000019720,1,Cliente Desligou,,CLI,,N,,,2025/07/17,
3000000019721,1,Informação,00:00:04,Cli,,N,,,2025/07/17,
3000000019722,1,Informação,,,,N,,,2025/07/17,
3000000019723,1,Informação,,,,N,,,2025/07/17,
3000000019724,1,Informação,,,,N,,,2025/07/17,
3000000019725,1,Caixa Postal,00:00:03,,,N,,,2025/07/17,
3000000019726,1,Caixa Postal,00:00:03,,,N,,,2025/07/17,
3000000019727,1,Informação,,,,N,,,2025/07/17,
3000000019728,1,Informação,00:00:01,,,N,,,2025/07/17,
3000000019729,1,Caixa Postal,00:00:13,,,N,,,2025/07/17,
3000000019730,1,Caixa Postal,,,,N,,,2025/07/17,
3000000019731,1,URA Pesquisa NPS,00:01:14,Cli,10000000260721,S,Sim,10.0,2025/07/17,Email585
3000000019732,1,Caixa Postal,,cli,10000000260722,N,,,2025/07/17,
3000000019733,1,Chamada Não Atendida,,CLI,10000000260723,N,,,2025/07/17,
3000000019734,1,Chamada Não Atendida,,CLI,10000000260723,N,,,2025/07/17,
3000000019735,1,Caixa Postal,,cli,,N,,,2025/07/17,
3000000019736,1,Caixa Postal,00:00:07,cli,,N,,,2025/07/17,
3000000019737,1,Caixa Postal,00:00:02,,,N,,,2025/07/17,
3000000019738,1,Caixa Postal,00:00:04,,,N,,,2025/07/17,
3000000019739,1,Caixa Postal,,,,N,,,2025/07/17,
3000000019740,1,Caixa Postal,00:00:02,,,N,,,2025/07/17,
3000000019741,1,Ocupado,,Cliente,10000000260724,N,,,2025/07/17,
3000000019742,1,Caixa Postal,00:00:04,Cli ,10000000260725,N,,,2025/07/17,
3000000019743,1,Caixa Postal,00:00:03,Cli ,10000000260725,N,,,2025/07/17,
3000000019744,1,Caixa Postal,00:00:02,Cli ,,N,,,2025/07/17,
3000000019745,1,Caixa Postal,,,,N,,,2025/07/17,
3000000019746,1,Caixa Postal,,,,N,,,2025/07/17,
3000000019747,1,Caixa Postal,,,,N,,,2025/07/17,
3000000019748,1,Caixa Postal,,Cli ,,N,,,2025/07/17,
3000000019749,1,Informação,,Cli ,,N,,,2025/07/17,
3000000019750,1,URA Pesquisa NPS,00:01:34,Cli,10000000260726,S,Sim,10.0,2025/07/17,Email5371
3000000019751,1,Caixa Postal,,,,N,,,2025/07/17,
3000000019752,1,Caixa Postal,,,,N,,,2025/07/17,
3000000019753,1,Caixa Postal,,,,N,,,2025/07/17,
3000000019754,1,URA Pesquisa NPS,00:03:44,CLI,10000000260727,S,Sim,10.0,2025/07/17,Email19156
3000000019755,1,Informação,,cli,,N,,,2025/07/17,
3000000019756,1,Informação,,cli,10000000260722,N,,,2025/07/17,
3000000019757,1,Informação,,,,N,,,2025/07/17,
3000000019758,1,URA Pesquisa NPS,00:01:49,cli,10000000260728,S,Sim,10.0,2025/07/17,Email5556
3000000019759,1,Informação,,,,N,,,2025/07/17,
3000000019760,1,Caixa Postal,00:00:04,CLI ,10000000260729,N,,,2025/07/17,
3000000019761,1,URA Pesquisa NPS,00:03:05,Cli,10000000260730,S,Sim,1.0,2025/07/17,Email19156
3000000019762,1,Informação,00:00:06,,,N,,,2025/07/17,
3000000019763,1,Informação,00:00:02,,,N,,,2025/07/17,
3000000019764,1,Ocupado,,,,N,,,2025/07/17,
3000000019765,1,Ocupado,,,,N,,,2025/07/17,
3000000019766,1,Informação,,,,N,,,2025/07/17,
3000000019767,1,Informação,,,,N,,,2025/07/17,
3000000019768,1,Caixa Postal,00:00:04,CLI ,10000000260729,N,,,2025/07/17,
3000000019769,1,Chamada Não Atendida,,CLI ,10000000260731,N,,,2025/07/17,
3000000019770,1,Caixa Postal,,,,N,,,2025/07/17,
3000000019771,1,Caixa Postal,,,,N,,,2025/07/17,
3000000019772,1,Caixa Postal,00:00:11,cli,10000000260678,N,,,2025/07/17,
3000000019773,1,Caixa Postal,00:00:07,Cli ,10000000260732,N,,,2025/07/16,
3000000019774,1,Caixa Postal,00:00:00,Cli ,10000000260732,N,,,2025/07/16,
3000000019775,1,Caixa Postal,00:00:00,Cli ,10000000260732,N,,,2025/07/16,
3000000019776,1,Caixa Postal,00:00:05,Cli ,,N,,,2025/07/16,
3000000019777,1,Caixa Postal,00:00:02,Cli ,,N,,,2025/07/16,
3000000019778,1,Informação,,,,N,,,2025/07/16,
3000000019779,1,Informação,,,,N,,,2025/07/16,
3000000019780,1,Ocupado,,CLI,10000000260733,N,,,2025/07/16,
3000000019781,1,Ocupado,,CLI,10000000260733,N,,,2025/07/16,
3000000019782,1,Agent Error,00:01:01,,,N,,,2025/07/16,
3000000019783,1,Caixa Postal,00:00:10,cli,,N,,,2025/07/16,
3000000019784,1,Caixa Postal,00:00:03,cli,,N,,,2025/07/16,
3000000019785,1,Informação,00:00:13,cli,,N,,,2025/07/16,
3000000019786,1,Informação,00:00:17,cli,10000000260734,N,,,2025/07/16,
3000000019787,1,Informação,,,,N,,,2025/07/16,
3000000019788,1,Informação,00:00:10,cli,10000000260734,N,,,2025/07/16,
3000000019789,1,Caixa Postal,00:00:08,Cli,10000000260735,N,,,2025/07/16,
3000000019790,1,Caixa Postal,00:00:05,Cli,10000000260735,N,,,2025/07/16,
3000000019791,1,Informação,00:00:18,cli,10000000260736,N,,,2025/07/16,
3000000019792,1,Informação,,,,N,,,2025/07/16,
3000000019793,1,Informação,,,,N,,,2025/07/16,
3000000019794,1,Informação,00:00:02,,,N,,,2025/07/16,
3000000019795,1,Ocupado,,Cliente,10000000260737,N,,,2025/07/16,
3000000019796,1,Ocupado,,Cliente,10000000260737,N,,,2025/07/16,
3000000019797,1,Informação,,,,N,,,2025/07/16,
3000000019798,1,Chamada Não Atendida,00:00:06,cli,10000000260738,N,,,2025/07/16,
3000000019799,1,Cliente Desligou,00:00:09,Cliente,10000000260739,N,,,2025/07/16,
3000000019800,1,Caixa Postal,,CLI,10000000260712,N,,,2025/07/16,
3000000019801,1,Ligação Muda,,,,N,,,2025/07/16,
3000000019802,1,Informação,,,,N,,,2025/07/16,
3000000019803,1,Informação,00:00:05,,,N,,,2025/07/16,
3000000019804,1,Cliente Desligou,00:00:21,Cli,10000000260740,N,,,2025/07/16,
3000000019805,1,URA Pesquisa NPS,00:03:49,Cli,10000000260740,S,Sim,10.0,2025/07/16,Email1615
3000000019806,1,URA Pesquisa NPS,00:01:14,cli,10000000260741,S,Sim,10.0,2025/07/16,Email372
3000000019807,1,Caixa Postal,,Cli ,10000000260742,N,,,2025/07/16,
3000000019808,1,Caixa Postal,00:00:03,Cli ,,N,,,2025/07/16,
3000000019809,1,Caixa Postal,,Cli ,,N,,,2025/07/16,
3000000019810,1,Informação,00:00:08,,,N,,,2025/07/16,
3000000019811,1,Chamada Não Atendida,00:00:10,cli,10000000260743,N,,,2025/07/16,
3000000019812,1,URA Pesquisa NPS,00:03:50,Cli,10000000260744,S,Sim,10.0,2025/07/16,Email19156
3000000019813,1,Informação,00:00:48,Cli,10000000260745,N,,,2025/07/16,
3000000019814,1,Informação,,,,N,,,2025/07/16,
3000000019815,1,Informação,,,,N,,,2025/07/16,
3000000019816,1,Informação,,,,N,,,2025/07/16,
3000000019817,1,Informação,00:00:31,,,N,,,2025/07/16,
3000000019818,1,Informação,00:00:11,CLI,,N,,,2025/07/16,
3000000019819,1,Informação,00:00:02,,,N,,,2025/07/16,
3000000019820,1,Informação,00:00:11,Cli,,N,,,2025/07/16,
3000000019821,1,Caixa Postal,00:00:07,Cli,10000000260746,N,,,2025/07/16,
3000000019822,1,Informação,00:00:09,Cli,,N,,,2025/07/16,
3000000019823,1,URA Pesquisa NPS,00:02:23,Cli,,S,,,2025/07/16,Email19156
3000000019824,1,Informação,00:01:04,,,N,,,2025/07/16,
3000000019825,1,Caixa Postal,00:00:01,cli,10000000260738,N,,,2025/07/16,
3000000019826,1,Caixa Postal,00:00:03,cli,10000000260738,N,,,2025/07/16,
3000000019827,1,URA Pesquisa NPS,00:04:37,cli,10000000260747,S,Sim,,2025/07/16,Email5556
3000000019828,1,Caixa Postal,,Cli ,10000000260738,N,,,2025/07/16,
3000000019829,1,Caixa Postal,00:00:04,CLI,10000000260748,N,,,2025/07/16,
3000000019830,1,Caixa Postal,00:00:05,CLI,10000000260749,N,,,2025/07/16,
3000000019831,1,URA Pesquisa NPS,00:05:24,cli,10000000260750,S,Sim,10.0,2025/07/16,Email5556
3000000019832,1,URA Pesquisa NPS,00:00:56,cli,10000000260751,S,Sim,1.0,2025/07/16,Email639
3000000019833,1,Caixa Postal,00:00:08,CLI,10000000260748,N,,,2025/07/16,
3000000019834,1,Cliente Desligou,00:00:50,cli,10000000260752,N,,,2025/07/16,
3000000019835,1,Informação,,,,N,,,2025/07/16,
3000000019836,1,URA Pesquisa NPS,00:02:26,Cli,,S,,,2025/07/16,Email19156
3000000019837,1,URA Pesquisa NPS,00:00:54,CLI,10000000260753,S,Sim,10.0,2025/07/16,Email585
3000000019838,1,Caixa Postal,,Cli,,N,,,2025/07/16,
3000000019839,1,URA Pesquisa NPS,00:00:23,Cli,10000000260754,S,,,2025/07/16,Email585
3000000019840,1,Caixa Postal,00:00:04,Cli,10000000260755,N,,,2025/07/16,
3000000019841,1,Caixa Postal,00:00:04,Cli,,N,,,2025/07/16,
3000000019842,1,Caixa Postal,00:00:10,Cli,10000000260756,N,,,2025/07/16,
3000000019843,1,Caixa Postal,00:00:36,,,N,,,2025/07/16,
3000000019844,1,Caixa Postal,00:00:07,Cli,10000000260756,N,,,2025/07/16,
3000000019845,1,Informação,,,,N,,,2025/07/16,
3000000019846,1,Informação,00:00:03,,,N,,,2025/07/16,
3000000019847,1,Caixa Postal,00:00:05,Cli ,10000000260757,N,,,2025/07/16,
3000000019848,1,URA Pesquisa NPS,00:01:13,Cli,10000000260758,S,Sim,8.0,2025/07/16,Email639
3000000019849,1,URA Pesquisa NPS,00:02:07,Cli ,10000000260759,S,Sim,10.0,2025/07/16,Email48444
3000000019850,1,Informação,,,,N,,,2025/07/16,
3000000019851,1,Caixa Postal,,,,N,,,2025/07/16,
3000000019852,1,Informação,00:00:22,,,N,,,2025/07/16,
3000000019853,1,Ligação Muda,00:00:07,Cliente,10000000260760,N,,,2025/07/16,
3000000019854,1,Caixa Postal,00:00:11,Cli,,N,,,2025/07/16,
3000000019855,1,Caixa Postal,00:00:13,Cli,,N,,,2025/07/16,
3000000019856,1,Caixa Postal,00:00:08,Cliente,10000000260760,N,,,2025/07/16,
3000000019857,1,Caixa Postal,00:00:06,cli,10000000260761,N,,,2025/07/16,
3000000019858,1,URA Pesquisa NPS,00:02:22,cli,10000000260761,S,Sim,10.0,2025/07/16,Email48438
3000000019859,1,URA Pesquisa NPS,00:11:31,cli,10000000260762,S,Nao,8.0,2025/07/16,Email5556
3000000019860,1,URA Pesquisa NPS,00:01:46,cli,10000000260763,S,Sim,8.0,2025/07/15,Email1615
3000000019861,1,Chamada Não Atendida,00:00:04,CLI,10000000260764,N,,,2025/07/15,
3000000019862,1,Informação,00:04:34,CLI,10000000260764,N,,,2025/07/15,
3000000019863,1,Caixa Postal,00:00:07,cli,10000000260765,N,,,2025/07/15,
3000000019864,1,Ocupado,,CLI,10000000260766,N,,,2025/07/15,
3000000019865,1,Caixa Postal,00:00:06,cli,10000000260765,N,,,2025/07/15,
3000000019866,1,Ocupado,,CLI,10000000260766,N,,,2025/07/15,
3000000019867,1,Não Atende,,Cli,10000000260767,N,,,2025/07/15,
3000000019868,1,URA Pesquisa NPS,00:02:52,CLI,10000000260766,S,Sim,9.0,2025/07/15,Email11179
3000000019869,1,Não Atende,,Cli,10000000260767,N,,,2025/07/15,
3000000019870,1,Chamada Não Atendida,,CLI ,10000000260768,N,,,2025/07/15,
3000000019871,1,URA Pesquisa NPS,00:01:07,CLI ,10000000260768,S,,,2025/07/15,Email372
3000000019872,1,Sent To Voicemail,00:01:16,CLI,10000000260769,S,Sim,10.0,2025/07/15,Email288
3000000019873,1,URA Pesquisa NPS,00:01:17,CLI,10000000260770,S,Sim,10.0,2025/07/15,Email5556
3000000019874,1,URA Pesquisa NPS,00:01:33,cli,10000000260771,S,Sim,10.0,2025/07/15,Email372
3000000019875,1,Ligação Muda,00:00:16,Cli,10000000260772,N,,,2025/07/15,
3000000019876,1,Caixa Postal,00:00:05,Cli,10000000260772,N,,,2025/07/15,
3000000019877,1,Caixa Postal,00:00:04,CLI,,N,,,2025/07/15,
3000000019878,1,Chamada Não Atendida,00:00:01,CLI ,10000000260773,N,,,2025/07/15,
3000000019879,1,Chamada Não Atendida,,CLI ,10000000260773,N,,,2025/07/15,
3000000019880,1,Chamada Não Atendida,00:00:00,CLI ,10000000260773,N,,,2025/07/15,
3000000019881,1,Caixa Postal,,Cli,10000000260774,N,,,2025/07/15,
3000000019882,1,Caixa Postal,,Cli,10000000260775,N,,,2025/07/15,
3000000019883,1,Caixa Postal,,CLI ,10000000260776,N,,,2025/07/15,
3000000019884,1,Chamada Não Atendida,00:00:10,CLI ,10000000260776,N,,,2025/07/15,
3000000019885,1,Caixa Postal,,Cli,10000000260775,N,,,2025/07/15,
3000000019886,1,Ligação Muda,00:00:11,Cli,10000000260775,N,,,2025/07/15,
3000000019887,1,Caixa Postal,,Cli,10000000260767,N,,,2025/07/15,
3000000019888,1,Chamada Não Atendida,,Cli,10000000260777,N,,,2025/07/15,
3000000019889,1,Chamada Não Atendida,,Cli,10000000260777,N,,,2025/07/15,
3000000019890,1,Contato de Finalizacao do Protocolo,00:02:27,,,N,,,2025/07/15,
3000000019891,1,URA Pesquisa NPS,00:01:53,CLI,10000000260778,S,Sim,9.0,2025/07/15,Email372
3000000019892,1,Chamada Não Atendida,,CLI ,10000000260779,N,,,2025/07/15,
3000000019893,1,URA Pesquisa NPS,00:01:13,CLI ,10000000260779,S,Sim,,2025/07/15,Email372
3000000019894,1,Não Atende,00:00:04,,,N,,,2025/07/15,
3000000019895,1,Contato de Finalizacao do Protocolo,00:03:36,Cli,10000000260780,N,,,2025/07/15,
3000000019896,1,URA Pesquisa NPS,00:03:33,CLI,10000000260781,S,Sim,10.0,2025/07/15,Email288
3000000019897,1,URA Pesquisa NPS,00:01:16,,,S,Sim,10.0,2025/07/15,Email1615
3000000019898,1,Caixa Postal,00:00:17,Cli,10000000260782,N,,,2025/07/15,
3000000019899,1,Caixa Postal,00:00:07,Cli,10000000260782,N,,,2025/07/15,
3000000019900,1,Caixa Postal,,Cli ,10000000260783,N,,,2025/07/15,
3000000019901,1,Informação,00:00:03,Cli,,N,,,2025/07/15,
3000000019902,1,Caixa Postal,00:00:11,CLI,10000000260784,N,,,2025/07/15,
3000000019903,1,Caixa Postal,00:00:07,CLI,10000000260784,N,,,2025/07/15,
3000000019904,1,Caixa Postal,00:00:04,Cli,,N,,,2025/07/15,
3000000019905,1,Caixa Postal,00:00:12,Cli,10000000260785,N,,,2025/07/15,
3000000019906,1,Chamada Não Atendida,00:00:03,Cli ,10000000260786,N,,,2025/07/15,
3000000019907,1,Chamada Não Atendida,00:00:03,Cli ,10000000260786,N,,,2025/07/15,
3000000019908,1,Informação,,Cli,,N,,,2025/07/15,
3000000019909,1,Informação,00:00:06,,,N,,,2025/07/15,
3000000019910,1,URA Pesquisa NPS,00:02:03,CLI ,10000000260787,S,Sim,10.0,2025/07/15,Email372
3000000019911,1,Caixa Postal,00:00:05,Cli,10000000260788,N,,,2025/07/15,
3000000019912,1,Informação,,Cli,,N,,,2025/07/15,
3000000019913,1,Cliente Desligou,00:03:53,Cli,,N,,,2025/07/15,
3000000019914,1,Caixa Postal,00:00:04,Cli,10000000260788,N,,,2025/07/15,
3000000019915,1,Caixa Postal,00:00:04,Cli,10000000260788,N,,,2025/07/15,
3000000019916,1,Caixa Postal,00:00:08,Cli,10000000260788,N,,,2025/07/15,
3000000019917,1,Chamada Não Atendida,,CLI ,,N,,,2025/07/15,
3000000019918,1,Chamada Não Atendida,,CLI ,10000000260789,N,,,2025/07/15,
3000000019919,1,Caixa Postal,00:00:07,CLI,10000000260790,N,,,2025/07/15,
3000000019920,1,Caixa Postal,00:00:03,CLI,10000000260790,N,,,2025/07/15,
3000000019921,1,URA Pesquisa NPS,00:10:22,Cli,10000000260791,S,Sim,10.0,2025/07/15,Email19156
3000000019922,1,URA Pesquisa NPS,00:01:51,CLI,10000000260792,S,Sim,9.0,2025/07/15,Email288
3000000019923,1,Cliente Desligou,00:00:01,cli,10000000260793,N,,,2025/07/14,
3000000019924,1,Cliente Desligou,00:10:09,cli,10000000260794,N,,,2025/07/14,
3000000019925,1,Não Atende,,Cliente,10000000260739,N,,,2025/07/14,
3000000019926,1,Não Atende,,Cliente,10000000260739,N,,,2025/07/14,
3000000019927,1,URA Pesquisa NPS,00:02:35,CLI,10000000260795,S,Sim,10.0,2025/07/14,Email11179
3000000019928,1,Caixa Postal,00:00:04,Cli ,10000000260796,N,,,2025/07/14,
3000000019929,1,URA Pesquisa NPS,00:04:09,Cli ,10000000260796,S,Sim,10.0,2025/07/14,Email48444
3000000019930,1,Cliente Desligou,00:00:04,Cli ,10000000260797,N,,,2025/07/14,
3000000019931,1,Informação,00:00:11,,,N,,,2025/07/14,
3000000019932,1,Chamada Não Atendida,,,10000000260798,N,,,2025/07/14,
3000000019933,1,Chamada Não Atendida,,Vendedora,10000000260798,N,,,2025/07/14,
3000000019934,1,URA Pesquisa NPS,00:02:20,CLI,10000000260799,S,Sim,10.0,2025/07/14,Email11179
3000000019935,1,Caixa Postal,00:00:04,Cli,10000000260800,N,,,2025/07/14,
3000000019936,1,Caixa Postal,,Cli,10000000260801,N,,,2025/07/14,
3000000019937,1,Chamada Não Atendida,,,,N,,,2025/07/14,
3000000019938,1,Informação,00:00:29,CLI,10000000260802,N,,,2025/07/14,
3000000019939,1,Não Atende,,,,N,,,2025/07/14,
3000000019940,1,Não Atende,,,,N,,,2025/07/14,
3000000019941,1,Caixa Postal,00:00:06,,,N,,,2025/07/14,
3000000019942,1,Ocupado,,Cli,10000000260803,N,,,2025/07/14,
3000000019943,1,URA Pesquisa NPS,00:06:18,Cli,,S,Sim,10.0,2025/07/14,Email19156
3000000019944,1,Informação,,,,N,,,2025/07/14,
3000000019945,1,Informação,00:00:03,,,N,,,2025/07/14,
3000000019946,1,Informação,,,,N,,,2025/07/14,
3000000019947,1,Caixa Postal,00:00:04,CLI ,10000000260804,N,,,2025/07/14,
3000000019948,1,Chamada Não Atendida,00:00:03,CLI ,10000000260804,N,,,2025/07/14,
3000000019949,1,Chamada Não Atendida,,CLI,10000000260805,N,,,2025/07/14,
3000000019950,1,Chamada Não Atendida,,CLI,,N,,,2025/07/14,
3000000019951,1,Chamada Não Atendida,,CLI,10000000260805,N,,,2025/07/14,
3000000019952,1,Ligação Muda,00:00:20,Cli,10000000260772,N,,,2025/07/14,
3000000019953,1,Caixa Postal,,,,N,,,2025/07/14,
3000000019954,1,Caixa Postal,,,,N,,,2025/07/14,
3000000019955,1,Caixa Postal,00:00:04,cli,10000000260806,N,,,2025/07/11,
3000000019956,1,Chamada Não Atendida,,CLI,10000000260807,N,,,2025/07/11,
3000000019957,1,Ocupado,00:00:15,cli ,10000000259752,N,,,2025/07/11,
3000000019958,1,Não Atende,,CLI,,N,,,2025/07/11,
3000000019959,1,Não Atende,,cli ,,N,,,2025/07/11,
3000000019960,1,Não Atende,,Cliente,10000000260808,N,,,2025/07/11,
3000000019961,1,Não Atende,,Cliente,10000000260808,N,,,2025/07/11,
3000000019962,1,Chamada Não Atendida,00:00:11,cli ,,N,,,2025/07/11,
3000000019963,1,Informação,00:04:58,cli,10000000260793,N,,,2025/07/11,
3000000019964,1,Chamada Não Atendida,,CLI,,N,,,2025/07/11,
3000000019965,1,Caixa Postal,,Cliente,10000000260807,N,,,2025/07/11,
3000000019966,1,Informação,,,,N,,,2025/07/11,
3000000019967,1,Informação,,Cliente,,N,,,2025/07/11,
3000000019968,1,Ocupado,,cliente,10000000260809,N,,,2025/07/11,
3000000019969,1,Caixa Postal,,CLI,,N,,,2025/07/11,
3000000019970,1,Caixa Postal,00:00:09,Cli,10000000260810,N,,,2025/07/11,
3000000019971,1,Informação,00:01:16,,,N,,,2025/07/11,
3000000019972,1,Cliente solicita novo contato,00:04:24,Cli,10000000260810,N,,,2025/07/11,
3000000019973,1,Caixa Postal,00:00:10,CLI,10000000260811,N,,,2025/07/11,
3000000019974,1,Caixa Postal,00:00:08,CLI,,N,,,2025/07/11,
3000000019975,1,Cliente Desligou,00:00:09,cli,10000000260812,N,,,2025/07/11,
3000000019976,1,Cliente Desligou,00:00:09,cli,10000000260812,N,,,2025/07/11,
3000000019977,1,Informação,00:06:55,cli,10000000260812,N,,,2025/07/11,
3000000019978,1,Caixa Postal,00:00:06,CLI,,N,,,2025/07/11,
3000000019979,1,URA Pesquisa NPS,00:03:05,cli,10000000260813,S,Sim,9.0,2025/07/11,Email19156
3000000019980,1,Informação,00:02:01,cli,10000000260812,N,,,2025/07/11,
3000000019981,1,Chamada Não Atendida,00:00:04,CLI,10000000260814,N,,,2025/07/11,
3000000019982,1,Chamada Não Atendida,,CLI,10000000260814,N,,,2025/07/11,
3000000019983,1,URA Pesquisa NPS,00:03:27,cli,10000000260815,S,Sim,10.0,2025/07/11,Email5556
3000000019984,1,Caixa Postal,,cli,10000000260816,N,,,2025/07/11,
3000000019985,1,Caixa Postal,00:00:00,cli,10000000260816,N,,,2025/07/11,
3000000019986,1,Caixa Postal,00:00:01,cli,10000000260816,N,,,2025/07/11,
3000000019987,1,URA Pesquisa NPS,00:03:17,cli,10000000260813,S,Sim,9.0,2025/07/11,Email48443
3000000019988,1,Caixa Postal,00:00:05,cli ,10000000260817,N,,,2025/07/11,
3000000019989,1,Caixa Postal,00:00:05,cli ,10000000260817,N,,,2025/07/11,
3000000019990,1,Informação,,,,N,,,2025/07/11,
3000000019991,1,Caixa Postal,,cli,10000000260818,N,,,2025/07/11,
3000000019992,1,URA Pesquisa NPS,00:00:45,cli,10000000260818,S,Sim,10.0,2025/07/11,Email48439
3000000019993,1,Chamada Não Atendida,,CLI ,10000000260819,N,,,2025/07/11,
3000000019994,1,Chamada Não Atendida,,CLI ,10000000260819,N,,,2025/07/11,
3000000019995,1,Caixa Postal,00:00:03,VLI,10000000260820,N,,,2025/07/11,
3000000019996,1,Chamada Não Atendida,,CLI ,10000000260821,N,,,2025/07/11,
3000000019997,1,Chamada Não Atendida,,CLI ,10000000260821,N,,,2025/07/11,
3000000019998,1,Chamada Não Atendida,00:00:03,CLI ,10000000260821,N,,,2025/07/11,
3000000019999,1,URA Pesquisa NPS,00:01:34,cli,10000000260822,S,Sim,10.0,2025/07/11,Email372
3000000020000,1,URA Pesquisa NPS,00:01:05,cli,10000000260823,S,Sim,8.0,2025/07/11,Email48439
3000000020001,1,Caixa Postal,00:00:03,VLI,10000000260824,N,,,2025/07/11,
3000000020002,1,Informação,00:06:02,cli,10000000260825,N,,,2025/07/11,
3000000020003,1,Chamada Não Atendida,,CLI,10000000260826,N,,,2025/07/11,
3000000020004,1,Chamada Não Atendida,,CLI,10000000260826,N,,,2025/07/11,
3000000020005,1,Caixa Postal,,cli,10000000260688,N,,,2025/07/11,
3000000020006,1,Caixa Postal,,,,N,,,2025/07/11,
3000000020007,1,Caixa Postal,,cli,10000000260688,N,,,2025/07/11,
3000000020008,1,Informação,00:00:05,,,N,,,2025/07/11,
3000000020009,1,Informação,,,,N,,,2025/07/11,
3000000020010,1,Informação,00:00:06,,,N,,,2025/07/11,
3000000020011,1,Informação,,,,N,,,2025/07/11,
3000000020012,1,Caixa Postal,00:00:04,,,N,,,2025/07/11,
3000000020013,1,Informação,00:03:41,,,N,,,2025/07/11,
3000000020014,1,Chamada Não Atendida,,CLI,10000000260827,N,,,2025/07/11,
3000000020015,1,Chamada Não Atendida,,CLI,10000000260827,N,,,2025/07/11,
3000000020016,1,URA Pesquisa NPS,00:04:19,Cli,,S,Sim,10.0,2025/07/11,Email19156
3000000020017,1,Informação,00:01:34,,,N,,,2025/07/11,
3000000020018,1,Caixa Postal,00:00:01,cli,10000000260828,N,,,2025/07/11,
3000000020019,1,Caixa Postal,00:00:05,cli,10000000260828,N,,,2025/07/11,
3000000020020,1,Caixa Postal,00:00:05,Cli,10000000260829,N,,,2025/07/11,
3000000020021,1,Caixa Postal,,Cli,,N,,,2025/07/11,
3000000020022,1,Caixa Postal,00:00:11,Cli,10000000260830,N,,,2025/07/11,
3000000020023,1,Caixa Postal,00:00:21,Cli,,N,,,2025/07/11,
3000000020024,1,Caixa Postal,00:00:04,Cli,,N,,,2025/07/11,
3000000020025,1,Informação,00:06:45,CLI,,N,,,2025/07/11,
3000000020026,1,Caixa Postal,,,,N,,,2025/07/11,
3000000020027,1,Cliente Desligou,00:00:01,CLI,10000000260831,N,,,2025/07/11,
3000000020028,1,Cliente Desligou,,CLI,10000000260831,N,,,2025/07/11,
3000000020029,1,Informação,00:00:07,,,N,,,2025/07/11,
3000000020030,1,Caixa Postal,,,,N,,,2025/07/11,
3000000020031,1,Caixa Postal,,,,N,,,2025/07/11,
3000000020032,1,Caixa Postal,00:00:04,Cli,10000000260772,N,,,2025/07/11,
3000000020033,1,Caixa Postal,00:00:21,Cli,10000000260772,N,,,2025/07/11,
3000000020034,1,Caixa Postal,00:00:04,Cli,10000000260772,N,,,2025/07/11,
3000000020035,1,Caixa Postal,00:00:03,cli,10000000260832,N,,,2025/07/11,
3000000020036,1,Caixa Postal,00:00:02,cli,10000000260832,N,,,2025/07/11,
3000000020037,1,Caixa Postal,00:00:05,,,N,,,2025/07/11,
3000000020038,1,URA Pesquisa NPS,00:01:02,,,S,,,2025/07/11,Email19156
3000000020039,1,Caixa Postal,,,,N,,,2025/07/11,
3000000020040,1,Caixa Postal,,,,N,,,2025/07/11,
3000000020041,1,URA Pesquisa NPS,00:06:07,Cli,10000000260833,S,,,2025/07/11,Email19156
3000000020042,1,URA Pesquisa NPS,00:01:03,CLI,10000000260834,S,Sim,10.0,2025/07/11,Email48439
3000000020043,1,Chamada Não Atendida,00:00:10,CLI,10000000260784,N,,,2025/07/11,
3000000020044,1,Chamada Não Atendida,00:00:05,CLI,10000000260784,N,,,2025/07/11,
3000000020045,1,Ocupado,,Cli,10000000260835,N,,,2025/07/11,
3000000020046,1,Caixa Postal,,Cli,10000000260835,N,,,2025/07/11,
3000000020047,1,Caixa Postal,00:00:05,,,N,,,2025/07/11,
3000000020048,1,Caixa Postal,00:00:06,cli,10000000260836,N,,,2025/07/11,
3000000020049,1,URA Pesquisa NPS,00:03:50,,,S,Sim,10.0,2025/07/11,Email19156
3000000020050,1,Ligação Muda,00:00:10,cli,10000000260836,N,,,2025/07/11,
3000000020051,1,Caixa Postal,00:00:06,cli,10000000260837,N,,,2025/07/11,
3000000020052,1,Caixa Postal,00:00:01,cli,10000000260837,N,,,2025/07/11,
3000000020053,1,Caixa Postal,,,,N,,,2025/07/11,
3000000020054,1,Caixa Postal,00:00:02,,,N,,,2025/07/11,
3000000020055,1,Caixa Postal,,,,N,,,2025/07/11,
3000000020056,1,Caixa Postal,00:00:02,,,N,,,2025/07/11,
3000000020057,1,Informação,00:00:07,Cli,,N,,,2025/07/11,
3000000020058,1,Informação,,,,N,,,2025/07/10,
3000000020059,1,Caixa Postal,,cli,,N,,,2025/07/10,
3000000020060,1,Caixa Postal,,cli,,N,,,2025/07/10,
3000000020061,1,Caixa Postal,,Cli,10000000260838,N,,,2025/07/10,
3000000020062,1,Caixa Postal,,cli,10000000259725,N,,,2025/07/10,
3000000020063,1,Caixa Postal,,CLI,,N,,,2025/07/10,
3000000020064,1,Caixa Postal,,CLI,,N,,,2025/07/10,
3000000020065,1,Caixa Postal,,CLI,,N,,,2025/07/10,
3000000020066,1,Caixa Postal,,CLI,,N,,,2025/07/10,
3000000020067,1,Caixa Postal,,CLI,,N,,,2025/07/10,
3000000020068,1,Informação,00:09:34,Cli ,10000000260839,N,,,2025/07/10,
3000000020069,1,Informação,,cli,,N,,,2025/07/10,
3000000020070,1,Caixa Postal,,CLI ,,N,,,2025/07/10,
3000000020071,1,Caixa Postal,,CLI ,,N,,,2025/07/10,
3000000020072,1,Não Atende,,cli,10000000260840,N,,,2025/07/10,
3000000020073,1,Caixa Postal,,Cli ,10000000260839,N,,,2025/07/10,
3000000020074,1,Caixa Postal,,Cli ,10000000260839,N,,,2025/07/10,
3000000020075,1,Caixa Postal,,Cli ,10000000260839,N,,,2025/07/10,
3000000020076,1,Informação,,,,N,,,2025/07/10,
3000000020077,1,URA Pesquisa NPS,00:19:01,Cli ,10000000260839,S,Sim,10.0,2025/07/10,Email48444
3000000020078,1,Não Atende,,cli,10000000260841,N,,,2025/07/10,
3000000020079,1,Não Atende,,cli,10000000260841,N,,,2025/07/10,
3000000020080,1,Caixa Postal,,Cli,10000000260842,N,,,2025/07/10,
3000000020081,1,Ligação Muda,00:00:12,Cli,10000000260843,N,,,2025/07/10,
3000000020082,1,Caixa Postal,,Cli,,N,,,2025/07/10,
3000000020083,1,Caixa Postal,,Cli,,N,,,2025/07/10,
3000000020084,1,Caixa Postal,,,,N,,,2025/07/10,
3000000020085,1,Caixa Postal,00:00:01,Cli,,N,,,2025/07/10,
3000000020086,1,URA Pesquisa NPS,00:07:58,Cli,10000000260844,S,,,2025/07/10,Email585
3000000020087,1,Caixa Postal,,Cli,10000000260838,N,,,2025/07/10,
3000000020088,1,Caixa Postal,,CLI,10000000260845,N,,,2025/07/10,
3000000020089,1,Caixa Postal,,CLI,10000000260845,N,,,2025/07/10,
3000000020090,1,Caixa Postal,,CLI,10000000260846,N,,,2025/07/10,
3000000020091,1,Cliente Desligou,00:00:02,CLI,10000000260846,N,,,2025/07/10,
3000000020092,1,Informação,,cli,10000000260847,N,,,2025/07/10,
3000000020093,1,Ocupado,,cli,10000000260847,N,,,2025/07/10,
3000000020094,1,Caixa Postal,,CLI,10000000260848,N,,,2025/07/10,
3000000020095,1,Caixa Postal,,Cli ,10000000260849,N,,,2025/07/10,
3000000020096,1,Cliente Desligou,,Cli ,10000000260849,N,,,2025/07/10,
3000000020097,1,Caixa Postal,,CLI,10000000260848,N,,,2025/07/10,
3000000020098,1,Caixa Postal,,,,N,,,2025/07/10,
3000000020099,1,Caixa Postal,,,,N,,,2025/07/10,
3000000020100,1,Ocupado,,cli,10000000260850,N,,,2025/07/10,
3000000020101,1,Caixa Postal,,CLI ,10000000260851,N,,,2025/07/10,
3000000020102,1,Caixa Postal,,CLI ,10000000260851,N,,,2025/07/10,
3000000020103,1,Informação,00:00:14,cli,10000000260795,N,,,2025/07/10,
3000000020104,1,Chamada Não Atendida,,CLI,10000000260852,N,,,2025/07/10,
3000000020105,1,Caixa Postal,,CLI,10000000259762,N,,,2025/07/10,
3000000020106,1,Chamada Não Atendida,,CLI,10000000260852,N,,,2025/07/10,
3000000020107,1,Informação,00:15:48,CLI,10000000260852,N,,,2025/07/10,
3000000020108,1,Não Atende,,cli,10000000260840,N,,,2025/07/10,
3000000020109,1,Informação,,,,N,,,2025/07/10,
3000000020110,1,Não Atende,,cli,10000000260840,N,,,2025/07/10,
3000000020111,1,Informação,,,,N,,,2025/07/10,
3000000020112,1,Caixa Postal,,cli,10000000260841,N,,,2025/07/10,
3000000020113,1,Caixa Postal,,cli,10000000260841,N,,,2025/07/10,
3000000020114,1,URA Pesquisa NPS,00:08:40,CLI,10000000260853,S,,,2025/07/10,Email45
3000000020115,1,Caixa Postal,,cli,10000000260854,N,,,2025/07/10,
3000000020116,1,Caixa Postal,,cli,10000000260854,N,,,2025/07/10,
3000000020117,1,Chamada Não Atendida,,Cli ,10000000260855,N,,,2025/07/10,
3000000020118,1,Chamada Não Atendida,,Cli ,10000000260855,N,,,2025/07/10,
3000000020119,1,Chamada Não Atendida,,Cli ,10000000260855,N,,,2025/07/10,
3000000020120,1,Agent Error,00:08:00,,,N,,,2025/07/10,
3000000020121,1,Ocupado,,CLI,10000000260856,N,,,2025/07/10,
3000000020122,1,Cliente Desligou,00:00:19,CLI,10000000260856,N,,,2025/07/10,
3000000020123,1,Não Atende,,CLI,10000000260857,N,,,2025/07/10,
3000000020124,1,Caixa Postal,,CLI,,N,,,2025/07/10,
3000000020125,1,Caixa Postal,,CLI,,N,,,2025/07/10,
3000000020126,1,Informação,00:09:32,CLI,10000000260846,N,,,2025/07/10,
3000000020127,1,Caixa Postal,,Cli,,N,,,2025/07/10,
3000000020128,1,Caixa Postal,,Cli,,N,,,2025/07/10,
3000000020129,1,Caixa Postal,,cli,10000000260858,N,,,2025/07/10,
3000000020130,1,Caixa Postal,,cli,10000000260858,N,,,2025/07/10,
3000000020131,1,Informação,,Cli,10000000260859,N,,,2025/07/10,
3000000020132,1,Chamada Não Atendida,,Cli,10000000260859,N,,,2025/07/10,
3000000020133,1,Chamada Não Atendida,,Cli,10000000260859,N,,,2025/07/10,
3000000020134,1,Cliente Desligou,,cli,,N,,,2025/07/10,
3000000020135,1,Ocupado,,cli,,N,,,2025/07/10,
3000000020136,1,Ocupado,,cli,10000000260860,N,,,2025/07/10,
3000000020137,1,Agent Error,,,,N,,,2025/07/10,
3000000020138,1,Ocupado,,Cli ,10000000260861,N,,,2025/07/10,
3000000020139,1,Caixa Postal,,Cli ,10000000260861,N,,,2025/07/10,
3000000020140,1,Chamada Não Atendida,,Cli ,10000000260861,N,,,2025/07/10,
3000000020141,1,Chamada Não Atendida,,Cli ,10000000260861,N,,,2025/07/10,
3000000020142,1,Informação,,,,N,,,2025/07/10,
3000000020143,1,Ocupado,,Cli,10000000260862,N,,,2025/07/10,
3000000020144,1,Ocupado,,Cli,,N,,,2025/07/10,
3000000020145,1,Informação,00:04:33,cli,10000000260795,N,,,2025/07/10,
3000000020146,1,Informação,,CLI,10000000260795,N,,,2025/07/10,
3000000020147,1,Informação,,CLI,10000000260795,N,,,2025/07/10,
3000000020148,1,Informação,,CLI,,N,,,2025/07/10,
3000000020149,1,Caixa Postal,,cli ,10000000260863,N,,,2025/07/10,
3000000020150,1,Informação,,CLI,,N,,,2025/07/10,
3000000020151,1,Informação,,CLI,,N,,,2025/07/10,
3000000020152,1,Chamada Não Atendida,,Cli ,10000000260547,N,,,2025/07/10,
3000000020153,1,Informação,,Cli ,,N,,,2025/07/10,
3000000020154,1,Ocupado,,,,N,,,2025/07/10,
3000000020155,1,Chamada Não Atendida,,Cli ,10000000260547,N,,,2025/07/10,
3000000020156,1,Ocupado,,,,N,,,2025/07/10,
3000000020157,1,Caixa Postal,,Cli,10000000260864,N,,,2025/07/10,
3000000020158,1,Caixa Postal,00:00:00,Cli,10000000260864,N,,,2025/07/10,
3000000020159,1,Informação,00:06:32,CLI,10000000260795,N,,,2025/07/10,
3000000020160,1,Chamada Não Atendida,00:00:23,cli ,10000000259752,N,,,2025/07/10,
3000000020161,1,Informação,00:02:23,cli,,N,,,2025/07/10,
3000000020162,1,Chamada Não Atendida,00:00:00,Cli,10000000260864,N,,,2025/07/10,
3000000020163,1,Cliente Desligou,00:00:06,Cli,10000000260862,N,,,2025/07/10,
3000000020164,1,Cliente Desligou,00:00:05,Cli,10000000260862,N,,,2025/07/10,
3000000020165,1,URA Pesquisa NPS,00:01:08,CLI,10000000260865,S,Sim,10.0,2025/07/10,Email45
3000000020166,1,URA Pesquisa NPS,00:05:09,Cli,10000000260866,S,,,2025/07/10,Email19156
3000000020167,1,Caixa Postal,00:00:05,,,N,,,2025/07/10,
3000000020168,1,Caixa Postal,00:00:03,,,N,,,2025/07/10,
3000000020169,1,Caixa Postal,00:00:05,,,N,,,2025/07/10,
3000000020170,1,Caixa Postal,,,,N,,,2025/07/10,
3000000020171,1,Caixa Postal,,,,N,,,2025/07/10,
3000000020172,1,Caixa Postal,,,,N,,,2025/07/10,
3000000020173,1,Caixa Postal,00:00:06,Cli,,N,,,2025/07/10,
3000000020174,1,Caixa Postal,00:00:16,Cli,,N,,,2025/07/10,
3000000020175,1,URA Pesquisa NPS,00:01:04,Cliente,10000000260867,S,,,2025/07/10,Email19156
3000000020176,1,Informação,00:00:30,,,N,,,2025/07/10,
3000000020177,1,Caixa Postal,00:00:04,Cli ,10000000260868,N,,,2025/07/10,
3000000020178,1,Informação,,,,N,,,2025/07/10,
3000000020179,1,URA Pesquisa NPS,00:04:11,Cli,10000000260869,S,,,2025/07/10,Email639
3000000020180,1,Caixa Postal,00:00:04,Cli,,N,,,2025/07/10,
3000000020181,1,Caixa Postal,00:00:13,Cli,,N,,,2025/07/10,
3000000020182,1,Não Atende,,CLI,10000000260870,N,,,2025/07/10,
3000000020183,1,URA Pesquisa NPS,00:01:49,Cli,10000000260871,S,Sim,5.0,2025/07/10,Email585
3000000020184,1,Não Atende,,CLI,10000000260870,N,,,2025/07/10,
3000000020185,1,Não Atende,,CLI,10000000260870,N,,,2025/07/10,
3000000020186,1,Não Atende,,CLI,10000000260872,N,,,2025/07/10,
3000000020187,1,Ocupado,,Cliente,,N,,,2025/07/10,
3000000020188,1,Informação,00:00:05,Cli,10000000260873,N,,,2025/07/10,
3000000020189,1,Ocupado,,Cliente,,N,,,2025/07/10,
3000000020190,1,Caixa Postal,00:00:02,,,N,,,2025/07/10,
3000000020191,1,Caixa Postal,00:00:06,,,N,,,2025/07/10,
3000000020192,1,Informação,00:00:03,Cli,,N,,,2025/07/10,
3000000020193,1,Chamada Não Atendida,00:00:09,,10000000260874,N,,,2025/07/10,
3000000020194,1,Informação,00:00:04,,,N,,,2025/07/10,
3000000020195,1,URA Pesquisa NPS,00:04:31,cli,10000000260813,S,Sim,9.0,2025/07/10,Email5556
3000000020196,1,Caixa Postal,,CLI,,N,,,2025/07/10,
3000000020197,1,Caixa Postal,,CLI,,N,,,2025/07/10,
3000000020198,1,Chamada Não Atendida,00:00:07,CLI,10000000260875,N,,,2025/07/10,
3000000020199,1,Caixa Postal,,cli,10000000260876,N,,,2025/07/10,
3000000020200,1,Caixa Postal,,Cli,,N,,,2025/07/10,
3000000020201,1,Informação,00:00:34,Cli,,N,,,2025/07/10,
3000000020202,1,Caixa Postal,00:00:09,CLI,10000000260877,N,,,2025/07/10,
3000000020203,1,Chamada Não Atendida,00:00:01,Cli,10000000260859,N,,,2025/07/10,
3000000020204,1,Chamada Não Atendida,00:00:01,Cli,10000000260859,N,,,2025/07/10,
3000000020205,1,Informação,00:00:06,,,N,,,2025/07/10,
3000000020206,1,Informação,00:00:04,,,N,,,2025/07/10,
3000000020207,1,Informação,,,,N,,,2025/07/10,
3000000020208,1,Caixa Postal,00:09:46,CLI,10000000260805,N,,,2025/07/10,
3000000020209,1,Caixa Postal,00:00:05,cli,10000000260806,N,,,2025/07/10,
3000000020210,1,Informação,,,,N,,,2025/07/10,
3000000020211,1,Informação,,,,N,,,2025/07/10,
3000000020212,1,URA Pesquisa NPS,00:03:32,Cli,10000000260878,S,,,2025/07/10,Email19156
3000000020213,1,Caixa Postal,00:00:06,Cli ,,N,,,2025/07/10,
3000000020214,1,Caixa Postal,00:00:01,CLI,10000000260879,N,,,2025/07/10,
3000000020215,1,Chamada Não Atendida,,CLI ,10000000260880,N,,,2025/07/10,
3000000020216,1,Chamada Não Atendida,00:00:00,CLI ,10000000260880,N,,,2025/07/10,
3000000020217,1,Caixa Postal,00:00:12,CLI,10000000260879,N,,,2025/07/10,
3000000020218,1,Informação,,Cli,,N,,,2025/07/10,
3000000020219,1,URA Pesquisa NPS,00:03:14,Cli,10000000260881,S,Sim,10.0,2025/07/10,Email11179
3000000020220,1,Caixa Postal,,cli,10000000260882,N,,,2025/07/10,
3000000020221,1,Caixa Postal,,cli,10000000260882,N,,,2025/07/10,
3000000020222,1,Caixa Postal,00:00:03,CLI,10000000260883,N,,,2025/07/10,
3000000020223,1,Cliente Desligou,00:00:10,cli,10000000260884,N,,,2025/07/10,
3000000020224,1,Caixa Postal,,cli,10000000260884,N,,,2025/07/10,
3000000020225,1,Chamada Não Atendida,,cliente,10000000260809,N,,,2025/07/10,
3000000020226,1,Chamada Não Atendida,,cliente,10000000260809,N,,,2025/07/10,
3000000020227,1,Caixa Postal,00:00:11,Cli,10000000260885,N,,,2025/07/10,
3000000020228,1,Informação,00:01:32,CLI,10000000260795,N,,,2025/07/10,
3000000020229,1,Caixa Postal,00:00:02,CLI ,,N,,,2025/07/10,
3000000020230,1,Caixa Postal,00:00:00,CLI ,,N,,,2025/07/10,
3000000020231,1,Caixa Postal,00:00:04,,,N,,,2025/07/09,
3000000020232,1,Caixa Postal,00:00:00,,,N,,,2025/07/09,
3000000020233,1,Caixa Postal,00:00:03,cli,10000000260886,N,,,2025/07/09,
3000000020234,1,Caixa Postal,00:00:03,cli,10000000260886,N,,,2025/07/09,
3000000020235,1,Caixa Postal,00:00:00,,,N,,,2025/07/09,
3000000020236,1,Informação,,,,N,,,2025/07/09,
3000000020237,1,Chamada Não Atendida,00:00:07,Cli ,10000000260887,N,,,2025/07/09,
3000000020238,1,Chamada Não Atendida,00:00:01,Cli ,10000000260887,N,,,2025/07/09,
3000000020239,1,Chamada Não Atendida,,Cli ,10000000260887,N,,,2025/07/09,
3000000020240,1,Caixa Postal,00:00:03,,,N,,,2025/07/09,
3000000020241,1,Caixa Postal,00:00:04,,,N,,,2025/07/09,
3000000020242,1,Caixa Postal,00:00:06,cli,10000000260888,N,,,2025/07/09,
3000000020243,1,Caixa Postal,00:00:04,cli,,N,,,2025/07/09,
3000000020244,1,Caixa Postal,00:00:15,Cli,10000000260889,N,,,2025/07/09,
3000000020245,1,Caixa Postal,00:00:16,Cli,10000000260889,N,,,2025/07/09,
3000000020246,1,Caixa Postal,00:00:09,Cli ,10000000260890,N,,,2025/07/09,
3000000020247,1,Caixa Postal,,Cli,10000000260891,N,,,2025/07/09,
3000000020248,1,Caixa Postal,,Cli,,N,,,2025/07/09,
3000000020249,1,URA Pesquisa NPS,00:02:31,CLI,10000000260892,S,,,2025/07/09,Email11179
3000000020250,1,Chamada Não Atendida,00:00:01,Cli ,10000000260890,N,,,2025/07/09,
3000000020251,1,Caixa Postal,00:00:08,Cli,10000000260891,N,,,2025/07/09,
3000000020252,1,Caixa Postal,,Cli,10000000260891,N,,,2025/07/09,
3000000020253,1,Caixa Postal,,cli,10000000260893,N,,,2025/07/09,
3000000020254,1,Caixa Postal,,cli,10000000260893,N,,,2025/07/09,
3000000020255,1,Informação,,,,N,,,2025/07/09,
3000000020256,1,Não Atende,00:01:48,Cli,10000000260894,N,,,2025/07/09,
3000000020257,1,Caixa Postal,,cli,,N,,,2025/07/09,
3000000020258,1,Caixa Postal,00:00:10,cli,10000000260812,N,,,2025/07/09,
3000000020259,1,URA Pesquisa NPS,00:03:39,cli,10000000260812,S,Sim,10.0,2025/07/09,Email639
3000000020260,1,Caixa Postal,00:00:01,,,N,,,2025/07/09,
3000000020261,1,Cliente Desligou,00:00:01,Cliente,10000000260895,N,,,2025/07/09,
3000000020262,1,URA Pesquisa NPS,00:00:58,Cliente,10000000260895,S,Sim,9.0,2025/07/09,Email8754
3000000020263,1,Informação,,CLI,,N,,,2025/07/09,
3000000020264,1,Caixa Postal,00:00:04,CLI,,N,,,2025/07/09,
3000000020265,1,Caixa Postal,00:00:02,CLI,,N,,,2025/07/09,
3000000020266,1,Informação,,CLI,,N,,,2025/07/09,
3000000020267,1,Informação,,,,N,,,2025/07/09,
3000000020268,1,Informação,,CLI,10000000260896,N,,,2025/07/09,
3000000020269,1,Cliente Desligou,00:00:09,Cliente,10000000260739,N,,,2025/07/09,
3000000020270,1,Caixa Postal,00:00:05,cli,10000000260888,N,,,2025/07/09,
3000000020271,1,Caixa Postal,00:00:05,cli,10000000260888,N,,,2025/07/09,
3000000020272,1,Caixa Postal,00:00:03,cli,10000000260888,N,,,2025/07/09,
3000000020273,1,Informação,00:25:16,CLI,10000000260852,N,,,2025/07/09,
3000000020274,1,Protocolo Permanecera em Andamento,00:01:38,Cli,10000000260897,N,,,2025/07/09,
3000000020275,1,Caixa Postal,00:00:04,CLIENTE,10000000260898,N,,,2025/07/09,
3000000020276,1,URA Pesquisa NPS,00:01:19,cli,10000000260899,S,,,2025/07/09,Email48438
3000000020277,1,Caixa Postal,00:00:10,cli,10000000260900,N,,,2025/07/09,
3000000020278,1,Informação,00:01:09,CLI,10000000260896,N,,,2025/07/09,
3000000020279,1,Caixa Postal,00:00:06,Cli,10000000260889,N,,,2025/07/09,
3000000020280,1,Caixa Postal,00:00:03,Cli,10000000260889,N,,,2025/07/09,
3000000020281,1,Caixa Postal,00:00:00,Cli,,N,,,2025/07/09,
3000000020282,1,Contato de Finalizacao do Protocolo,00:08:44,Cli,10000000260901,N,,,2025/07/09,
3000000020283,1,Informação,00:00:01,Cli,10000000260902,N,,,2025/07/09,
3000000020284,1,Informação,00:00:01,Cli,10000000260902,N,,,2025/07/09,
3000000020285,1,Protocolo Permanecera em Andamento,,Cli,10000000260897,N,,,2025/07/09,
3000000020286,1,URA Pesquisa NPS,00:01:17,Cli,10000000260897,S,Sim,10.0,2025/07/09,Email1615
3000000020287,1,Caixa Postal,,cli,10000000260893,N,,,2025/07/09,
3000000020288,1,Não Atende,00:00:53,Cli,10000000260894,N,,,2025/07/09,
3000000020289,1,Informação,00:03:15,CLI,10000000260799,N,,,2025/07/09,
3000000020290,1,URA Pesquisa NPS,00:02:10,cli,10000000260751,S,Sim,10.0,2025/07/09,Email5371
3000000020291,1,Caixa Postal,00:00:04,cli,10000000260903,N,,,2025/07/09,
3000000020292,1,Caixa Postal,00:00:00,,,N,,,2025/07/09,
3000000020293,1,Caixa Postal,00:00:02,,,N,,,2025/07/09,
3000000020294,1,Caixa Postal,,,,N,,,2025/07/09,
3000000020295,1,Caixa Postal,,,,N,,,2025/07/09,
3000000020296,1,Caixa Postal,,,,N,,,2025/07/09,
3000000020297,1,Não Atende,,CLI,10000000260904,N,,,2025/07/09,
3000000020298,1,Caixa Postal,,,,N,,,2025/07/09,
3000000020299,1,Caixa Postal,,,,N,,,2025/07/09,
3000000020300,1,Caixa Postal,00:00:05,,,N,,,2025/07/09,
3000000020301,1,Informação,00:01:42,,,N,,,2025/07/09,
3000000020302,1,Caixa Postal,,CLI ,10000000260905,N,,,2025/07/09,
3000000020303,1,URA Pesquisa NPS,00:05:09,Cli,10000000260906,S,Sim,10.0,2025/07/09,Email19156
3000000020304,1,Informação,00:02:39,Cli ,10000000260907,N,,,2025/07/09,
3000000020305,1,Caixa Postal,00:00:06,,,N,,,2025/07/09,
3000000020306,1,Sent To Voicemail,00:22:22,Cli,10000000260908,S,Sim,10.0,2025/07/09,Email5371
3000000020307,1,Caixa Postal,00:00:04,Cli,,N,,,2025/07/09,
3000000020308,1,Caixa Postal,,Cli,,N,,,2025/07/09,
3000000020309,1,Informação,,cli,10000000260909,N,,,2025/07/09,
3000000020310,1,Caixa Postal,,,,N,,,2025/07/09,
3000000020311,1,Caixa Postal,,,,N,,,2025/07/09,
3000000020312,1,Caixa Postal,,Cliente,10000000260910,N,,,2025/07/09,
3000000020313,1,Caixa Postal,,Cliente,10000000260910,N,,,2025/07/09,
3000000020314,1,Caixa Postal,00:00:06,cli,10000000260911,N,,,2025/07/09,
3000000020315,1,Caixa Postal,00:00:05,cli,10000000260911,N,,,2025/07/09,
3000000020316,1,URA Pesquisa NPS,00:06:11,cli,10000000260911,S,,,2025/07/09,Email11179
3000000020317,1,Caixa Postal,00:00:07,CLI,10000000260912,N,,,2025/07/09,
3000000020318,1,URA Pesquisa NPS,00:00:51,Cliente,10000000260910,S,Sim,6.0,2025/07/09,Email8754
3000000020319,1,Caixa Postal,,,,N,,,2025/07/09,
3000000020320,1,Caixa Postal,,,,N,,,2025/07/09,
3000000020321,1,Chamada Não Atendida,,Cli ,10000000260913,N,,,2025/07/09,
3000000020322,1,Caixa Postal,00:00:07,Cli,10000000260914,N,,,2025/07/09,
3000000020323,1,Caixa Postal,00:00:05,Cli,10000000260914,N,,,2025/07/09,
3000000020324,1,Informação,00:03:36,cli,10000000260915,N,,,2025/07/09,
3000000020325,1,URA Pesquisa NPS,00:00:50,CLI,10000000260916,S,Sim,10.0,2025/07/09,Email45
3000000020326,1,Informação,,CLI,,N,,,2025/07/09,
3000000020327,1,Informação,,CLI,,N,,,2025/07/09,
3000000020328,1,Caixa Postal,00:00:10,,,N,,,2025/07/09,
3000000020329,1,Caixa Postal,00:00:05,,,N,,,2025/07/09,
3000000020330,1,Caixa Postal,,,,N,,,2025/07/09,
3000000020331,1,Caixa Postal,,,,N,,,2025/07/09,
3000000020332,1,Caixa Postal,00:00:10,,,N,,,2025/07/09,
3000000020333,1,Caixa Postal,,,,N,,,2025/07/09,
3000000020334,1,Caixa Postal,00:00:08,,,N,,,2025/07/09,
3000000020335,1,Caixa Postal,00:00:02,,,N,,,2025/07/09,
3000000020336,1,Chamada Não Atendida,,CLI,10000000260917,N,,,2025/07/09,
3000000020337,1,Informação,00:14:18,cli,10000000260918,N,,,2025/07/09,
3000000020338,1,Caixa Postal,00:00:04,CLI,,N,,,2025/07/09,
3000000020339,1,URA Pesquisa NPS,00:00:54,CLI,10000000260917,S,,,2025/07/09,Email296
3000000020340,1,Caixa Postal,,CLI,,N,,,2025/07/09,
3000000020341,1,Cliente Desligou,00:00:01,,,N,,,2025/07/09,
3000000020342,1,URA Pesquisa NPS,00:03:30,Cli,10000000260919,S,Sim,,2025/07/09,Email5371
3000000020343,1,Caixa Postal,,,,N,,,2025/07/09,
3000000020344,1,Caixa Postal,00:00:01,,,N,,,2025/07/09,
3000000020345,1,Caixa Postal,00:00:05,,,N,,,2025/07/09,
3000000020346,1,URA Pesquisa NPS,00:02:21,Cli,10000000260920,S,,,2025/07/09,Email585
3000000020347,1,Caixa Postal,00:00:00,,,N,,,2025/07/09,
3000000020348,1,Caixa Postal,00:00:09,,,N,,,2025/07/09,
3000000020349,1,Caixa Postal,00:00:11,CLI,10000000260921,N,,,2025/07/09,
3000000020350,1,Informação,,Cli,10000000260922,N,,,2025/07/09,
3000000020351,1,Caixa Postal,,cli,10000000260923,N,,,2025/07/09,
3000000020352,1,URA Pesquisa NPS,00:00:51,Cli,10000000260924,S,,,2025/07/09,Email585
3000000020353,1,Caixa Postal,00:00:10,CLI,10000000260925,N,,,2025/07/09,
3000000020354,1,URA Pesquisa NPS,00:02:30,Cli,10000000260926,S,Sim,,2025/07/09,Email585
3000000020355,1,Caixa Postal,00:00:07,CLI ,10000000260927,N,,,2025/07/09,
3000000020356,1,URA Pesquisa NPS,00:03:22,Cli,10000000260928,S,Sim,10.0,2025/07/09,Email19156
3000000020357,1,Chamada Não Atendida,00:00:02,Cli ,,N,,,2025/07/09,
3000000020358,1,Caixa Postal,00:00:07,CLI,10000000260877,N,,,2025/07/09,
3000000020359,1,Caixa Postal,00:00:02,Cliente,,N,,,2025/07/09,
3000000020360,1,Caixa Postal,00:00:18,cli,10000000260929,N,,,2025/07/09,
3000000020361,1,Caixa Postal,,Cliente,,N,,,2025/07/09,
3000000020362,1,Caixa Postal,00:00:05,cli,10000000260929,N,,,2025/07/09,
3000000020363,1,Sent To Voicemail,00:09:46,Cli,10000000260930,S,Sim,10.0,2025/07/09,Email11179
3000000020364,1,Não Atende,,,,N,,,2025/07/09,
3000000020365,1,Não Atende,,,,N,,,2025/07/09,
3000000020366,1,Caixa Postal,00:00:05,cli,10000000260542,N,,,2025/07/09,
3000000020367,1,URA Pesquisa NPS,00:02:40,cli,10000000260542,S,,,2025/07/09,Email639
3000000020368,1,Caixa Postal,,CLI,,N,,,2025/07/09,
3000000020369,1,Caixa Postal,,CLI,,N,,,2025/07/09,
3000000020370,1,Caixa Postal,00:00:06,CLI,,N,,,2025/07/09,
3000000020371,1,Informação,00:00:02,,,N,,,2025/07/09,
3000000020372,1,Informação,00:00:04,,,N,,,2025/07/09,
3000000020373,1,Caixa Postal,,cli,10000000260931,N,,,2025/07/09,
3000000020374,1,Informação,00:00:07,,,N,,,2025/07/09,
3000000020375,1,Informação,00:00:03,,,N,,,2025/07/09,
3000000020376,1,Caixa Postal,,Cli,10000000260932,N,,,2025/07/09,
3000000020377,1,Caixa Postal,,Cli,10000000260933,N,,,2025/07/09,
3000000020378,1,URA Pesquisa NPS,00:00:40,CLI,10000000260038,S,,,2025/07/08,Email48438
3000000020379,1,Caixa Postal,00:00:05,Cli,,N,,,2025/07/08,
3000000020380,1,URA Pesquisa NPS,00:01:40,Cli,10000000260715,S,Sim,10.0,2025/07/08,Email585
3000000020381,1,URA Pesquisa NPS,00:01:56,Cli,10000000260529,S,,,2025/07/08,Email585
3000000020382,1,Informação,,cli,,N,,,2025/07/08,
3000000020383,1,Caixa Postal,00:00:07,Cli,10000000260934,N,,,2025/07/08,
3000000020384,1,Ocupado,,CLI,10000000260935,N,,,2025/07/08,
3000000020385,1,Contato de Finalizacao do Protocolo,00:00:09,CLI,10000000260935,N,,,2025/07/08,
3000000020386,1,URA Pesquisa NPS,00:01:39,CLI,10000000260936,S,,,2025/07/08,Email19156
3000000020387,1,Caixa Postal,00:00:24,Cli,10000000260937,N,,,2025/07/08,
3000000020388,1,URA Pesquisa NPS,00:02:30,CLI,10000000260938,S,Sim,7.0,2025/07/08,Email288
3000000020389,1,Caixa Postal,00:00:04,cli,10000000260939,N,,,2025/07/08,
3000000020390,1,Caixa Postal,00:00:03,cli,10000000260939,N,,,2025/07/08,
3000000020391,1,Caixa Postal,00:00:01,CLI,10000000260940,N,,,2025/07/08,
3000000020392,1,Caixa Postal,00:00:12,Cli,10000000260941,N,,,2025/07/08,
3000000020393,1,Informação,00:06:17,,,N,,,2025/07/08,
3000000020394,1,Caixa Postal,,Cli,10000000260838,N,,,2025/07/08,
3000000020395,1,Caixa Postal,00:00:15,cli,10000000260942,N,,,2025/07/08,
3000000020396,1,Caixa Postal,00:00:17,Cli,10000000260943,N,,,2025/07/08,
3000000020397,1,Contato de Finalizacao do Protocolo,00:16:12,,,N,,,2025/07/08,
3000000020398,1,URA Pesquisa NPS,00:01:49,Cli,10000000260944,S,,,2025/07/08,Email19156
3000000020399,1,Caixa Postal,00:00:01,CLI,10000000260940,N,,,2025/07/08,
3000000020400,1,Contato de Finalizacao do Protocolo,00:04:29,Cli,10000000260945,N,,,2025/07/08,
3000000020401,1,Agent Error,00:05:51,,,N,,,2025/07/08,
3000000020402,1,URA Pesquisa NPS,00:03:09,cli,10000000260946,S,Sim,10.0,2025/07/08,Email11179
3000000020403,1,Caixa Postal,00:00:06,Cli,10000000260941,N,,,2025/07/08,
3000000020404,1,Consulta Status,,CLI,,N,,,2025/07/08,
3000000020405,1,URA Pesquisa NPS,00:01:56,cli,10000000260947,S,,,2025/07/08,Email48438
3000000020406,1,Caixa Postal,,CLI,10000000260948,N,,,2025/07/08,
3000000020407,1,Caixa Postal,00:00:13,CLI,10000000260948,N,,,2025/07/08,
3000000020408,1,Consulta Status,,,,N,,,2025/07/08,
3000000020409,1,Ocupado,,Cli,10000000260949,N,,,2025/07/08,
3000000020410,1,Ocupado,,Cli,10000000260949,N,,,2025/07/08,
3000000020411,1,Consulta Status,00:00:06,Cli,,N,,,2025/07/08,
3000000020412,1,Consulta Status,00:00:03,Cli,,N,,,2025/07/08,
3000000020413,1,Caixa Postal,00:00:05,CLI,10000000260921,N,,,2025/07/08,
3000000020414,1,Caixa Postal,00:00:04,CLI,10000000260921,N,,,2025/07/08,
3000000020415,1,Informação,00:00:04,cli,10000000260950,N,,,2025/07/08,
3000000020416,1,Informação,00:04:53,cli,10000000260950,N,,,2025/07/08,
3000000020417,1,Caixa Postal,00:00:06,CLI,10000000260948,N,,,2025/07/08,
3000000020418,1,Caixa Postal,,CLI,,N,,,2025/07/08,
3000000020419,1,Caixa Postal,00:00:04,CLI,,N,,,2025/07/08,
3000000020420,1,URA Pesquisa NPS,00:16:13,cli,10000000260950,S,Sim,10.0,2025/07/08,Email48438
3000000020421,1,Caixa Postal,00:00:06,Cli,10000000260951,N,,,2025/07/08,
3000000020422,1,Caixa Postal,00:00:04,Cli,10000000260949,N,,,2025/07/08,
3000000020423,1,Caixa Postal,,Cli,10000000260949,N,,,2025/07/08,
3000000020424,1,Caixa Postal,,Cli,10000000260949,N,,,2025/07/08,
3000000020425,1,Caixa Postal,,Cli,10000000260949,N,,,2025/07/08,
3000000020426,1,Informação,00:01:02,Cli,10000000260952,N,,,2025/07/08,
3000000020427,1,Caixa Postal,00:00:05,CLI,10000000260912,N,,,2025/07/08,
3000000020428,1,URA Pesquisa NPS,00:24:49,CLI,10000000260953,S,Sim,9.0,2025/07/08,Email11179
3000000020429,1,Caixa Postal,00:00:04,CLI,10000000260954,N,,,2025/07/08,
3000000020430,1,Caixa Postal,,CLI,10000000260954,N,,,2025/07/08,
3000000020431,1,Informação,00:09:24,Cli ,10000000260887,N,,,2025/07/08,
3000000020432,1,Caixa Postal,00:00:05,cli,10000000260955,N,,,2025/07/08,
3000000020433,1,Informação,00:06:32,cli,10000000260955,N,,,2025/07/08,
3000000020434,1,Consulta Status,,cli,,N,,,2025/07/08,
3000000020435,1,Consulta Status,00:02:03,cli,,N,,,2025/07/08,
3000000020436,1,URA Pesquisa NPS,00:03:03,cli,,S,Sim,10.0,2025/07/08,Email5556
3000000020437,1,Caixa Postal,00:00:01,Cliente,10000000260956,N,,,2025/07/08,
3000000020438,1,URA Pesquisa NPS,00:01:53,Cliente,10000000260956,S,,,2025/07/08,Email48438
3000000020439,1,URA Pesquisa NPS,00:01:46,cli,10000000260619,S,Sim,10.0,2025/07/08,Email585
3000000020440,1,Chamada Não Atendida,,cli,10000000260957,N,,,2025/07/08,
3000000020441,1,Caixa Postal,,cli,10000000260957,N,,,2025/07/08,
3000000020442,1,Ligação Muda,00:00:28,cli,10000000260958,N,,,2025/07/08,
3000000020443,1,URA Pesquisa NPS,00:01:23,CLI ,10000000260959,S,,,2025/07/08,Email372
3000000020444,1,Informação,00:00:01,,,N,,,2025/07/08,
3000000020445,1,Informação,00:00:05,,,N,,,2025/07/08,
3000000020446,1,Caixa Postal,,Cli,,N,,,2025/07/08,
3000000020447,1,Ligação Muda,00:00:27,CLI,10000000260954,N,,,2025/07/08,
3000000020448,1,Chamada Não Atendida,00:00:04,CLI,10000000260954,N,,,2025/07/08,
3000000020449,1,Chamada Não Atendida,00:00:03,CLI,10000000260954,N,,,2025/07/08,
3000000020450,1,Chamada Não Atendida,,CLI ,10000000260960,N,,,2025/07/08,
3000000020451,1,Chamada Não Atendida,00:00:00,CLI ,10000000260960,N,,,2025/07/08,
3000000020452,1,Caixa Postal,,cli,10000000260957,N,,,2025/07/08,
3000000020453,1,URA Pesquisa NPS,00:01:08,Cli,10000000260961,S,,,2025/07/08,Email19156
3000000020454,1,Caixa Postal,00:00:05,CLI,,N,,,2025/07/08,
3000000020455,1,Caixa Postal,,CLI,,N,,,2025/07/08,
3000000020456,1,Caixa Postal,00:00:11,Cli ,10000000260962,N,,,2025/07/08,
3000000020457,1,Informação,,cli,,N,,,2025/07/07,
3000000020458,1,Caixa Postal,,CLI,10000000260963,N,,,2025/07/07,
3000000020459,1,Caixa Postal,00:00:04,Cli,10000000260964,N,,,2025/07/07,
3000000020460,1,Cliente Desligou,00:00:01,Cli ,10000000260965,N,,,2025/07/07,
3000000020461,1,Cliente Desligou,00:00:01,Cli ,10000000260965,N,,,2025/07/07,
3000000020462,1,Caixa Postal,00:00:04,cli,10000000260966,N,,,2025/07/07,
3000000020463,1,Caixa Postal,00:00:05,CLI,10000000260967,N,,,2025/07/07,
3000000020464,1,Caixa Postal,00:00:11,Cli,10000000260968,N,,,2025/07/07,
3000000020465,1,Caixa Postal,,Cli,10000000260969,N,,,2025/07/07,
3000000020466,1,Caixa Postal,,Cli,10000000260969,N,,,2025/07/07,
3000000020467,1,Responsavel ausente,00:00:36,cli,10000000260970,N,,,2025/07/07,
3000000020468,1,Chamada Não Atendida,,cli,10000000260970,N,,,2025/07/07,
3000000020469,1,Chamada Não Atendida,,cli,,N,,,2025/07/07,
3000000020470,1,Contato de Finalizacao do Protocolo,00:02:47,,10000000260969,N,,,2025/07/07,
3000000020471,1,Caixa Postal,,cli,,N,,,2025/07/07,
3000000020472,1,Informação,,,,N,,,2025/07/07,
3000000020473,1,Informação,,,,N,,,2025/07/07,
3000000020474,1,Ligação Muda,,Cli,,N,,,2025/07/07,
3000000020475,1,Caixa Postal,00:00:09,Cli,10000000260969,N,,,2025/07/07,
3000000020476,1,Caixa Postal,,CLI,,N,,,2025/07/07,
3000000020477,1,Chamada Não Atendida,,cli,10000000260970,N,,,2025/07/07,
3000000020478,1,Caixa Postal,,,,N,,,2025/07/07,
3000000020479,1,Caixa Postal,00:00:04,CLI,10000000260971,N,,,2025/07/07,
3000000020480,1,Chamada Não Atendida,00:00:02,Cli ,10000000260972,N,,,2025/07/07,
3000000020481,1,Chamada Não Atendida,00:00:05,Cli ,10000000260972,N,,,2025/07/07,
3000000020482,1,Informação,00:06:12,Cli ,10000000260972,N,,,2025/07/07,
3000000020483,1,Caixa Postal,00:00:04,Cli,10000000260973,N,,,2025/07/07,
3000000020484,1,Caixa Postal,00:00:04,Cli,10000000260973,N,,,2025/07/07,
3000000020485,1,Não Atende,,Cli,10000000260968,N,,,2025/07/07,
3000000020486,1,URA Pesquisa NPS,00:04:15,CLI,10000000260846,S,Sim,10.0,2025/07/07,Email11179
3000000020487,1,URA Pesquisa NPS,00:02:14,,,S,Sim,10.0,2025/07/07,Email19156
3000000020488,1,Caixa Postal,00:00:05,Cli ,10000000260974,N,,,2025/07/07,
3000000020489,1,Caixa Postal,00:00:05,Cli ,10000000260974,N,,,2025/07/07,
3000000020490,1,Informação,00:08:32,Cli ,10000000260974,N,,,2025/07/07,
3000000020491,1,Caixa Postal,00:00:03,cli,10000000260975,N,,,2025/07/07,
3000000020492,1,Caixa Postal,00:00:01,cli,10000000260975,N,,,2025/07/07,
3000000020493,1,Caixa Postal,00:00:01,cli,10000000260976,N,,,2025/07/07,
3000000020494,1,Caixa Postal,00:00:10,Cli,10000000260977,N,,,2025/07/07,
3000000020495,1,Caixa Postal,00:00:04,Cli,10000000260977,N,,,2025/07/07,
3000000020496,1,URA Pesquisa NPS,00:12:00,cl,10000000260978,S,Sim,8.0,2025/07/07,Email48445
3000000020497,1,Chamada Não Atendida,00:00:00,CLI ,10000000260979,N,,,2025/07/07,
3000000020498,1,Chamada Não Atendida,,CLI ,10000000260979,N,,,2025/07/07,
3000000020499,1,Chamada Não Atendida,00:00:05,CLI ,10000000260980,N,,,2025/07/07,
3000000020500,1,Ocupado,,Cli,10000000260981,N,,,2025/07/07,
3000000020501,1,Ocupado,,Cli,10000000260981,N,,,2025/07/07,
3000000020502,1,Ocupado,,Cli,10000000260981,N,,,2025/07/07,
3000000020503,1,Informação,00:04:15,CLI,10000000260982,N,,,2025/07/07,
3000000020504,1,URA Pesquisa NPS,00:05:35,Cliente,10000000260867,S,Sim,10.0,2025/07/07,Email19156
3000000020505,1,URA Pesquisa NPS,00:02:24,CLI,,S,Sim,10.0,2025/07/07,Email19156
3000000020506,1,Ligação Muda,,CLI,10000000260877,N,,,2025/07/07,
3000000020507,1,Ocupado,,CLI,10000000260983,N,,,2025/07/07,
3000000020508,1,URA Pesquisa NPS,00:01:22,,,S,Sim,10.0,2025/07/07,Email639
3000000020509,1,Caixa Postal,00:00:05,CLI ,,N,,,2025/07/07,
3000000020510,1,Chamada Não Atendida,,CLI ,10000000260984,N,,,2025/07/07,
3000000020511,1,Chamada Não Atendida,,CLI ,10000000260984,N,,,2025/07/07,
3000000020512,1,URA Pesquisa NPS,00:15:36,Cli,10000000260881,S,,,2025/07/07,Email19156
3000000020513,1,Caixa Postal,00:00:07,cli,10000000260985,N,,,2025/07/07,
3000000020514,1,Informação,00:01:07,cli,10000000260985,N,,,2025/07/07,
3000000020515,1,Não Atende,,CLI,10000000260986,N,,,2025/07/07,
3000000020516,1,Ocupado,,CLI,10000000260987,N,,,2025/07/07,
3000000020517,1,Informação,,cli,10000000260988,N,,,2025/07/07,
3000000020518,1,Informação,00:02:12,Cli,10000000260989,N,,,2025/07/07,
3000000020519,1,Caixa Postal,00:00:01,CLI,10000000260989,N,,,2025/07/07,
3000000020520,1,Caixa Postal,,,,N,,,2025/07/07,
3000000020521,1,Informação,00:00:04,,,N,,,2025/07/07,
3000000020522,1,Caixa Postal,,,,N,,,2025/07/07,
3000000020523,1,Informação,,,,N,,,2025/07/07,
3000000020524,1,Informação,00:00:12,cli,,N,,,2025/07/07,
3000000020525,1,Informação,00:00:04,cli,,N,,,2025/07/07,
3000000020526,1,Caixa Postal,00:00:07,,,N,,,2025/07/07,
3000000020527,1,Caixa Postal,00:00:14,Cli,,N,,,2025/07/04,
3000000020528,1,Caixa Postal,00:00:04,Cli,,N,,,2025/07/04,
3000000020529,1,Caixa Postal,,Cli,10000000260990,N,,,2025/07/04,
3000000020530,1,Caixa Postal,00:00:04,cli,10000000260991,N,,,2025/07/04,
3000000020531,1,Caixa Postal,00:00:02,cli,,N,,,2025/07/04,
3000000020532,1,Informação,00:29:28,CLI,10000000260992,N,,,2025/07/04,
3000000020533,1,Dados incorretos do cliente,,Cliente,10000000260993,N,,,2025/07/04,
3000000020534,1,Caixa Postal,,cliente,10000000260993,N,,,2025/07/04,
3000000020535,1,Caixa Postal,00:00:09,CLI,10000000260994,N,,,2025/07/04,
3000000020536,1,URA Pesquisa NPS,00:01:29,CLI,10000000260085,S,Sim,,2025/07/04,Email5556
3000000020537,1,Informação,00:08:27,Cli ,,N,,,2025/07/04,
3000000020538,1,Agent Error,00:09:49,,,N,,,2025/07/04,
3000000020539,1,Caixa Postal,00:00:14,Cli,10000000260995,N,,,2025/07/04,
3000000020540,1,Dados incorretos do cliente,,Cli,10000000260995,N,,,2025/07/04,
3000000020541,1,URA Pesquisa NPS,00:04:30,CLI,10000000260996,S,Sim,10.0,2025/07/04,Email4194
3000000020542,1,Ocupado,,,,N,,,2025/07/04,
3000000020543,1,Ocupado,,,,N,,,2025/07/04,
3000000020544,1,Caixa Postal,,Cli ,,N,,,2025/07/04,
3000000020545,1,Caixa Postal,,Cli ,,N,,,2025/07/04,
3000000020546,1,Informação,00:00:09,,,N,,,2025/07/04,
3000000020547,1,URA Pesquisa NPS,00:01:20,Cli ,10000000260997,S,Sim,10.0,2025/07/04,Email48444
3000000020548,1,Caixa Postal,00:00:04,,,N,,,2025/07/04,
3000000020549,1,Informação,00:00:05,CLI,,N,,,2025/07/04,
3000000020550,1,URA Pesquisa NPS,00:01:12,CLI,10000000260938,S,,,2025/07/04,Email5556
3000000020551,1,Caixa Postal,00:00:08,cli,,N,,,2025/07/04,
3000000020552,1,Contato de Finalizacao do Protocolo,00:12:01,cli,,N,,,2025/07/04,
3000000020553,1,Caixa Postal,,,,N,,,2025/07/04,
3000000020554,1,Informação,00:01:56,Cli ,10000000260890,N,,,2025/07/04,
3000000020555,1,URA Pesquisa NPS,00:01:05,Cli,10000000260998,S,Sim,9.0,2025/07/04,Email5371
3000000020556,1,Caixa Postal,00:00:08,CLI,10000000260994,N,,,2025/07/04,
3000000020557,1,Informação,00:00:04,,,N,,,2025/07/04,
3000000020558,1,URA Pesquisa NPS,00:02:01,Cli ,10000000260999,S,Sim,10.0,2025/07/04,Email48443
3000000020559,1,Caixa Postal,00:00:08,cli,10000000261000,N,,,2025/07/04,
3000000020560,1,Informação,00:00:06,,,N,,,2025/07/04,
3000000020561,1,Informação,00:00:00,,,N,,,2025/07/04,
3000000020562,1,Caixa Postal,00:00:03,,,N,,,2025/07/04,
3000000020563,1,Contato de Finalizacao do Protocolo,00:16:22,,,N,,,2025/07/04,
3000000020564,1,Caixa Postal,,Cli ,10000000261001,N,,,2025/07/04,
3000000020565,1,Caixa Postal,00:00:01,Cli ,10000000261001,N,,,2025/07/04,
3000000020566,1,URA Pesquisa NPS,00:03:15,cli,10000000261002,S,Sim,10.0,2025/07/04,Email48445
3000000020567,1,Chamada Não Atendida,00:00:02,CLI ,10000000261003,N,,,2025/07/04,
3000000020568,1,Chamada Não Atendida,00:00:00,CLI ,10000000261003,N,,,2025/07/04,
3000000020569,1,Caixa Postal,00:43:27,CLI,,N,,,2025/07/04,
3000000020570,1,Chamada Não Atendida,00:00:00,CLI ,10000000261004,N,,,2025/07/04,
3000000020571,1,Informação,00:08:06,CLI ,10000000261004,N,,,2025/07/04,
3000000020572,1,URA Pesquisa NPS,00:01:09,cli,10000000261005,S,Sim,10.0,2025/07/04,Email48445
3000000020573,1,Caixa Postal,00:00:03,Cli ,10000000261006,N,,,2025/07/04,
3000000020574,1,Chamada Não Atendida,00:00:08,CLI ,10000000261004,N,,,2025/07/04,
3000000020575,1,URA Pesquisa NPS,00:05:00,Cli ,10000000261006,S,,,2025/07/04,Email48444
3000000020576,1,Caixa Postal,00:00:04,Cli,10000000261007,N,,,2025/07/04,
3000000020577,1,Chamada Não Atendida,00:00:02,CLI ,10000000261004,N,,,2025/07/04,
3000000020578,1,Chamada Não Atendida,00:00:03,CLI ,10000000261004,N,,,2025/07/04,
3000000020579,1,Caixa Postal,00:00:04,Cli,10000000261008,N,,,2025/07/04,
3000000020580,1,Chamada Não Atendida,00:00:03,CLI ,10000000261004,N,,,2025/07/04,
3000000020581,1,URA Pesquisa NPS,00:01:04,CLI ,10000000261004,S,Sim,10.0,2025/07/04,Email372
3000000020582,1,URA Pesquisa NPS,00:01:45,Cli,10000000261009,S,Sim,3.0,2025/07/04,Email19156
3000000020583,1,Caixa Postal,00:00:06,cli,10000000260888,N,,,2025/07/04,
3000000020584,1,Caixa Postal,00:00:19,Cli,10000000261010,N,,,2025/07/04,
3000000020585,1,Caixa Postal,,Cli,10000000261010,N,,,2025/07/04,
3000000020586,1,Dados incorretos do cliente,,Cli,,N,,,2025/07/04,
3000000020587,1,Caixa Postal,,Cli,10000000261011,N,,,2025/07/04,
3000000020588,1,Informação,,Cliente,,N,,,2025/07/04,
3000000020589,1,Caixa Postal,,,,N,,,2025/07/04,
3000000020590,1,URA Pesquisa NPS,00:14:36,Cli,10000000261012,S,,,2025/07/04,Email19156
3000000020591,1,Chamada Não Atendida,,cli,,N,,,2025/07/04,
3000000020592,1,URA Pesquisa NPS,00:03:56,Cli ,10000000261013,S,Sim,10.0,2025/07/04,Email48445
3000000020593,1,Informação,00:00:05,,,N,,,2025/07/04,
3000000020594,1,URA Pesquisa NPS,00:01:32,cli,10000000261014,S,Sim,9.0,2025/07/04,Email5556
3000000020595,1,Informação,00:02:59,cli,,N,,,2025/07/04,
3000000020596,1,Informação,00:00:06,cli,,N,,,2025/07/04,
3000000020597,1,Informação,00:00:13,cli,,N,,,2025/07/04,
3000000020598,1,URA Pesquisa NPS,00:04:20,cli,10000000261015,S,Sim,10.0,2025/07/04,Email5556
3000000020599,1,Caixa Postal,00:00:10,Cli,10000000261016,N,,,2025/07/04,
3000000020600,1,Caixa Postal,00:00:22,Cli,10000000261016,N,,,2025/07/04,
3000000020601,1,Informação,,Cli,,N,,,2025/07/03,
3000000020602,1,Informação,,,,N,,,2025/07/03,
3000000020603,1,Informação,00:01:29,,,N,,,2025/07/03,
3000000020604,1,Informação,00:00:03,,,N,,,2025/07/03,
3000000020605,1,URA Pesquisa NPS,00:26:38,CLI,,S,,,2025/07/03,Email19156
3000000020606,1,Caixa Postal,00:00:11,CLI,10000000261017,N,,,2025/07/03,
3000000020607,1,URA Pesquisa NPS,00:03:58,Cli,,S,Sim,10.0,2025/07/03,Email11179
3000000020608,1,Não Atende,00:00:04,CLI,10000000261018,N,,,2025/07/03,
3000000020609,1,URA Pesquisa NPS,00:02:27,Cli,10000000261019,S,Sim,8.0,2025/07/03,Email5556
3000000020610,1,URA Pesquisa NPS,00:02:35,CLI,10000000261020,S,Sim,10.0,2025/07/03,Email296
3000000020611,1,Caixa Postal,00:00:13,Cli ,,N,,,2025/07/03,
3000000020612,1,Caixa Postal,00:00:03,Cli ,,N,,,2025/07/03,
3000000020613,1,Caixa Postal,00:00:01,Cli ,,N,,,2025/07/03,
3000000020614,1,Ligação Muda,,CLI,10000000261021,N,,,2025/07/03,
3000000020615,1,Não Atende,,CLI,10000000261021,N,,,2025/07/03,
3000000020616,1,Caixa Postal,,,,N,,,2025/07/03,
3000000020617,1,Caixa Postal,,,,N,,,2025/07/03,
3000000020618,1,Caixa Postal,,Cli ,10000000261022,N,,,2025/07/03,
3000000020619,1,URA Pesquisa NPS,00:01:51,,,S,,,2025/07/03,Email19156
3000000020620,1,Caixa Postal,,Cli ,10000000261022,N,,,2025/07/03,
3000000020621,1,Caixa Postal,,,,N,,,2025/07/03,
3000000020622,1,Informação,,,,N,,,2025/07/03,
3000000020623,1,Ocupado,,CLI,,N,,,2025/07/03,
3000000020624,1,Ocupado,,CLI,,N,,,2025/07/03,
3000000020625,1,URA Pesquisa NPS,00:03:54,CLI,10000000261023,S,Sim,10.0,2025/07/03,Email4355
3000000020626,1,Cliente Desligou,00:00:13,CLI,10000000261018,N,,,2025/07/03,
3000000020627,1,Ligação Muda,00:00:12,CLI,10000000261017,N,,,2025/07/03,
3000000020628,1,URA Pesquisa NPS,00:01:05,Cli,10000000261024,S,Sim,10.0,2025/07/03,Email5371
3000000020629,1,URA Pesquisa NPS,00:02:35,Cliente,10000000261025,S,Sim,10.0,2025/07/03,Email11179
3000000020630,1,URA Pesquisa NPS,00:01:44,Cli ,10000000261026,S,Sim,10.0,2025/07/03,Email48444
3000000020631,1,Caixa Postal,00:00:09,,,N,,,2025/07/03,
3000000020632,1,Ligação Muda,,CLI,10000000261021,N,,,2025/07/03,
3000000020633,1,Informação,00:02:48,CLI,10000000261021,N,,,2025/07/03,
3000000020634,1,Sent To Voicemail,00:01:23,CLI,10000000261021,S,Sim,9.0,2025/07/03,Email11179
3000000020635,1,Contato de Finalizacao do Protocolo,00:02:17,,,N,,,2025/07/03,
3000000020636,1,Informação,00:00:06,,,N,,,2025/07/03,
3000000020637,1,Caixa Postal,,Cli,,N,,,2025/07/03,
3000000020638,1,URA Pesquisa NPS,00:00:52,Cli,10000000261027,S,Sim,10.0,2025/07/03,Email19156
3000000020639,1,Informação,00:00:05,cli,,N,,,2025/07/03,
3000000020640,1,Informação,,CLI ,,N,,,2025/07/03,
3000000020641,1,Informação,,CLI ,,N,,,2025/07/03,
3000000020642,1,Informação,00:00:04,,,N,,,2025/07/03,
3000000020643,1,Caixa Postal,00:00:05,Cli,10000000261028,N,,,2025/07/03,
3000000020644,1,Informação,00:00:05,,,N,,,2025/07/03,
3000000020645,1,URA Pesquisa NPS,00:01:30,Cli,10000000261028,S,Sim,9.0,2025/07/03,Email639
3000000020646,1,Caixa Postal,00:00:03,Cli ,10000000261029,N,,,2025/07/03,
3000000020647,1,Caixa Postal,00:00:02,Cli ,10000000261029,N,,,2025/07/03,
3000000020648,1,Informação,00:01:07,Cli ,10000000261029,N,,,2025/07/03,
3000000020649,1,Caixa Postal,,Cli,10000000261030,N,,,2025/07/03,
3000000020650,1,URA Pesquisa NPS,00:01:17,CLI,10000000261031,S,Sim,10.0,2025/07/03,Email1615
3000000020651,1,Informação,00:00:10,,,N,,,2025/07/03,
3000000020652,1,URA Pesquisa NPS,00:06:59,CLI,10000000261032,S,,,2025/07/03,Email45
3000000020653,1,Caixa Postal,,,,N,,,2025/07/03,
3000000020654,1,Caixa Postal,00:00:09,,,N,,,2025/07/03,
3000000020655,1,Contato de Finalizacao do Protocolo,00:02:18,,,N,,,2025/07/03,
3000000020656,1,URA Pesquisa NPS,00:11:35,CLI,10000000261032,S,,,2025/07/03,Email45
3000000020657,1,Informação,,cli,,N,,,2025/07/03,
3000000020658,1,Cliente Desligou,00:00:11,Cli,10000000261030,N,,,2025/07/03,
3000000020659,1,Agent Error,00:09:35,,,N,,,2025/07/03,
3000000020660,1,URA Pesquisa NPS,00:01:54,,,S,,,2025/07/03,Email19156
3000000020661,1,Informação,00:00:06,cli,,N,,,2025/07/03,
3000000020662,1,URA Pesquisa NPS,00:02:58,cli,10000000261033,S,Sim,10.0,2025/07/03,Email5556
3000000020663,1,Informação,,,,N,,,2025/07/03,
3000000020664,1,Caixa Postal,00:00:06,,,N,,,2025/07/03,
3000000020665,1,Protocolo Permanecera em Andamento,00:02:37,Cliente,10000000261034,N,,,2025/07/03,
3000000020666,1,Contato de Finalizacao do Protocolo,00:04:09,,,N,,,2025/07/03,
3000000020667,1,Caixa Postal,00:00:05,CLI ,10000000261035,N,,,2025/07/03,
3000000020668,1,Caixa Postal,00:00:05,CLI ,10000000261035,N,,,2025/07/03,
3000000020669,1,Ligação Muda,,CLI,10000000261036,N,,,2025/07/02,
3000000020670,1,URA Pesquisa NPS,00:00:48,CLI,10000000261037,S,Sim,8.0,2025/07/02,Email45
3000000020671,1,Informação,00:00:02,,,N,,,2025/07/02,
3000000020672,1,Caixa Postal,00:00:11,,,N,,,2025/07/02,
3000000020673,1,Caixa Postal,00:00:12,,,N,,,2025/07/02,
3000000020674,1,URA Pesquisa NPS,00:03:36,CLI,10000000261036,S,Sim,10.0,2025/07/02,Email45
3000000020675,1,Informação,00:00:02,,,N,,,2025/07/02,
3000000020676,1,Informação,,,,N,,,2025/07/02,
3000000020677,1,Informação,,,,N,,,2025/07/02,
3000000020678,1,Informação,,,,N,,,2025/07/02,
3000000020679,1,Não Atende,,CLI,10000000261038,N,,,2025/07/02,
3000000020680,1,Chamada Não Atendida,,Cli ,,N,,,2025/07/02,
3000000020681,1,Informação,00:02:36,Cli ,10000000261039,N,,,2025/07/02,
3000000020682,1,Informação,,,,N,,,2025/07/02,
3000000020683,1,Não Atende,,cli,10000000261040,N,,,2025/07/02,
3000000020684,1,Não Atende,,cli,,N,,,2025/07/02,
3000000020685,1,Ocupado,,cli,,N,,,2025/07/02,
3000000020686,1,URA Pesquisa NPS,00:01:26,cli,10000000261041,S,Sim,9.0,2025/07/02,Email48438
3000000020687,1,Caixa Postal,,cli,,N,,,2025/07/02,
3000000020688,1,URA Pesquisa NPS,00:03:21,cli,10000000261042,S,Sim,9.0,2025/07/02,Email48443
3000000020689,1,Caixa Postal,00:00:03,,,N,,,2025/07/02,
3000000020690,1,Caixa Postal,00:00:04,,,N,,,2025/07/02,
3000000020691,1,Caixa Postal,00:00:00,,,N,,,2025/07/02,
3000000020692,1,Informação,,,,N,,,2025/07/02,
3000000020693,1,Informação,,,,N,,,2025/07/02,
3000000020694,1,Chamada Não Atendida,00:00:50,Cli ,10000000261039,N,,,2025/07/02,
3000000020695,1,URA Pesquisa NPS,00:06:06,Cli ,10000000261039,S,Sim,10.0,2025/07/02,Email48444
3000000020696,1,Caixa Postal,,Cli,,N,,,2025/07/02,
3000000020697,1,Caixa Postal,,Cli,,N,,,2025/07/02,
3000000020698,1,Informação,,,,N,,,2025/07/02,
3000000020699,1,Caixa Postal,00:00:04,CLI,,N,,,2025/07/02,
3000000020700,1,URA Pesquisa NPS,00:05:46,CLI,10000000261043,S,Sim,10.0,2025/07/02,Email48443
3000000020701,1,Caixa Postal,,,,N,,,2025/07/02,
3000000020702,1,Caixa Postal,,,,N,,,2025/07/02,
3000000020703,1,Caixa Postal,00:00:07,cli,10000000259665,N,,,2025/07/02,
3000000020704,1,Caixa Postal,,Cli ,10000000261044,N,,,2025/07/02,
3000000020705,1,Caixa Postal,,Cli ,10000000261044,N,,,2025/07/02,
3000000020706,1,URA Pesquisa NPS,00:06:09,Cli,10000000261045,S,Nao,,2025/07/02,Email19156
3000000020707,1,Caixa Postal,00:00:07,CLI,10000000261046,N,,,2025/07/02,
3000000020708,1,URA Pesquisa NPS,00:05:37,CLI,10000000261046,S,Sim,9.0,2025/07/02,Email4355
3000000020709,1,Chamada Não Atendida,00:00:03,Cli ,10000000261047,N,,,2025/07/02,
3000000020710,1,Chamada Não Atendida,00:00:02,Cli ,10000000261047,N,,,2025/07/02,
3000000020711,1,Caixa Postal,00:00:04,CLI,,N,,,2025/07/02,
3000000020712,1,Caixa Postal,00:00:28,CLI,10000000261048,N,,,2025/07/02,
3000000020713,1,Caixa Postal,00:00:22,CLI,,N,,,2025/07/02,
3000000020714,1,Agent Error,00:02:20,,,N,,,2025/07/02,
3000000020715,1,Chamada Não Atendida,00:00:03,CLI,10000000261049,N,,,2025/07/02,
3000000020716,1,Chamada Não Atendida,,CLI,10000000261049,N,,,2025/07/02,
3000000020717,1,Caixa Postal,00:00:08,CLI,,N,,,2025/07/02,
3000000020718,1,Contato de Finalizacao do Protocolo,00:08:44,CLI,,N,,,2025/07/02,
3000000020719,1,Não Atende,,CLI,,N,,,2025/07/02,
3000000020720,1,Caixa Postal,00:00:02,Cli ,,N,,,2025/07/02,
3000000020721,1,Contato de Finalizacao do Protocolo,00:02:09,Cli ,10000000261047,N,,,2025/07/02,
3000000020722,1,Não Atende,,Cli,10000000261050,N,,,2025/07/02,
3000000020723,1,Caixa Postal,00:00:08,CLI,,N,,,2025/07/02,
3000000020724,1,Chamada Não Atendida,,CLI,10000000261049,N,,,2025/07/02,
3000000020725,1,Chamada Não Atendida,00:00:01,CLI,10000000261049,N,,,2025/07/02,
3000000020726,1,Informação,00:03:02,,,N,,,2025/07/02,
3000000020727,1,Caixa Postal,,,,N,,,2025/07/02,
3000000020728,1,Caixa Postal,,,,N,,,2025/07/02,
3000000020729,1,Caixa Postal,,,,N,,,2025/07/02,
3000000020730,1,Caixa Postal,00:00:07,Cli,10000000261051,N,,,2025/07/02,
3000000020731,1,Caixa Postal,,Cli,10000000261051,N,,,2025/07/02,
3000000020732,1,Caixa Postal,,Cli,10000000261051,N,,,2025/07/02,
3000000020733,1,Não Atende,,,,N,,,2025/07/02,
3000000020734,1,Não Atende,,,,N,,,2025/07/02,
3000000020735,1,Caixa Postal,00:00:05,Cli,10000000261050,N,,,2025/07/02,
3000000020736,1,Caixa Postal,00:00:05,Cli,10000000261050,N,,,2025/07/02,
3000000020737,1,Caixa Postal,00:00:05,Cli,10000000261052,N,,,2025/07/02,
3000000020738,1,Caixa Postal,,Cli,,N,,,2025/07/02,
3000000020739,1,Caixa Postal,00:00:04,Cli,10000000261052,N,,,2025/07/02,
3000000020740,1,Caixa Postal,,,,N,,,2025/07/02,
3000000020741,1,Caixa Postal,,,,N,,,2025/07/02,
3000000020742,1,Caixa Postal,,,,N,,,2025/07/02,
3000000020743,1,Chamada Não Atendida,00:00:15,Cli ,10000000261053,N,,,2025/07/02,
3000000020744,1,Caixa Postal,,Cli ,10000000261053,N,,,2025/07/02,
3000000020745,1,Contato de Finalizacao do Protocolo,00:05:15,CLI,,N,,,2025/07/02,
3000000020746,1,URA Pesquisa NPS,00:10:37,Cli,10000000261054,S,Sim,9.0,2025/07/02,Email11179
3000000020747,1,URA Pesquisa NPS,00:03:23,cli,10000000261055,S,Sim,10.0,2025/07/02,Email11179
3000000020748,1,Caixa Postal,,,,N,,,2025/07/02,
3000000020749,1,Caixa Postal,,,,N,,,2025/07/02,
3000000020750,1,Chamada Não Atendida,00:00:03,Cli ,10000000261056,N,,,2025/07/02,
3000000020751,1,Informação,00:03:44,Cli ,10000000261056,N,,,2025/07/02,
3000000020752,1,Chamada Não Atendida,,,,N,,,2025/07/02,
3000000020753,1,URA Pesquisa NPS,00:02:06,Cliente,10000000261057,S,Sim,10.0,2025/07/02,Email8754
3000000020754,1,Informação,,,,N,,,2025/07/02,
3000000020755,1,Informação,,,,N,,,2025/07/02,
3000000020756,1,Informação,00:00:11,,,N,,,2025/07/02,
3000000020757,1,URA Pesquisa NPS,00:02:22,cli,10000000261058,S,Sim,10.0,2025/07/02,Email48443
3000000020758,1,Caixa Postal,00:00:03,Cli,,N,,,2025/07/02,
3000000020759,1,Caixa Postal,00:00:11,Cli,10000000261045,N,,,2025/07/02,
3000000020760,1,Caixa Postal,00:00:11,Cli,10000000261045,N,,,2025/07/02,
3000000020761,1,Informação,,cli,,N,,,2025/07/02,
3000000020762,1,Contato de Finalizacao do Protocolo,00:00:30,CLI,10000000261020,N,,,2025/07/02,
3000000020763,1,Caixa Postal,00:00:05,Cli,10000000261059,N,,,2025/07/02,
3000000020764,1,URA Pesquisa NPS,00:02:57,Cli,,S,,,2025/07/02,Email19156
3000000020765,1,Não Atende,00:00:16,Cli,,N,,,2025/07/02,
3000000020766,1,Não Atende,,CLI,10000000261060,N,,,2025/07/01,
3000000020767,1,Informação,,,,N,,,2025/07/01,
3000000020768,1,Caixa Postal,,Cli,10000000261061,N,,,2025/07/01,
3000000020769,1,Caixa Postal,,Cli,10000000261061,N,,,2025/07/01,
3000000020770,1,Caixa Postal,,,,N,,,2025/07/01,
3000000020771,1,Caixa Postal,,,,N,,,2025/07/01,
3000000020772,1,Cliente Desligou,00:00:09,,,N,,,2025/07/01,
3000000020773,1,Cliente Desligou,,,,N,,,2025/07/01,
3000000020774,1,Cliente Desligou,,,,N,,,2025/07/01,
3000000020775,1,URA Pesquisa NPS,00:02:44,CLI,10000000261062,S,Sim,10.0,2025/07/01,Email11179
3000000020776,1,Caixa Postal,,Cli,10000000261061,N,,,2025/07/01,
3000000020777,1,Cliente Desligou,,,,N,,,2025/07/01,
3000000020778,1,Caixa Postal,00:00:12,Cli,10000000261061,N,,,2025/07/01,
3000000020779,1,Caixa Postal,00:00:09,Cli,10000000261061,N,,,2025/07/01,
3000000020780,1,Caixa Postal,00:00:05,CLI,10000000259663,N,,,2025/07/01,
3000000020781,1,Caixa Postal,00:00:08,,,N,,,2025/07/01,
3000000020782,1,Caixa Postal,,,,N,,,2025/07/01,
3000000020783,1,Caixa Postal,00:00:07,CLI,10000000261063,N,,,2025/07/01,
3000000020784,1,Caixa Postal,00:00:00,CLI,10000000261063,N,,,2025/07/01,
3000000020785,1,Caixa Postal,00:00:07,cli,,N,,,2025/07/01,
3000000020786,1,Caixa Postal,,,,N,,,2025/07/01,
3000000020787,1,Caixa Postal,00:00:07,cli,10000000261064,N,,,2025/07/01,
3000000020788,1,Caixa Postal,,CLI,10000000261065,N,,,2025/07/01,
3000000020789,1,Caixa Postal,00:00:04,CLI,10000000261065,N,,,2025/07/01,
3000000020790,1,Não Atende,00:00:05,CLI,10000000261065,N,,,2025/07/01,
3000000020791,1,Caixa Postal,,CLI ,10000000261066,N,,,2025/07/01,
3000000020792,1,Caixa Postal,,CLI ,10000000261066,N,,,2025/07/01,
3000000020793,1,Caixa Postal,00:00:05,cli,10000000261067,N,,,2025/07/01,
3000000020794,1,Informação,00:00:11,CLI,,N,,,2025/07/01,
3000000020795,1,URA Pesquisa NPS,00:01:55,CLI,10000000261068,S,Sim,10.0,2025/07/01,Email288
3000000020796,1,Caixa Postal,,CLI,10000000261069,N,,,2025/07/01,
3000000020797,1,Sent To Voicemail,00:15:12,CLI,10000000261069,S,Sim,10.0,2025/07/01,Email45
3000000020798,1,Contato de Finalizacao do Protocolo,00:03:20,CLI,,N,,,2025/07/01,
3000000020799,1,Caixa Postal,00:00:03,Cli,,N,,,2025/07/01,
3000000020800,1,Caixa Postal,00:00:03,Cli,,N,,,2025/07/01,
3000000020801,1,Caixa Postal,00:00:02,Cli,,N,,,2025/07/01,
3000000020802,1,Não Atende,,CLI,10000000261060,N,,,2025/07/01,
3000000020803,1,Protocolo Permanecera em Andamento,,Cli,,N,,,2025/07/01,
3000000020804,1,Caixa Postal,,Cli,,N,,,2025/07/01,
3000000020805,1,URA Pesquisa NPS,00:02:33,cli,10000000261070,S,Sim,,2025/07/01,Email48438
3000000020806,1,Informação,00:01:00,CLI,10000000261065,N,,,2025/07/01,
3000000020807,1,Não Atende,,CLI,10000000261065,N,,,2025/07/01,
3000000020808,1,Caixa Postal,00:00:07,cli,10000000261067,N,,,2025/07/01,
3000000020809,1,Caixa Postal,00:00:07,cli,10000000261064,N,,,2025/07/01,
3000000020810,1,Caixa Postal,00:00:06,cli,10000000261064,N,,,2025/07/01,
3000000020811,1,Caixa Postal,,CLI,10000000261071,N,,,2025/07/01,
3000000020812,1,Não Atende,00:00:04,CLI,10000000261071,N,,,2025/07/01,
3000000020813,1,Informação,00:02:31,Cli ,10000000261064,N,,,2025/07/01,
3000000020814,1,Não Atende,,CLI,10000000261071,N,,,2025/07/01,
3000000020815,1,URA Pesquisa NPS,00:01:50,CLI,10000000261071,S,,,2025/07/01,Email45
3000000020816,1,Caixa Postal,00:00:03,Cli ,10000000261064,N,,,2025/07/01,
3000000020817,1,URA Pesquisa NPS,00:02:19,CLI,10000000261072,S,Sim,10.0,2025/07/01,Email5556
3000000020818,1,Chamada Não Atendida,00:00:01,CLI ,10000000261073,N,,,2025/07/01,
3000000020819,1,Chamada Não Atendida,,CLI ,10000000261073,N,,,2025/07/01,
3000000020820,1,Contato de Finalizacao do Protocolo,00:07:25,CLI,,N,,,2025/07/01,
3000000020821,1,Contato de Finalizacao do Protocolo,00:04:02,CLI,,N,,,2025/07/01,
3000000020822,1,Caixa Postal,00:00:04,CLI,10000000261074,N,,,2025/07/01,
3000000020823,1,Contato de Finalizacao do Protocolo,00:07:41,CLI,10000000261075,N,,,2025/07/01,
3000000020824,1,Informação,,,,N,,,2025/07/01,
3000000020825,1,Contato de Finalizacao do Protocolo,00:01:12,CLI,,N,,,2025/07/01,
3000000020826,1,Caixa Postal,00:00:08,cli,,N,,,2025/07/01,
3000000020827,1,Caixa Postal,,cli,,N,,,2025/07/01,
3000000020828,1,Caixa Postal,,,,N,,,2025/07/01,
3000000020829,1,Caixa Postal,,,,N,,,2025/07/01,
3000000020830,1,Caixa Postal,,,,N,,,2025/07/01,
3000000020831,1,Caixa Postal,00:00:07,,,N,,,2025/07/01,
3000000020832,1,Caixa Postal,,Cli,,N,,,2025/07/01,
3000000020833,1,Caixa Postal,00:00:03,Cli,,N,,,2025/07/01,
3000000020834,1,URA Pesquisa NPS,00:00:42,Cli,10000000261076,S,Sim,10.0,2025/07/01,Email585
3000000020835,1,Informação,,Cli,,N,,,2025/07/01,
3000000020836,1,Ligação Muda,00:00:25,CLI,10000000261075,N,,,2025/07/01,
3000000020837,1,URA Pesquisa NPS,00:02:45,CLI,10000000261075,S,Sim,10.0,2025/07/01,Email4355
3000000020838,1,Caixa Postal,,,,N,,,2025/07/01,
3000000020839,1,Ocupado,,,,N,,,2025/07/01,
3000000020840,1,Ocupado,,,,N,,,2025/07/01,
3000000020841,1,Caixa Postal,00:00:04,cli,10000000261077,N,,,2025/07/01,
3000000020842,1,Caixa Postal,,cli,10000000261077,N,,,2025/07/01,
3000000020843,1,Caixa Postal,00:00:04,cli,10000000261077,N,,,2025/07/01,
3000000020844,1,Informação,00:00:01,,,N,,,2025/07/01,
3000000020845,1,Informação,00:00:01,,,N,,,2025/07/01,
3000000020846,1,Informação,00:00:02,,,N,,,2025/07/01,
3000000020847,1,Informação,00:00:02,,,N,,,2025/07/01,
3000000020848,1,Caixa Postal,00:00:06,cli,10000000261078,N,,,2025/07/01,
3000000020849,1,Caixa Postal,00:00:04,cli,10000000261078,N,,,2025/07/01,
3000000020850,1,Informação,,,,N,,,2025/07/01,
3000000020851,1,Não Atende,,CLI,10000000261038,N,,,2025/07/01,
3000000020852,1,Caixa Postal,00:00:03,Cli ,10000000261079,N,,,2025/07/01,
3000000020853,1,URA Pesquisa NPS,00:02:11,Cli ,10000000261079,S,Sim,,2025/07/01,Email48444
3000000020854,1,URA Pesquisa NPS,00:02:28,CLI ,10000000261073,S,,,2025/07/01,Email19156
