CALL ID,CALLS,DISPOSITION,TALK TIME,Devolutiva,Custom.Numero_CAP,Custom.Transfer_NPS,Custom.NPS_Solicitacao,Custom.NPS_Nota,DATE,Custom.Analista
3000000016871,1,URA Pesquisa NPS,00:00:57,Cli,10000000259656,S,Sim,8.0,2025/06/30,Email45
3000000016872,1,Informação,00:00:07,Cli ,,N,,,2025/06/30,
3000000016873,1,Informação,,Cli ,,N,,,2025/06/30,
3000000016874,1,Caixa Postal,00:00:05,cli,10000000259657,N,,,2025/06/30,
3000000016875,1,URA Pesquisa NPS,00:02:23,cli,10000000259657,S,Sim,10.0,2025/06/30,Email48438
3000000016876,1,Informação,00:00:02,,,N,,,2025/06/30,
3000000016877,1,Caixa Postal,,,,N,,,2025/06/30,
3000000016878,1,Caixa Postal,,,,N,,,2025/06/30,
3000000016879,1,URA Pesquisa NPS,00:07:44,CLI,10000000259658,S,Sim,,2025/06/30,Email48444
3000000016880,1,URA Pesquisa NPS,00:10:41,cli,10000000259659,S,Sim,10.0,2025/06/30,Email11179
3000000016881,1,Não Atende,,Cliente,10000000259660,N,,,2025/06/30,
3000000016882,1,Caixa Postal,,Cli ,10000000259661,N,,,2025/06/30,
3000000016883,1,Caixa Postal,,Cli ,10000000259661,N,,,2025/06/30,
3000000016884,1,Informação,,,,N,,,2025/06/30,
3000000016885,1,Informação,,C,,N,,,2025/06/30,
3000000016886,1,Informação,,,,N,,,2025/06/30,
3000000016887,1,Caixa Postal,00:00:06,cli,10000000259662,N,,,2025/06/30,
3000000016888,1,Caixa Postal,00:00:02,cli,10000000259662,N,,,2025/06/30,
3000000016889,1,Informação,00:00:08,,,N,,,2025/06/30,
3000000016890,1,Caixa Postal,00:00:05,CLI,10000000259663,N,,,2025/06/30,
3000000016891,1,Caixa Postal,,cli,10000000259664,N,,,2025/06/30,
3000000016892,1,Caixa Postal,,,,N,,,2025/06/30,
3000000016893,1,Caixa Postal,00:00:06,cli,10000000259665,N,,,2025/06/30,
3000000016894,1,Caixa Postal,00:00:08,cli,10000000259665,N,,,2025/06/30,
3000000016895,1,Caixa Postal,00:00:12,,,N,,,2025/06/30,
3000000016896,1,Caixa Postal,,cli,10000000259664,N,,,2025/06/30,
3000000016897,1,Caixa Postal,00:00:04,Cli ,10000000259666,N,,,2025/06/30,
3000000016898,1,Caixa Postal,,Cli ,10000000259666,N,,,2025/06/30,
3000000016899,1,Chamada Não Atendida,,Cli,10000000259667,N,,,2025/06/30,
3000000016900,1,Chamada Não Atendida,,Cli,10000000259667,N,,,2025/06/30,
3000000016901,1,Informação,,,,N,,,2025/06/30,
3000000016902,1,Informação,,,,N,,,2025/06/30,
3000000016903,1,Chamada Não Atendida,00:00:03,CLI,10000000259668,N,,,2025/06/30,
3000000016904,1,URA Pesquisa NPS,00:00:41,CLI,10000000259668,S,Sim,8.0,2025/06/30,Email296
3000000016905,1,Ligação Muda,,Cli,10000000259669,N,,,2025/06/30,
3000000016906,1,Caixa Postal,00:00:10,Cli,10000000259669,N,,,2025/06/30,
3000000016907,1,URA Pesquisa NPS,00:04:20,cli,10000000259670,S,Sim,10.0,2025/06/30,Email296
3000000016908,1,URA Pesquisa NPS,00:10:23,cli,10000000259671,S,Sim,,2025/06/30,Email5556
3000000016909,1,Chamada Não Atendida,00:00:10,CLI,10000000259670,N,,,2025/06/30,
3000000016910,1,Chamada Não Atendida,00:00:05,CLI,10000000259670,N,,,2025/06/30,
3000000016911,1,Informação,,Cli,10000000259672,N,,,2025/06/30,
3000000016912,1,Informação,00:00:04,Cli,10000000259672,N,,,2025/06/30,
3000000016913,1,Informação,,,,N,,,2025/06/30,
3000000016914,1,Informação,00:00:10,Cli,,N,,,2025/06/30,
3000000016915,1,Informação,00:00:05,Cli,,N,,,2025/06/30,
3000000016916,1,Informação,00:00:09,Cli,,N,,,2025/06/30,
3000000016917,1,Caixa Postal,00:00:06,Cli ,10000000259673,N,,,2025/06/30,
3000000016918,1,Caixa Postal,00:00:07,Cli ,10000000259673,N,,,2025/06/30,
3000000016919,1,Caixa Postal,00:00:10,Cli,10000000259674,N,,,2025/06/30,
3000000016920,1,Caixa Postal,,Cli,10000000259674,N,,,2025/06/30,
3000000016921,1,URA Pesquisa NPS,00:02:41,Cli,10000000259674,S,Sim,9.0,2025/06/30,Email1615
3000000016922,1,Protocolo Permanecera em Andamento,00:00:44,Cliente,10000000259675,N,,,2025/06/30,
3000000016923,1,Caixa Postal,00:00:11,cli,10000000259676,N,,,2025/06/30,
3000000016924,1,URA Pesquisa NPS,00:01:01,Cli,10000000259677,S,Sim,1.0,2025/06/30,Email5371
3000000016925,1,Chamada Não Atendida,00:00:05,CLI,10000000259670,N,,,2025/06/30,
3000000016926,1,Caixa Postal,00:00:06,,,N,,,2025/06/30,
3000000016927,1,Caixa Postal,00:00:05,,,N,,,2025/06/30,
3000000016928,1,Caixa Postal,,Cli,10000000259678,N,,,2025/06/30,
3000000016929,1,Caixa Postal,00:00:17,Cli,10000000259678,N,,,2025/06/30,
3000000016930,1,Ligação Muda,00:00:15,Cli,10000000259678,N,,,2025/06/30,
3000000016931,1,Caixa Postal,00:00:09,Cli,10000000259679,N,,,2025/06/30,
3000000016932,1,Caixa Postal,00:00:10,Cli,10000000259679,N,,,2025/06/30,
3000000016933,1,Caixa Postal,,Cli,,N,,,2025/06/30,
3000000016934,1,Caixa Postal,00:00:05,Cli,,N,,,2025/06/30,
3000000016935,1,Informação,00:00:09,,,N,,,2025/06/30,
3000000016936,1,URA Pesquisa NPS,00:02:33,Cli,10000000259680,S,,,2025/06/30,Email5371
3000000016937,1,Informação,00:00:19,Cli,,N,,,2025/06/30,
3000000016938,1,Chamada Não Atendida,00:00:06,Cli ,10000000259681,N,,,2025/06/30,
3000000016939,1,Informação,00:00:05,Cli,,N,,,2025/06/30,
3000000016940,1,Caixa Postal,,Cli,10000000259682,N,,,2025/06/30,
3000000016941,1,Caixa Postal,00:00:12,Cli ,10000000259683,N,,,2025/06/30,
3000000016942,1,Caixa Postal,00:00:06,Cli ,10000000259683,N,,,2025/06/30,
3000000016943,1,Informação,00:00:10,Cli,,N,,,2025/06/30,
3000000016944,1,Não Atende,,CLI,10000000259684,N,,,2025/06/30,
3000000016945,1,Informação,00:00:30,,,N,,,2025/06/30,
3000000016946,1,Informação,00:02:19,,,N,,,2025/06/30,
3000000016947,1,URA Pesquisa NPS,00:02:24,cli,10000000259685,S,Sim,10.0,2025/06/30,Email48445
3000000016948,1,Não Atende,,Cliente,10000000259686,N,,,2025/06/30,
3000000016949,1,Informação,00:00:19,Cli,10000000259687,N,,,2025/06/30,
3000000016950,1,Caixa Postal,00:00:06,Cli ,10000000259683,N,,,2025/06/30,
3000000016951,1,URA Pesquisa NPS,00:07:08,cli,10000000259671,S,Sim,,2025/06/30,Email5556
3000000016952,1,Não Atende,,CLI,10000000259688,N,,,2025/06/30,
3000000016953,1,Caixa Postal,,CLI,,N,,,2025/06/30,
3000000016954,1,Caixa Postal,,,,N,,,2025/06/30,
3000000016955,1,Caixa Postal,,,,N,,,2025/06/30,
3000000016956,1,Caixa Postal,,CLI,,N,,,2025/06/30,
3000000016957,1,Caixa Postal,00:03:21,CLI,10000000259689,N,,,2025/06/30,
3000000016958,1,Caixa Postal,00:00:06,cli,10000000259690,N,,,2025/06/30,
3000000016959,1,Ocupado,,Cli,10000000259691,N,,,2025/06/27,
3000000016960,1,Caixa Postal,00:00:06,Cli,10000000259691,N,,,2025/06/27,
3000000016961,1,Caixa Postal,,Cli,10000000259692,N,,,2025/06/27,
3000000016962,1,Agent Error,00:02:37,,,N,,,2025/06/27,
3000000016963,1,Chamada Não Atendida,00:00:05,Cli ,10000000259693,N,,,2025/06/27,
3000000016964,1,Chamada Não Atendida,00:00:05,Cli ,10000000259693,N,,,2025/06/27,
3000000016965,1,Chamada Não Atendida,00:00:03,Cli ,10000000259693,N,,,2025/06/27,
3000000016966,1,Chamada Não Atendida,00:00:06,Cli ,,N,,,2025/06/27,
3000000016967,1,Caixa Postal,00:00:06,Cli,10000000259694,N,,,2025/06/27,
3000000016968,1,Caixa Postal,00:00:00,Cli,10000000259694,N,,,2025/06/27,
3000000016969,1,Caixa Postal,00:00:17,cli,10000000259695,N,,,2025/06/27,
3000000016970,1,Contato de Finalizacao do Protocolo,00:01:58,cli,10000000259696,N,,,2025/06/27,
3000000016971,1,Caixa Postal,,CLI,,N,,,2025/06/27,
3000000016972,1,Caixa Postal,,CLI,,N,,,2025/06/27,
3000000016973,1,Caixa Postal,,,,N,,,2025/06/27,
3000000016974,1,Caixa Postal,,,,N,,,2025/06/27,
3000000016975,1,Caixa Postal,,,,N,,,2025/06/27,
3000000016976,1,Caixa Postal,,,,N,,,2025/06/27,
3000000016977,1,Contato de Finalizacao do Protocolo,00:06:03,CLI,,N,,,2025/06/27,
3000000016978,1,URA Pesquisa NPS,00:07:15,Cli,10000000259697,S,Sim,10.0,2025/06/27,Email19156
3000000016979,1,URA Pesquisa NPS,00:15:06,CLI,10000000259698,S,,,2025/06/27,Email4355
3000000016980,1,URA Pesquisa NPS,00:03:53,CLI,10000000259699,S,,,2025/06/27,Email296
3000000016981,1,Caixa Postal,00:00:01,cli,10000000259695,N,,,2025/06/27,
3000000016982,1,Caixa Postal,,,,N,,,2025/06/27,
3000000016983,1,Caixa Postal,00:00:06,cli,,N,,,2025/06/27,
3000000016984,1,Caixa Postal,00:00:06,cli,,N,,,2025/06/27,
3000000016985,1,URA Pesquisa NPS,00:04:02,CLI,10000000259700,S,Sim,9.0,2025/06/27,Email4355
3000000016986,1,Chamada Não Atendida,,CLI ,10000000259701,N,,,2025/06/27,
3000000016987,1,Caixa Postal,00:00:04,Cliente,,N,,,2025/06/27,
3000000016988,1,Caixa Postal,00:00:05,Cliente,,N,,,2025/06/27,
3000000016989,1,Sent To Voicemail,00:01:40,Cli,10000000259702,S,Sim,9.0,2025/06/27,Email5556
3000000016990,1,Informação,,,,N,,,2025/06/27,
3000000016991,1,Informação,00:00:03,,,N,,,2025/06/27,
3000000016992,1,Informação,00:00:40,CLI,10000000259703,N,,,2025/06/27,
3000000016993,1,Ocupado,,Cli,10000000259691,N,,,2025/06/27,
3000000016994,1,Caixa Postal,00:00:09,Cli,10000000259691,N,,,2025/06/27,
3000000016995,1,Ligação Muda,,CLI,10000000259704,N,,,2025/06/27,
3000000016996,1,Chamada Não Atendida,,CLI,10000000259704,N,,,2025/06/27,
3000000016997,1,Ocupado,00:01:05,Cli,10000000259705,N,,,2025/06/27,
3000000016998,1,Contato de Finalizacao do Protocolo,00:00:23,Cliente,,N,,,2025/06/27,
3000000016999,1,Contato de Finalizacao do Protocolo,00:00:11,Cliente,,N,,,2025/06/27,
3000000017000,1,Ocupado,00:01:24,Cli,,N,,,2025/06/27,
3000000017001,1,URA Pesquisa NPS,00:08:58,CLI,10000000259658,S,Sim,10.0,2025/06/27,Email45
3000000017002,1,Caixa Postal,00:00:06,cli,10000000259706,N,,,2025/06/27,
3000000017003,1,Caixa Postal,00:00:07,cli,10000000259706,N,,,2025/06/27,
3000000017004,1,Caixa Postal,00:00:06,cli,10000000259706,N,,,2025/06/27,
3000000017005,1,Consulta Status,00:00:04,CLI,,N,,,2025/06/27,
3000000017006,1,Informação,,,,N,,,2025/06/27,
3000000017007,1,Caixa Postal,00:00:01,Cli,10000000259707,N,,,2025/06/27,
3000000017008,1,Ligação Muda,00:00:31,Cli,10000000259708,N,,,2025/06/27,
3000000017009,1,URA Pesquisa NPS,00:02:14,Cli,10000000259708,S,Sim,10.0,2025/06/27,Email1615
3000000017010,1,Informação,00:00:06,,,N,,,2025/06/27,
3000000017011,1,Informação,00:00:05,,,N,,,2025/06/27,
3000000017012,1,Informação,,,,N,,,2025/06/27,
3000000017013,1,Informação,00:00:05,Cli,10000000259709,N,,,2025/06/27,
3000000017014,1,Informação,00:01:30,Cli,10000000259709,N,,,2025/06/27,
3000000017015,1,Informação,00:01:51,CLI,10000000259710,N,,,2025/06/27,
3000000017016,1,URA Pesquisa NPS,00:00:08,CLI,10000000259710,S,,,2025/06/27,Email5371
3000000017017,1,Informação,,CLI,,N,,,2025/06/27,
3000000017018,1,Informação,,CLI,,N,,,2025/06/27,
3000000017019,1,URA Pesquisa NPS,00:00:57,CLI,10000000259711,S,Sim,10.0,2025/06/27,Email5371
3000000017020,1,URA Pesquisa NPS,00:03:19,Cli,10000000259712,S,,,2025/06/27,Email1615
3000000017021,1,Caixa Postal,00:00:05,,,N,,,2025/06/27,
3000000017022,1,Caixa Postal,00:00:11,,,N,,,2025/06/27,
3000000017023,1,Caixa Postal,,,,N,,,2025/06/27,
3000000017024,1,Caixa Postal,00:00:20,,,N,,,2025/06/27,
3000000017025,1,Não Atende,,,,N,,,2025/06/27,
3000000017026,1,Caixa Postal,,,,N,,,2025/06/27,
3000000017027,1,Caixa Postal,,,,N,,,2025/06/27,
3000000017028,1,Caixa Postal,,,,N,,,2025/06/27,
3000000017029,1,Contato de Finalizacao do Protocolo,00:10:49,,,N,,,2025/06/27,
3000000017030,1,Caixa Postal,,CLI,,N,,,2025/06/27,
3000000017031,1,Informação,00:00:04,CLI,,N,,,2025/06/27,
3000000017032,1,Sent To Voicemail,00:10:00,CLI,10000000259713,S,Sim,10.0,2025/06/27,Email329
3000000017033,1,Caixa Postal,00:00:04,CLI,10000000259714,N,,,2025/06/27,
3000000017034,1,Cliente Desligou,00:00:01,Cli ,10000000259715,N,,,2025/06/27,
3000000017035,1,Informação,00:07:11,Cli ,10000000259715,N,,,2025/06/27,
3000000017036,1,Não Atende,,Cliente,10000000259716,N,,,2025/06/27,
3000000017037,1,Caixa Postal,00:00:01,Cliente,10000000259716,N,,,2025/06/27,
3000000017038,1,Contato de Finalizacao do Protocolo,00:01:03,,,N,,,2025/06/27,
3000000017039,1,Caixa Postal,00:00:10,CLI,10000000259717,N,,,2025/06/27,
3000000017040,1,Não Atende,,Cliente,10000000259716,N,,,2025/06/27,
3000000017041,1,Cliente Desligou,00:00:27,CLI,,N,,,2025/06/27,
3000000017042,1,URA Pesquisa NPS,00:05:51,Cli,10000000259718,S,,,2025/06/27,Email19156
3000000017043,1,Informação,00:00:04,,,N,,,2025/06/27,
3000000017044,1,Caixa Postal,00:00:04,CLI,10000000259719,N,,,2025/06/27,
3000000017045,1,Caixa Postal,00:00:01,CLI,10000000259719,N,,,2025/06/27,
3000000017046,1,Informação,00:09:36,Cli,10000000259720,N,,,2025/06/27,
3000000017047,1,URA Pesquisa NPS,00:02:06,Cli,10000000259721,S,,,2025/06/27,Email5371
3000000017048,1,Informação,00:00:09,,,N,,,2025/06/27,
3000000017049,1,Informação,00:08:05,CLI,10000000259704,N,,,2025/06/27,
3000000017050,1,Cliente Desligou,00:00:01,CLI,10000000259722,N,,,2025/06/26,
3000000017051,1,Caixa Postal,,Cli ,10000000259723,N,,,2025/06/26,
3000000017052,1,Informação,00:00:36,Cli ,10000000259723,N,,,2025/06/26,
3000000017053,1,Caixa Postal,00:00:04,CLI,10000000259722,N,,,2025/06/26,
3000000017054,1,Caixa Postal,00:00:29,CLI,10000000259722,N,,,2025/06/26,
3000000017055,1,Ocupado,,CLI,10000000259722,N,,,2025/06/26,
3000000017056,1,Cliente Desligou,00:00:01,Cli ,10000000259724,N,,,2025/06/26,
3000000017057,1,Informação,00:03:00,Cli ,10000000259724,N,,,2025/06/26,
3000000017058,1,Caixa Postal,,cli,,N,,,2025/06/26,
3000000017059,1,Caixa Postal,00:00:08,cli,10000000259725,N,,,2025/06/26,
3000000017060,1,Caixa Postal,00:00:04,cli,10000000259725,N,,,2025/06/26,
3000000017061,1,Caixa Postal,00:00:08,Cli,,N,,,2025/06/26,
3000000017062,1,Protocolo Permanecera em Andamento,00:02:26,Cli,10000000259726,N,,,2025/06/26,
3000000017063,1,Contato de Finalizacao do Protocolo,00:02:00,,,N,,,2025/06/26,
3000000017064,1,URA Pesquisa NPS,00:03:02,cli,10000000259727,S,Sim,10.0,2025/06/26,Email48445
3000000017065,1,Cliente Desligou,00:15:46,CLI,,N,,,2025/06/26,
3000000017066,1,Informação,00:00:37,Cli ,10000000259728,N,,,2025/06/26,
3000000017067,1,Caixa Postal,,Cli ,10000000259723,N,,,2025/06/26,
3000000017068,1,Caixa Postal,,Cli ,10000000259723,N,,,2025/06/26,
3000000017069,1,Caixa Postal,00:00:08,cli,10000000259662,N,,,2025/06/26,
3000000017070,1,Caixa Postal,00:00:03,cli,10000000259662,N,,,2025/06/26,
3000000017071,1,URA Pesquisa NPS,00:02:10,Cli,10000000259729,S,,,2025/06/26,Email19156
3000000017072,1,Não Atende,,,,N,,,2025/06/26,
3000000017073,1,Caixa Postal,,Cli,10000000259730,N,,,2025/06/26,
3000000017074,1,Chamada Não Atendida,00:00:11,Cli,10000000259730,N,,,2025/06/26,
3000000017075,1,Chamada Não Atendida,00:00:06,Cli,10000000259730,N,,,2025/06/26,
3000000017076,1,Informação,00:00:02,cli,,N,,,2025/06/26,
3000000017077,1,Informação,00:00:03,cli,,N,,,2025/06/26,
3000000017078,1,Informação,00:04:21,cli,10000000259731,N,,,2025/06/26,
3000000017079,1,Caixa Postal,00:00:06,cli,10000000259732,N,,,2025/06/26,
3000000017080,1,Caixa Postal,,CLI,,N,,,2025/06/26,
3000000017081,1,Caixa Postal,00:00:08,CLI,10000000259733,N,,,2025/06/26,
3000000017082,1,URA Pesquisa NPS,00:03:24,cli,,S,Sim,10.0,2025/06/26,Email19156
3000000017083,1,Caixa Postal,00:00:08,cli,10000000259734,N,,,2025/06/26,
3000000017084,1,Informação,00:05:33,cli,10000000259734,N,,,2025/06/26,
3000000017085,1,Informação,,,,N,,,2025/06/26,
3000000017086,1,Informação,00:00:06,CLI,10000000259735,N,,,2025/06/26,
3000000017087,1,Informação,00:00:15,CLI,10000000259735,N,,,2025/06/26,
3000000017088,1,Caixa Postal,00:00:14,CLI,,N,,,2025/06/26,
3000000017089,1,Agent Error,00:06:48,,,N,,,2025/06/26,
3000000017090,1,Informação,00:00:07,,,N,,,2025/06/26,
3000000017091,1,Agent Error,00:15:18,,,N,,,2025/06/26,
3000000017092,1,Não Atende,00:00:05,CLI,10000000259736,N,,,2025/06/26,
3000000017093,1,Caixa Postal,00:00:07,,,N,,,2025/06/26,
3000000017094,1,Caixa Postal,00:00:03,,,N,,,2025/06/26,
3000000017095,1,Caixa Postal,00:00:04,,,N,,,2025/06/26,
3000000017096,1,Caixa Postal,00:00:24,,,N,,,2025/06/26,
3000000017097,1,Caixa Postal,,cli,10000000259737,N,,,2025/06/26,
3000000017098,1,Cliente Desligou,00:00:01,,,N,,,2025/06/26,
3000000017099,1,Cliente Desligou,00:00:19,,,N,,,2025/06/26,
3000000017100,1,Caixa Postal,00:00:06,,,N,,,2025/06/26,
3000000017101,1,Caixa Postal,00:00:06,,,N,,,2025/06/26,
3000000017102,1,Cliente solicita novo contato,00:01:28,CLI,10000000259738,N,,,2025/06/26,
3000000017103,1,Caixa Postal,00:00:05,,,N,,,2025/06/26,
3000000017104,1,URA Pesquisa NPS,00:00:39,Cliente,10000000259739,S,,,2025/06/26,Email585
3000000017105,1,Caixa Postal,,,,N,,,2025/06/26,
3000000017106,1,Caixa Postal,00:00:02,,,N,,,2025/06/26,
3000000017107,1,Caixa Postal,,,,N,,,2025/06/26,
3000000017108,1,Não Atende,,cli,10000000259659,N,,,2025/06/26,
3000000017109,1,Caixa Postal,,,,N,,,2025/06/26,
3000000017110,1,Caixa Postal,,,,N,,,2025/06/26,
3000000017111,1,Caixa Postal,,,,N,,,2025/06/26,
3000000017112,1,Caixa Postal,,,,N,,,2025/06/26,
3000000017113,1,Caixa Postal,,,,N,,,2025/06/26,
3000000017114,1,Não Atende,00:00:07,CLI,10000000259736,N,,,2025/06/26,
3000000017115,1,Caixa Postal,,cli,10000000259659,N,,,2025/06/26,
3000000017116,1,URA Pesquisa NPS,00:27:18,CLI,10000000259740,S,Sim,10.0,2025/06/26,Email4355
3000000017117,1,Não Atende,00:00:07,CLI,10000000259741,N,,,2025/06/26,
3000000017118,1,Ocupado,,CLI,10000000259741,N,,,2025/06/26,
3000000017119,1,Contato de Finalizacao do Protocolo,00:02:09,CLI,,N,,,2025/06/26,
3000000017120,1,Informação,00:05:05,cli,10000000259659,N,,,2025/06/26,
3000000017121,1,Não Atende,,cli ,,N,,,2025/06/26,
3000000017122,1,Caixa Postal,00:00:09,cli,10000000259742,N,,,2025/06/26,
3000000017123,1,Caixa Postal,00:00:03,cli,,N,,,2025/06/26,
3000000017124,1,Caixa Postal,00:00:16,,,N,,,2025/06/26,
3000000017125,1,Caixa Postal,,,,N,,,2025/06/26,
3000000017126,1,Contato de Finalizacao do Protocolo,00:05:42,cli,10000000259743,N,,,2025/06/26,
3000000017127,1,URA Pesquisa NPS,00:05:55,CLl,10000000259744,S,Sim,10.0,2025/06/26,Email11179
3000000017128,1,Caixa Postal,00:00:15,Cli,10000000259745,N,,,2025/06/26,
3000000017129,1,Caixa Postal,,,,N,,,2025/06/26,
3000000017130,1,Contato de Finalizacao do Protocolo,00:02:35,Cli,,N,,,2025/06/26,
3000000017131,1,Caixa Postal,00:00:10,Cli,10000000259745,N,,,2025/06/26,
3000000017132,1,Caixa Postal,00:00:18,,,N,,,2025/06/26,
3000000017133,1,Caixa Postal,,,,N,,,2025/06/26,
3000000017134,1,Caixa Postal,,,,N,,,2025/06/26,
3000000017135,1,Ocupado,,Cli,10000000259746,N,,,2025/06/26,
3000000017136,1,Ocupado,,Cli,10000000259746,N,,,2025/06/26,
3000000017137,1,URA Pesquisa NPS,00:04:35,cli,10000000259747,S,Sim,1.0,2025/06/26,Email5556
3000000017138,1,Ocupado,,CLI,10000000259748,N,,,2025/06/25,
3000000017139,1,Caixa Postal,00:00:08,CLI,10000000259749,N,,,2025/06/25,
3000000017140,1,Caixa Postal,00:00:05,CLI,10000000259749,N,,,2025/06/25,
3000000017141,1,Caixa Postal,00:00:14,CLI,10000000259750,N,,,2025/06/25,
3000000017142,1,Ocupado,,CLI,10000000259748,N,,,2025/06/25,
3000000017143,1,Caixa Postal,00:00:04,CLI,10000000259750,N,,,2025/06/25,
3000000017144,1,Ligação Muda,00:00:09,cli,10000000259751,N,,,2025/06/25,
3000000017145,1,Ligação Muda,00:00:11,cli ,10000000259752,N,,,2025/06/25,
3000000017146,1,URA Pesquisa NPS,00:00:39,CLI,10000000259753,S,Sim,10.0,2025/06/25,Email45
3000000017147,1,Não Atende,,cli ,10000000259752,N,,,2025/06/25,
3000000017148,1,Chamada Não Atendida,00:00:05,cli,10000000259751,N,,,2025/06/25,
3000000017149,1,URA Pesquisa NPS,00:02:08,cli,10000000259754,S,,,2025/06/25,Email5556
3000000017150,1,Caixa Postal,00:00:07,CLI,10000000259755,N,,,2025/06/25,
3000000017151,1,Caixa Postal,00:00:13,CLI,10000000259756,N,,,2025/06/25,
3000000017152,1,Informação,00:06:45,CLI,,N,,,2025/06/25,
3000000017153,1,Caixa Postal,00:00:04,Cli,10000000259757,N,,,2025/06/25,
3000000017154,1,Caixa Postal,00:00:07,Cli,,N,,,2025/06/25,
3000000017155,1,Caixa Postal,00:00:08,cli,10000000259725,N,,,2025/06/25,
3000000017156,1,Caixa Postal,00:00:13,cli,10000000259758,N,,,2025/06/25,
3000000017157,1,Informação,,cli,10000000259758,N,,,2025/06/25,
3000000017158,1,Caixa Postal,00:00:06,cli,10000000259751,N,,,2025/06/25,
3000000017159,1,Não Atende,,CLI,10000000259759,N,,,2025/06/25,
3000000017160,1,URA Pesquisa NPS,00:00:38,CLI,10000000259759,S,,,2025/06/25,Email45
3000000017161,1,URA Pesquisa NPS,00:09:21,Cli,10000000259760,S,Sim,10.0,2025/06/25,Email5556
3000000017162,1,URA Pesquisa NPS,00:02:21,CLI,10000000259755,S,,,2025/06/25,Email11179
3000000017163,1,URA Pesquisa NPS,00:00:56,Cli,10000000259761,S,Sim,10.0,2025/06/25,Email5556
3000000017164,1,Informação,00:27:43,CLI,10000000259762,N,,,2025/06/25,
3000000017165,1,Informação,00:03:38,Cli ,10000000259763,N,,,2025/06/25,
3000000017166,1,URA Pesquisa NPS,00:22:41,Cli ,10000000259764,S,Sim,10.0,2025/06/25,Email48444
3000000017167,1,Caixa Postal,00:00:04,cli,10000000259765,N,,,2025/06/25,
3000000017168,1,Caixa Postal,00:00:22,,,N,,,2025/06/25,
3000000017169,1,Contato de Finalizacao do Protocolo,00:06:56,,,N,,,2025/06/25,
3000000017170,1,URA Pesquisa NPS,00:02:48,Cliente,10000000259766,S,Sim,10.0,2025/06/25,Email8754
3000000017171,1,Ocupado,,CLI,10000000259767,N,,,2025/06/25,
3000000017172,1,Não Atende,,Cliente,10000000259768,N,,,2025/06/25,
3000000017173,1,Não Atende,,Cliente,10000000259768,N,,,2025/06/25,
3000000017174,1,Caixa Postal,00:00:02,CLI ,10000000259769,N,,,2025/06/25,
3000000017175,1,Chamada Não Atendida,,CLI ,10000000259769,N,,,2025/06/25,
3000000017176,1,Chamada Não Atendida,,CLI ,10000000259770,N,,,2025/06/25,
3000000017177,1,Ligação Muda,,CLI ,10000000259770,N,,,2025/06/25,
3000000017178,1,Informação,00:07:14,cli,10000000259771,N,,,2025/06/25,
3000000017179,1,Agent Error,00:00:51,,,N,,,2025/06/25,
3000000017180,1,Informação,,Cli,,N,,,2025/06/25,
3000000017181,1,Caixa Postal,,Cli ,10000000259772,N,,,2025/06/25,
3000000017182,1,URA Pesquisa NPS,00:02:11,Cli ,10000000259772,S,Sim,10.0,2025/06/25,Email48444
3000000017183,1,Informação,00:00:55,cli,10000000259773,N,,,2025/06/25,
3000000017184,1,Informação,00:00:00,,,N,,,2025/06/25,
3000000017185,1,URA Pesquisa NPS,00:04:37,cli,10000000259774,S,Sim,10.0,2025/06/25,Email11179
3000000017186,1,URA Pesquisa NPS,00:01:37,Cli,10000000259775,S,Sim,8.0,2025/06/25,Email585
3000000017187,1,Caixa Postal,00:00:12,Cli,10000000259776,N,,,2025/06/25,
3000000017188,1,Cliente Desligou,00:00:33,Cli,10000000259776,N,,,2025/06/25,
3000000017189,1,Caixa Postal,,CLI,10000000259777,N,,,2025/06/25,
3000000017190,1,Caixa Postal,00:00:00,cli,10000000259778,N,,,2025/06/25,
3000000017191,1,Caixa Postal,,cli,10000000259778,N,,,2025/06/25,
3000000017192,1,Chamada Não Atendida,00:00:06,Cli ,10000000259779,N,,,2025/06/25,
3000000017193,1,Caixa Postal,00:00:03,cli,10000000259778,N,,,2025/06/25,
3000000017194,1,Chamada Não Atendida,,Cli ,10000000259779,N,,,2025/06/25,
3000000017195,1,Caixa Postal,00:00:01,cli,10000000259778,N,,,2025/06/25,
3000000017196,1,URA Pesquisa NPS,00:06:00,Cli ,10000000259779,S,Nao,10.0,2025/06/25,Email48444
3000000017197,1,Informação,00:00:17,CLI,10000000259780,N,,,2025/06/25,
3000000017198,1,Chamada Não Atendida,,Cli ,10000000259781,N,,,2025/06/25,
3000000017199,1,URA Pesquisa NPS,00:03:32,Cli ,10000000259781,S,,,2025/06/25,Email48444
3000000017200,1,URA Pesquisa NPS,00:06:34,Cli,10000000259782,S,Sim,10.0,2025/06/25,Email4355
3000000017201,1,Informação,,,,N,,,2025/06/25,
3000000017202,1,Informação,,,,N,,,2025/06/25,
3000000017203,1,Informação,,,,N,,,2025/06/25,
3000000017204,1,Informação,,,,N,,,2025/06/25,
3000000017205,1,Informação,00:07:29,Cli,10000000259783,N,,,2025/06/25,
3000000017206,1,Informação,,Cli,,N,,,2025/06/25,
3000000017207,1,URA Pesquisa NPS,00:16:57,CLI,10000000259784,S,Sim,10.0,2025/06/25,Email372
3000000017208,1,Caixa Postal,00:00:01,Cli ,10000000259723,N,,,2025/06/25,
3000000017209,1,Caixa Postal,00:00:03,Cli ,10000000259723,N,,,2025/06/25,
3000000017210,1,Ligação Muda,00:00:07,CLI,10000000259785,N,,,2025/06/25,
3000000017211,1,Ocupado,00:00:07,CLI,10000000259785,N,,,2025/06/25,
3000000017212,1,Informação,00:00:07,CLI,,N,,,2025/06/25,
3000000017213,1,Caixa Postal,00:00:06,CLI,,N,,,2025/06/25,
3000000017214,1,Contato de Finalizacao do Protocolo,00:49:04,CLI,,N,,,2025/06/24,
3000000017215,1,Informação,00:02:42,,,N,,,2025/06/24,
3000000017216,1,URA Pesquisa NPS,00:09:02,CLI ,10000000259786,S,Sim,10.0,2025/06/24,Email48444
3000000017217,1,Informação,,,,N,,,2025/06/24,
3000000017218,1,URA Pesquisa NPS,00:05:54,Cli ,10000000259787,S,Sim,10.0,2025/06/24,Email48444
3000000017219,1,Caixa Postal,00:00:05,Cli,10000000258767,N,,,2025/06/24,
3000000017220,1,URA Pesquisa NPS,00:01:57,Cli,10000000258767,S,,,2025/06/24,Email48438
3000000017221,1,URA Pesquisa NPS,00:04:05,cli,10000000259788,S,Sim,10.0,2025/06/24,Email5556
3000000017222,1,Ocupado,,CLI,10000000259789,N,,,2025/06/24,
3000000017223,1,Ocupado,,Cli,10000000259790,N,,,2025/06/24,
3000000017224,1,Caixa Postal,,Cli,10000000259790,N,,,2025/06/24,
3000000017225,1,URA Pesquisa NPS,00:00:47,Cli,10000000259791,S,,,2025/06/24,Email19156
3000000017226,1,Caixa Postal,00:00:04,,,N,,,2025/06/24,
3000000017227,1,Caixa Postal,00:00:01,,,N,,,2025/06/24,
3000000017228,1,Caixa Postal,,,,N,,,2025/06/24,
3000000017229,1,Caixa Postal,,,,N,,,2025/06/24,
3000000017230,1,Caixa Postal,00:00:08,Cli,,N,,,2025/06/24,
3000000017231,1,Caixa Postal,00:00:01,Cli,,N,,,2025/06/24,
3000000017232,1,Informação,00:02:08,CLI,,N,,,2025/06/24,
3000000017233,1,Caixa Postal,,Cli,,N,,,2025/06/24,
3000000017234,1,Caixa Postal,00:00:04,CLI,10000000259792,N,,,2025/06/24,
3000000017235,1,Chamada Não Atendida,,Cli ,10000000259793,N,,,2025/06/24,
3000000017236,1,Cliente Desligou,00:00:08,Cli ,10000000259793,N,,,2025/06/24,
3000000017237,1,Cliente Desligou,00:00:07,Cli ,10000000259793,N,,,2025/06/24,
3000000017238,1,Chamada Não Atendida,,Cli ,10000000259793,N,,,2025/06/24,
3000000017239,1,URA Pesquisa NPS,00:12:08,CLI,10000000259794,S,Sim,10.0,2025/06/24,Email11179
3000000017240,1,Informação,00:01:03,,,N,,,2025/06/24,
3000000017241,1,Caixa Postal,00:00:03,cli,10000000259795,N,,,2025/06/24,
3000000017242,1,Chamada Não Atendida,00:00:08,Cli ,,N,,,2025/06/24,
3000000017243,1,Chamada Não Atendida,00:00:10,Cli ,,N,,,2025/06/24,
3000000017244,1,URA Pesquisa NPS,00:07:35,,,S,,,2025/06/24,Email5371
3000000017245,1,Informação,,cli,,N,,,2025/06/24,
3000000017246,1,Informação,00:00:21,cli,,N,,,2025/06/24,
3000000017247,1,Informação,00:00:04,CLI,,N,,,2025/06/24,
3000000017248,1,URA Pesquisa NPS,00:03:35,cli,10000000259796,S,Sim,10.0,2025/06/24,Email11179
3000000017249,1,Ocupado,,,,N,,,2025/06/24,
3000000017250,1,Ocupado,,,,N,,,2025/06/24,
3000000017251,1,Cliente Desligou,00:00:04,cli,,N,,,2025/06/24,
3000000017252,1,Caixa Postal,00:00:00,cli,,N,,,2025/06/24,
3000000017253,1,Caixa Postal,00:00:03,cli,,N,,,2025/06/24,
3000000017254,1,Caixa Postal,,cli,,N,,,2025/06/24,
3000000017255,1,Caixa Postal,00:00:01,,,N,,,2025/06/24,
3000000017256,1,Caixa Postal,,,,N,,,2025/06/24,
3000000017257,1,Caixa Postal,00:00:00,,,N,,,2025/06/24,
3000000017258,1,Caixa Postal,,,,N,,,2025/06/24,
3000000017259,1,Caixa Postal,,,,N,,,2025/06/24,
3000000017260,1,URA Pesquisa NPS,00:01:38,Cli,10000000259797,S,Sim,10.0,2025/06/24,Email19156
3000000017261,1,Caixa Postal,,,,N,,,2025/06/24,
3000000017262,1,Caixa Postal,00:00:04,,,N,,,2025/06/24,
3000000017263,1,Caixa Postal,00:00:02,,,N,,,2025/06/24,
3000000017264,1,Caixa Postal,00:00:04,,,N,,,2025/06/24,
3000000017265,1,Caixa Postal,,,,N,,,2025/06/24,
3000000017266,1,Caixa Postal,,,,N,,,2025/06/24,
3000000017267,1,Caixa Postal,00:00:01,Cliente,10000000259798,N,,,2025/06/24,
3000000017268,1,Caixa Postal,00:00:02,Cliente,10000000259798,N,,,2025/06/24,
3000000017269,1,Caixa Postal,00:00:02,cli,,N,,,2025/06/24,
3000000017270,1,Caixa Postal,,cli,,N,,,2025/06/24,
3000000017271,1,Chamada Não Atendida,00:00:07,Cli ,10000000259799,N,,,2025/06/24,
3000000017272,1,Caixa Postal,,cli,,N,,,2025/06/24,
3000000017273,1,Chamada Não Atendida,00:00:06,Cli ,10000000259799,N,,,2025/06/24,
3000000017274,1,Chamada Não Atendida,00:00:06,Cli ,10000000259799,N,,,2025/06/24,
3000000017275,1,URA Pesquisa NPS,00:02:52,,10000000259800,S,,,2025/06/24,Email19156
3000000017276,1,Caixa Postal,00:00:10,CLI,10000000259801,N,,,2025/06/24,
3000000017277,1,Caixa Postal,00:00:03,CLI,,N,,,2025/06/24,
3000000017278,1,Caixa Postal,,cliente,10000000259802,N,,,2025/06/24,
3000000017279,1,Caixa Postal,,Cliente,10000000259803,N,,,2025/06/24,
3000000017280,1,Caixa Postal,00:00:03,Cliente,10000000259803,N,,,2025/06/24,
3000000017281,1,URA Pesquisa NPS,00:01:29,Cli ,10000000259799,S,Sim,9.0,2025/06/24,Email48444
3000000017282,1,Caixa Postal,00:00:17,Cli,10000000259804,N,,,2025/06/24,
3000000017283,1,URA Pesquisa NPS,00:04:20,CLI,10000000259805,S,Sim,10.0,2025/06/24,Email48444
3000000017284,1,Caixa Postal,00:00:04,Cli,10000000259806,N,,,2025/06/24,
3000000017285,1,Caixa Postal,00:00:03,Cli,,N,,,2025/06/24,
3000000017286,1,Caixa Postal,00:00:01,cli,10000000259807,N,,,2025/06/24,
3000000017287,1,Caixa Postal,00:00:03,cli,10000000259807,N,,,2025/06/24,
3000000017288,1,URA Pesquisa NPS,00:04:17,cli,10000000259808,S,Sim,10.0,2025/06/24,Email48438
3000000017289,1,Informação,00:03:46,Cli ,10000000259809,N,,,2025/06/23,
3000000017290,1,URA Pesquisa NPS,00:09:06,cli,10000000259810,S,Sim,10.0,2025/06/23,Email11179
3000000017291,1,Caixa Postal,00:00:21,Cli ,10000000259811,N,,,2025/06/23,
3000000017292,1,URA Pesquisa NPS,00:01:47,Cli ,10000000259811,S,Sim,,2025/06/23,Email48445
3000000017293,1,Protocolo Permanecera em Andamento,00:03:53,Cli,10000000259812,N,,,2025/06/23,
3000000017294,1,URA Pesquisa NPS,00:07:13,Cli,10000000259813,S,,,2025/06/23,Email19156
3000000017295,1,Caixa Postal,00:00:05,cli,10000000259706,N,,,2025/06/23,
3000000017296,1,Informação,00:03:53,Cli,10000000259814,N,,,2025/06/23,
3000000017297,1,Caixa Postal,,CLI,10000000259815,N,,,2025/06/23,
3000000017298,1,Ocupado,,Cli,,N,,,2025/06/23,
3000000017299,1,Ocupado,,Cli,,N,,,2025/06/23,
3000000017300,1,Ocupado,,Cli,,N,,,2025/06/23,
3000000017301,1,Ocupado,,Cli,,N,,,2025/06/23,
3000000017302,1,Informação,00:00:04,Cli ,,N,,,2025/06/23,
3000000017303,1,Ocupado,,Cli,10000000259816,N,,,2025/06/23,
3000000017304,1,URA Pesquisa NPS,00:02:48,Cli,,S,,,2025/06/23,Email19156
3000000017305,1,URA Pesquisa NPS,00:00:20,,,S,,,2025/06/23,Email4355
3000000017306,1,Informação,00:01:36,Cli,10000000259813,N,,,2025/06/23,
3000000017307,1,Caixa Postal,00:00:03,CLI,,N,,,2025/06/23,
3000000017308,1,Caixa Postal,00:00:00,CLI,,N,,,2025/06/23,
3000000017309,1,Informação,00:00:17,,,N,,,2025/06/23,
3000000017310,1,Caixa Postal,00:00:07,CLI,,N,,,2025/06/23,
3000000017311,1,Informação,00:11:51,CLI,,N,,,2025/06/23,
3000000017312,1,Chamada Não Atendida,00:00:07,CLI ,10000000259817,N,,,2025/06/23,
3000000017313,1,Chamada Não Atendida,00:00:05,CLI ,10000000259817,N,,,2025/06/23,
3000000017314,1,Informação,,CLI,,N,,,2025/06/23,
3000000017315,1,Caixa Postal,,CLI,,N,,,2025/06/23,
3000000017316,1,URA Pesquisa NPS,00:01:14,Cli,10000000259818,S,Sim,10.0,2025/06/23,Email288
3000000017317,1,Informação,00:00:16,CLI,10000000259819,N,,,2025/06/23,
3000000017318,1,Informação,00:01:08,Cli ,,N,,,2025/06/23,
3000000017319,1,Caixa Postal,00:00:17,Cliente,10000000259820,N,,,2025/06/23,
3000000017320,1,Caixa Postal,00:00:04,CLI,10000000259821,N,,,2025/06/23,
3000000017321,1,Chamada Não Atendida,,Cli ,10000000259822,N,,,2025/06/23,
3000000017322,1,URA Pesquisa NPS,00:04:58,CLI,10000000259823,S,Sim,10.0,2025/06/23,Email4194
3000000017323,1,URA Pesquisa NPS,00:00:49,Cli ,10000000259822,S,,,2025/06/23,Email372
3000000017324,1,Informação,00:00:10,,,N,,,2025/06/23,
3000000017325,1,Informação,00:02:33,Cli,,N,,,2025/06/23,
3000000017326,1,Caixa Postal,00:00:04,Cli,10000000259824,N,,,2025/06/23,
3000000017327,1,URA Pesquisa NPS,00:00:42,Cliente,10000000259675,S,Sim,10.0,2025/06/23,Email8754
3000000017328,1,URA Pesquisa NPS,00:00:47,cli,10000000259676,S,,,2025/06/23,Email639
3000000017329,1,URA Pesquisa NPS,00:02:19,CLI,10000000259825,S,Sim,9.0,2025/06/23,Email288
3000000017330,1,Informação,,,,N,,,2025/06/23,
3000000017331,1,Informação,,,,N,,,2025/06/23,
3000000017332,1,Informação,00:08:19,CLI,,N,,,2025/06/23,
3000000017333,1,Chamada Não Atendida,,CLI,10000000259826,N,,,2025/06/23,
3000000017334,1,Informação,00:05:57,CLI,,N,,,2025/06/23,
3000000017335,1,Caixa Postal,00:00:30,cli,10000000259827,N,,,2025/06/23,
3000000017336,1,Chamada Não Atendida,,cli,10000000259828,N,,,2025/06/23,
3000000017337,1,Informação,00:00:03,Cli ,,N,,,2025/06/23,
3000000017338,1,Informação,00:00:10,Cli ,,N,,,2025/06/23,
3000000017339,1,Informação,00:01:39,Cli,10000000259829,N,,,2025/06/23,
3000000017340,1,Informação,,,,N,,,2025/06/23,
3000000017341,1,URA Pesquisa NPS,00:00:24,cli,10000000259827,S,Sim,,2025/06/23,Email48439
3000000017342,1,Caixa Postal,00:00:05,Cli ,10000000259830,N,,,2025/06/23,
3000000017343,1,Caixa Postal,00:00:03,Cli ,10000000259830,N,,,2025/06/23,
3000000017344,1,Contato de Finalizacao do Protocolo,00:01:57,Cli,10000000259831,N,,,2025/06/23,
3000000017345,1,Cliente Desligou,00:00:01,Cli ,,N,,,2025/06/23,
3000000017346,1,Informação,00:02:23,Cli ,10000000259832,N,,,2025/06/23,
3000000017347,1,Caixa Postal,00:00:03,Cli,,N,,,2025/06/23,
3000000017348,1,Caixa Postal,00:00:10,Cli,,N,,,2025/06/23,
3000000017349,1,Não Atende,00:00:14,CLI,10000000259833,N,,,2025/06/20,
3000000017350,1,Não Atende,00:00:24,CLI,10000000259834,N,,,2025/06/20,
3000000017351,1,Ocupado,,CLI,10000000259835,N,,,2025/06/20,
3000000017352,1,URA Pesquisa NPS,00:08:57,CLI,,S,,,2025/06/20,Email45
3000000017353,1,Caixa Postal,00:00:05,CLI,10000000259836,N,,,2025/06/20,
3000000017354,1,Informação,,,,N,,,2025/06/20,
3000000017355,1,Caixa Postal,00:00:10,cli,10000000259837,N,,,2025/06/20,
3000000017356,1,Caixa Postal,,cli,,N,,,2025/06/20,
3000000017357,1,URA Pesquisa NPS,00:09:32,CLI,10000000259755,S,,,2025/06/20,Email11179
3000000017358,1,Ocupado,,CLI,10000000259835,N,,,2025/06/20,
3000000017359,1,Caixa Postal,00:00:04,CLI,10000000259833,N,,,2025/06/20,
3000000017360,1,URA Pesquisa NPS,00:01:08,CLI,10000000259833,S,Sim,10.0,2025/06/20,Email45
3000000017361,1,Chamada Não Atendida,,,,N,,,2025/06/20,
3000000017362,1,Cliente Desligou,00:00:01,CLI,10000000259838,N,,,2025/06/20,
3000000017363,1,URA Pesquisa NPS,00:00:39,CLI,10000000259838,S,,,2025/06/20,Email19156
3000000017364,1,Caixa Postal,,CLI,10000000259839,N,,,2025/06/20,
3000000017365,1,Caixa Postal,00:00:04,cli,10000000259840,N,,,2025/06/20,
3000000017366,1,Caixa Postal,00:00:03,cli,10000000259840,N,,,2025/06/20,
3000000017367,1,Caixa Postal,00:00:03,cli,10000000259840,N,,,2025/06/20,
3000000017368,1,Ocupado,,cli,10000000259639,N,,,2025/06/20,
3000000017369,1,Caixa Postal,00:00:11,Cli,10000000259639,N,,,2025/06/20,
3000000017370,1,Caixa Postal,00:00:10,Cli,10000000259841,N,,,2025/06/20,
3000000017371,1,URA Pesquisa NPS,00:01:32,Cli,10000000259841,S,Sim,10.0,2025/06/20,Email48444
3000000017372,1,Protocolo Permanecera em Andamento,00:03:38,Cli,10000000259842,N,,,2025/06/20,
3000000017373,1,Chamada Não Atendida,00:00:05,Cli ,10000000259843,N,,,2025/06/20,
3000000017374,1,Chamada Não Atendida,00:00:01,Cli ,10000000259843,N,,,2025/06/20,
3000000017375,1,Chamada Não Atendida,00:00:04,Cli ,10000000259843,N,,,2025/06/20,
3000000017376,1,Chamada Não Atendida,00:00:04,Cli ,10000000259843,N,,,2025/06/20,
3000000017377,1,Caixa Postal,00:00:09,cli,,N,,,2025/06/20,
3000000017378,1,Caixa Postal,00:00:09,cli,,N,,,2025/06/20,
3000000017379,1,Caixa Postal,,CLI,10000000259844,N,,,2025/06/20,
3000000017380,1,Informação,00:02:15,cli,10000000259845,N,,,2025/06/20,
3000000017381,1,Caixa Postal,00:00:05,Cli ,,N,,,2025/06/20,
3000000017382,1,Caixa Postal,00:00:08,Cli ,,N,,,2025/06/20,
3000000017383,1,URA Pesquisa NPS,00:05:59,CLI,10000000259839,S,,,2025/06/20,Email11179
3000000017384,1,Caixa Postal,00:00:03,Cli ,,N,,,2025/06/20,
3000000017385,1,Caixa Postal,00:00:05,cli,,N,,,2025/06/20,
3000000017386,1,Caixa Postal,00:00:04,cli,10000000259845,N,,,2025/06/20,
3000000017387,1,Informação,,,,N,,,2025/06/20,
3000000017388,1,Caixa Postal,00:00:05,cli,10000000259845,N,,,2025/06/20,
3000000017389,1,Informação,,,,N,,,2025/06/20,
3000000017390,1,Informação,,Cli,,N,,,2025/06/20,
3000000017391,1,Informação,,Cli,,N,,,2025/06/20,
3000000017392,1,Informação,,Cli,,N,,,2025/06/20,
3000000017393,1,Informação,00:01:00,Cli ,10000000259846,N,,,2025/06/20,
3000000017394,1,Caixa Postal,00:00:05,Cli,10000000259847,N,,,2025/06/20,
3000000017395,1,Caixa Postal,00:00:04,Cli,10000000259847,N,,,2025/06/20,
3000000017396,1,Caixa Postal,00:00:03,,,N,,,2025/06/20,
3000000017397,1,Contato de Finalizacao do Protocolo,00:02:24,,,N,,,2025/06/20,
3000000017398,1,Caixa Postal,00:00:09,CLI,10000000259848,N,,,2025/06/20,
3000000017399,1,Caixa Postal,,CLI,10000000259848,N,,,2025/06/20,
3000000017400,1,Caixa Postal,00:00:04,Cli ,,N,,,2025/06/20,
3000000017401,1,Caixa Postal,00:00:08,,,N,,,2025/06/20,
3000000017402,1,Informação,00:00:05,,,N,,,2025/06/20,
3000000017403,1,Caixa Postal,00:00:07,,,N,,,2025/06/20,
3000000017404,1,Não Atende,00:00:05,CLI,10000000259849,N,,,2025/06/20,
3000000017405,1,Não Atende,,CLI,10000000259850,N,,,2025/06/20,
3000000017406,1,Ocupado,,Cli,10000000259851,N,,,2025/06/20,
3000000017407,1,Cliente Desligou,00:00:01,CLI ,10000000259852,N,,,2025/06/20,
3000000017408,1,Chamada Não Atendida,00:00:01,Cli ,10000000259853,N,,,2025/06/20,
3000000017409,1,Caixa Postal,00:00:03,Cli ,10000000259853,N,,,2025/06/20,
3000000017410,1,Caixa Postal,00:00:05,Cli ,10000000259853,N,,,2025/06/20,
3000000017411,1,Caixa Postal,00:00:06,Cli ,10000000259853,N,,,2025/06/20,
3000000017412,1,Caixa Postal,00:00:16,Cli,10000000259854,N,,,2025/06/20,
3000000017413,1,Caixa Postal,,Cli,10000000259854,N,,,2025/06/20,
3000000017414,1,Caixa Postal,00:00:04,CLI,10000000259848,N,,,2025/06/20,
3000000017415,1,Caixa Postal,00:00:01,CLI,10000000259848,N,,,2025/06/20,
3000000017416,1,Chamada Não Atendida,00:00:11,Cli ,10000000259855,N,,,2025/06/20,
3000000017417,1,Chamada Não Atendida,00:00:03,Cli ,,N,,,2025/06/20,
3000000017418,1,Chamada Não Atendida,,Cli ,10000000259855,N,,,2025/06/20,
3000000017419,1,Informação,00:00:02,CLI ,,N,,,2025/06/20,
3000000017420,1,URA Pesquisa NPS,00:03:46,CLI ,10000000259852,S,Sim,10.0,2025/06/20,Email11179
3000000017421,1,Informação,,Cliente,,N,,,2025/06/20,
3000000017422,1,Informação,,Cliente,,N,,,2025/06/20,
3000000017423,1,Informação,00:00:03,,,N,,,2025/06/20,
3000000017424,1,Contato de Finalizacao do Protocolo,00:01:39,CLI,10000000259849,N,,,2025/06/20,
3000000017425,1,Caixa Postal,00:00:07,cli,10000000259849,N,,,2025/06/20,
3000000017426,1,URA Pesquisa NPS,00:02:02,cli,10000000259856,S,Sim,9.0,2025/06/20,Email48438
3000000017427,1,Informação,,,,N,,,2025/06/20,
3000000017428,1,Chamada Não Atendida,,cli,,N,,,2025/06/20,
3000000017429,1,Caixa Postal,00:00:05,cli,10000000259857,N,,,2025/06/20,
3000000017430,1,Caixa Postal,00:00:04,Cli,10000000259858,N,,,2025/06/20,
3000000017431,1,Chamada Não Atendida,00:00:03,Cli,10000000259859,N,,,2025/06/20,
3000000017432,1,Chamada Não Atendida,00:00:02,Cli,10000000259859,N,,,2025/06/20,
3000000017433,1,URA Pesquisa NPS,00:05:08,Cli,10000000259858,S,Sim,,2025/06/20,Email639
3000000017434,1,Chamada Não Atendida,00:00:00,Cli ,,N,,,2025/06/20,
3000000017435,1,Chamada Não Atendida,00:00:03,Cli ,10000000259860,N,,,2025/06/20,
3000000017436,1,Chamada Não Atendida,00:00:07,Cli ,,N,,,2025/06/20,
3000000017437,1,Chamada Não Atendida,,Cli ,,N,,,2025/06/20,
3000000017438,1,Chamada Não Atendida,00:00:01,Cli ,,N,,,2025/06/20,
3000000017439,1,Caixa Postal,00:00:05,CLI,10000000259861,N,,,2025/06/18,
3000000017440,1,Não Atende,00:00:17,CLI,10000000259862,N,,,2025/06/18,
3000000017441,1,Caixa Postal,,CLI,10000000259863,N,,,2025/06/18,
3000000017442,1,URA Pesquisa NPS,00:03:10,CLI,10000000259863,S,,,2025/06/18,Email45
3000000017443,1,Não Atende,00:00:05,CLI,10000000259864,N,,,2025/06/18,
3000000017444,1,Não Atende,,CLI,10000000259864,N,,,2025/06/18,
3000000017445,1,URA Pesquisa NPS,00:00:53,CLI,10000000259864,S,Sim,10.0,2025/06/18,Email45
3000000017446,1,URA Pesquisa NPS,00:09:10,Cli,10000000259865,S,Nao,0.0,2025/06/18,Email19156
3000000017447,1,Caixa Postal,00:00:03,CLI,10000000259866,N,,,2025/06/18,
3000000017448,1,Caixa Postal,00:00:10,CLI,10000000259866,N,,,2025/06/18,
3000000017449,1,Ocupado,,CLI ,10000000259867,N,,,2025/06/18,
3000000017450,1,Ocupado,,CLI ,10000000259868,N,,,2025/06/18,
3000000017451,1,Caixa Postal,,CLI,10000000259815,N,,,2025/06/18,
3000000017452,1,Caixa Postal,,CLI,10000000259815,N,,,2025/06/18,
3000000017453,1,Chamada Não Atendida,00:00:05,Cli ,10000000259869,N,,,2025/06/18,
3000000017454,1,Caixa Postal,00:00:10,cli,10000000259870,N,,,2025/06/18,
3000000017455,1,Caixa Postal,00:00:05,Cli ,10000000259871,N,,,2025/06/18,
3000000017456,1,Caixa Postal,00:00:05,Cli ,,N,,,2025/06/18,
3000000017457,1,Caixa Postal,00:00:10,Cli ,10000000259871,N,,,2025/06/18,
3000000017458,1,URA Pesquisa NPS,00:16:57,Cli,10000000259872,S,,,2025/06/18,Email11179
3000000017459,1,Caixa Postal,00:00:05,cli,10000000259870,N,,,2025/06/18,
3000000017460,1,Informação,,cli,,N,,,2025/06/18,
3000000017461,1,Caixa Postal,,CLI,10000000259873,N,,,2025/06/18,
3000000017462,1,Caixa Postal,,CLI,10000000259874,N,,,2025/06/18,
3000000017463,1,Caixa Postal,00:00:05,CLI,10000000259875,N,,,2025/06/18,
3000000017464,1,Caixa Postal,,cli,10000000259876,N,,,2025/06/18,
3000000017465,1,Caixa Postal,00:00:05,CLI,10000000259873,N,,,2025/06/18,
3000000017466,1,URA Pesquisa NPS,00:03:49,CLI,,S,,,2025/06/18,Email19156
3000000017467,1,Caixa Postal,00:00:03,,,N,,,2025/06/18,
3000000017468,1,Caixa Postal,,,,N,,,2025/06/18,
3000000017469,1,Informação,,CLI,10000000259877,N,,,2025/06/18,
3000000017470,1,Informação,,Cli,10000000259878,N,,,2025/06/18,
3000000017471,1,Caixa Postal,,Cli,,N,,,2025/06/18,
3000000017472,1,Informação,00:01:10,Cli,10000000259878,N,,,2025/06/18,
3000000017473,1,Informação,,Cli,,N,,,2025/06/18,
3000000017474,1,Informação,,Cli,,N,,,2025/06/18,
3000000017475,1,Informação,,Cli,10000000259878,N,,,2025/06/18,
3000000017476,1,URA Pesquisa NPS,00:01:10,Cli,10000000259878,S,Sim,10.0,2025/06/18,Email11179
3000000017477,1,Caixa Postal,00:00:10,CLI,10000000259874,N,,,2025/06/18,
3000000017478,1,Caixa Postal,00:00:05,CLI,10000000259874,N,,,2025/06/18,
3000000017479,1,Caixa Postal,00:00:08,Cliente,,N,,,2025/06/18,
3000000017480,1,Caixa Postal,,Cliente,,N,,,2025/06/18,
3000000017481,1,Caixa Postal,00:00:04,cli,10000000259879,N,,,2025/06/18,
3000000017482,1,Caixa Postal,00:00:03,cli,10000000259879,N,,,2025/06/18,
3000000017483,1,Informação,00:00:00,,,N,,,2025/06/18,
3000000017484,1,URA Pesquisa NPS,00:03:24,cli,10000000259880,S,Sim,9.0,2025/06/18,Email11179
3000000017485,1,Não Atende,00:00:15,CLI,10000000259881,N,,,2025/06/18,
3000000017486,1,Ocupado,,,,N,,,2025/06/18,
3000000017487,1,Ocupado,,,,N,,,2025/06/18,
3000000017488,1,Ocupado,,,,N,,,2025/06/18,
3000000017489,1,Caixa Postal,00:00:07,CLI,10000000259882,N,,,2025/06/18,
3000000017490,1,URA Pesquisa NPS,00:02:51,CLI,10000000259883,S,,,2025/06/18,Email296
3000000017491,1,Cliente Desligou,00:00:06,CLI,10000000259884,N,,,2025/06/18,
3000000017492,1,URA Pesquisa NPS,00:17:25,CLI,10000000259885,S,Nao,10.0,2025/06/18,Email11179
3000000017493,1,Caixa Postal,00:00:11,CLI,,N,,,2025/06/18,
3000000017494,1,Caixa Postal,00:00:08,CLI,,N,,,2025/06/18,
3000000017495,1,Caixa Postal,00:00:02,CLI,,N,,,2025/06/18,
3000000017496,1,Caixa Postal,00:00:02,CLI,,N,,,2025/06/18,
3000000017497,1,URA Pesquisa NPS,00:02:03,CLI,10000000259886,S,,,2025/06/18,Email45
3000000017498,1,Caixa Postal,00:00:04,Cli,10000000259887,N,,,2025/06/18,
3000000017499,1,Caixa Postal,00:00:24,Cli,10000000259887,N,,,2025/06/18,
3000000017500,1,Chamada Não Atendida,00:00:05,CLI ,10000000259888,N,,,2025/06/18,
3000000017501,1,Chamada Não Atendida,,CLI,10000000259868,N,,,2025/06/18,
3000000017502,1,Chamada Não Atendida,,CLI ,10000000259888,N,,,2025/06/18,
3000000017503,1,Caixa Postal,00:00:01,Cli,,N,,,2025/06/18,
3000000017504,1,Chamada Não Atendida,,CLI ,,N,,,2025/06/18,
3000000017505,1,Cliente Desligou,00:00:39,Cli,,N,,,2025/06/18,
3000000017506,1,Caixa Postal,,Cli,,N,,,2025/06/18,
3000000017507,1,Caixa Postal,,cliente,,N,,,2025/06/18,
3000000017508,1,URA Pesquisa NPS,00:03:42,cliente,10000000259889,S,,,2025/06/18,Email48444
3000000017509,1,Informação,00:20:28,,,N,,,2025/06/18,
3000000017510,1,Caixa Postal,,CLI,,N,,,2025/06/18,
3000000017511,1,Caixa Postal,00:00:02,CLI,,N,,,2025/06/18,
3000000017512,1,Caixa Postal,00:00:01,CLI,,N,,,2025/06/18,
3000000017513,1,Responsavel ausente,00:01:07,CLI ,10000000259890,N,,,2025/06/18,
3000000017514,1,URA Pesquisa NPS,00:06:25,Cli,10000000259891,S,,,2025/06/18,Email19156
3000000017515,1,Caixa Postal,,CLI,10000000259892,N,,,2025/06/18,
3000000017516,1,Caixa Postal,00:00:06,,,N,,,2025/06/18,
3000000017517,1,Caixa Postal,,cli,10000000259893,N,,,2025/06/18,
3000000017518,1,Caixa Postal,,cli,10000000259893,N,,,2025/06/18,
3000000017519,1,Caixa Postal,00:00:01,cli,10000000259894,N,,,2025/06/18,
3000000017520,1,Caixa Postal,00:00:04,,,N,,,2025/06/18,
3000000017521,1,Caixa Postal,00:00:10,,,N,,,2025/06/18,
3000000017522,1,Caixa Postal,,,,N,,,2025/06/18,
3000000017523,1,Caixa Postal,00:00:03,cli,10000000259895,N,,,2025/06/18,
3000000017524,1,URA Pesquisa NPS,00:02:00,CLI,10000000259896,S,,,2025/06/17,Email4194
3000000017525,1,Caixa Postal,,CLI,10000000259897,N,,,2025/06/17,
3000000017526,1,Não Atende,00:00:39,Cli,,N,,,2025/06/17,
3000000017527,1,Ligação Muda,00:00:04,cli ,,N,,,2025/06/17,
3000000017528,1,Contato de Finalizacao do Protocolo,00:09:07,Cli,,N,,,2025/06/17,
3000000017529,1,Informação,,Cli,,N,,,2025/06/17,
3000000017530,1,Caixa Postal,,CLI,10000000259898,N,,,2025/06/17,
3000000017531,1,Cliente Desligou,00:00:04,CLI,10000000259898,N,,,2025/06/17,
3000000017532,1,Cliente Desligou,00:00:06,CLI,,N,,,2025/06/17,
3000000017533,1,Caixa Postal,00:00:12,cli,,N,,,2025/06/17,
3000000017534,1,Informação,00:00:03,Cli,,N,,,2025/06/17,
3000000017535,1,Caixa Postal,00:00:03,CLI,10000000259864,N,,,2025/06/17,
3000000017536,1,Contato de Finalizacao do Protocolo,00:01:51,CLI,,N,,,2025/06/17,
3000000017537,1,URA Pesquisa NPS,00:19:15,CLI,10000000259897,S,Sim,10.0,2025/06/17,Email11179
3000000017538,1,Informação,00:00:04,,,N,,,2025/06/17,
3000000017539,1,Informação,00:00:02,,,N,,,2025/06/17,
3000000017540,1,Protocolo Permanecera em Andamento,00:01:36,Cli ,10000000259822,N,,,2025/06/17,
3000000017541,1,Caixa Postal,00:00:04,,,N,,,2025/06/17,
3000000017542,1,Caixa Postal,00:00:04,,,N,,,2025/06/17,
3000000017543,1,URA Pesquisa NPS,00:02:03,CLI,10000000259899,S,,,2025/06/17,Email48438
3000000017544,1,Informação,,cli,,N,,,2025/06/17,
3000000017545,1,Ocupado,,cli,10000000259900,N,,,2025/06/17,
3000000017546,1,URA Pesquisa NPS,00:04:50,CLI,10000000259901,S,Sim,10.0,2025/06/17,Email4355
3000000017547,1,URA Pesquisa NPS,00:03:24,cli,10000000259900,S,Sim,8.0,2025/06/17,Email48445
3000000017548,1,URA Pesquisa NPS,00:02:33,CLI,10000000259864,S,Sim,10.0,2025/06/17,Email45
3000000017549,1,Caixa Postal,,,,N,,,2025/06/17,
3000000017550,1,Caixa Postal,00:00:00,Cli ,,N,,,2025/06/17,
3000000017551,1,Informação,00:00:57,Cli ,10000000259822,N,,,2025/06/17,
3000000017552,1,URA Pesquisa NPS,00:00:59,CLI,10000000259902,S,Sim,10.0,2025/06/17,Email329
3000000017553,1,URA Pesquisa NPS,00:03:55,Cli,10000000259903,S,,,2025/06/17,Email585
3000000017554,1,Caixa Postal,00:00:17,Cli ,10000000259904,N,,,2025/06/17,
3000000017555,1,Informação,,,,N,,,2025/06/17,
3000000017556,1,Informação,00:00:05,,,N,,,2025/06/17,
3000000017557,1,Caixa Postal,00:00:09,Cli ,10000000259905,N,,,2025/06/17,
3000000017558,1,Caixa Postal,00:00:05,,,N,,,2025/06/17,
3000000017559,1,Chamada Não Atendida,00:00:20,,,N,,,2025/06/17,
3000000017560,1,Caixa Postal,00:00:06,,,N,,,2025/06/17,
3000000017561,1,Caixa Postal,00:00:02,,,N,,,2025/06/17,
3000000017562,1,Caixa Postal,,CLI,,N,,,2025/06/17,
3000000017563,1,Caixa Postal,00:00:03,Cli,,N,,,2025/06/17,
3000000017564,1,Caixa Postal,00:00:03,Cli,,N,,,2025/06/17,
3000000017565,1,Caixa Postal,,Cli,,N,,,2025/06/17,
3000000017566,1,URA Pesquisa NPS,00:15:14,Cli,10000000259906,S,,,2025/06/17,Email585
3000000017567,1,Sent To Voicemail,00:12:37,Cli,10000000259907,S,Nao,0.0,2025/06/17,Email19156
3000000017568,1,URA Pesquisa NPS,00:00:39,cli,10000000259908,S,,,2025/06/17,Email48439
3000000017569,1,Caixa Postal,00:00:01,,,N,,,2025/06/17,
3000000017570,1,Protocolo Permanecera em Andamento,00:02:21,Cli,10000000259776,N,,,2025/06/17,
3000000017571,1,URA Pesquisa NPS,00:03:16,Cli,10000000259909,S,Sim,9.0,2025/06/17,Email19156
3000000017572,1,Caixa Postal,00:00:08,CLI,10000000259910,N,,,2025/06/17,
3000000017573,1,Caixa Postal,,CLI,10000000259910,N,,,2025/06/17,
3000000017574,1,Caixa Postal,00:00:01,cli,10000000259911,N,,,2025/06/17,
3000000017575,1,Caixa Postal,00:00:21,CLI,10000000259861,N,,,2025/06/17,
3000000017576,1,Caixa Postal,00:00:19,CLI,10000000259861,N,,,2025/06/17,
3000000017577,1,URA Pesquisa NPS,00:01:52,Cli,,S,,,2025/06/17,Email19156
3000000017578,1,Informação,00:00:02,,,N,,,2025/06/17,
3000000017579,1,URA Pesquisa NPS,00:03:19,CLI,10000000259874,S,Sim,,2025/06/17,Email11179
3000000017580,1,Informação,00:00:03,,,N,,,2025/06/17,
3000000017581,1,Caixa Postal,,CLI,10000000259912,N,,,2025/06/17,
3000000017582,1,Caixa Postal,,CLI,10000000259912,N,,,2025/06/17,
3000000017583,1,URA Pesquisa NPS,00:03:55,CLI,10000000259912,S,Sim,10.0,2025/06/17,Email45
3000000017584,1,Caixa Postal,00:00:05,Cli,10000000259913,N,,,2025/06/17,
3000000017585,1,Informação,00:00:05,Cli,,N,,,2025/06/17,
3000000017586,1,Informação,00:00:03,Cli,,N,,,2025/06/17,
3000000017587,1,Caixa Postal,00:00:03,CLI,10000000259914,N,,,2025/06/17,
3000000017588,1,Caixa Postal,,Cli,,N,,,2025/06/17,
3000000017589,1,Caixa Postal,00:00:00,,,N,,,2025/06/17,
3000000017590,1,Informação,,CLI,10000000259915,N,,,2025/06/17,
3000000017591,1,Informação,00:00:05,,,N,,,2025/06/17,
3000000017592,1,URA Pesquisa NPS,00:01:57,CLI,10000000259916,S,Sim,10.0,2025/06/17,Email329
3000000017593,1,Caixa Postal,00:00:06,cli,10000000259917,N,,,2025/06/17,
3000000017594,1,Caixa Postal,00:00:03,cli,10000000259918,N,,,2025/06/17,
3000000017595,1,Caixa Postal,00:00:06,CLI ,10000000259919,N,,,2025/06/16,
3000000017596,1,Informação,,CLI ,,N,,,2025/06/16,
3000000017597,1,Informação,00:00:30,CLI,,N,,,2025/06/16,
3000000017598,1,Ligação Muda,00:03:11,cli ,,N,,,2025/06/16,
3000000017599,1,URA Pesquisa NPS,00:00:08,CLI,,S,,,2025/06/16,Email372
3000000017600,1,Informação,00:00:35,CLI,,N,,,2025/06/16,
3000000017601,1,Dados do vendedor,,cli,10000000259920,N,,,2025/06/16,
3000000017602,1,Caixa Postal,00:00:17,CLI,,N,,,2025/06/16,
3000000017603,1,Caixa Postal,00:00:03,cli,10000000259920,N,,,2025/06/16,
3000000017604,1,Caixa Postal,,CLI,,N,,,2025/06/16,
3000000017605,1,Chamada Não Atendida,00:00:04,CLI,10000000259921,N,,,2025/06/16,
3000000017606,1,Chamada Não Atendida,00:00:06,CLI,10000000259921,N,,,2025/06/16,
3000000017607,1,Chamada Não Atendida,00:00:03,CLI,10000000259921,N,,,2025/06/16,
3000000017608,1,URA Pesquisa NPS,00:01:33,Cli,10000000259922,S,Sim,10.0,2025/06/16,Email11179
3000000017609,1,Não Atende,00:00:14,CLI,,N,,,2025/06/16,
3000000017610,1,URA Pesquisa NPS,00:00:50,CLI,10000000259921,S,,,2025/06/16,Email296
3000000017611,1,Caixa Postal,00:00:13,CLI,10000000259923,N,,,2025/06/16,
3000000017612,1,Não Atende,,CLI,10000000259923,N,,,2025/06/16,
3000000017613,1,Caixa Postal,00:00:02,CLI,10000000259923,N,,,2025/06/16,
3000000017614,1,Caixa Postal,00:00:05,CLI,10000000259923,N,,,2025/06/16,
3000000017615,1,Ligação Muda,00:01:23,cli ,,S,,,2025/06/16,Email48445
3000000017616,1,Ligação Muda,00:00:31,cli ,,S,,,2025/06/16,Email48445
3000000017617,1,URA Pesquisa NPS,00:04:36,cli,10000000259924,S,Sim,10.0,2025/06/16,Email639
3000000017618,1,Caixa Postal,,cli,,N,,,2025/06/16,
3000000017619,1,Caixa Postal,,cli,10000000259925,N,,,2025/06/16,
3000000017620,1,URA Pesquisa NPS,00:00:22,cli ,,S,,,2025/06/16,Email48445
3000000017621,1,Não Atende,00:00:51,cli ,,N,,,2025/06/16,
3000000017622,1,Caixa Postal,00:00:05,CLI,10000000259923,N,,,2025/06/16,
3000000017623,1,Cliente Desligou,00:00:30,CLI,10000000259923,N,,,2025/06/16,
3000000017624,1,Caixa Postal,00:00:05,CLI,10000000259923,N,,,2025/06/16,
3000000017625,1,Caixa Postal,00:00:13,CLI,10000000259923,N,,,2025/06/16,
3000000017626,1,Caixa Postal,,Cli,,N,,,2025/06/16,
3000000017627,1,Caixa Postal,,Cli,10000000259926,N,,,2025/06/16,
3000000017628,1,Chamada Não Atendida,00:00:05,CLI,10000000259927,N,,,2025/06/16,
3000000017629,1,URA Pesquisa NPS,00:02:58,CLI,10000000259927,S,Sim,10.0,2025/06/16,Email48444
3000000017630,1,Ocupado,,CLI,10000000259928,N,,,2025/06/16,
3000000017631,1,Ocupado,,CLI,10000000259928,N,,,2025/06/16,
3000000017632,1,Caixa Postal,,CLI,10000000259928,N,,,2025/06/16,
3000000017633,1,Caixa Postal,,CLI,10000000259929,N,,,2025/06/16,
3000000017634,1,Caixa Postal,,CLI,10000000259930,N,,,2025/06/16,
3000000017635,1,Caixa Postal,,Cli,10000000259931,N,,,2025/06/16,
3000000017636,1,Caixa Postal,00:00:06,CLI ,10000000259932,N,,,2025/06/16,
3000000017637,1,URA Pesquisa NPS,00:03:33,CLI,10000000259933,S,,,2025/06/16,Email11179
3000000017638,1,Caixa Postal,00:00:11,CLI ,10000000259932,N,,,2025/06/16,
3000000017639,1,Caixa Postal,,cli,10000000259925,N,,,2025/06/16,
3000000017640,1,Caixa Postal,,Cli,10000000259934,N,,,2025/06/16,
3000000017641,1,Caixa Postal,,Cli,10000000259934,N,,,2025/06/16,
3000000017642,1,Caixa Postal,00:00:03,Cli,10000000259934,N,,,2025/06/16,
3000000017643,1,Caixa Postal,00:00:06,Cli,10000000259934,N,,,2025/06/16,
3000000017644,1,Caixa Postal,,CLI,10000000259929,N,,,2025/06/16,
3000000017645,1,Contato de Finalizacao do Protocolo,00:08:23,,,N,,,2025/06/16,
3000000017646,1,Caixa Postal,00:00:04,cli,10000000259935,N,,,2025/06/16,
3000000017647,1,Contato de Finalizacao do Protocolo,00:05:42,cli,10000000259936,N,,,2025/06/16,
3000000017648,1,Informação,,,,N,,,2025/06/16,
3000000017649,1,Informação,,,,N,,,2025/06/16,
3000000017650,1,Caixa Postal,00:00:07,CLI ,10000000259932,N,,,2025/06/16,
3000000017651,1,Caixa Postal,00:00:01,CLI,,N,,,2025/06/16,
3000000017652,1,Caixa Postal,,CLI,,N,,,2025/06/16,
3000000017653,1,URA Pesquisa NPS,00:10:07,CLI,10000000259937,S,Sim,10.0,2025/06/16,Email4355
3000000017654,1,Informação,,Cliente,,N,,,2025/06/16,
3000000017655,1,Caixa Postal,00:00:33,,,N,,,2025/06/16,
3000000017656,1,Caixa Postal,00:00:03,,,N,,,2025/06/16,
3000000017657,1,Informação,00:00:00,Cli,,N,,,2025/06/16,
3000000017658,1,Informação,,,,N,,,2025/06/16,
3000000017659,1,Protocolo Permanecera em Andamento,00:02:23,CLI,10000000259938,N,,,2025/06/16,
3000000017660,1,URA Pesquisa NPS,00:00:58,CLI,10000000259939,S,Sim,9.0,2025/06/16,Email45
3000000017661,1,Consulta Status,,,,N,,,2025/06/16,
3000000017662,1,Cliente Desligou,00:00:58,Cliente,10000000259940,N,,,2025/06/16,
3000000017663,1,Caixa Postal,00:00:04,CLI,10000000259941,N,,,2025/06/16,
3000000017664,1,Cliente Desligou,00:00:01,Cli ,10000000259942,N,,,2025/06/16,
3000000017665,1,Caixa Postal,00:00:03,Cli ,10000000259942,N,,,2025/06/16,
3000000017666,1,Caixa Postal,00:00:22,cli,10000000259943,N,,,2025/06/16,
3000000017667,1,Informação,00:00:03,,,N,,,2025/06/16,
3000000017668,1,URA Pesquisa NPS,00:00:44,Cliente,10000000259944,S,Sim,9.0,2025/06/16,Email8754
3000000017669,1,Caixa Postal,00:00:05,,,N,,,2025/06/16,
3000000017670,1,Caixa Postal,00:00:19,,,N,,,2025/06/16,
3000000017671,1,Caixa Postal,00:00:05,cli,10000000259945,N,,,2025/06/16,
3000000017672,1,Caixa Postal,,cli,10000000259945,N,,,2025/06/16,
3000000017673,1,Caixa Postal,00:00:01,cli,10000000259946,N,,,2025/06/16,
3000000017674,1,URA Pesquisa NPS,00:03:57,cliente,10000000259947,S,Sim,,2025/06/13,Email45
3000000017675,1,URA Pesquisa NPS,00:06:30,CLI,10000000259948,S,Sim,9.0,2025/06/13,Email4194
3000000017676,1,Caixa Postal,,Cli ,,N,,,2025/06/13,
3000000017677,1,Caixa Postal,00:00:05,CLI,10000000259756,N,,,2025/06/13,
3000000017678,1,Caixa Postal,00:00:04,CLI,10000000259756,N,,,2025/06/13,
3000000017679,1,URA Pesquisa NPS,00:03:03,Cli ,10000000259949,S,Sim,10.0,2025/06/13,Email48444
3000000017680,1,Caixa Postal,00:00:06,cli,10000000259950,N,,,2025/06/13,
3000000017681,1,Caixa Postal,00:00:03,Cli ,10000000259951,N,,,2025/06/13,
3000000017682,1,Caixa Postal,,Cli ,10000000259951,N,,,2025/06/13,
3000000017683,1,Caixa Postal,00:00:01,Cliente,10000000259952,N,,,2025/06/13,
3000000017684,1,Caixa Postal,00:00:05,CLI,10000000259953,N,,,2025/06/13,
3000000017685,1,Contato de Finalizacao do Protocolo,,cli,10000000259954,N,,,2025/06/13,
3000000017686,1,Caixa Postal,,cli,,N,,,2025/06/13,
3000000017687,1,Agent Error,00:04:50,,,N,,,2025/06/13,
3000000017688,1,Não Atende,,CLI,10000000259955,N,,,2025/06/13,
3000000017689,1,Caixa Postal,00:00:33,CLI,10000000259956,N,,,2025/06/13,
3000000017690,1,Caixa Postal,00:01:15,CLI,,N,,,2025/06/13,
3000000017691,1,Não Atende,,Cliente,10000000259957,N,,,2025/06/13,
3000000017692,1,Ligação Muda,00:00:47,CLI,10000000259958,N,,,2025/06/13,
3000000017693,1,Caixa Postal,00:00:05,Cliente,10000000259820,N,,,2025/06/13,
3000000017694,1,Caixa Postal,00:00:04,Cliente,10000000259820,N,,,2025/06/13,
3000000017695,1,URA Pesquisa NPS,00:03:56,Cliente,,S,,,2025/06/13,Email5556
3000000017696,1,Informação,00:03:37,Cli ,10000000259959,N,,,2025/06/13,
3000000017697,1,Não Atende,,Cliente,10000000259960,N,,,2025/06/13,
3000000017698,1,Caixa Postal,00:00:06,cli,10000000259961,N,,,2025/06/13,
3000000017699,1,URA Pesquisa NPS,00:09:09,Cli,10000000259962,S,Sim,10.0,2025/06/13,Email11179
3000000017700,1,Caixa Postal,00:00:15,cli,10000000259963,N,,,2025/06/13,
3000000017701,1,Caixa Postal,,,,N,,,2025/06/13,
3000000017702,1,URA Pesquisa NPS,00:03:15,CLI,10000000259958,S,,,2025/06/13,Email45
3000000017703,1,URA Pesquisa NPS,00:06:24,CLI,10000000259964,S,Sim,10.0,2025/06/13,Email4194
3000000017704,1,URA Pesquisa NPS,00:01:09,cli,10000000259965,S,Sim,8.0,2025/06/13,Email48438
3000000017705,1,Cliente Desligou,00:00:21,CLI,10000000259938,N,,,2025/06/13,
3000000017706,1,Ligação Muda,,CLI,10000000259966,N,,,2025/06/13,
3000000017707,1,Caixa Postal,,CLI,10000000259966,N,,,2025/06/13,
3000000017708,1,URA Pesquisa NPS,00:41:59,CLI,10000000259967,S,Sim,10.0,2025/06/13,Email48444
3000000017709,1,Informação,00:00:02,Cli,,N,,,2025/06/13,
3000000017710,1,Informação,00:00:33,CLI,,N,,,2025/06/13,
3000000017711,1,Informação,00:00:14,cli,10000000259968,N,,,2025/06/13,
3000000017712,1,Informação,,cli,,N,,,2025/06/13,
3000000017713,1,Informação,,cli,10000000259968,N,,,2025/06/13,
3000000017714,1,Informação,,cli,,N,,,2025/06/13,
3000000017715,1,URA Pesquisa NPS,00:02:49,Cli,10000000259969,S,Sim,10.0,2025/06/13,Email1615
3000000017716,1,URA Pesquisa NPS,00:01:39,cli,10000000259970,S,Sim,10.0,2025/06/13,Email5556
3000000017717,1,URA Pesquisa NPS,00:03:24,CLI,10000000259966,S,,,2025/06/13,Email364
3000000017718,1,URA Pesquisa NPS,00:01:37,CLI,10000000259971,S,Sim,10.0,2025/06/13,Email288
3000000017719,1,Caixa Postal,,CLI,10000000259972,N,,,2025/06/13,
3000000017720,1,Informação,,Cli,,N,,,2025/06/13,
3000000017721,1,Caixa Postal,,CLI ,10000000259919,N,,,2025/06/13,
3000000017722,1,URA Pesquisa NPS,00:01:38,CLI,10000000259973,S,Sim,9.0,2025/06/13,Email329
3000000017723,1,Caixa Postal,00:00:03,cli,,N,,,2025/06/12,
3000000017724,1,Caixa Postal,,cli,,N,,,2025/06/12,
3000000017725,1,Caixa Postal,,cli,,N,,,2025/06/12,
3000000017726,1,Informação,00:00:02,cli,,N,,,2025/06/12,
3000000017727,1,Informação,,,,N,,,2025/06/12,
3000000017728,1,URA Pesquisa NPS,00:02:09,cli,10000000259974,S,,,2025/06/12,Email5556
3000000017729,1,URA Pesquisa NPS,00:01:42,Cli,10000000259975,S,,,2025/06/12,Email1615
3000000017730,1,Chamada Não Atendida,00:00:04,Cli ,10000000259976,N,,,2025/06/12,
3000000017731,1,Chamada Não Atendida,,Cli ,10000000259976,N,,,2025/06/12,
3000000017732,1,Caixa Postal,,CLI,10000000259977,N,,,2025/06/12,
3000000017733,1,URA Pesquisa NPS,00:03:26,Cli,10000000259978,S,Sim,10.0,2025/06/12,Email11179
3000000017734,1,Caixa Postal,00:00:02,cli,10000000259979,N,,,2025/06/12,
3000000017735,1,Caixa Postal,00:00:01,cli,10000000259979,N,,,2025/06/12,
3000000017736,1,URA Pesquisa NPS,00:03:48,CLI ,10000000259980,S,Sim,10.0,2025/06/12,Email5556
3000000017737,1,URA Pesquisa NPS,00:01:30,cli,10000000259981,S,Sim,9.0,2025/06/12,Email11179
3000000017738,1,Informação,00:00:01,,,N,,,2025/06/12,
3000000017739,1,Caixa Postal,00:00:00,cli,,N,,,2025/06/12,
3000000017740,1,Caixa Postal,00:00:10,cli,,N,,,2025/06/12,
3000000017741,1,URA Pesquisa NPS,00:00:43,cli,10000000259982,S,Sim,8.0,2025/06/12,Email48439
3000000017742,1,URA Pesquisa NPS,00:01:41,Cli,10000000259983,S,Sim,10.0,2025/06/12,Email1615
3000000017743,1,Caixa Postal,00:00:03,cli,10000000259984,N,,,2025/06/12,
3000000017744,1,Caixa Postal,00:00:01,cli,10000000259984,N,,,2025/06/12,
3000000017745,1,Informação,00:00:22,cli,10000000259984,N,,,2025/06/12,
3000000017746,1,URA Pesquisa NPS,00:04:04,cli,10000000259984,S,Sim,10.0,2025/06/12,Email48438
3000000017747,1,Caixa Postal,00:00:05,Cliente,10000000259985,N,,,2025/06/12,
3000000017748,1,Caixa Postal,00:00:01,Cliente,,N,,,2025/06/12,
3000000017749,1,URA Pesquisa NPS,00:02:06,Cliente,10000000259985,S,,,2025/06/12,Email48438
3000000017750,1,Informação,,cli,,N,,,2025/06/12,
3000000017751,1,URA Pesquisa NPS,00:00:48,cli,10000000259986,S,Sim,10.0,2025/06/12,Email5556
3000000017752,1,Caixa Postal,00:00:09,Cli ,10000000259987,N,,,2025/06/12,
3000000017753,1,Caixa Postal,00:00:04,Cli ,10000000259987,N,,,2025/06/12,
3000000017754,1,Informação,,cli,,N,,,2025/06/12,
3000000017755,1,URA Pesquisa NPS,00:06:12,cli,10000000259988,S,,,2025/06/12,Email11179
3000000017756,1,Informação,00:00:07,cli,,N,,,2025/06/12,
3000000017757,1,Caixa Postal,00:00:08,CLI,,N,,,2025/06/12,
3000000017758,1,Caixa Postal,,CLI,,N,,,2025/06/12,
3000000017759,1,Informação,,CLI,10000000259989,N,,,2025/06/12,
3000000017760,1,Informação,00:01:13,cli,,N,,,2025/06/12,
3000000017761,1,Informação,00:00:15,cli,10000000259990,N,,,2025/06/12,
3000000017762,1,Informação,,,,N,,,2025/06/12,
3000000017763,1,Caixa Postal,00:00:05,cli,10000000259990,N,,,2025/06/12,
3000000017764,1,Caixa Postal,00:00:00,cli,10000000259990,N,,,2025/06/12,
3000000017765,1,Caixa Postal,00:00:05,Cli ,10000000259991,N,,,2025/06/12,
3000000017766,1,Caixa Postal,,Cli ,10000000259991,N,,,2025/06/12,
3000000017767,1,Informação,00:03:07,Cli ,,N,,,2025/06/12,
3000000017768,1,Caixa Postal,,Cli ,,N,,,2025/06/12,
3000000017769,1,Caixa Postal,,Cli ,,N,,,2025/06/12,
3000000017770,1,Caixa Postal,00:00:02,Cli ,,N,,,2025/06/12,
3000000017771,1,Protocolo Permanecera em Andamento,00:04:25,Cli,10000000259992,N,,,2025/06/12,
3000000017772,1,Caixa Postal,00:00:06,,,N,,,2025/06/12,
3000000017773,1,Caixa Postal,00:00:08,,,N,,,2025/06/12,
3000000017774,1,Caixa Postal,00:00:05,Cli,10000000259993,N,,,2025/06/12,
3000000017775,1,URA Pesquisa NPS,00:02:17,Cli,10000000259994,S,Sim,10.0,2025/06/12,Email48438
3000000017776,1,URA Pesquisa NPS,00:00:55,cli,10000000259995,S,Sim,10.0,2025/06/12,Email5556
3000000017777,1,URA Pesquisa NPS,00:02:43,cli,10000000259954,S,Sim,10.0,2025/06/12,Email11179
3000000017778,1,URA Pesquisa NPS,00:05:29,cli,10000000259996,S,Sim,10.0,2025/06/12,Email48438
3000000017779,1,Chamada Não Atendida,00:00:03,Cli ,10000000259997,N,,,2025/06/12,
3000000017780,1,URA Pesquisa NPS,00:01:21,cli,10000000259998,S,Sim,10.0,2025/06/12,Email48438
3000000017781,1,Informação,00:00:16,Cli ,,N,,,2025/06/12,
3000000017782,1,Informação,00:00:07,Cli ,,N,,,2025/06/12,
3000000017783,1,Caixa Postal,00:00:01,cli,10000000259999,N,,,2025/06/12,
3000000017784,1,Caixa Postal,00:00:03,Cli ,10000000260000,N,,,2025/06/12,
3000000017785,1,Contato de Finalizacao do Protocolo,00:01:19,Cli,10000000259992,N,,,2025/06/12,
3000000017786,1,Informação,,CLI,10000000259972,N,,,2025/06/12,
3000000017787,1,Caixa Postal,,CLI,10000000259972,N,,,2025/06/12,
3000000017788,1,Informação,,CLI,,N,,,2025/06/12,
3000000017789,1,Caixa Postal,00:00:04,Cli ,,N,,,2025/06/12,
3000000017790,1,URA Pesquisa NPS,00:00:50,Cli,10000000260001,S,Sim,10.0,2025/06/12,Email585
3000000017791,1,Caixa Postal,,cli,10000000259999,N,,,2025/06/12,
3000000017792,1,URA Pesquisa NPS,00:00:50,Cli,10000000260002,S,Sim,10.0,2025/06/12,Email5556
3000000017793,1,Caixa Postal,00:00:11,Cli,10000000258982,N,,,2025/06/12,
3000000017794,1,Caixa Postal,00:00:04,CLI,10000000259977,N,,,2025/06/11,
3000000017795,1,Não Atende,,Cliente,10000000260003,N,,,2025/06/11,
3000000017796,1,Informação,00:00:03,,,N,,,2025/06/11,
3000000017797,1,URA Pesquisa NPS,00:04:03,CLI,10000000260004,S,,,2025/06/11,Email11179
3000000017798,1,Informação,00:00:10,CLI,,N,,,2025/06/11,
3000000017799,1,URA Pesquisa NPS,00:03:40,CLI,10000000260005,S,Sim,10.0,2025/06/11,Email288
3000000017800,1,Caixa Postal,,CLI,10000000260006,N,,,2025/06/11,
3000000017801,1,Informação,,,,N,,,2025/06/11,
3000000017802,1,Caixa Postal,00:00:05,Cliente,10000000260003,N,,,2025/06/11,
3000000017803,1,Caixa Postal,00:00:04,Cli,,N,,,2025/06/11,
3000000017804,1,Contato de Finalizacao do Protocolo,00:00:48,Cli,10000000260007,N,,,2025/06/11,
3000000017805,1,URA Pesquisa NPS,00:07:55,CLI,10000000260008,S,Sim,10.0,2025/06/11,Email5556
3000000017806,1,Caixa Postal,00:00:01,Cli,10000000260009,N,,,2025/06/11,
3000000017807,1,URA Pesquisa NPS,00:01:47,Cli,10000000260010,S,Sim,10.0,2025/06/11,Email45
3000000017808,1,Caixa Postal,00:00:01,Cli ,10000000260011,N,,,2025/06/11,
3000000017809,1,Caixa Postal,00:00:11,Cli,10000000260012,N,,,2025/06/11,
3000000017810,1,Caixa Postal,00:00:20,Cli,10000000260012,N,,,2025/06/11,
3000000017811,1,Caixa Postal,00:00:04,CLI,10000000260013,N,,,2025/06/11,
3000000017812,1,Caixa Postal,00:00:10,cli,10000000260014,N,,,2025/06/11,
3000000017813,1,Caixa Postal,00:00:05,cli,10000000260014,N,,,2025/06/11,
3000000017814,1,Caixa Postal,,cli,10000000260014,N,,,2025/06/11,
3000000017815,1,Ligação Muda,,CLI ,10000000260015,N,,,2025/06/11,
3000000017816,1,Informação,,CLI,10000000259784,N,,,2025/06/11,
3000000017817,1,Informação,,,,N,,,2025/06/11,
3000000017818,1,Ligação Muda,00:00:12,CLI ,10000000260015,N,,,2025/06/11,
3000000017819,1,Não Atende,,Cliente,10000000260016,N,,,2025/06/11,
3000000017820,1,Informação,00:00:08,Cli,,N,,,2025/06/11,
3000000017821,1,URA Pesquisa NPS,00:03:11,CLI,10000000260017,S,Sim,10.0,2025/06/11,Email19156
3000000017822,1,Informação,,,,N,,,2025/06/11,
3000000017823,1,Informação,,,,N,,,2025/06/11,
3000000017824,1,Informação,00:00:01,Cliente ,10000000260018,N,,,2025/06/11,
3000000017825,1,Informação,,,,N,,,2025/06/11,
3000000017826,1,Informação,00:00:08,,,N,,,2025/06/11,
3000000017827,1,Caixa Postal,00:00:01,CLI ,10000000260019,N,,,2025/06/11,
3000000017828,1,Caixa Postal,00:00:01,CLI ,10000000260019,N,,,2025/06/11,
3000000017829,1,Cliente Desligou,00:01:43,Cli,10000000260020,N,,,2025/06/11,
3000000017830,1,URA Pesquisa NPS,00:02:59,Cli,10000000260020,S,,,2025/06/11,Email1615
3000000017831,1,Informação,,,,N,,,2025/06/11,
3000000017832,1,Informação,,,,N,,,2025/06/11,
3000000017833,1,Informação,00:00:53,,,N,,,2025/06/11,
3000000017834,1,Caixa Postal,,Cli,,N,,,2025/06/11,
3000000017835,1,Informação,,,,N,,,2025/06/11,
3000000017836,1,Informação,,,,N,,,2025/06/11,
3000000017837,1,Caixa Postal,,Cli,,N,,,2025/06/11,
3000000017838,1,Informação,,,,N,,,2025/06/11,
3000000017839,1,Caixa Postal,,,,N,,,2025/06/11,
3000000017840,1,Informação,,,,N,,,2025/06/11,
3000000017841,1,Caixa Postal,,,,N,,,2025/06/11,
3000000017842,1,Caixa Postal,00:00:10,,,N,,,2025/06/11,
3000000017843,1,Caixa Postal,,Cli,,N,,,2025/06/11,
3000000017844,1,Informação,,,,N,,,2025/06/11,
3000000017845,1,Caixa Postal,,CLI,10000000260021,N,,,2025/06/11,
3000000017846,1,Chamada Não Atendida,,CLI,10000000260022,N,,,2025/06/11,
3000000017847,1,Caixa Postal,,CLI,10000000260023,N,,,2025/06/11,
3000000017848,1,URA Pesquisa NPS,00:00:38,CLI,10000000260024,S,,,2025/06/11,Email296
3000000017849,1,Caixa Postal,00:00:03,Cli,10000000260025,N,,,2025/06/11,
3000000017850,1,Caixa Postal,00:00:08,Cli,,N,,,2025/06/11,
3000000017851,1,Caixa Postal,00:00:03,Cli,10000000260026,N,,,2025/06/11,
3000000017852,1,Caixa Postal,00:00:01,Cli,10000000260026,N,,,2025/06/11,
3000000017853,1,Caixa Postal,,cli,,N,,,2025/06/11,
3000000017854,1,URA Pesquisa NPS,00:00:35,cli,10000000260027,S,Sim,10.0,2025/06/11,Email48439
3000000017855,1,Caixa Postal,,CLI,10000000260021,N,,,2025/06/11,
3000000017856,1,Caixa Postal,00:00:02,Cli,10000000260028,N,,,2025/06/11,
3000000017857,1,Caixa Postal,,CLI,10000000260023,N,,,2025/06/11,
3000000017858,1,Caixa Postal,00:00:03,Cli,,N,,,2025/06/11,
3000000017859,1,Caixa Postal,00:00:05,Cli,,N,,,2025/06/11,
3000000017860,1,URA Pesquisa NPS,00:00:57,Cli,10000000260029,S,Sim,10.0,2025/06/11,Email585
3000000017861,1,Caixa Postal,00:00:05,Cli ,10000000260030,N,,,2025/06/11,
3000000017862,1,Informação,,,,N,,,2025/06/11,
3000000017863,1,Caixa Postal,,Cli ,10000000260031,N,,,2025/06/11,
3000000017864,1,Caixa Postal,,Cli ,10000000260031,N,,,2025/06/11,
3000000017865,1,URA Pesquisa NPS,00:00:54,Cli ,10000000260032,S,Sim,10.0,2025/06/11,Email48444
3000000017866,1,Protocolo Permanecera em Andamento,00:06:07,Cli,10000000260033,N,,,2025/06/11,
3000000017867,1,URA Pesquisa NPS,00:00:36,cli,10000000260034,S,Sim,10.0,2025/06/11,Email5556
3000000017868,1,Chamada Não Atendida,,,,N,,,2025/06/11,
3000000017869,1,Chamada Não Atendida,,,,N,,,2025/06/11,
3000000017870,1,Agent Error,00:01:42,,,N,,,2025/06/11,
3000000017871,1,Caixa Postal,00:00:02,,,N,,,2025/06/11,
3000000017872,1,Caixa Postal,,,,N,,,2025/06/11,
3000000017873,1,Não Atende,,CLI,10000000260035,N,,,2025/06/11,
3000000017874,1,Caixa Postal,00:00:01,,,N,,,2025/06/11,
3000000017875,1,URA Pesquisa NPS,00:01:30,Cli ,10000000260036,S,Sim,10.0,2025/06/11,Email48444
3000000017876,1,Caixa Postal,,,,N,,,2025/06/11,
3000000017877,1,Caixa Postal,,,,N,,,2025/06/11,
3000000017878,1,URA Pesquisa NPS,00:01:23,CLI,10000000260037,S,Sim,10.0,2025/06/11,Email288
3000000017879,1,Caixa Postal,00:00:47,CLI,10000000260038,N,,,2025/06/11,
3000000017880,1,Caixa Postal,00:00:17,CLI,,N,,,2025/06/11,
3000000017881,1,Caixa Postal,00:00:06,cli,,N,,,2025/06/11,
3000000017882,1,Caixa Postal,00:00:03,cli,,N,,,2025/06/11,
3000000017883,1,Caixa Postal,00:00:05,CLI,,N,,,2025/06/11,
3000000017884,1,Informação,00:00:04,,,N,,,2025/06/11,
3000000017885,1,URA Pesquisa NPS,00:04:42,CLI,10000000260038,S,,,2025/06/11,Email48438
3000000017886,1,Informação,00:00:00,cli,,N,,,2025/06/11,
3000000017887,1,URA Pesquisa NPS,00:04:03,cli,10000000259965,S,Nao,9.0,2025/06/11,Email5556
3000000017888,1,Caixa Postal,00:00:05,CLI,10000000260039,N,,,2025/06/11,
3000000017889,1,Informação,00:01:51,,,N,,,2025/06/11,
3000000017890,1,Não Atende,00:00:12,CLI,10000000260035,N,,,2025/06/11,
3000000017891,1,Caixa Postal,00:00:05,CLI,10000000260035,N,,,2025/06/11,
3000000017892,1,URA Pesquisa NPS,00:06:58,CLI,10000000260005,S,Sim,10.0,2025/06/11,Email329
3000000017893,1,Caixa Postal,00:00:06,cli,10000000259979,N,,,2025/06/11,
3000000017894,1,Caixa Postal,00:00:01,Cli,,N,,,2025/06/11,
3000000017895,1,Caixa Postal,00:00:03,cli,10000000259979,N,,,2025/06/11,
3000000017896,1,Caixa Postal,00:00:01,Cli,,N,,,2025/06/11,
3000000017897,1,Contato de Finalizacao do Protocolo,00:02:02,,,N,,,2025/06/11,
3000000017898,1,URA Pesquisa NPS,00:00:50,Cli,10000000260040,S,Sim,8.0,2025/06/11,Email288
3000000017899,1,Caixa Postal,,cli,10000000260041,N,,,2025/06/11,
3000000017900,1,Caixa Postal,00:00:04,CLI,10000000260042,N,,,2025/06/11,
3000000017901,1,Agent Error,,,,N,,,2025/06/11,
3000000017902,1,URA Pesquisa NPS,00:01:07,cli,10000000260043,S,,,2025/06/11,Email5556
3000000017903,1,Caixa Postal,00:00:04,4063923,,N,,,2025/06/10,
3000000017904,1,URA Pesquisa NPS,00:01:37,4063923,10000000260044,S,Sim,1.0,2025/06/10,Email4355
3000000017905,1,Caixa Postal,,CLI,10000000260045,N,,,2025/06/10,
3000000017906,1,Atendimento exclusivo por email,,,,N,,,2025/06/10,
3000000017907,1,Informação,00:00:05,,,N,,,2025/06/10,
3000000017908,1,Informação,00:04:47,,,N,,,2025/06/10,
3000000017909,1,Informação,00:05:32,,,N,,,2025/06/10,
3000000017910,1,Caixa Postal,00:00:04,,10000000260046,N,,,2025/06/10,
3000000017911,1,Caixa Postal,00:00:10,Cli,10000000260047,N,,,2025/06/10,
3000000017912,1,URA Pesquisa NPS,00:01:22,Cli ,10000000260048,S,Sim,9.0,2025/06/10,Email48444
3000000017913,1,Caixa Postal,,,,N,,,2025/06/10,
3000000017914,1,Caixa Postal,,CLI,10000000260045,N,,,2025/06/10,
3000000017915,1,Informação,00:00:12,Cli ,10000000260049,N,,,2025/06/10,
3000000017916,1,Caixa Postal,,Cli,,N,,,2025/06/10,
3000000017917,1,Caixa Postal,,Cli,,N,,,2025/06/10,
3000000017918,1,Informação,,CLIENTE,,N,,,2025/06/10,
3000000017919,1,Caixa Postal,,Cli,,N,,,2025/06/10,
3000000017920,1,Caixa Postal,,Cli,,N,,,2025/06/10,
3000000017921,1,Caixa Postal,00:00:39,Cli,10000000260050,N,,,2025/06/10,
3000000017922,1,Caixa Postal,00:00:02,,,N,,,2025/06/10,
3000000017923,1,Informação,00:00:00,,,N,,,2025/06/10,
3000000017924,1,Informação,00:02:51,CLI,10000000259886,N,,,2025/06/10,
3000000017925,1,Sent To Voicemail,00:16:48,Cli,10000000260051,S,Sim,10.0,2025/06/10,Email48444
3000000017926,1,URA Pesquisa NPS,00:02:35,cli,10000000260052,S,,,2025/06/10,Email639
3000000017927,1,Informação,,Cliente,,N,,,2025/06/10,
3000000017928,1,Caixa Postal,,,,N,,,2025/06/10,
3000000017929,1,Não Atende,,CLI,10000000260053,N,,,2025/06/10,
3000000017930,1,Caixa Postal,,,,N,,,2025/06/10,
3000000017931,1,Contato de Finalizacao do Protocolo,00:03:24,CLI,10000000260053,N,,,2025/06/10,
3000000017932,1,Contato de Finalizacao do Protocolo,,,,N,,,2025/06/10,
3000000017933,1,Caixa Postal,,CLI,,N,,,2025/06/10,
3000000017934,1,Contato de Finalizacao do Protocolo,00:03:44,CLI,,N,,,2025/06/10,
3000000017935,1,URA Pesquisa NPS,00:04:48,Cli ,10000000260054,S,,,2025/06/10,Email48443
3000000017936,1,Caixa Postal,00:00:00,Cli,10000000260055,N,,,2025/06/10,
3000000017937,1,Informação,00:03:20,Cli,,N,,,2025/06/10,
3000000017938,1,URA Pesquisa NPS,00:00:58,cli,10000000260056,S,Sim,10.0,2025/06/10,Email372
3000000017939,1,Informação,,,,N,,,2025/06/10,
3000000017940,1,Caixa Postal,,Cli ,,N,,,2025/06/10,
3000000017941,1,Informação,00:03:53,Cli ,,N,,,2025/06/10,
3000000017942,1,Caixa Postal,,CLI,10000000260057,N,,,2025/06/10,
3000000017943,1,Contato de Finalizacao do Protocolo,00:01:02,,,N,,,2025/06/10,
3000000017944,1,Informação,,Cli,,N,,,2025/06/10,
3000000017945,1,Informação,00:02:10,,,N,,,2025/06/10,
3000000017946,1,Caixa Postal,,CLI ,,N,,,2025/06/10,
3000000017947,1,Caixa Postal,,CLI ,,N,,,2025/06/10,
3000000017948,1,Informação,00:00:07,,,N,,,2025/06/10,
3000000017949,1,Informação,,,,N,,,2025/06/10,
3000000017950,1,Informação,00:00:04,,,N,,,2025/06/10,
3000000017951,1,Informação,,C,,N,,,2025/06/10,
3000000017952,1,Ocupado,,CLI,10000000260058,N,,,2025/06/10,
3000000017953,1,Contato de Finalizacao do Protocolo,00:01:06,cli,10000000260059,N,,,2025/06/10,
3000000017954,1,Chamada Não Atendida,,CLI,,N,,,2025/06/10,
3000000017955,1,Caixa Postal,,CLI,,N,,,2025/06/10,
3000000017956,1,URA Pesquisa NPS,00:00:44,CLI,10000000260060,S,Sim,10.0,2025/06/10,Email585
3000000017957,1,Informação,,,,N,,,2025/06/10,
3000000017958,1,Caixa Postal,00:12:00,,,N,,,2025/06/10,
3000000017959,1,Não Atende,,Cliente,10000000260061,N,,,2025/06/10,
3000000017960,1,Caixa Postal,,,,N,,,2025/06/10,
3000000017961,1,Caixa Postal,,,,N,,,2025/06/10,
3000000017962,1,Não Atende,,CLI,10000000259902,N,,,2025/06/10,
3000000017963,1,Informação,00:01:41,,,N,,,2025/06/10,
3000000017964,1,Caixa Postal,,Cli,,N,,,2025/06/10,
3000000017965,1,Informação,00:14:59,Cli,,N,,,2025/06/10,
3000000017966,1,Não Atende,00:00:04,,10000000260062,N,,,2025/06/10,
3000000017967,1,URA Pesquisa NPS,00:01:31,cli,10000000259908,S,Sim,10.0,2025/06/10,Email639
3000000017968,1,URA Pesquisa NPS,00:02:07,,10000000260063,S,,,2025/06/10,Email45
3000000017969,1,Ligação Muda,00:02:33,Cli,10000000260064,N,,,2025/06/10,
3000000017970,1,Caixa Postal,00:00:03,Cli ,10000000260065,N,,,2025/06/10,
3000000017971,1,Dados incorretos do cliente,00:00:23,Cli,10000000260064,N,,,2025/06/10,
3000000017972,1,Caixa Postal,00:00:03,Cliente,10000000260066,N,,,2025/06/10,
3000000017973,1,Caixa Postal,00:00:03,Cliente,10000000260066,N,,,2025/06/10,
3000000017974,1,Caixa Postal,00:00:04,,10000000260062,N,,,2025/06/10,
3000000017975,1,Informação,,,,N,,,2025/06/10,
3000000017976,1,Caixa Postal,,,,N,,,2025/06/10,
3000000017977,1,Ligação Muda,,,10000000260067,N,,,2025/06/10,
3000000017978,1,URA Pesquisa NPS,00:01:54,,,S,,,2025/06/10,Email45
3000000017979,1,Caixa Postal,,Cliente,10000000260068,N,,,2025/06/10,
3000000017980,1,Não Atende,00:00:09,,10000000260069,N,,,2025/06/10,
3000000017981,1,Informação,,CLI,,N,,,2025/06/10,
3000000017982,1,Caixa Postal,00:00:05,CLI,10000000260053,N,,,2025/06/10,
3000000017983,1,Caixa Postal,00:00:03,CLI,10000000260053,N,,,2025/06/10,
3000000017984,1,Caixa Postal,,CLI,10000000260053,N,,,2025/06/10,
3000000017985,1,Caixa Postal,00:00:04,CLI,10000000260053,N,,,2025/06/10,
3000000017986,1,Não Atende,,Cliente,10000000260066,N,,,2025/06/10,
3000000017987,1,Caixa Postal,,,,N,,,2025/06/10,
3000000017988,1,Informação,00:07:18,,,N,,,2025/06/10,
3000000017989,1,Caixa Postal,00:00:05,cli,10000000260070,N,,,2025/06/10,
3000000017990,1,Cliente Desligou,00:00:35,cli,10000000260071,N,,,2025/06/10,
3000000017991,1,Caixa Postal,00:00:01,CLI,,N,,,2025/06/10,
3000000017992,1,Caixa Postal,,CLI,,N,,,2025/06/10,
3000000017993,1,Caixa Postal,,,,N,,,2025/06/10,
3000000017994,1,Caixa Postal,,,,N,,,2025/06/10,
3000000017995,1,URA Pesquisa NPS,00:01:26,Cli,10000000259994,S,Sim,10.0,2025/06/10,Email1615
3000000017996,1,Não Atende,,CLI,,N,,,2025/06/10,
3000000017997,1,URA Pesquisa NPS,00:04:34,CLI,10000000260053,S,Sim,10.0,2025/06/10,Email4355
3000000017998,1,Caixa Postal,00:00:10,,,N,,,2025/06/10,
3000000017999,1,Caixa Postal,,,,N,,,2025/06/10,
3000000018000,1,Informação,00:01:26,cli,10000000260072,N,,,2025/06/10,
3000000018001,1,Caixa Postal,00:00:06,cli,10000000260073,N,,,2025/06/10,
3000000018002,1,Caixa Postal,00:00:05,cli,10000000260073,N,,,2025/06/10,
3000000018003,1,Informação,,,,N,,,2025/06/10,
3000000018004,1,Informação,00:05:44,cli,10000000260074,N,,,2025/06/10,
3000000018005,1,Caixa Postal,,,,N,,,2025/06/10,
3000000018006,1,Informação,,Cli,,N,,,2025/06/10,
3000000018007,1,Caixa Postal,,,,N,,,2025/06/10,
3000000018008,1,URA Pesquisa NPS,00:01:26,CLI ,10000000260075,S,Sim,10.0,2025/06/10,Email372
3000000018009,1,Caixa Postal,00:00:03,Cli ,10000000260076,N,,,2025/06/10,
3000000018010,1,Caixa Postal,,CLI,,N,,,2025/06/10,
3000000018011,1,Caixa Postal,,CLI,10000000260077,N,,,2025/06/10,
3000000018012,1,Informação,00:00:07,Cli,,N,,,2025/06/10,
3000000018013,1,Informação,00:00:05,Cli,,N,,,2025/06/10,
3000000018014,1,URA Pesquisa NPS,00:00:42,Cli,10000000258837,S,,,2025/06/10,Email5556
3000000018015,1,Caixa Postal,00:00:03,CLI,10000000260078,N,,,2025/06/10,
3000000018016,1,Caixa Postal,,,,N,,,2025/06/10,
3000000018017,1,Caixa Postal,,,,N,,,2025/06/10,
3000000018018,1,Cliente Desligou,00:00:05,CLI,10000000260079,N,,,2025/06/10,
3000000018019,1,Cliente Desligou,,CLI,,N,,,2025/06/10,
3000000018020,1,Informação,,,,N,,,2025/06/10,
3000000018021,1,Informação,,,,N,,,2025/06/10,
3000000018022,1,Informação,,,,N,,,2025/06/09,
3000000018023,1,Ocupado,,,10000000260080,N,,,2025/06/09,
3000000018024,1,URA Pesquisa NPS,00:00:29,CLI,10000000260081,S,,,2025/06/09,Email296
3000000018025,1,Ocupado,,,,N,,,2025/06/09,
3000000018026,1,Não Atende,,CLI,10000000260082,N,,,2025/06/09,
3000000018027,1,Ocupado,,,,N,,,2025/06/09,
3000000018028,1,Informação,,,,N,,,2025/06/09,
3000000018029,1,Informação,00:00:05,,,N,,,2025/06/09,
3000000018030,1,Chamada Não Atendida,00:00:09,CLI,10000000260083,N,,,2025/06/09,
3000000018031,1,Informação,00:00:10,,,N,,,2025/06/09,
3000000018032,1,Caixa Postal,00:00:18,,,N,,,2025/06/09,
3000000018033,1,URA Pesquisa NPS,00:01:21,MARCOS,10000000260084,S,,,2025/06/09,Email4355
3000000018034,1,Informação,00:00:04,CLI,,N,,,2025/06/09,
3000000018035,1,URA Pesquisa NPS,00:03:39,CLI,10000000260085,S,Sim,9.0,2025/06/09,Email5556
3000000018036,1,Chamada Não Atendida,00:00:05,Cli ,10000000260086,N,,,2025/06/09,
3000000018037,1,Chamada Não Atendida,,,,N,,,2025/06/09,
3000000018038,1,Caixa Postal,00:00:04,,,N,,,2025/06/09,
3000000018039,1,Caixa Postal,00:00:02,,,N,,,2025/06/09,
3000000018040,1,URA Pesquisa NPS,00:00:33,CLI,10000000260087,S,Sim,,2025/06/09,Email296
3000000018041,1,URA Pesquisa NPS,00:03:14,clie,10000000260088,S,Sim,10.0,2025/06/09,Email48443
3000000018042,1,Caixa Postal,00:00:09,Cli ,10000000260089,N,,,2025/06/09,
3000000018043,1,Caixa Postal,00:00:05,,,N,,,2025/06/09,
3000000018044,1,Caixa Postal,00:00:03,,,N,,,2025/06/09,
3000000018045,1,Ocupado,,,,N,,,2025/06/09,
3000000018046,1,Ocupado,,,,N,,,2025/06/09,
3000000018047,1,URA Pesquisa NPS,00:02:21,cli,10000000260090,S,Sim,10.0,2025/06/09,Email5556
3000000018048,1,Informação,,CLI,,N,,,2025/06/09,
3000000018049,1,Informação,,CLI,,N,,,2025/06/09,
3000000018050,1,URA Pesquisa NPS,00:02:36,CLI,10000000260091,S,Sim,10.0,2025/06/09,Email4355
3000000018051,1,Caixa Postal,00:00:11,Cli ,10000000260092,N,,,2025/06/09,
3000000018052,1,Ligação Muda,00:00:09,CLI,10000000260093,N,,,2025/06/09,
3000000018053,1,Informação,00:00:00,,,N,,,2025/06/09,
3000000018054,1,Ocupado,,CLI,10000000260093,N,,,2025/06/09,
3000000018055,1,Agent Error,00:06:14,,,N,,,2025/06/09,
3000000018056,1,Agent Error,00:03:08,,,N,,,2025/06/09,
3000000018057,1,Informação,00:01:06,,,N,,,2025/06/09,
3000000018058,1,Caixa Postal,,Cliente,10000000260094,N,,,2025/06/09,
3000000018059,1,Atendimento exclusivo por email,00:00:04,Cli,10000000260095,N,,,2025/06/09,
3000000018060,1,Cliente Desligou,00:00:15,,,N,,,2025/06/09,
3000000018061,1,Ligação Muda,00:00:08,,,N,,,2025/06/09,
3000000018062,1,Informação,00:00:00,,,N,,,2025/06/09,
3000000018063,1,Informação,00:00:04,,,N,,,2025/06/09,
3000000018064,1,Caixa Postal,,,,N,,,2025/06/09,
3000000018065,1,Caixa Postal,,,,N,,,2025/06/09,
3000000018066,1,Caixa Postal,00:00:07,CLI,10000000260096,N,,,2025/06/09,
3000000018067,1,Caixa Postal,00:00:06,CLI,10000000260096,N,,,2025/06/09,
3000000018068,1,Informação,,,,N,,,2025/06/09,
3000000018069,1,Caixa Postal,00:00:09,Cli ,10000000260097,N,,,2025/06/09,
3000000018070,1,Sent To Voicemail,00:04:08,cli,10000000260098,S,Sim,10.0,2025/06/09,Email48438
3000000018071,1,Ocupado,,,,N,,,2025/06/09,
3000000018072,1,Ocupado,,,10000000260099,N,,,2025/06/09,
3000000018073,1,Ocupado,,,,N,,,2025/06/09,
3000000018074,1,Ocupado,,,,N,,,2025/06/09,
3000000018075,1,Ocupado,,,,N,,,2025/06/09,
3000000018076,1,URA Pesquisa NPS,00:01:19,Cli,,S,Sim,10.0,2025/06/09,Email48438
3000000018077,1,Caixa Postal,,,,N,,,2025/06/09,
3000000018078,1,Caixa Postal,00:00:03,,,N,,,2025/06/09,
3000000018079,1,Caixa Postal,00:00:07,cli,,N,,,2025/06/09,
3000000018080,1,Caixa Postal,00:00:06,,,N,,,2025/06/09,
3000000018081,1,Informação,00:01:11,,,N,,,2025/06/09,
3000000018082,1,Informação,00:00:06,,,N,,,2025/06/09,
3000000018083,1,Chamada Não Atendida,00:00:01,Cli ,10000000260100,N,,,2025/06/09,
3000000018084,1,Informação,00:02:20,CLI,10000000260101,N,,,2025/06/09,
3000000018085,1,Caixa Postal,,CLI,10000000260102,N,,,2025/06/09,
3000000018086,1,Caixa Postal,00:00:03,cli,10000000260103,N,,,2025/06/09,
3000000018087,1,Caixa Postal,,cli,10000000260103,N,,,2025/06/09,
3000000018088,1,Caixa Postal,00:00:21,CLI,10000000260104,N,,,2025/06/09,
3000000018089,1,URA Pesquisa NPS,00:01:50,CLI,10000000260104,S,Sim,10.0,2025/06/09,Email329
3000000018090,1,Informação,00:00:09,CLI ,,N,,,2025/06/09,
3000000018091,1,Informação,00:08:27,CLI ,,N,,,2025/06/09,
3000000018092,1,Caixa Postal,,Cli,10000000260105,N,,,2025/06/09,
3000000018093,1,Caixa Postal,,Cli,10000000260105,N,,,2025/06/09,
3000000018094,1,URA Pesquisa NPS,00:02:43,Cli,10000000260105,S,,,2025/06/09,Email1615
3000000018095,1,Caixa Postal,00:00:07,cli,10000000260106,N,,,2025/06/09,
3000000018096,1,Caixa Postal,,cli,10000000260106,N,,,2025/06/09,
3000000018097,1,URA Pesquisa NPS,00:09:28,cli,,S,Sim,10.0,2025/06/09,Email48438
3000000018098,1,Não Atende,,Cliente,10000000260107,N,,,2025/06/09,
3000000018099,1,Não Atende,,Cliente,10000000260107,N,,,2025/06/09,
3000000018100,1,Caixa Postal,00:00:06,cli,10000000260108,N,,,2025/06/09,
3000000018101,1,Informação,,,,N,,,2025/06/09,
3000000018102,1,Informação,,,,N,,,2025/06/09,
3000000018103,1,Informação,,Cliente,,N,,,2025/06/09,
3000000018104,1,Caixa Postal,00:00:05,cli,10000000259943,N,,,2025/06/09,
3000000018105,1,Protocolo Permanecera em Andamento,00:01:31,Cliente,10000000260109,N,,,2025/06/09,
3000000018106,1,Informação,00:00:03,,,N,,,2025/06/09,
3000000018107,1,Informação,,Cliente,,N,,,2025/06/09,
3000000018108,1,Informação,00:12:21,CLI ,,N,,,2025/06/09,
3000000018109,1,URA Pesquisa NPS,00:00:29,Cliente,10000000260109,S,Sim,10.0,2025/06/09,Email8754
3000000018110,1,Caixa Postal,,CLI,10000000260110,N,,,2025/06/09,
3000000018111,1,URA Pesquisa NPS,00:04:54,Cli,10000000260111,S,,,2025/06/09,Email5556
3000000018112,1,Caixa Postal,,CLI,10000000260110,N,,,2025/06/09,
3000000018113,1,URA Pesquisa NPS,00:00:56,CLI ,10000000260112,S,Sim,1.0,2025/06/09,Email372
3000000018114,1,Responsavel ausente,00:00:19,4063923,,N,,,2025/06/09,
3000000018115,1,Caixa Postal,00:00:05,4063923,,N,,,2025/06/09,
3000000018116,1,URA Pesquisa NPS,00:05:35,Cli,10000000260113,S,Sim,9.0,2025/06/09,Email639
3000000018117,1,Informação,,,,N,,,2025/06/09,
3000000018118,1,Informação,00:00:01,,,N,,,2025/06/09,
3000000018119,1,Informação,,,,N,,,2025/06/09,
3000000018120,1,Informação,,,,N,,,2025/06/09,
3000000018121,1,Informação,00:00:01,,,N,,,2025/06/09,
3000000018122,1,Informação,,,,N,,,2025/06/09,
3000000018123,1,Informação,,,,N,,,2025/06/09,
3000000018124,1,Informação,00:00:03,,,N,,,2025/06/09,
3000000018125,1,Não Atende,00:00:08,,10000000260114,N,,,2025/06/06,
3000000018126,1,Caixa Postal,,Cliente,10000000260115,N,,,2025/06/06,
3000000018127,1,URA Pesquisa NPS,00:01:46,Cliente,10000000260116,S,,,2025/06/06,Email8754
3000000018128,1,URA Pesquisa NPS,00:09:13,Cli,10000000260117,S,Sim,10.0,2025/06/06,Email48444
3000000018129,1,Caixa Postal,00:00:08,CLI,,N,,,2025/06/06,
3000000018130,1,Caixa Postal,00:00:13,CLI,,N,,,2025/06/06,
3000000018131,1,Caixa Postal,00:00:03,Cliente,10000000260115,N,,,2025/06/06,
3000000018132,1,Caixa Postal,00:00:02,Cliente,10000000260115,N,,,2025/06/06,
3000000018133,1,Cliente solicita novo contato,00:01:38,Cli,,N,,,2025/06/06,
3000000018134,1,Caixa Postal,00:00:05,Cli,,N,,,2025/06/06,
3000000018135,1,Cliente Desligou,00:05:28,Cli,10000000260118,N,,,2025/06/06,
3000000018136,1,Informação,00:02:11,cli,10000000260119,N,,,2025/06/06,
3000000018137,1,Não Atende,00:00:06,,10000000260114,N,,,2025/06/06,
3000000018138,1,Informação,00:00:49,cli,10000000259827,N,,,2025/06/06,
3000000018139,1,Caixa Postal,00:00:06,Cli ,10000000260120,N,,,2025/06/06,
3000000018140,1,Caixa Postal,00:00:03,Cli ,10000000260120,N,,,2025/06/06,
3000000018141,1,Caixa Postal,00:00:09,Cli,10000000260121,N,,,2025/06/06,
3000000018142,1,URA Pesquisa NPS,00:13:44,CLI,10000000260122,S,Sim,10.0,2025/06/06,Email4355
3000000018143,1,Caixa Postal,00:00:06,Cli,10000000260121,N,,,2025/06/06,
3000000018144,1,Chamada Não Atendida,00:00:05,cli,,N,,,2025/06/06,
3000000018145,1,Informação,00:03:10,Cli ,10000000260123,N,,,2025/06/06,
3000000018146,1,URA Pesquisa NPS,00:01:18,cli,10000000260124,S,Sim,10.0,2025/06/06,Email364
3000000018147,1,Informação,00:02:42,,,N,,,2025/06/06,
3000000018148,1,Caixa Postal,00:00:06,cli ,10000000260125,N,,,2025/06/06,
3000000018149,1,URA Pesquisa NPS,00:00:50,Cliente,10000000260126,S,,,2025/06/06,Email296
3000000018150,1,Chamada Não Atendida,,CLI,,N,,,2025/06/06,
3000000018151,1,Chamada Não Atendida,,CLI,,N,,,2025/06/06,
3000000018152,1,Caixa Postal,00:00:06,Cli,10000000260127,N,,,2025/06/06,
3000000018153,1,Caixa Postal,00:00:05,CLI,10000000260128,N,,,2025/06/06,
3000000018154,1,Caixa Postal,00:00:14,Cli,10000000260009,N,,,2025/06/06,
3000000018155,1,Contato de Finalizacao do Protocolo,00:00:59,cli,10000000259827,N,,,2025/06/06,
3000000018156,1,Caixa Postal,00:00:03,,,N,,,2025/06/06,
3000000018157,1,Caixa Postal,00:00:04,cli ,10000000260125,N,,,2025/06/06,
3000000018158,1,Caixa Postal,00:00:04,CLI,10000000260128,N,,,2025/06/06,
3000000018159,1,URA Pesquisa NPS,00:03:54,CLI,10000000260129,S,Sim,10.0,2025/06/06,Email296
3000000018160,1,Caixa Postal,00:00:00,,,N,,,2025/06/06,
3000000018161,1,Caixa Postal,00:00:00,CLI ,10000000260130,N,,,2025/06/06,
3000000018162,1,Caixa Postal,,CLI ,10000000260130,N,,,2025/06/06,
3000000018163,1,URA Pesquisa NPS,00:03:31,cli,10000000260131,S,Sim,10.0,2025/06/06,Email48438
3000000018164,1,URA Pesquisa NPS,00:03:04,CLI,10000000260132,S,Sim,10.0,2025/06/06,Email4355
3000000018165,1,URA Pesquisa NPS,00:04:11,CLI,10000000260133,S,,,2025/06/06,Email4194
3000000018166,1,Chamada Não Atendida,00:00:03,Cli,10000000260134,N,,,2025/06/06,
3000000018167,1,Caixa Postal,00:00:12,Cli,10000000260134,N,,,2025/06/06,
3000000018168,1,Caixa Postal,00:00:05,CLI,10000000260135,N,,,2025/06/06,
3000000018169,1,Ligação Muda,,CLI,10000000260136,N,,,2025/06/06,
3000000018170,1,URA Pesquisa NPS,00:01:13,CLI,10000000260136,S,Sim,9.0,2025/06/06,Email48439
3000000018171,1,Caixa Postal,00:00:10,CLI,,N,,,2025/06/06,
3000000018172,1,Caixa Postal,00:00:02,,,N,,,2025/06/06,
3000000018173,1,Caixa Postal,00:00:09,,,N,,,2025/06/06,
3000000018174,1,Caixa Postal,00:00:04,CLI,10000000260137,N,,,2025/06/06,
3000000018175,1,Cliente Desligou,00:00:10,Cli,10000000260138,N,,,2025/06/06,
3000000018176,1,Cliente Desligou,00:00:05,Cli,10000000260138,N,,,2025/06/06,
3000000018177,1,Cliente Desligou,00:00:06,Cli ,10000000260139,N,,,2025/06/06,
3000000018178,1,Caixa Postal,,Cli ,,N,,,2025/06/06,
3000000018179,1,Cliente Desligou,00:00:05,Cli ,10000000260139,N,,,2025/06/06,
3000000018180,1,Cliente Desligou,00:00:01,Cliente,,N,,,2025/06/06,
3000000018181,1,Cliente Desligou,00:00:01,Cliente,10000000260140,N,,,2025/06/06,
3000000018182,1,Caixa Postal,00:00:04,CLI,10000000260135,N,,,2025/06/06,
3000000018183,1,Ligação Muda,00:00:31,cli,10000000259963,N,,,2025/06/06,
3000000018184,1,Chamada Não Atendida,00:00:02,cli,10000000259963,N,,,2025/06/06,
3000000018185,1,Informação,,,,N,,,2025/06/06,
3000000018186,1,URA Pesquisa NPS,00:05:12,Cli,10000000260141,S,Sim,10.0,2025/06/06,Email19156
3000000018187,1,Chamada Não Atendida,00:00:04,CLI,10000000260142,N,,,2025/06/06,
3000000018188,1,Chamada Não Atendida,00:00:04,CLI,10000000260142,N,,,2025/06/06,
3000000018189,1,Chamada Não Atendida,,CLI,10000000259955,N,,,2025/06/06,
3000000018190,1,Chamada Não Atendida,,CLI,10000000259956,N,,,2025/06/06,
3000000018191,1,Chamada Não Atendida,,CLI,10000000259956,N,,,2025/06/06,
3000000018192,1,URA Pesquisa NPS,00:01:37,CLI,10000000260143,S,,,2025/06/06,Email4355
3000000018193,1,Chamada Não Atendida,,cli ,,N,,,2025/06/06,
3000000018194,1,Sent To Voicemail,00:04:16,Cli,10000000260144,S,Nao,10.0,2025/06/06,Email5556
3000000018195,1,Caixa Postal,00:00:06,CLI,10000000260137,N,,,2025/06/06,
3000000018196,1,Informação,00:00:45,Cli,10000000260145,N,,,2025/06/06,
3000000018197,1,Chamada Não Atendida,00:00:04,Cli ,10000000260146,N,,,2025/06/06,
3000000018198,1,Informação,,Cli,10000000260145,N,,,2025/06/06,
3000000018199,1,Informação,,Cli,10000000260145,N,,,2025/06/06,
3000000018200,1,Informação,,cli,10000000260147,N,,,2025/06/06,
3000000018201,1,Informação,,,,N,,,2025/06/06,
3000000018202,1,Informação,,,,N,,,2025/06/06,
3000000018203,1,Informação,,,,N,,,2025/06/06,
3000000018204,1,URA Pesquisa NPS,00:02:00,Cliente,10000000260148,S,Sim,9.0,2025/06/06,Email48444
3000000018205,1,Chamada Não Atendida,00:00:07,cli,10000000259963,N,,,2025/06/06,
3000000018206,1,Chamada Não Atendida,00:00:07,cli,10000000259963,N,,,2025/06/06,
3000000018207,1,URA Pesquisa NPS,00:07:30,CLI,10000000260149,S,,,2025/06/06,Email4194
3000000018208,1,Chamada Não Atendida,,CLI ,10000000260150,N,,,2025/06/06,
3000000018209,1,Chamada Não Atendida,,CLI ,10000000260150,N,,,2025/06/06,
3000000018210,1,Caixa Postal,00:00:19,Cli,10000000260151,N,,,2025/06/06,
3000000018211,1,Chamada Não Atendida,00:00:01,CLI ,10000000260152,N,,,2025/06/06,
3000000018212,1,Chamada Não Atendida,00:00:02,Cli,10000000260153,N,,,2025/06/06,
3000000018213,1,URA Pesquisa NPS,00:01:41,CLI ,10000000260154,S,Sim,10.0,2025/06/06,Email372
3000000018214,1,URA Pesquisa NPS,00:04:59,Cli,10000000260155,S,Sim,10.0,2025/06/06,Email48438
3000000018215,1,URA Pesquisa NPS,00:01:55,CLI,10000000260156,S,Sim,10.0,2025/06/06,Email48444
3000000018216,1,URA Pesquisa NPS,00:05:32,CLI,,S,,,2025/06/06,Email19156
3000000018217,1,Informação,00:00:04,,,N,,,2025/06/06,
3000000018218,1,Caixa Postal,,cli,10000000260157,N,,,2025/06/06,
3000000018219,1,Caixa Postal,00:00:05,,10000000260158,N,,,2025/06/06,
3000000018220,1,Caixa Postal,00:00:38,,,N,,,2025/06/06,
3000000018221,1,Caixa Postal,00:00:08,,,N,,,2025/06/06,
3000000018222,1,Caixa Postal,00:00:11,,,N,,,2025/06/06,
3000000018223,1,Caixa Postal,00:00:04,,10000000260159,N,,,2025/06/06,
3000000018224,1,Caixa Postal,,CLI ,10000000260160,N,,,2025/06/06,
3000000018225,1,URA Pesquisa NPS,00:05:09,CLI ,10000000260160,S,Sim,9.0,2025/06/06,Email372
3000000018226,1,Caixa Postal,00:00:11,,,N,,,2025/06/06,
3000000018227,1,URA Pesquisa NPS,00:01:57,CLI,10000000260161,S,Sim,10.0,2025/06/06,Email4355
3000000018228,1,Caixa Postal,00:00:04,cli,10000000260162,N,,,2025/06/06,
3000000018229,1,URA Pesquisa NPS,00:01:52,cli,10000000260162,S,,,2025/06/06,Email48438
3000000018230,1,Caixa Postal,,,,N,,,2025/06/06,
3000000018231,1,Caixa Postal,00:00:07,,,N,,,2025/06/06,
3000000018232,1,Informação,00:00:55,,,N,,,2025/06/06,
3000000018233,1,Chamada Não Atendida,00:00:04,Cli ,,N,,,2025/06/06,
3000000018234,1,Chamada Não Atendida,00:00:10,Cli ,,N,,,2025/06/06,
3000000018235,1,Informação,00:00:07,,,N,,,2025/06/05,
3000000018236,1,Caixa Postal,00:00:03,,,N,,,2025/06/05,
3000000018237,1,Caixa Postal,,,,N,,,2025/06/05,
3000000018238,1,Informação,00:00:13,,,N,,,2025/06/05,
3000000018239,1,Informação,00:01:47,,,N,,,2025/06/05,
3000000018240,1,Caixa Postal,00:00:07,,,N,,,2025/06/05,
3000000018241,1,Caixa Postal,00:00:01,,,N,,,2025/06/05,
3000000018242,1,Informação,,,,N,,,2025/06/05,
3000000018243,1,Informação,,,,N,,,2025/06/05,
3000000018244,1,Caixa Postal,,Cli ,,N,,,2025/06/05,
3000000018245,1,Caixa Postal,00:00:05,Cli ,,N,,,2025/06/05,
3000000018246,1,Caixa Postal,00:00:03,,,N,,,2025/06/05,
3000000018247,1,Caixa Postal,00:00:13,,,N,,,2025/06/05,
3000000018248,1,URA Pesquisa NPS,00:01:01,,10000000260163,S,Sim,10.0,2025/06/05,Email45
3000000018249,1,Caixa Postal,,cli,10000000260164,N,,,2025/06/05,
3000000018250,1,Caixa Postal,00:00:18,Cli,10000000260165,N,,,2025/06/05,
3000000018251,1,Caixa Postal,,Cli,10000000260165,N,,,2025/06/05,
3000000018252,1,Caixa Postal,00:00:03,Cli,10000000260165,N,,,2025/06/05,
3000000018253,1,Caixa Postal,00:00:08,Cli,10000000260166,N,,,2025/06/05,
3000000018254,1,URA Pesquisa NPS,00:02:48,CLI,10000000260167,S,Sim,10.0,2025/06/05,Email4355
3000000018255,1,Informação,00:01:15,cli,,N,,,2025/06/05,
3000000018256,1,Informação,,,,N,,,2025/06/05,
3000000018257,1,Informação,00:00:02,,,N,,,2025/06/05,
3000000018258,1,Caixa Postal,00:00:05,,,N,,,2025/06/05,
3000000018259,1,Caixa Postal,,,,N,,,2025/06/05,
3000000018260,1,Chamada Não Atendida,00:00:00,CLI ,10000000260168,N,,,2025/06/05,
3000000018261,1,Chamada Não Atendida,,CLI ,10000000260168,N,,,2025/06/05,
3000000018262,1,Caixa Postal,,CLI ,10000000260168,N,,,2025/06/05,
3000000018263,1,Informação,,CLI,,N,,,2025/06/05,
3000000018264,1,Ligação Muda,,CLI,10000000260169,N,,,2025/06/05,
3000000018265,1,Caixa Postal,00:00:01,CLI,10000000260169,N,,,2025/06/05,
3000000018266,1,URA Pesquisa NPS,00:01:37,CLI ,10000000260170,S,Sim,10.0,2025/06/05,Email372
3000000018267,1,Atendimento em Dia_Hora especifico,,,,N,,,2025/06/05,
3000000018268,1,Informação,,Cliente,,N,,,2025/06/05,
3000000018269,1,Caixa Postal,00:00:08,Cli,10000000260171,N,,,2025/06/05,
3000000018270,1,Caixa Postal,00:00:04,Cli,10000000260171,N,,,2025/06/05,
3000000018271,1,URA Pesquisa NPS,00:07:29,Cli,10000000260172,S,Sim,10.0,2025/06/05,Email585
3000000018272,1,URA Pesquisa NPS,00:02:06,Cli,10000000260173,S,Sim,9.0,2025/06/05,Email1615
3000000018273,1,Informação,,,,N,,,2025/06/05,
3000000018274,1,Cliente Desligou,00:00:08,CLI,,N,,,2025/06/05,
3000000018275,1,Cliente Desligou,00:00:06,CLI,,N,,,2025/06/05,
3000000018276,1,Informação,,,,N,,,2025/06/05,
3000000018277,1,Informação,,,,N,,,2025/06/05,
3000000018278,1,Chamada Não Atendida,,Cli,10000000260174,N,,,2025/06/05,
3000000018279,1,Informação,00:01:01,CLI,,N,,,2025/06/05,
3000000018280,1,Informação,00:00:01,Cli,,N,,,2025/06/05,
3000000018281,1,Informação,00:00:13,Cli,,N,,,2025/06/05,
3000000018282,1,Caixa Postal,00:00:08,,,N,,,2025/06/05,
3000000018283,1,Informação,,,,N,,,2025/06/05,
3000000018284,1,Caixa Postal,00:00:05,Cli,,N,,,2025/06/05,
3000000018285,1,Caixa Postal,00:00:03,Cli,,N,,,2025/06/05,
3000000018286,1,Caixa Postal,00:00:03,,,N,,,2025/06/05,
3000000018287,1,Caixa Postal,00:00:08,cli,,N,,,2025/06/05,
3000000018288,1,Chamada Não Atendida,00:00:08,cli,,N,,,2025/06/05,
3000000018289,1,Caixa Postal,00:00:00,CLI,10000000260175,N,,,2025/06/05,
3000000018290,1,Informação,00:00:05,,,N,,,2025/06/05,
3000000018291,1,URA Pesquisa NPS,00:00:33,Cliente,10000000258811,S,,,2025/06/05,Email585
3000000018292,1,Caixa Postal,00:00:08,,,N,,,2025/06/05,
3000000018293,1,URA Pesquisa NPS,00:01:50,CLI ,10000000260176,S,Sim,9.0,2025/06/05,Email372
3000000018294,1,URA Pesquisa NPS,00:03:08,cli,10000000260027,S,Sim,10.0,2025/06/05,Email5556
3000000018295,1,Chamada Não Atendida,00:00:07,CLI,10000000260177,N,,,2025/06/05,
3000000018296,1,Chamada Não Atendida,00:00:01,CLI,10000000260177,N,,,2025/06/05,
3000000018297,1,Caixa Postal,00:00:06,Cli,10000000260178,N,,,2025/06/05,
3000000018298,1,Chamada Não Atendida,00:00:01,CLI ,10000000260179,N,,,2025/06/05,
3000000018299,1,Chamada Não Atendida,00:00:00,CLI ,10000000260179,N,,,2025/06/05,
3000000018300,1,Caixa Postal,00:00:05,,,N,,,2025/06/05,
3000000018301,1,Chamada Não Atendida,,CLI,10000000260180,N,,,2025/06/05,
3000000018302,1,Caixa Postal,00:00:17,CLI,10000000260181,N,,,2025/06/05,
3000000018303,1,Chamada Não Atendida,,CLI,10000000260180,N,,,2025/06/05,
3000000018304,1,Caixa Postal,00:00:17,CLI,,N,,,2025/06/05,
3000000018305,1,Caixa Postal,,CLI,,N,,,2025/06/05,
3000000018306,1,Caixa Postal,,CLI,,N,,,2025/06/05,
3000000018307,1,Atendimento exclusivo por email,00:00:06,CLI,10000000260182,N,,,2025/06/05,
3000000018308,1,URA Pesquisa NPS,00:01:29,cli,10000000260183,S,Sim,10.0,2025/06/05,Email288
3000000018309,1,URA Pesquisa NPS,00:05:36,cli,10000000260184,S,,,2025/06/05,Email48438
3000000018310,1,URA Pesquisa NPS,00:00:45,,10000000260185,S,,,2025/06/05,Email45
3000000018311,1,Informação,,Cli,,N,,,2025/06/05,
3000000018312,1,Informação,,Cli,,N,,,2025/06/05,
3000000018313,1,Informação,00:00:03,,,N,,,2025/06/05,
3000000018314,1,Informação,,,,N,,,2025/06/05,
3000000018315,1,Caixa Postal,00:00:03,Cli ,,N,,,2025/06/05,
3000000018316,1,Caixa Postal,00:00:03,Cli ,,N,,,2025/06/05,
3000000018317,1,URA Pesquisa NPS,00:03:20,Cli,10000000260186,S,Sim,10.0,2025/06/05,Email288
3000000018318,1,Caixa Postal,00:00:04,Cli,,N,,,2025/06/05,
3000000018319,1,Caixa Postal,00:00:05,Cli,,N,,,2025/06/05,
3000000018320,1,Informação,00:00:01,,,N,,,2025/06/05,
3000000018321,1,Informação,,,,N,,,2025/06/05,
3000000018322,1,Informação,,cli,10000000260187,N,,,2025/06/05,
3000000018323,1,Informação,,cli,10000000260187,N,,,2025/06/05,
3000000018324,1,Não Atende,,cli,10000000260187,N,,,2025/06/05,
3000000018325,1,URA Pesquisa NPS,00:03:15,CLI,10000000260188,S,Nao,,2025/06/05,Email19156
3000000018326,1,Chamada Não Atendida,00:00:06,CLI,10000000260180,N,,,2025/06/05,
3000000018327,1,Chamada Não Atendida,00:00:06,CLI,10000000260180,N,,,2025/06/05,
3000000018328,1,Informação,00:00:08,cli,,N,,,2025/06/05,
3000000018329,1,Informação,00:00:15,cli,,N,,,2025/06/05,
3000000018330,1,Caixa Postal,,Cli,10000000260189,N,,,2025/06/05,
3000000018331,1,URA Pesquisa NPS,00:01:14,Cli,10000000260189,S,Sim,10.0,2025/06/05,Email1615
3000000018332,1,Abandon,00:01:40,Cli,10000000258837,S,,,2025/06/05,Email585
3000000018333,1,Ligação Muda,00:00:10,CLI,,N,,,2025/06/05,
3000000018334,1,URA Pesquisa NPS,00:07:55,CLI,10000000260190,S,Sim,9.0,2025/06/05,Email19156
3000000018335,1,URA Pesquisa NPS,00:03:14,Cli ,10000000260191,S,,,2025/06/05,Email48444
3000000018336,1,Caixa Postal,00:00:03,CLI,,N,,,2025/06/05,
3000000018337,1,Informação,00:00:05,,,N,,,2025/06/05,
3000000018338,1,URA Pesquisa NPS,00:01:06,Cli,10000000260192,S,,,2025/06/05,Email5556
3000000018339,1,Caixa Postal,00:00:09,cli,10000000260193,N,,,2025/06/05,
3000000018340,1,Caixa Postal,00:00:10,Cli,10000000260194,N,,,2025/06/05,
3000000018341,1,Caixa Postal,,,,N,,,2025/06/05,
3000000018342,1,Caixa Postal,,,,N,,,2025/06/05,
3000000018343,1,Caixa Postal,00:00:11,Cli,10000000260194,N,,,2025/06/05,
3000000018344,1,Caixa Postal,,,,N,,,2025/06/05,
3000000018345,1,Caixa Postal,00:00:06,Cli,10000000260127,N,,,2025/06/05,
3000000018346,1,Caixa Postal,00:00:01,cli,10000000260195,N,,,2025/06/05,
3000000018347,1,Caixa Postal,00:00:06,Cli,10000000260127,N,,,2025/06/05,
3000000018348,1,Caixa Postal,00:00:04,cli,,N,,,2025/06/05,
3000000018349,1,Informação,00:00:04,,,N,,,2025/06/05,
3000000018350,1,Contato de Finalizacao do Protocolo,00:00:47,CLI,10000000260188,N,,,2025/06/05,
3000000018351,1,Informação,00:00:07,,,N,,,2025/06/05,
3000000018352,1,Informação,,,,N,,,2025/06/05,
3000000018353,1,Caixa Postal,00:00:12,cli,10000000260196,N,,,2025/06/05,
3000000018354,1,Chamada Não Atendida,,Cli ,10000000260197,N,,,2025/06/05,
3000000018355,1,URA Pesquisa NPS,00:02:32,cli,10000000260196,S,,,2025/06/05,Email48438
3000000018356,1,Chamada Não Atendida,,Cli ,10000000260197,N,,,2025/06/05,
3000000018357,1,Informação,,cli,10000000260198,N,,,2025/06/05,
3000000018358,1,Informação,00:00:10,cli,10000000260198,N,,,2025/06/05,
3000000018359,1,Caixa Postal,00:00:04,CLI,,N,,,2025/06/05,
3000000018360,1,Caixa Postal,,,,N,,,2025/06/05,
3000000018361,1,URA Pesquisa NPS,00:18:42,CLI,10000000260199,S,Sim,10.0,2025/06/05,Email4355
3000000018362,1,Informação,00:03:09,cli,10000000260200,N,,,2025/06/05,
3000000018363,1,Informação,00:00:00,cli,,N,,,2025/06/05,
3000000018364,1,URA Pesquisa NPS,00:01:16,Cli,10000000260201,S,Sim,10.0,2025/06/05,Email19156
3000000018365,1,URA Pesquisa NPS,00:01:01,cli,10000000260202,S,Sim,10.0,2025/06/05,Email288
3000000018366,1,URA Pesquisa NPS,00:17:25,cli,10000000260203,S,Sim,10.0,2025/06/05,Email11179
3000000018367,1,Caixa Postal,,,,N,,,2025/06/04,
3000000018368,1,Caixa Postal,,,,N,,,2025/06/04,
3000000018369,1,Caixa Postal,00:00:05,,,N,,,2025/06/04,
3000000018370,1,Informação,00:00:04,CLI ,,N,,,2025/06/04,
3000000018371,1,Caixa Postal,,,,N,,,2025/06/04,
3000000018372,1,Informação,00:00:02,CLI ,,N,,,2025/06/04,
3000000018373,1,Caixa Postal,00:00:04,,,N,,,2025/06/04,
3000000018374,1,Caixa Postal,00:00:00,,,N,,,2025/06/04,
3000000018375,1,Caixa Postal,,,,N,,,2025/06/04,
3000000018376,1,Não Atende,00:00:12,,10000000260204,N,,,2025/06/04,
3000000018377,1,Informação,00:00:33,Cli,10000000260205,N,,,2025/06/04,
3000000018378,1,Caixa Postal,00:00:02,,,N,,,2025/06/04,
3000000018379,1,Caixa Postal,00:00:00,,,N,,,2025/06/04,
3000000018380,1,URA Pesquisa NPS,00:04:15,Cli,10000000260206,S,Sim,9.0,2025/06/04,Email585
3000000018381,1,URA Pesquisa NPS,00:03:02,Cli,10000000260207,S,,,2025/06/04,Email48444
3000000018382,1,Informação,00:00:03,Cli,,N,,,2025/06/04,
3000000018383,1,Informação,,Cli,,N,,,2025/06/04,
3000000018384,1,Informação,00:00:02,cLI,,N,,,2025/06/04,
3000000018385,1,Não Atende,00:00:09,,10000000260204,N,,,2025/06/04,
3000000018386,1,URA Pesquisa NPS,00:01:35,cli,10000000260208,S,Sim,9.0,2025/06/04,Email48438
3000000018387,1,Ocupado,,,,N,,,2025/06/04,
3000000018388,1,Caixa Postal,,,,N,,,2025/06/04,
3000000018389,1,Caixa Postal,,,,N,,,2025/06/04,
3000000018390,1,Caixa Postal,,cli,,N,,,2025/06/04,
3000000018391,1,Chamada Não Atendida,00:00:03,Cli ,10000000260209,N,,,2025/06/04,
3000000018392,1,URA Pesquisa NPS,00:02:08,Cliente,10000000260210,S,Sim,10.0,2025/06/04,Email585
3000000018393,1,URA Pesquisa NPS,00:00:45,Cli,10000000260211,S,,,2025/06/04,Email585
3000000018394,1,Chamada Não Atendida,00:00:02,Cli,10000000260212,N,,,2025/06/04,
3000000018395,1,Chamada Não Atendida,00:00:03,Cli,10000000260212,N,,,2025/06/04,
3000000018396,1,Informação,,,,N,,,2025/06/04,
3000000018397,1,Informação,,,,N,,,2025/06/04,
3000000018398,1,Cliente Desligou,00:00:13,Cli,,N,,,2025/06/04,
3000000018399,1,Caixa Postal,00:00:19,Cli,10000000258825,N,,,2025/06/04,
3000000018400,1,Caixa Postal,,CLI,10000000260213,N,,,2025/06/04,
3000000018401,1,Caixa Postal,00:00:03,CLI,10000000260214,N,,,2025/06/04,
3000000018402,1,Informação,00:03:26,cli ,10000000260215,N,,,2025/06/04,
3000000018403,1,URA Pesquisa NPS,00:01:20,cli,10000000260216,S,,,2025/06/04,Email5556
3000000018404,1,Caixa Postal,00:00:04,,,N,,,2025/06/04,
3000000018405,1,Caixa Postal,00:00:05,,,N,,,2025/06/04,
3000000018406,1,Agent Error,00:01:38,,,N,,,2025/06/04,
3000000018407,1,Caixa Postal,00:00:02,,,N,,,2025/06/04,
3000000018408,1,Caixa Postal,00:00:05,,,N,,,2025/06/04,
3000000018409,1,URA Pesquisa NPS,00:01:23,CLI,10000000260217,S,Sim,10.0,2025/06/04,Email11179
3000000018410,1,Caixa Postal,00:00:12,Cli,10000000260218,N,,,2025/06/04,
3000000018411,1,URA Pesquisa NPS,00:01:44,cli,10000000260219,S,Sim,9.0,2025/06/04,Email585
3000000018412,1,Informação,,Cli,,N,,,2025/06/04,
3000000018413,1,URA Pesquisa NPS,00:01:40,Cli,10000000260220,S,,,2025/06/04,Email5371
3000000018414,1,Caixa Postal,,,,N,,,2025/06/04,
3000000018415,1,Caixa Postal,,,,N,,,2025/06/04,
3000000018416,1,Informação,00:00:06,,,N,,,2025/06/04,
3000000018417,1,Informação,00:00:05,Cli,,N,,,2025/06/04,
3000000018418,1,Informação,00:05:42,cli,10000000260221,N,,,2025/06/04,
3000000018419,1,Informação,00:00:10,Cli,,N,,,2025/06/04,
3000000018420,1,Informação,,Cli,,N,,,2025/06/04,
3000000018421,1,Chamada Não Atendida,00:00:07,CLI,10000000260222,N,,,2025/06/04,
3000000018422,1,Caixa Postal,00:00:07,cli,10000000260223,N,,,2025/06/04,
3000000018423,1,Caixa Postal,00:00:04,cli,10000000260223,N,,,2025/06/04,
3000000018424,1,Cliente Desligou,00:00:01,Cli ,10000000260224,N,,,2025/06/04,
3000000018425,1,Informação,,,,N,,,2025/06/04,
3000000018426,1,Caixa Postal,00:00:13,CLI,10000000260225,N,,,2025/06/04,
3000000018427,1,Chamada Não Atendida,00:00:05,,10000000260226,N,,,2025/06/04,
3000000018428,1,Caixa Postal,,Cli,10000000260227,N,,,2025/06/04,
3000000018429,1,Caixa Postal,00:00:10,Cli,10000000260228,N,,,2025/06/04,
3000000018430,1,Caixa Postal,,,,N,,,2025/06/04,
3000000018431,1,Caixa Postal,00:00:07,Cli,10000000260228,N,,,2025/06/04,
3000000018432,1,Caixa Postal,,,,N,,,2025/06/04,
3000000018433,1,Caixa Postal,00:00:04,Cli,10000000260228,N,,,2025/06/04,
3000000018434,1,Sent To Voicemail,00:01:47,,10000000260229,S,Sim,10.0,2025/06/04,Email45
3000000018435,1,Caixa Postal,,Cli ,,N,,,2025/06/04,
3000000018436,1,Ocupado,,,,N,,,2025/06/04,
3000000018437,1,Ocupado,,,,N,,,2025/06/04,
3000000018438,1,URA Pesquisa NPS,00:02:14,CLI,10000000260230,S,Sim,10.0,2025/06/04,Email364
3000000018439,1,Caixa Postal,,CLI ,10000000260231,N,,,2025/06/04,
3000000018440,1,Caixa Postal,00:00:00,CLI ,10000000260231,N,,,2025/06/04,
3000000018441,1,Cliente Desligou,00:00:01,CLI ,10000000260232,N,,,2025/06/04,
3000000018442,1,URA Pesquisa NPS,00:01:19,CLI ,10000000260232,S,Sim,5.0,2025/06/04,Email372
3000000018443,1,Caixa Postal,00:00:04,CLI ,,N,,,2025/06/04,
3000000018444,1,Caixa Postal,00:00:01,CLI ,,N,,,2025/06/04,
3000000018445,1,Caixa Postal,00:00:00,CLI,,N,,,2025/06/04,
3000000018446,1,Caixa Postal,00:00:02,CLI,,N,,,2025/06/04,
3000000018447,1,Caixa Postal,,CLI,,N,,,2025/06/04,
3000000018448,1,Caixa Postal,00:00:10,Cli ,10000000260233,N,,,2025/06/04,
3000000018449,1,Caixa Postal,00:00:09,cli,,N,,,2025/06/04,
3000000018450,1,Caixa Postal,,cli,,N,,,2025/06/04,
3000000018451,1,Caixa Postal,00:00:04,cli,,N,,,2025/06/04,
3000000018452,1,Caixa Postal,,cli,,N,,,2025/06/04,
3000000018453,1,Caixa Postal,,cli,,N,,,2025/06/04,
3000000018454,1,Caixa Postal,,cli ,10000000260234,N,,,2025/06/04,
3000000018455,1,Caixa Postal,,cli ,10000000260234,N,,,2025/06/04,
3000000018456,1,Informação,,CLI,,N,,,2025/06/04,
3000000018457,1,URA Pesquisa NPS,00:01:20,Cli,10000000260235,S,Sim,10.0,2025/06/04,Email585
3000000018458,1,URA Pesquisa NPS,00:01:37,Cli,10000000260236,S,,,2025/06/04,Email585
3000000018459,1,URA Pesquisa NPS,00:00:52,Cli,10000000260237,S,,,2025/06/04,Email585
3000000018460,1,Informação,,Cliente,,N,,,2025/06/04,
3000000018461,1,Informação,,,,N,,,2025/06/04,
3000000018462,1,Caixa Postal,00:00:07,Cli,,N,,,2025/06/04,
3000000018463,1,Caixa Postal,00:00:03,Cli,,N,,,2025/06/04,
3000000018464,1,Informação,,,,N,,,2025/06/04,
3000000018465,1,Caixa Postal,,,,N,,,2025/06/04,
3000000018466,1,Caixa Postal,00:00:18,Cli,10000000260238,N,,,2025/06/04,
3000000018467,1,Caixa Postal,,cli,,N,,,2025/06/04,
3000000018468,1,Caixa Postal,,cli,,N,,,2025/06/04,
3000000018469,1,Caixa Postal,00:00:04,,,N,,,2025/06/04,
3000000018470,1,Caixa Postal,,,,N,,,2025/06/04,
3000000018471,1,Caixa Postal,00:00:01,,,N,,,2025/06/04,
3000000018472,1,Caixa Postal,00:00:02,,,N,,,2025/06/04,
3000000018473,1,Caixa Postal,,,,N,,,2025/06/04,
3000000018474,1,URA Pesquisa NPS,00:00:50,Cli,10000000260239,S,Sim,10.0,2025/06/04,Email585
3000000018475,1,Informação,,,,N,,,2025/06/04,
3000000018476,1,URA Pesquisa NPS,00:01:08,CLI ,10000000260240,S,Sim,8.0,2025/06/04,Email372
3000000018477,1,URA Pesquisa NPS,00:01:17,Cli,10000000260227,S,Sim,,2025/06/04,Email364
3000000018478,1,Caixa Postal,,Cli ,10000000260241,N,,,2025/06/04,
3000000018479,1,Informação,00:00:18,cli,10000000260242,N,,,2025/06/04,
3000000018480,1,Chamada Não Atendida,,CLI ,10000000260231,N,,,2025/06/04,
3000000018481,1,URA Pesquisa NPS,00:00:52,Cli,10000000260243,S,Sim,9.0,2025/06/04,Email585
3000000018482,1,Chamada Não Atendida,,CLI ,10000000260231,N,,,2025/06/04,
3000000018483,1,URA Pesquisa NPS,00:13:10,Cli ,10000000260244,S,,,2025/06/04,Email48444
3000000018484,1,Abandon,00:01:56,Cli,10000000260245,S,,,2025/06/04,Email19156
3000000018485,1,Caixa Postal,00:00:03,cli,,N,,,2025/06/04,
3000000018486,1,Caixa Postal,00:00:11,cli,,N,,,2025/06/04,
3000000018487,1,Caixa Postal,,,,N,,,2025/06/04,
3000000018488,1,Caixa Postal,00:00:05,CLI,,N,,,2025/06/04,
3000000018489,1,Contato de Finalizacao do Protocolo,00:00:57,,10000000260246,N,,,2025/06/04,
3000000018490,1,Caixa Postal,00:00:04,Cli,10000000260246,N,,,2025/06/04,
3000000018491,1,Caixa Postal,00:00:03,,,N,,,2025/06/04,
3000000018492,1,Caixa Postal,,,,N,,,2025/06/04,
3000000018493,1,Informação,00:19:06,Cli ,,N,,,2025/06/04,
3000000018494,1,URA Pesquisa NPS,00:09:53,Cli,10000000260247,S,Sim,,2025/06/04,Email1615
3000000018495,1,URA Pesquisa NPS,00:08:25,CLI,10000000260248,S,,,2025/06/04,Email296
3000000018496,1,Informação,00:00:10,CLI,,N,,,2025/06/04,
3000000018497,1,URA Pesquisa NPS,00:01:01,CLI,10000000260249,S,Sim,10.0,2025/06/04,Email288
3000000018498,1,Caixa Postal,00:00:05,Cli,10000000260250,N,,,2025/06/04,
3000000018499,1,Caixa Postal,00:01:06,,10000000260251,N,,,2025/06/04,
3000000018500,1,Caixa Postal,00:00:01,,,N,,,2025/06/04,
3000000018501,1,Caixa Postal,,,,N,,,2025/06/04,
3000000018502,1,Informação,00:00:04,cli,,N,,,2025/06/04,
3000000018503,1,Informação,00:00:05,cli,,N,,,2025/06/04,
3000000018504,1,URA Pesquisa NPS,00:01:56,cli,10000000260252,S,Sim,,2025/06/04,Email5556
3000000018505,1,URA Pesquisa NPS,00:01:48,CLI,10000000260253,S,Sim,10.0,2025/06/04,Email296
3000000018506,1,Informação,00:00:08,cli,10000000260254,N,,,2025/06/04,
3000000018507,1,Consulta Status,00:00:06,cli,10000000260254,N,,,2025/06/04,
3000000018508,1,Caixa Postal,00:00:05,cli ,10000000260255,N,,,2025/06/04,
3000000018509,1,Ligação Muda,00:00:08,,,N,,,2025/06/04,
3000000018510,1,Caixa Postal,00:00:03,,,N,,,2025/06/04,
3000000018511,1,Caixa Postal,,,,N,,,2025/06/04,
3000000018512,1,Caixa Postal,00:00:05,,,N,,,2025/06/04,
3000000018513,1,Caixa Postal,00:00:01,,,N,,,2025/06/04,
3000000018514,1,Caixa Postal,00:00:01,,,N,,,2025/06/04,
3000000018515,1,URA Pesquisa NPS,00:02:44,CLI,10000000260256,S,Sim,9.0,2025/06/04,Email296
3000000018516,1,Caixa Postal,00:00:08,Cli,,N,,,2025/06/04,
3000000018517,1,Caixa Postal,00:00:08,Cli,,N,,,2025/06/04,
3000000018518,1,Sent To Voicemail,00:08:45,CLI,10000000260257,S,Sim,1.0,2025/06/04,Email11179
3000000018519,1,Caixa Postal,,,,N,,,2025/06/04,
3000000018520,1,URA Pesquisa NPS,00:30:05,Cli ,10000000260258,S,Sim,10.0,2025/06/04,Email5371
3000000018521,1,Cliente Desligou,00:00:13,,,N,,,2025/06/04,
3000000018522,1,Chamada Não Atendida,00:00:03,Cli ,10000000260259,N,,,2025/06/04,
3000000018523,1,Caixa Postal,00:00:04,cli,10000000260260,N,,,2025/06/04,
3000000018524,1,URA Pesquisa NPS,00:07:31,cli,10000000260260,S,,,2025/06/04,Email48438
3000000018525,1,URA Pesquisa NPS,00:12:00,CLI,10000000260167,S,Sim,10.0,2025/06/04,Email4355
3000000018526,1,Informação,,Cli,,N,,,2025/06/04,
3000000018527,1,URA Pesquisa NPS,00:04:42,Cli,10000000260261,S,Sim,9.0,2025/06/04,Email19156
3000000018528,1,Caixa Postal,00:00:12,,,N,,,2025/06/04,
3000000018529,1,Caixa Postal,00:00:07,,,N,,,2025/06/04,
3000000018530,1,Caixa Postal,00:00:02,,,N,,,2025/06/04,
3000000018531,1,Caixa Postal,00:00:01,CLI ,,N,,,2025/06/04,
3000000018532,1,Caixa Postal,00:00:00,CLI ,,N,,,2025/06/04,
3000000018533,1,Caixa Postal,00:00:00,CLI ,,N,,,2025/06/04,
3000000018534,1,URA Pesquisa NPS,00:03:45,CLI,10000000260262,S,,,2025/06/04,Email19156
3000000018535,1,Informação,00:00:02,,,N,,,2025/06/04,
3000000018536,1,Informação,00:00:30,,,N,,,2025/06/04,
3000000018537,1,Chamada Não Atendida,00:00:04,CLI ,10000000260263,N,,,2025/06/04,
3000000018538,1,Chamada Não Atendida,00:00:02,CLI ,10000000259868,N,,,2025/06/04,
3000000018539,1,Caixa Postal,00:00:02,cli,10000000258807,N,,,2025/06/04,
3000000018540,1,Caixa Postal,00:00:06,Cli,,N,,,2025/06/03,
3000000018541,1,Caixa Postal,,Cli,,N,,,2025/06/03,
3000000018542,1,Caixa Postal,00:00:04,Cli,10000000260264,N,,,2025/06/03,
3000000018543,1,URA Pesquisa NPS,00:02:07,Cli,10000000260265,S,Nao,7.0,2025/06/03,Email585
3000000018544,1,Caixa Postal,00:00:00,cli,,N,,,2025/06/03,
3000000018545,1,Caixa Postal,00:00:02,cli,,N,,,2025/06/03,
3000000018546,1,URA Pesquisa NPS,00:03:12,Cli,10000000259961,S,,,2025/06/03,Email585
3000000018547,1,Informação,00:00:15,,,N,,,2025/06/03,
3000000018548,1,Informação,00:00:02,,,N,,,2025/06/03,
3000000018549,1,Informação,00:00:03,,,N,,,2025/06/03,
3000000018550,1,URA Pesquisa NPS,00:00:43,cli,10000000260266,S,,,2025/06/03,Email5556
3000000018551,1,Caixa Postal,00:00:05,CLI,10000000260267,N,,,2025/06/03,
3000000018552,1,URA Pesquisa NPS,00:01:18,Cli,10000000260268,S,Sim,8.0,2025/06/03,Email585
3000000018553,1,Caixa Postal,,cli,10000000260269,N,,,2025/06/03,
3000000018554,1,Caixa Postal,00:00:04,cli,10000000260270,N,,,2025/06/03,
3000000018555,1,Caixa Postal,00:00:03,cli,10000000260270,N,,,2025/06/03,
3000000018556,1,Caixa Postal,,cli,10000000260269,N,,,2025/06/03,
3000000018557,1,Caixa Postal,00:00:03,cli,10000000260270,N,,,2025/06/03,
3000000018558,1,URA Pesquisa NPS,00:01:03,Cli,10000000260271,S,Sim,10.0,2025/06/03,Email585
3000000018559,1,Caixa Postal,00:00:08,cli,,N,,,2025/06/03,
3000000018560,1,Caixa Postal,00:00:06,,10000000260272,N,,,2025/06/03,
3000000018561,1,Ligação Muda,00:00:22,,10000000260272,N,,,2025/06/03,
3000000018562,1,Cliente Desligou,00:00:23,,10000000260272,N,,,2025/06/03,
3000000018563,1,Protocolo Permanecera em Andamento,00:01:44,Cli,10000000260273,N,,,2025/06/03,
3000000018564,1,Informação,,,,N,,,2025/06/03,
3000000018565,1,Caixa Postal,00:00:03,CLI,10000000260274,N,,,2025/06/03,
3000000018566,1,Caixa Postal,,,,N,,,2025/06/03,
3000000018567,1,Contato de Finalizacao do Protocolo,00:00:52,,,N,,,2025/06/03,
3000000018568,1,Caixa Postal,00:00:04,Cliente ,10000000260275,N,,,2025/06/03,
3000000018569,1,Caixa Postal,00:00:03,Cliente ,10000000260275,N,,,2025/06/03,
3000000018570,1,Informação,,Cliente,,N,,,2025/06/03,
3000000018571,1,Informação,,Cliente,,N,,,2025/06/03,
3000000018572,1,Sent To Voicemail,00:02:03,,,S,Sim,10.0,2025/06/03,Email19156
3000000018573,1,Caixa Postal,,,,N,,,2025/06/03,
3000000018574,1,Caixa Postal,,,,N,,,2025/06/03,
3000000018575,1,Informação,00:00:15,cli,,N,,,2025/06/03,
3000000018576,1,Informação,,,,N,,,2025/06/03,
3000000018577,1,Informação,,,,N,,,2025/06/03,
3000000018578,1,Informação,00:00:02,,,N,,,2025/06/03,
3000000018579,1,Caixa Postal,00:00:02,cli,10000000260276,N,,,2025/06/03,
3000000018580,1,Caixa Postal,,,,N,,,2025/06/03,
3000000018581,1,Caixa Postal,,cli,,N,,,2025/06/03,
3000000018582,1,Informação,,cli,,N,,,2025/06/03,
3000000018583,1,Caixa Postal,,cli,10000000260277,N,,,2025/06/03,
3000000018584,1,Caixa Postal,,cli,,N,,,2025/06/03,
3000000018585,1,Informação,00:00:10,cli,,N,,,2025/06/03,
3000000018586,1,Informação,00:03:11,cli,,N,,,2025/06/03,
3000000018587,1,Caixa Postal,00:00:04,CLI,10000000260278,N,,,2025/06/03,
3000000018588,1,Caixa Postal,00:00:03,cli,10000000260279,N,,,2025/06/03,
3000000018589,1,Caixa Postal,,CLI,10000000260280,N,,,2025/06/03,
3000000018590,1,Caixa Postal,00:00:08,cli,10000000260281,N,,,2025/06/03,
3000000018591,1,URA Pesquisa NPS,00:02:41,Cli,10000000260264,S,Sim,10.0,2025/06/03,Email329
3000000018592,1,Informação,,,,N,,,2025/06/03,
3000000018593,1,Caixa Postal,,CLI,10000000260280,N,,,2025/06/03,
3000000018594,1,Caixa Postal,00:00:06,CLI,10000000260282,N,,,2025/06/03,
3000000018595,1,Caixa Postal,00:00:02,CLI,10000000260282,N,,,2025/06/03,
3000000018596,1,Caixa Postal,,cli,10000000260281,N,,,2025/06/03,
3000000018597,1,Caixa Postal,,,,N,,,2025/06/03,
3000000018598,1,Informação,,cli,,N,,,2025/06/03,
3000000018599,1,Caixa Postal,00:00:10,,,N,,,2025/06/03,
3000000018600,1,Caixa Postal,,Cli,10000000260283,N,,,2025/06/03,
3000000018601,1,Caixa Postal,,Cli,10000000260284,N,,,2025/06/03,
3000000018602,1,Informação,00:00:34,cli,10000000260285,N,,,2025/06/03,
3000000018603,1,URA Pesquisa NPS,00:00:59,cli,10000000260285,S,Sim,10.0,2025/06/03,Email48438
3000000018604,1,Sent To Voicemail,00:15:12,CLI,10000000260161,S,Nao,10.0,2025/06/03,Email4355
3000000018605,1,Informação,00:00:16,,,N,,,2025/06/03,
3000000018606,1,Informação,,,,N,,,2025/06/03,
3000000018607,1,Informação,,,,N,,,2025/06/03,
3000000018608,1,Agent Error,00:00:12,,,N,,,2025/06/03,
3000000018609,1,Informação,,,,N,,,2025/06/03,
3000000018610,1,Chamada Não Atendida,,CLI ,10000000260286,N,,,2025/06/03,
3000000018611,1,Chamada Não Atendida,00:00:02,CLI ,10000000260286,N,,,2025/06/03,
3000000018612,1,Caixa Postal,00:00:03,cli,10000000260287,N,,,2025/06/03,
3000000018613,1,Caixa Postal,00:00:00,cli,10000000260287,N,,,2025/06/03,
3000000018614,1,Informação,00:00:40,,,N,,,2025/06/03,
3000000018615,1,Caixa Postal,,cli,10000000260288,N,,,2025/06/03,
3000000018616,1,URA Pesquisa NPS,00:01:21,CLI,10000000260289,S,,,2025/06/03,Email4355
3000000018617,1,URA Pesquisa NPS,00:01:03,cli,10000000260290,S,Sim,8.0,2025/06/03,Email48444
3000000018618,1,Informação,,,,N,,,2025/06/03,
3000000018619,1,URA Pesquisa NPS,00:01:47,cli,10000000260291,S,,,2025/06/03,Email5556
3000000018620,1,Ligação Muda,,CLI,10000000260292,N,,,2025/06/03,
3000000018621,1,Ligação Muda,,CLI,10000000260292,N,,,2025/06/03,
3000000018622,1,URA Pesquisa NPS,00:01:10,cli,10000000260293,S,Sim,10.0,2025/06/03,Email48438
3000000018623,1,Caixa Postal,,CLI,10000000260294,N,,,2025/06/03,
3000000018624,1,Informação,00:03:58,CLI,10000000260295,N,,,2025/06/03,
3000000018625,1,Chamada Não Atendida,,cli ,10000000260296,N,,,2025/06/03,
3000000018626,1,URA Pesquisa NPS,00:03:42,cli,10000000259484,S,Sim,10.0,2025/06/03,Email48438
3000000018627,1,Informação,,,,N,,,2025/06/03,
3000000018628,1,Informação,,,,N,,,2025/06/03,
3000000018629,1,Chamada Não Atendida,,Cli,10000000260297,N,,,2025/06/03,
3000000018630,1,URA Pesquisa NPS,00:07:00,CLI,10000000260298,S,Sim,8.0,2025/06/03,Email364
3000000018631,1,Caixa Postal,00:02:39,cLI,10000000258844,N,,,2025/06/03,
3000000018632,1,Contato de Finalizacao do Protocolo,00:02:08,CLI,10000000260299,N,,,2025/06/03,
3000000018633,1,Caixa Postal,00:00:17,Cli,,N,,,2025/06/03,
3000000018634,1,Caixa Postal,00:00:00,Cli,,N,,,2025/06/03,
3000000018635,1,Informação,00:00:12,cli,10000000260300,N,,,2025/06/03,
3000000018636,1,Caixa Postal,00:00:01,cli,10000000260300,N,,,2025/06/03,
3000000018637,1,Informação,00:00:40,cli,10000000260300,N,,,2025/06/03,
3000000018638,1,Não Atende,,CLI ,10000000258935,N,,,2025/06/03,
3000000018639,1,Não Atende,,CLI ,10000000258935,N,,,2025/06/03,
3000000018640,1,Caixa Postal,00:00:02,CLI,,N,,,2025/06/03,
3000000018641,1,Caixa Postal,00:00:03,CLI,,N,,,2025/06/03,
3000000018642,1,Não Atende,,CLI ,10000000258935,N,,,2025/06/03,
3000000018643,1,Chamada Não Atendida,,CLI,10000000260301,N,,,2025/06/03,
3000000018644,1,URA Pesquisa NPS,00:01:20,CLI,10000000260294,S,,,2025/06/03,Email364
3000000018645,1,Caixa Postal,00:00:06,,,N,,,2025/06/03,
3000000018646,1,Contato de Finalizacao do Protocolo,00:01:00,CLI ,10000000258939,N,,,2025/06/03,
3000000018647,1,Chamada Não Atendida,00:00:04,CLI,10000000260302,N,,,2025/06/03,
3000000018648,1,Informação,,,,N,,,2025/06/03,
3000000018649,1,Chamada Não Atendida,,CLI,10000000260302,N,,,2025/06/03,
3000000018650,1,Informação,,,,N,,,2025/06/03,
3000000018651,1,Caixa Postal,00:00:02,,,N,,,2025/06/03,
3000000018652,1,Caixa Postal,,,,N,,,2025/06/03,
3000000018653,1,Caixa Postal,00:00:05,,,N,,,2025/06/03,
3000000018654,1,URA Pesquisa NPS,00:01:19,Cli ,10000000260303,S,,,2025/06/03,Email48444
3000000018655,1,URA Pesquisa NPS,00:00:59,cli,10000000260304,S,Sim,10.0,2025/06/03,Email48444
3000000018656,1,Informação,,,,N,,,2025/06/03,
3000000018657,1,Informação,,,,N,,,2025/06/03,
3000000018658,1,Caixa Postal,00:00:05,CLI,10000000260305,N,,,2025/06/03,
3000000018659,1,URA Pesquisa NPS,00:02:04,CLI,10000000260305,S,Sim,7.0,2025/06/03,Email48444
3000000018660,1,Caixa Postal,00:00:07,cli,10000000260306,N,,,2025/06/03,
3000000018661,1,Caixa Postal,,Cli,,N,,,2025/06/03,
3000000018662,1,Caixa Postal,00:00:09,Cli,,N,,,2025/06/03,
3000000018663,1,Caixa Postal,,Cli,,N,,,2025/06/03,
3000000018664,1,Caixa Postal,00:00:05,Cli,,N,,,2025/06/03,
3000000018665,1,Informação,00:00:03,,,N,,,2025/06/03,
3000000018666,1,Caixa Postal,,Cli,,N,,,2025/06/03,
3000000018667,1,URA Pesquisa NPS,00:01:22,cli,10000000260307,S,,,2025/06/03,Email288
3000000018668,1,Dados incorretos do cliente,,,,N,,,2025/06/03,
3000000018669,1,Chamada Não Atendida,,cli,10000000260308,N,,,2025/06/03,
3000000018670,1,URA Pesquisa NPS,00:23:56,cli,10000000260309,S,Sim,10.0,2025/06/03,Email288
3000000018671,1,Caixa Postal,00:00:04,,,N,,,2025/06/03,
3000000018672,1,Caixa Postal,00:00:09,,,N,,,2025/06/03,
3000000018673,1,Chamada Não Atendida,00:00:09,cli,,N,,,2025/06/03,
3000000018674,1,Caixa Postal,00:00:05,cli,,N,,,2025/06/03,
3000000018675,1,Caixa Postal,00:00:04,cli,,N,,,2025/06/03,
3000000018676,1,Caixa Postal,00:00:03,CLI ,,N,,,2025/06/03,
3000000018677,1,Caixa Postal,00:00:03,CLI ,,N,,,2025/06/03,
3000000018678,1,Caixa Postal,00:00:07,Cli,10000000260310,N,,,2025/06/03,
3000000018679,1,URA Pesquisa NPS,00:01:37,Cli,10000000260311,S,Sim,10.0,2025/06/03,Email48439
3000000018680,1,Caixa Postal,00:00:04,Cli,,N,,,2025/06/03,
3000000018681,1,Caixa Postal,00:00:00,,,N,,,2025/06/03,
3000000018682,1,Caixa Postal,00:00:08,,,N,,,2025/06/03,
3000000018683,1,Caixa Postal,,,,N,,,2025/06/03,
3000000018684,1,Caixa Postal,,,,N,,,2025/06/03,
3000000018685,1,Caixa Postal,00:00:04,,,N,,,2025/06/03,
3000000018686,1,Caixa Postal,00:00:03,,,N,,,2025/06/03,
3000000018687,1,Caixa Postal,00:00:04,cli,10000000260312,N,,,2025/06/03,
3000000018688,1,Caixa Postal,00:00:09,cli,10000000260313,N,,,2025/06/03,
3000000018689,1,Caixa Postal,00:00:08,cli,,N,,,2025/06/03,
3000000018690,1,URA Pesquisa NPS,00:02:30,Cli,10000000260314,S,Sim,9.0,2025/06/03,Email5371
3000000018691,1,Caixa Postal,,Cli,,N,,,2025/06/03,
3000000018692,1,Caixa Postal,00:00:00,CLI,10000000260315,N,,,2025/06/03,
3000000018693,1,URA Pesquisa NPS,00:00:52,Cli,10000000260316,S,Sim,3.0,2025/06/03,Email585
3000000018694,1,URA Pesquisa NPS,00:03:56,Cli,10000000260186,S,Sim,10.0,2025/06/03,Email1615
3000000018695,1,URA Pesquisa NPS,00:01:27,Cli,10000000260317,S,Sim,10.0,2025/06/03,Email5371
3000000018696,1,Caixa Postal,,Cli,10000000259399,N,,,2025/06/03,
3000000018697,1,Informação,00:00:07,CLI,,N,,,2025/06/03,
3000000018698,1,Informação,00:00:35,Cli,,N,,,2025/06/03,
3000000018699,1,Informação,00:00:03,,,N,,,2025/06/03,
3000000018700,1,URA Pesquisa NPS,00:02:29,CLI,10000000260318,S,Sim,10.0,2025/06/03,Email48444
3000000018701,1,URA Pesquisa NPS,00:01:34,CLI,10000000260319,S,Sim,1.0,2025/06/03,Email11179
3000000018702,1,Caixa Postal,00:00:02,CLI,10000000260320,N,,,2025/06/03,
3000000018703,1,Informação,00:10:05,CLI,,N,,,2025/06/03,
3000000018704,1,Informação,,Cli,,N,,,2025/06/03,
3000000018705,1,URA Pesquisa NPS,00:00:20,CLI,10000000260263,S,,,2025/06/03,Email372
3000000018706,1,Contato de Finalizacao do Protocolo,00:00:47,cli,10000000258953,N,,,2025/06/03,
3000000018707,1,Informação,,,,N,,,2025/06/03,
3000000018708,1,Caixa Postal,,Cli,,N,,,2025/06/03,
3000000018709,1,Chamada Não Atendida,00:00:01,CLI,10000000260321,N,,,2025/06/03,
3000000018710,1,Chamada Não Atendida,00:01:06,CLI,10000000260321,N,,,2025/06/03,
3000000018711,1,Caixa Postal,00:00:01,CLI,,N,,,2025/06/03,
3000000018712,1,URA Pesquisa NPS,00:01:27,CLI,10000000258933,S,Sim,10.0,2025/06/03,Email585
3000000018713,1,Informação,00:00:24,,,N,,,2025/06/03,
3000000018714,1,URA Pesquisa NPS,00:00:44,Cli,10000000260322,S,,,2025/06/03,Email585
3000000018715,1,Informação,00:00:05,CLI,,N,,,2025/06/03,
3000000018716,1,Caixa Postal,00:00:01,,,N,,,2025/06/03,
3000000018717,1,Caixa Postal,,,,N,,,2025/06/03,
3000000018718,1,Cliente Desligou,00:00:01,cli,10000000260323,N,,,2025/06/03,
3000000018719,1,Cliente Desligou,00:00:01,cli,10000000260323,N,,,2025/06/03,
3000000018720,1,Informação,00:00:11,,,N,,,2025/06/03,
3000000018721,1,URA Pesquisa NPS,00:05:00,CLI,10000000260324,S,Sim,10.0,2025/06/03,Email5556
3000000018722,1,Informação,,,,N,,,2025/06/03,
3000000018723,1,URA Pesquisa NPS,00:01:44,Cli,10000000260325,S,,,2025/06/03,Email19156
3000000018724,1,Caixa Postal,00:00:05,Cli,10000000260326,N,,,2025/06/03,
3000000018725,1,Caixa Postal,00:00:07,Cli,10000000260326,N,,,2025/06/03,
3000000018726,1,Informação,00:01:00,Cli,10000000260326,N,,,2025/06/03,
3000000018727,1,Caixa Postal,00:00:10,Cli,10000000260327,N,,,2025/06/03,
3000000018728,1,Sent To Voicemail,00:01:32,CLI,10000000260328,S,Sim,10.0,2025/06/03,Email48444
3000000018729,1,Chamada Não Atendida,00:00:03,,,N,,,2025/06/03,
3000000018730,1,Informação,,,,N,,,2025/06/03,
3000000018731,1,Informação,00:07:15,cli ,10000000260329,N,,,2025/06/03,
3000000018732,1,Informação,,,,N,,,2025/06/03,
3000000018733,1,Caixa Postal,00:00:04,,,N,,,2025/06/03,
3000000018734,1,Caixa Postal,00:00:04,,,N,,,2025/06/03,
3000000018735,1,URA Pesquisa NPS,00:01:04,cli,10000000260330,S,Sim,10.0,2025/06/03,Email48439
3000000018736,1,Caixa Postal,,,,N,,,2025/06/03,
3000000018737,1,Caixa Postal,00:00:03,cli,10000000260331,N,,,2025/06/03,
3000000018738,1,Caixa Postal,00:00:03,cli,,N,,,2025/06/03,
3000000018739,1,Caixa Postal,00:00:02,cli,10000000260331,N,,,2025/06/03,
3000000018740,1,Caixa Postal,00:00:05,cli,10000000260332,N,,,2025/06/03,
3000000018741,1,URA Pesquisa NPS,00:00:59,Cli,10000000260333,S,,,2025/06/03,Email5556
3000000018742,1,Caixa Postal,00:00:01,cli,10000000260334,N,,,2025/06/03,
3000000018743,1,URA Pesquisa NPS,00:02:43,CLI,10000000260335,S,Sim,10.0,2025/06/03,Email288
3000000018744,1,Caixa Postal,,CLI,10000000260336,N,,,2025/06/03,
3000000018745,1,Caixa Postal,,Cli,,N,,,2025/06/03,
3000000018746,1,Contato de Finalizacao do Protocolo,00:01:01,Cli,10000000260337,N,,,2025/06/03,
3000000018747,1,Não Atende,,Cliente,10000000260210,N,,,2025/06/03,
3000000018748,1,Caixa Postal,00:00:02,,,N,,,2025/06/03,
3000000018749,1,Caixa Postal,00:00:10,,,N,,,2025/06/03,
3000000018750,1,Caixa Postal,00:00:05,Cli,10000000260338,N,,,2025/06/03,
3000000018751,1,URA Pesquisa NPS,00:08:51,Cli,,S,Sim,9.0,2025/06/03,Email19156
3000000018752,1,Caixa Postal,00:00:03,,,N,,,2025/06/03,
3000000018753,1,Caixa Postal,00:00:02,,,N,,,2025/06/03,
3000000018754,1,URA Pesquisa NPS,00:00:59,Cli,10000000260339,S,,,2025/06/03,Email585
3000000018755,1,Caixa Postal,,,,N,,,2025/06/03,
3000000018756,1,Caixa Postal,,,,N,,,2025/06/03,
3000000018757,1,Caixa Postal,,,,N,,,2025/06/03,
3000000018758,1,Caixa Postal,00:00:05,Cli,,N,,,2025/06/02,
3000000018759,1,Caixa Postal,00:00:10,Cli,,N,,,2025/06/02,
3000000018760,1,Caixa Postal,00:00:03,Cli,,N,,,2025/06/02,
3000000018761,1,Caixa Postal,,,,N,,,2025/06/02,
3000000018762,1,Caixa Postal,,,,N,,,2025/06/02,
3000000018763,1,Caixa Postal,,,,N,,,2025/06/02,
3000000018764,1,Caixa Postal,,Cliente,10000000258833,N,,,2025/06/02,
3000000018765,1,Ligação Muda,00:00:16,CLI,10000000260340,N,,,2025/06/02,
3000000018766,1,Ligação Muda,00:00:08,CLI,,N,,,2025/06/02,
3000000018767,1,Contato de Finalizacao do Protocolo,00:01:51,Cliente,10000000258833,N,,,2025/06/02,
3000000018768,1,Caixa Postal,00:00:03,,,N,,,2025/06/02,
3000000018769,1,Contato de Finalizacao do Protocolo,00:02:47,,,N,,,2025/06/02,
3000000018770,1,Caixa Postal,00:00:04,cli,,N,,,2025/06/02,
3000000018771,1,Caixa Postal,00:00:05,cli,,N,,,2025/06/02,
3000000018772,1,Caixa Postal,00:00:10,CLI,10000000258786,N,,,2025/06/02,
3000000018773,1,Caixa Postal,00:00:09,Cli,10000000260341,N,,,2025/06/02,
3000000018774,1,Caixa Postal,00:00:04,Cliente,10000000260341,N,,,2025/06/02,
3000000018775,1,Informação,,,,N,,,2025/06/02,
3000000018776,1,Caixa Postal,,CLI,10000000260342,N,,,2025/06/02,
3000000018777,1,Caixa Postal,,,,N,,,2025/06/02,
3000000018778,1,Caixa Postal,,,,N,,,2025/06/02,
3000000018779,1,Caixa Postal,00:00:10,CLI,,N,,,2025/06/02,
3000000018780,1,Chamada Não Atendida,00:00:05,CLI,10000000260343,N,,,2025/06/02,
3000000018781,1,Chamada Não Atendida,00:00:03,CLI,10000000260343,N,,,2025/06/02,
3000000018782,1,Ligação Muda,00:00:10,,,N,,,2025/06/02,
3000000018783,1,Informação,00:00:03,,,N,,,2025/06/02,
3000000018784,1,Informação,,,,N,,,2025/06/02,
3000000018785,1,Caixa Postal,00:00:15,Cli,10000000260344,N,,,2025/06/02,
3000000018786,1,Caixa Postal,00:00:07,Cli,10000000260344,N,,,2025/06/02,
3000000018787,1,Informação,00:00:24,,,N,,,2025/06/02,
3000000018788,1,Informação,00:00:01,,,N,,,2025/06/02,
3000000018789,1,Informação,,,,N,,,2025/06/02,
3000000018790,1,Chamada Não Atendida,00:00:01,CLI,10000000260345,N,,,2025/06/02,
3000000018791,1,Contato de Finalizacao do Protocolo,00:01:05,CLI,,N,,,2025/06/02,
3000000018792,1,Chamada Não Atendida,,,,N,,,2025/06/02,
3000000018793,1,Chamada Não Atendida,,,,N,,,2025/06/02,
3000000018794,1,Informação,,Cli,,N,,,2025/06/02,
3000000018795,1,URA Pesquisa NPS,00:01:41,cli,10000000260346,S,,,2025/06/02,Email1615
3000000018796,1,Ocupado,,cli,10000000260347,N,,,2025/06/02,
3000000018797,1,Contato de Finalizacao do Protocolo,00:03:13,CLI,,N,,,2025/06/02,
3000000018798,1,Informação,00:00:06,,,N,,,2025/06/02,
3000000018799,1,Informação,,,,N,,,2025/06/02,
3000000018800,1,Caixa Postal,00:00:00,CLI,10000000258969,N,,,2025/06/02,
3000000018801,1,Caixa Postal,00:00:01,CLI,10000000258969,N,,,2025/06/02,
3000000018802,1,Caixa Postal,00:00:03,CLI,,N,,,2025/06/02,
3000000018803,1,Caixa Postal,,,,N,,,2025/06/02,
3000000018804,1,Chamada Não Atendida,,Cli,10000000260348,N,,,2025/06/02,
3000000018805,1,Chamada Não Atendida,,Cli,10000000260348,N,,,2025/06/02,
3000000018806,1,Dados incorretos do cliente,,,,N,,,2025/06/02,
3000000018807,1,Caixa Postal,00:00:00,CLI,,N,,,2025/06/02,
3000000018808,1,URA Pesquisa NPS,00:01:08,cli,10000000260349,S,Sim,10.0,2025/06/02,Email639
3000000018809,1,Caixa Postal,,cli,10000000260350,N,,,2025/06/02,
3000000018810,1,URA Pesquisa NPS,00:03:26,CLI,10000000260351,S,Sim,8.0,2025/06/02,Email4355
3000000018811,1,Caixa Postal,,,,N,,,2025/06/02,
3000000018812,1,Caixa Postal,,cli,10000000260350,N,,,2025/06/02,
3000000018813,1,Caixa Postal,00:00:13,Cli ,10000000260352,N,,,2025/06/02,
3000000018814,1,Caixa Postal,00:00:03,Cli ,10000000260352,N,,,2025/06/02,
3000000018815,1,Caixa Postal,,Cli ,,N,,,2025/06/02,
3000000018816,1,Informação,00:03:47,cli,10000000260353,N,,,2025/06/02,
3000000018817,1,Caixa Postal,00:00:04,CLI,10000000260354,N,,,2025/06/02,
3000000018818,1,Informação,,,,N,,,2025/06/02,
3000000018819,1,Caixa Postal,,,,N,,,2025/06/02,
3000000018820,1,Caixa Postal,,,,N,,,2025/06/02,
3000000018821,1,Caixa Postal,00:00:01,CLI,10000000258863,N,,,2025/06/02,
3000000018822,1,Informação,,,,N,,,2025/06/02,
3000000018823,1,Informação,,,,N,,,2025/06/02,
3000000018824,1,Informação,00:00:03,,,N,,,2025/06/02,
3000000018825,1,Informação,00:00:01,,,N,,,2025/06/02,
3000000018826,1,Ligação Muda,00:00:18,cli,,N,,,2025/06/02,
3000000018827,1,Não Atende,00:00:04,CLI,10000000260355,N,,,2025/06/02,
3000000018828,1,Cliente Desligou,00:00:09,,,N,,,2025/06/02,
3000000018829,1,Caixa Postal,00:00:12,Cli,10000000260145,N,,,2025/06/02,
3000000018830,1,Caixa Postal,00:00:05,Cli,10000000260145,N,,,2025/06/02,
3000000018831,1,Caixa Postal,,Cli,,N,,,2025/06/02,
3000000018832,1,URA Pesquisa NPS,00:01:31,Cli,10000000260356,S,,,2025/06/02,Email329
3000000018833,1,Chamada Não Atendida,00:00:03,,,N,,,2025/06/02,
3000000018834,1,Contato de Finalizacao do Protocolo,00:01:28,Cli,10000000260357,N,,,2025/06/02,
3000000018835,1,URA Pesquisa NPS,00:01:25,Cli,10000000260358,S,Sim,10.0,2025/06/02,Email19156
3000000018836,1,Caixa Postal,,Cli ,10000000260359,N,,,2025/06/02,
3000000018837,1,Caixa Postal,00:00:00,Cli ,10000000260359,N,,,2025/06/02,
3000000018838,1,Chamada Não Atendida,00:00:01,Cli,10000000260360,N,,,2025/06/02,
3000000018839,1,Caixa Postal,00:00:14,cli,10000000260361,N,,,2025/06/02,
3000000018840,1,URA Pesquisa NPS,00:00:49,Cli,10000000260360,S,,,2025/06/02,Email48444
3000000018841,1,Chamada Não Atendida,00:00:08,,,N,,,2025/06/02,
3000000018842,1,Chamada Não Atendida,,,,N,,,2025/06/02,
3000000018843,1,URA Pesquisa NPS,00:00:45,CLI,10000000260355,S,,,2025/06/02,Email45
3000000018844,1,Cliente Desligou,00:00:10,cli,10000000260362,N,,,2025/06/02,
3000000018845,1,Chamada Não Atendida,,cli,10000000260362,N,,,2025/06/02,
3000000018846,1,Cliente Desligou,00:00:06,Cli,,N,,,2025/06/02,
3000000018847,1,Caixa Postal,00:00:09,Cli,10000000260363,N,,,2025/06/02,
3000000018848,1,URA Pesquisa NPS,00:00:37,Cli,10000000260363,S,,,2025/06/02,Email19156
3000000018849,1,Caixa Postal,00:00:04,cli,10000000260364,N,,,2025/06/02,
3000000018850,1,URA Pesquisa NPS,00:06:35,Cli,10000000260365,S,,,2025/06/02,Email19156
3000000018851,1,Não Atende,00:00:03,,,N,,,2025/06/02,
3000000018852,1,Não Atende,00:00:07,,,N,,,2025/06/02,
3000000018853,1,Não Atende,00:00:04,,,N,,,2025/06/02,
3000000018854,1,URA Pesquisa NPS,00:01:28,cli,10000000260366,S,,,2025/06/02,Email48444
3000000018855,1,Não Atende,,,,N,,,2025/06/02,
3000000018856,1,Caixa Postal,00:00:04,Cli,10000000258972,N,,,2025/06/02,
3000000018857,1,URA Pesquisa NPS,00:02:13,Cli,10000000260297,S,Sim,1.0,2025/06/02,Email19156
3000000018858,1,Caixa Postal,00:00:04,Cli,10000000258972,N,,,2025/06/02,
3000000018859,1,Informação,,cli,,N,,,2025/06/02,
3000000018860,1,Ligação Muda,00:00:10,CLI,10000000260367,N,,,2025/06/02,
3000000018861,1,URA Pesquisa NPS,00:01:36,CLI,10000000260367,S,Sim,10.0,2025/06/02,Email329
3000000018862,1,Informação,,Cli,,N,,,2025/06/02,
3000000018863,1,URA Pesquisa NPS,00:01:19,cli,10000000260368,S,Sim,10.0,2025/06/02,Email48438
3000000018864,1,Informação,00:00:10,CLI,,N,,,2025/06/02,
3000000018865,1,URA Pesquisa NPS,00:01:40,CLI,10000000260369,S,Sim,10.0,2025/06/02,Email288
3000000018866,1,URA Pesquisa NPS,00:03:59,Cliente,10000000260370,S,,,2025/06/02,Email8754
3000000018867,1,Cliente Desligou,00:00:25,cli,10000000260371,N,,,2025/06/02,
3000000018868,1,Cliente Desligou,00:00:05,Cli,,N,,,2025/06/02,
3000000018869,1,URA Pesquisa NPS,00:03:38,Cli,10000000260325,S,,,2025/06/02,Email19156
3000000018870,1,Dados incorretos do cliente,,,,N,,,2025/06/02,
3000000018871,1,Chamada Não Atendida,,,,N,,,2025/06/02,
3000000018872,1,Caixa Postal,00:00:05,Cli,10000000260310,N,,,2025/06/02,
3000000018873,1,URA Pesquisa NPS,00:01:58,,10000000260372,S,Sim,8.0,2025/06/02,Email45
3000000018874,1,URA Pesquisa NPS,00:02:42,cli,10000000260373,S,,,2025/06/02,Email48439
3000000018875,1,Informação,,,,N,,,2025/06/02,
3000000018876,1,Caixa Postal,00:00:06,Cli,10000000260374,N,,,2025/06/02,
3000000018877,1,Caixa Postal,00:00:02,Cli,,N,,,2025/06/02,
3000000018878,1,Informação,00:00:19,cli,,N,,,2025/06/02,
3000000018879,1,Caixa Postal,00:00:05,CLI,10000000260267,N,,,2025/06/02,
3000000018880,1,Caixa Postal,00:00:04,Cli,,N,,,2025/06/02,
3000000018881,1,URA Pesquisa NPS,00:02:12,Cli,,S,,,2025/06/02,Email19156
3000000018882,1,Sent To Voicemail,00:03:25,cli,10000000260353,S,Sim,10.0,2025/06/02,Email5556
