CALL ID,CALLS,DISPOSITION,TALK TIME,Devolutiva,Custom.Numero_CAP,Custom.Transfer_NPS,Custom.NPS_Solicitacao,Custom.NPS_Nota,DATE,Custom.Analista
3000000013109,1,Chamada Não Atendida,00:00:05,Cli ,10000000258740,N,,,2025/05/30,
3000000013110,1,Chamada Não Atendida,00:00:02,CLI,10000000258741,N,,,2025/05/30,
3000000013111,1,Caixa Postal,00:00:04,,,N,,,2025/05/30,
3000000013112,1,Informação,00:05:17,CLI,10000000258742,N,,,2025/05/30,
3000000013113,1,Caixa Postal,00:00:10,,,N,,,2025/05/30,
3000000013114,1,Caixa Postal,00:00:04,,10000000258743,N,,,2025/05/30,
3000000013115,1,Caixa Postal,00:00:04,,10000000258743,N,,,2025/05/30,
3000000013116,1,Chamada Não Atendida,00:00:04,CLI,10000000258744,N,,,2025/05/30,
3000000013117,1,Chamada Não Atendida,,,,N,,,2025/05/30,
3000000013118,1,Caixa Postal,00:00:02,,,N,,,2025/05/30,
3000000013119,1,Caixa Postal,,,,N,,,2025/05/30,
3000000013120,1,Caixa Postal,,,,N,,,2025/05/30,
3000000013121,1,Caixa Postal,,,,N,,,2025/05/30,
3000000013122,1,Não Atende,00:00:25,,10000000258745,N,,,2025/05/30,
3000000013123,1,Caixa Postal,00:00:05,CLI,10000000258746,N,,,2025/05/30,
3000000013124,1,Contato de Finalizacao do Protocolo,00:05:41,Cli,,N,,,2025/05/30,
3000000013125,1,Não Atende,,Cliente,10000000258747,N,,,2025/05/30,
3000000013126,1,Caixa Postal,,,,N,,,2025/05/30,
3000000013127,1,Caixa Postal,,Cli,,N,,,2025/05/30,
3000000013128,1,URA Pesquisa NPS,00:04:09,Cli,10000000258748,S,,,2025/05/30,Email19156
3000000013129,1,Informação,,,,N,,,2025/05/30,
3000000013130,1,Caixa Postal,,CLI,10000000258749,N,,,2025/05/30,
3000000013131,1,Caixa Postal,,CLI,,N,,,2025/05/30,
3000000013132,1,URA Pesquisa NPS,00:02:21,cli,10000000258749,S,,,2025/05/30,Email48438
3000000013133,1,Caixa Postal,,CLI,10000000258750,N,,,2025/05/30,
3000000013134,1,URA Pesquisa NPS,00:05:46,CLI,10000000258751,S,Sim,10.0,2025/05/30,Email45
3000000013135,1,Caixa Postal,,,,N,,,2025/05/30,
3000000013136,1,Caixa Postal,,,,N,,,2025/05/30,
3000000013137,1,Chamada Não Atendida,,,,N,,,2025/05/30,
3000000013138,1,Chamada Não Atendida,,,,N,,,2025/05/30,
3000000013139,1,URA Pesquisa NPS,00:00:42,,10000000258745,S,,,2025/05/30,Email45
3000000013140,1,Não Atende,,CLI,,N,,,2025/05/30,
3000000013141,1,Não Atende,,Cliente,10000000258747,N,,,2025/05/30,
3000000013142,1,Informação,,,,N,,,2025/05/30,
3000000013143,1,Informação,,,,N,,,2025/05/30,
3000000013144,1,Caixa Postal,,Cli,10000000258752,N,,,2025/05/30,
3000000013145,1,Caixa Postal,,Cli,10000000258752,N,,,2025/05/30,
3000000013146,1,Caixa Postal,,cli,10000000258753,N,,,2025/05/30,
3000000013147,1,Caixa Postal,,CLI,10000000258754,N,,,2025/05/30,
3000000013148,1,Caixa Postal,,cli,10000000258753,N,,,2025/05/30,
3000000013149,1,Caixa Postal,,CLI,10000000258754,N,,,2025/05/30,
3000000013150,1,Chamada Não Atendida,,cli,10000000258755,N,,,2025/05/30,
3000000013151,1,Chamada Não Atendida,,cli,10000000258755,N,,,2025/05/30,
3000000013152,1,Caixa Postal,,cli,10000000258756,N,,,2025/05/30,
3000000013153,1,Chamada Não Atendida,,CLI,10000000258757,N,,,2025/05/30,
3000000013154,1,Caixa Postal,,cli,10000000258756,N,,,2025/05/30,
3000000013155,1,Chamada Não Atendida,,CLI,10000000258757,N,,,2025/05/30,
3000000013156,1,Caixa Postal,,,,N,,,2025/05/30,
3000000013157,1,Caixa Postal,,CLI,10000000258750,N,,,2025/05/30,
3000000013158,1,Caixa Postal,,cli,10000000258758,N,,,2025/05/30,
3000000013159,1,Caixa Postal,,cli,10000000258758,N,,,2025/05/30,
3000000013160,1,Informação,,,,N,,,2025/05/30,
3000000013161,1,URA Pesquisa NPS,00:01:00,cli,10000000258759,S,,,2025/05/30,Email48439
3000000013162,1,Informação,,,,N,,,2025/05/30,
3000000013163,1,Informação,,,,N,,,2025/05/30,
3000000013164,1,Informação,,,,N,,,2025/05/30,
3000000013165,1,Informação,,cli,10000000258760,N,,,2025/05/30,
3000000013166,1,URA Pesquisa NPS,00:01:20,cli,10000000258760,S,,,2025/05/30,Email48438
3000000013167,1,Caixa Postal,,cli,10000000258753,N,,,2025/05/30,
3000000013168,1,Caixa Postal,,cli,10000000258753,N,,,2025/05/30,
3000000013169,1,Caixa Postal,,cli,,N,,,2025/05/30,
3000000013170,1,Informação,,Cli,,N,,,2025/05/30,
3000000013171,1,Caixa Postal,,,,N,,,2025/05/30,
3000000013172,1,Caixa Postal,,,,N,,,2025/05/30,
3000000013173,1,Caixa Postal,,,,N,,,2025/05/30,
3000000013174,1,Caixa Postal,,cli ,10000000258761,N,,,2025/05/30,
3000000013175,1,Caixa Postal,,cli ,10000000258761,N,,,2025/05/30,
3000000013176,1,URA Pesquisa NPS,00:00:59,cli ,10000000258761,S,Sim,8.0,2025/05/30,Email48439
3000000013177,1,Caixa Postal,,,,N,,,2025/05/30,
3000000013178,1,Caixa Postal,,,,N,,,2025/05/30,
3000000013179,1,Cliente Desligou,,cli,,N,,,2025/05/30,
3000000013180,1,Caixa Postal,,cli,,N,,,2025/05/30,
3000000013181,1,Caixa Postal,,cli,,N,,,2025/05/30,
3000000013182,1,Caixa Postal,,cli,10000000258762,N,,,2025/05/30,
3000000013183,1,Caixa Postal,,cli,10000000258763,N,,,2025/05/30,
3000000013184,1,Caixa Postal,,cli,10000000258763,N,,,2025/05/30,
3000000013185,1,Caixa Postal,,CLI,10000000258750,N,,,2025/05/30,
3000000013186,1,URA Pesquisa NPS,00:00:47,Cli,10000000258764,S,,,2025/05/30,Email48439
3000000013187,1,URA Pesquisa NPS,00:00:58,Cli,10000000258765,S,,,2025/05/30,Email585
3000000013188,1,Chamada Não Atendida,00:00:03,cli,10000000258755,N,,,2025/05/30,
3000000013189,1,Chamada Não Atendida,,cli,10000000258755,N,,,2025/05/30,
3000000013190,1,Caixa Postal,,Cli,10000000258766,N,,,2025/05/30,
3000000013191,1,Caixa Postal,,Cli,10000000258766,N,,,2025/05/30,
3000000013192,1,Caixa Postal,,Cli,10000000258766,N,,,2025/05/30,
3000000013193,1,Responsavel ausente,00:00:35,Cli,10000000258767,N,,,2025/05/30,
3000000013194,1,Caixa Postal,,,,N,,,2025/05/30,
3000000013195,1,Caixa Postal,,,,N,,,2025/05/30,
3000000013196,1,Caixa Postal,,,,N,,,2025/05/30,
3000000013197,1,Caixa Postal,,,,N,,,2025/05/30,
3000000013198,1,Caixa Postal,,,,N,,,2025/05/30,
3000000013199,1,Caixa Postal,,,,N,,,2025/05/30,
3000000013200,1,Caixa Postal,,,,N,,,2025/05/30,
3000000013201,1,Caixa Postal,,,,N,,,2025/05/30,
3000000013202,1,Caixa Postal,,,,N,,,2025/05/30,
3000000013203,1,Caixa Postal,,Cli,10000000258752,N,,,2025/05/30,
3000000013204,1,Caixa Postal,,Cli,10000000258752,N,,,2025/05/30,
3000000013205,1,Caixa Postal,,,,N,,,2025/05/30,
3000000013206,1,Caixa Postal,,,,N,,,2025/05/30,
3000000013207,1,Caixa Postal,,Cli,,N,,,2025/05/30,
3000000013208,1,Caixa Postal,,,,N,,,2025/05/30,
3000000013209,1,Caixa Postal,,,,N,,,2025/05/30,
3000000013210,1,Caixa Postal,,,,N,,,2025/05/30,
3000000013211,1,Ocupado,,,,N,,,2025/05/30,
3000000013212,1,Ocupado,,,,N,,,2025/05/30,
3000000013213,1,Contato de Finalizacao do Protocolo,,,,N,,,2025/05/30,
3000000013214,1,Caixa Postal,,,,N,,,2025/05/30,
3000000013215,1,Caixa Postal,,,,N,,,2025/05/30,
3000000013216,1,Caixa Postal,00:00:04,cli,,N,,,2025/05/30,
3000000013217,1,Caixa Postal,,cli,,N,,,2025/05/30,
3000000013218,1,Caixa Postal,00:00:25,,,N,,,2025/05/30,
3000000013219,1,Caixa Postal,00:00:09,Cli,10000000258768,N,,,2025/05/30,
3000000013220,1,Caixa Postal,,Cli,10000000258768,N,,,2025/05/30,
3000000013221,1,Caixa Postal,00:00:24,Cli,10000000258768,N,,,2025/05/30,
3000000013222,1,Caixa Postal,,Cli,10000000258768,N,,,2025/05/30,
3000000013223,1,Caixa Postal,00:00:10,,,N,,,2025/05/30,
3000000013224,1,Caixa Postal,00:00:44,,,N,,,2025/05/30,
3000000013225,1,Caixa Postal,00:00:05,,,N,,,2025/05/30,
3000000013226,1,Caixa Postal,00:00:08,,,N,,,2025/05/30,
3000000013227,1,Caixa Postal,00:00:04,cli,10000000258769,N,,,2025/05/30,
3000000013228,1,URA Pesquisa NPS,00:02:32,cli,10000000258770,S,Sim,10.0,2025/05/30,Email585
3000000013229,1,Informação,00:00:07,cli,10000000258771,N,,,2025/05/30,
3000000013230,1,Caixa Postal,00:00:01,Cli,,N,,,2025/05/30,
3000000013231,1,URA Pesquisa NPS,00:00:38,Cli,10000000258772,S,Sim,10.0,2025/05/30,Email585
3000000013232,1,Chamada Não Atendida,,cli,10000000258773,N,,,2025/05/30,
3000000013233,1,Caixa Postal,00:00:14,Cli,10000000258774,N,,,2025/05/30,
3000000013234,1,Informação,,,,N,,,2025/05/30,
3000000013235,1,Informação,00:01:43,cli,10000000258775,N,,,2025/05/30,
3000000013236,1,URA Pesquisa NPS,00:00:55,Cli,10000000258776,S,Sim,10.0,2025/05/30,Email585
3000000013237,1,Caixa Postal,,Cli,10000000258777,N,,,2025/05/30,
3000000013238,1,Caixa Postal,00:00:01,Cli,10000000258777,N,,,2025/05/30,
3000000013239,1,Caixa Postal,,Cli,10000000258777,N,,,2025/05/30,
3000000013240,1,URA Pesquisa NPS,00:03:28,CLI,10000000258750,S,Sim,8.0,2025/05/30,Email364
3000000013241,1,URA Pesquisa NPS,00:09:05,CLI,10000000258778,S,Sim,9.0,2025/05/30,Email5556
3000000013242,1,Caixa Postal,00:00:01,cli,10000000258779,N,,,2025/05/30,
3000000013243,1,Caixa Postal,00:00:00,cli,10000000258779,N,,,2025/05/30,
3000000013244,1,Caixa Postal,,,,N,,,2025/05/30,
3000000013245,1,Caixa Postal,,,,N,,,2025/05/30,
3000000013246,1,Caixa Postal,00:00:04,Cli,,N,,,2025/05/30,
3000000013247,1,URA Pesquisa NPS,00:03:12,Cli,10000000258780,S,,,2025/05/30,Email585
3000000013248,1,Informação,00:00:06,,,N,,,2025/05/30,
3000000013249,1,Informação,,,,N,,,2025/05/30,
3000000013250,1,Caixa Postal,00:00:03,,,N,,,2025/05/30,
3000000013251,1,Caixa Postal,00:00:02,,,N,,,2025/05/30,
3000000013252,1,Caixa Postal,,,,N,,,2025/05/30,
3000000013253,1,Informação,00:02:26,,,N,,,2025/05/30,
3000000013254,1,Caixa Postal,00:00:04,Cli,,N,,,2025/05/30,
3000000013255,1,Caixa Postal,00:00:10,Cli,10000000258781,N,,,2025/05/30,
3000000013256,1,Ocupado,,,,N,,,2025/05/30,
3000000013257,1,Caixa Postal,00:00:03,,,N,,,2025/05/30,
3000000013258,1,Caixa Postal,,,,N,,,2025/05/30,
3000000013259,1,Caixa Postal,00:00:03,,,N,,,2025/05/30,
3000000013260,1,Caixa Postal,,,,N,,,2025/05/30,
3000000013261,1,Caixa Postal,,Cli,,N,,,2025/05/30,
3000000013262,1,URA Pesquisa NPS,00:01:39,CLl,10000000258782,S,Sim,10.0,2025/05/30,Email19156
3000000013263,1,Caixa Postal,00:00:05,,,N,,,2025/05/30,
3000000013264,1,Agent Error,,,,N,,,2025/05/30,
3000000013265,1,Informação,,,,N,,,2025/05/30,
3000000013266,1,Informação,,,,N,,,2025/05/30,
3000000013267,1,Informação,00:00:03,,,N,,,2025/05/30,
3000000013268,1,Informação,,,,N,,,2025/05/30,
3000000013269,1,Cliente Desligou,00:00:19,,,N,,,2025/05/30,
3000000013270,1,Cliente Desligou,00:00:03,,,N,,,2025/05/30,
3000000013271,1,Informação,00:01:26,,,N,,,2025/05/30,
3000000013272,1,Caixa Postal,00:00:06,,,N,,,2025/05/30,
3000000013273,1,Caixa Postal,00:00:03,,,N,,,2025/05/30,
3000000013274,1,Caixa Postal,,,,N,,,2025/05/30,
3000000013275,1,Chamada Não Atendida,00:00:09,,,N,,,2025/05/30,
3000000013276,1,Chamada Não Atendida,00:00:04,,,N,,,2025/05/30,
3000000013277,1,Caixa Postal,,cliente,10000000258783,N,,,2025/05/30,
3000000013278,1,Ligação Muda,,cli,10000000258753,N,,,2025/05/30,
3000000013279,1,Ligação Muda,,cli,10000000258753,N,,,2025/05/30,
3000000013280,1,Caixa Postal,00:00:11,cli,,N,,,2025/05/30,
3000000013281,1,Caixa Postal,,cli,,N,,,2025/05/30,
3000000013282,1,Caixa Postal,,cli,10000000258753,N,,,2025/05/30,
3000000013283,1,Caixa Postal,,Cli,10000000258784,N,,,2025/05/30,
3000000013284,1,Chamada Não Atendida,,cli,10000000258785,N,,,2025/05/30,
3000000013285,1,Caixa Postal,00:00:04,CLI,10000000258786,N,,,2025/05/30,
3000000013286,1,Informação,,,,N,,,2025/05/30,
3000000013287,1,Caixa Postal,,CLI,10000000258757,N,,,2025/05/30,
3000000013288,1,Caixa Postal,,CLI,10000000258757,N,,,2025/05/30,
3000000013289,1,Caixa Postal,,CLI,10000000258787,N,,,2025/05/30,
3000000013290,1,URA Pesquisa NPS,00:01:17,Cliente,10000000258788,S,,,2025/05/30,Email8754
3000000013291,1,Caixa Postal,00:00:01,cli,10000000258789,N,,,2025/05/30,
3000000013292,1,Ligação Muda,00:00:21,,,N,,,2025/05/30,
3000000013293,1,URA Pesquisa NPS,00:02:17,cli,10000000258789,S,Sim,10.0,2025/05/30,Email48439
3000000013294,1,Informação,00:05:18,,,N,,,2025/05/30,
3000000013295,1,Chamada Não Atendida,00:00:05,CLI,10000000258790,N,,,2025/05/30,
3000000013296,1,Chamada Não Atendida,00:00:04,CLI,10000000258790,N,,,2025/05/30,
3000000013297,1,Caixa Postal,,,,N,,,2025/05/30,
3000000013298,1,Cliente Desligou,00:00:06,,,N,,,2025/05/30,
3000000013299,1,Caixa Postal,,cli ,10000000258791,N,,,2025/05/30,
3000000013300,1,Caixa Postal,,cli ,10000000258791,N,,,2025/05/30,
3000000013301,1,Caixa Postal,,,,N,,,2025/05/29,
3000000013302,1,Caixa Postal,,,,N,,,2025/05/29,
3000000013303,1,Caixa Postal,,,,N,,,2025/05/29,
3000000013304,1,Ligação Muda,,CLI,10000000258792,N,,,2025/05/29,
3000000013305,1,Caixa Postal,00:00:03,Cli ,,N,,,2025/05/29,
3000000013306,1,Caixa Postal,00:00:03,,,N,,,2025/05/29,
3000000013307,1,Caixa Postal,,,,N,,,2025/05/29,
3000000013308,1,Informação,00:00:02,CLI,,N,,,2025/05/29,
3000000013309,1,Informação,00:00:09,CLI,10000000258793,N,,,2025/05/29,
3000000013310,1,Informação,,CLI,,N,,,2025/05/29,
3000000013311,1,Caixa Postal,00:00:10,,,N,,,2025/05/29,
3000000013312,1,Responsavel ausente,00:00:48,,,N,,,2025/05/29,
3000000013313,1,Caixa Postal,,,,N,,,2025/05/29,
3000000013314,1,Caixa Postal,00:00:07,cli,,N,,,2025/05/29,
3000000013315,1,Caixa Postal,00:00:14,cli,,N,,,2025/05/29,
3000000013316,1,Não Atende,,Cliente,10000000258794,N,,,2025/05/29,
3000000013317,1,Caixa Postal,,Cliente,10000000258794,N,,,2025/05/29,
3000000013318,1,Caixa Postal,,,10000000258795,N,,,2025/05/29,
3000000013319,1,Caixa Postal,00:00:07,,,N,,,2025/05/29,
3000000013320,1,Informação,00:01:29,CLI,10000000258796,N,,,2025/05/29,
3000000013321,1,Caixa Postal,,,,N,,,2025/05/29,
3000000013322,1,Caixa Postal,00:00:02,,,N,,,2025/05/29,
3000000013323,1,Caixa Postal,00:00:10,CLI,10000000258797,N,,,2025/05/29,
3000000013324,1,Caixa Postal,00:00:02,Cliente,10000000258798,N,,,2025/05/29,
3000000013325,1,Caixa Postal,00:00:02,Cliente,10000000258798,N,,,2025/05/29,
3000000013326,1,URA Pesquisa NPS,00:01:34,cli,10000000258799,S,Sim,10.0,2025/05/29,Email48439
3000000013327,1,Informação,00:00:03,,,N,,,2025/05/29,
3000000013328,1,URA Pesquisa NPS,00:06:21,Cli,10000000258800,S,Sim,10.0,2025/05/29,Email1615
3000000013329,1,Caixa Postal,,,,N,,,2025/05/29,
3000000013330,1,Caixa Postal,,,,N,,,2025/05/29,
3000000013331,1,Informação,,,,N,,,2025/05/29,
3000000013332,1,Caixa Postal,,,,N,,,2025/05/29,
3000000013333,1,Caixa Postal,,,,N,,,2025/05/29,
3000000013334,1,Caixa Postal,,,,N,,,2025/05/29,
3000000013335,1,Caixa Postal,00:00:09,cli,10000000258801,N,,,2025/05/29,
3000000013336,1,Informação,00:02:12,CLI,,N,,,2025/05/29,
3000000013337,1,Caixa Postal,00:00:08,Cli,10000000258802,N,,,2025/05/29,
3000000013338,1,Caixa Postal,00:00:07,,10000000258795,N,,,2025/05/29,
3000000013339,1,URA Pesquisa NPS,00:09:29,Cli,10000000258802,S,Sim,10.0,2025/05/29,Email19156
3000000013340,1,Caixa Postal,,,,N,,,2025/05/29,
3000000013341,1,Caixa Postal,00:00:02,Cliente,10000000258798,N,,,2025/05/29,
3000000013342,1,Caixa Postal,00:00:02,Cliente,10000000258798,N,,,2025/05/29,
3000000013343,1,Informação,,,,N,,,2025/05/29,
3000000013344,1,Caixa Postal,,,,N,,,2025/05/29,
3000000013345,1,Caixa Postal,,,,N,,,2025/05/29,
3000000013346,1,Informação,,,,N,,,2025/05/29,
3000000013347,1,Caixa Postal,00:00:03,,,N,,,2025/05/29,
3000000013348,1,Caixa Postal,00:00:02,,,N,,,2025/05/29,
3000000013349,1,Caixa Postal,00:00:04,Cliente,10000000258803,N,,,2025/05/29,
3000000013350,1,Caixa Postal,00:00:07,cli,10000000258803,N,,,2025/05/29,
3000000013351,1,Caixa Postal,00:00:01,CLI,10000000258804,N,,,2025/05/29,
3000000013352,1,Caixa Postal,,,,N,,,2025/05/29,
3000000013353,1,Caixa Postal,,,,N,,,2025/05/29,
3000000013354,1,Informação,00:00:04,,,N,,,2025/05/29,
3000000013355,1,Informação,00:00:02,,,N,,,2025/05/29,
3000000013356,1,Informação,00:05:09,,,N,,,2025/05/29,
3000000013357,1,URA Pesquisa NPS,00:01:38,Cli,10000000258805,S,Sim,10.0,2025/05/29,Email288
3000000013358,1,Sent To Voicemail,00:00:56,cli,10000000258806,S,Sim,10.0,2025/05/29,Email48439
3000000013359,1,Caixa Postal,00:00:05,,,N,,,2025/05/29,
3000000013360,1,Caixa Postal,00:00:04,,,N,,,2025/05/29,
3000000013361,1,Responsavel ausente,00:00:58,,,N,,,2025/05/29,
3000000013362,1,Caixa Postal,00:00:17,,,N,,,2025/05/29,
3000000013363,1,Chamada Não Atendida,00:00:15,,,N,,,2025/05/29,
3000000013364,1,Chamada Não Atendida,,,,N,,,2025/05/29,
3000000013365,1,Informação,00:00:00,Cli,,N,,,2025/05/29,
3000000013366,1,Caixa Postal,,CLI,10000000258797,N,,,2025/05/29,
3000000013367,1,Caixa Postal,00:00:05,cli,10000000258807,N,,,2025/05/29,
3000000013368,1,Informação,00:04:47,cli,10000000258807,N,,,2025/05/29,
3000000013369,1,Caixa Postal,00:00:13,,,N,,,2025/05/29,
3000000013370,1,Informação,00:01:49,,,N,,,2025/05/29,
3000000013371,1,Informação,00:20:33,,,N,,,2025/05/29,
3000000013372,1,Informação,,,,N,,,2025/05/29,
3000000013373,1,Informação,00:00:33,cli,,N,,,2025/05/29,
3000000013374,1,Informação,,,,N,,,2025/05/29,
3000000013375,1,Ocupado,,Cli,,N,,,2025/05/29,
3000000013376,1,Ocupado,,Cli,,N,,,2025/05/29,
3000000013377,1,Caixa Postal,00:00:04,CLI,10000000258804,N,,,2025/05/29,
3000000013378,1,Caixa Postal,00:00:19,CLI,10000000258804,N,,,2025/05/29,
3000000013379,1,Caixa Postal,00:00:02,Cli,,N,,,2025/05/29,
3000000013380,1,Caixa Postal,00:00:03,Cli,,N,,,2025/05/29,
3000000013381,1,Ligação Muda,,cli,10000000258808,N,,,2025/05/29,
3000000013382,1,Caixa Postal,,cli,10000000258808,N,,,2025/05/29,
3000000013383,1,Chamada Não Atendida,00:00:06,Cli ,10000000258809,N,,,2025/05/29,
3000000013384,1,Caixa Postal,00:00:11,,,N,,,2025/05/29,
3000000013385,1,Cliente Desligou,00:00:05,,,N,,,2025/05/29,
3000000013386,1,Cliente Desligou,,,,N,,,2025/05/29,
3000000013387,1,Contato de Finalizacao do Protocolo,00:03:43,,,N,,,2025/05/29,
3000000013388,1,Caixa Postal,00:00:04,Cli,,N,,,2025/05/29,
3000000013389,1,Caixa Postal,,CLI,10000000258804,N,,,2025/05/29,
3000000013390,1,Caixa Postal,,CLI,,N,,,2025/05/29,
3000000013391,1,Caixa Postal,,CLI,,N,,,2025/05/29,
3000000013392,1,Caixa Postal,,CLI,,N,,,2025/05/29,
3000000013393,1,Informação,,,,N,,,2025/05/29,
3000000013394,1,Caixa Postal,00:00:04,,,N,,,2025/05/29,
3000000013395,1,URA Pesquisa NPS,00:02:27,Cli,10000000258810,S,Sim,10.0,2025/05/29,Email5556
3000000013396,1,Caixa Postal,,Cliente,10000000258811,N,,,2025/05/29,
3000000013397,1,Caixa Postal,00:00:08,cli,,N,,,2025/05/29,
3000000013398,1,Caixa Postal,,cli,,N,,,2025/05/29,
3000000013399,1,Caixa Postal,00:00:04,Cli,,N,,,2025/05/29,
3000000013400,1,Caixa Postal,,Cli,10000000258812,N,,,2025/05/29,
3000000013401,1,URA Pesquisa NPS,00:01:00,Cli,10000000258813,S,Sim,10.0,2025/05/29,Email585
3000000013402,1,URA Pesquisa NPS,00:01:20,Cli,10000000258814,S,Sim,,2025/05/29,Email585
3000000013403,1,Caixa Postal,00:00:01,,,N,,,2025/05/29,
3000000013404,1,Caixa Postal,00:00:05,,,N,,,2025/05/29,
3000000013405,1,Caixa Postal,00:00:10,,,N,,,2025/05/29,
3000000013406,1,Caixa Postal,,cli,10000000258762,N,,,2025/05/29,
3000000013407,1,Contato de Finalizacao do Protocolo,00:02:13,CLI,,N,,,2025/05/29,
3000000013408,1,Ocupado,,CLI,,N,,,2025/05/29,
3000000013409,1,Não Atende,,,,N,,,2025/05/29,
3000000013410,1,URA Pesquisa NPS,00:01:05,CLI,10000000258815,S,Sim,10.0,2025/05/29,Email4355
3000000013411,1,Caixa Postal,00:00:04,,,N,,,2025/05/29,
3000000013412,1,Caixa Postal,,,,N,,,2025/05/29,
3000000013413,1,Caixa Postal,00:00:14,,,N,,,2025/05/29,
3000000013414,1,Caixa Postal,00:00:10,,,N,,,2025/05/29,
3000000013415,1,URA Pesquisa NPS,00:02:00,CLI,10000000258816,S,Sim,5.0,2025/05/29,Email288
3000000013416,1,Caixa Postal,00:00:04,,,N,,,2025/05/29,
3000000013417,1,Caixa Postal,,,,N,,,2025/05/29,
3000000013418,1,Caixa Postal,,,,N,,,2025/05/29,
3000000013419,1,Caixa Postal,,Cli,,N,,,2025/05/29,
3000000013420,1,Caixa Postal,00:00:09,Cli ,10000000258817,N,,,2025/05/29,
3000000013421,1,URA Pesquisa NPS,00:02:16,Cli ,10000000258817,S,Sim,8.0,2025/05/29,Email48439
3000000013422,1,Caixa Postal,00:00:10,CLI,10000000258818,N,,,2025/05/29,
3000000013423,1,Caixa Postal,00:00:01,CLI,10000000258818,N,,,2025/05/29,
3000000013424,1,Caixa Postal,00:00:04,,,N,,,2025/05/29,
3000000013425,1,Caixa Postal,,,,N,,,2025/05/29,
3000000013426,1,Caixa Postal,00:00:04,cli,10000000258819,N,,,2025/05/29,
3000000013427,1,Informação,,cli,,N,,,2025/05/29,
3000000013428,1,Caixa Postal,00:00:01,cli,10000000258819,N,,,2025/05/29,
3000000013429,1,Informação,,cli,,N,,,2025/05/29,
3000000013430,1,Caixa Postal,00:00:00,Cli,,N,,,2025/05/29,
3000000013431,1,URA Pesquisa NPS,00:01:06,Cli,10000000258820,S,Sim,10.0,2025/05/29,Email585
3000000013432,1,Caixa Postal,00:00:05,,,N,,,2025/05/29,
3000000013433,1,Caixa Postal,00:00:02,,,N,,,2025/05/29,
3000000013434,1,Caixa Postal,00:00:02,,,N,,,2025/05/29,
3000000013435,1,Informação,,Cli,,N,,,2025/05/29,
3000000013436,1,URA Pesquisa NPS,00:07:14,cli,10000000258821,S,Sim,10.0,2025/05/29,Email288
3000000013437,1,Caixa Postal,00:00:04,,,N,,,2025/05/29,
3000000013438,1,Caixa Postal,00:00:02,,,N,,,2025/05/29,
3000000013439,1,Cliente Desligou,00:00:07,,,N,,,2025/05/29,
3000000013440,1,Caixa Postal,,,,N,,,2025/05/29,
3000000013441,1,Não Atende,00:00:03,,10000000258822,N,,,2025/05/29,
3000000013442,1,Informação,00:01:43,,,N,,,2025/05/29,
3000000013443,1,Chamada Não Atendida,00:00:08,Cli ,10000000258823,N,,,2025/05/29,
3000000013444,1,Informação,00:02:18,,,N,,,2025/05/29,
3000000013445,1,Caixa Postal,,Cli,10000000258824,N,,,2025/05/29,
3000000013446,1,Caixa Postal,00:00:06,Cli,10000000258825,N,,,2025/05/29,
3000000013447,1,Caixa Postal,00:00:02,,,N,,,2025/05/29,
3000000013448,1,Caixa Postal,00:00:00,,,N,,,2025/05/29,
3000000013449,1,Protocolo Permanecera em Andamento,00:02:47,Cli,,N,,,2025/05/29,
3000000013450,1,Informação,,,,N,,,2025/05/29,
3000000013451,1,Informação,00:00:04,,,N,,,2025/05/29,
3000000013452,1,Informação,00:00:23,,,N,,,2025/05/29,
3000000013453,1,Informação,00:01:08,cli,10000000258826,N,,,2025/05/29,
3000000013454,1,Informação,00:00:03,,,N,,,2025/05/29,
3000000013455,1,Informação,00:00:00,,,N,,,2025/05/29,
3000000013456,1,Informação,00:00:02,,,N,,,2025/05/29,
3000000013457,1,Cliente Desligou,00:00:10,Cli,,N,,,2025/05/29,
3000000013458,1,URA Pesquisa NPS,00:01:10,Cli,10000000258827,S,,,2025/05/29,Email585
3000000013459,1,Cliente Desligou,00:00:03,Cli,,N,,,2025/05/29,
3000000013460,1,Contato de Finalizacao do Protocolo,00:01:42,Cli,10000000258828,N,,,2025/05/29,
3000000013461,1,Contato de Finalizacao do Protocolo,00:09:12,Cli,10000000258828,N,,,2025/05/29,
3000000013462,1,URA Pesquisa NPS,00:03:12,Cli,10000000258829,S,,,2025/05/29,Email19156
3000000013463,1,Caixa Postal,,cli,10000000258830,N,,,2025/05/29,
3000000013464,1,Caixa Postal,,,,N,,,2025/05/29,
3000000013465,1,Informação,00:00:03,Cli,,N,,,2025/05/29,
3000000013466,1,Informação,,,,N,,,2025/05/29,
3000000013467,1,URA Pesquisa NPS,00:01:04,Cli,10000000258831,S,Sim,10.0,2025/05/29,Email585
3000000013468,1,Informação,00:00:08,,,N,,,2025/05/29,
3000000013469,1,Informação,00:00:07,,,N,,,2025/05/29,
3000000013470,1,Caixa Postal,00:00:19,cLI,,N,,,2025/05/29,
3000000013471,1,Caixa Postal,,cLI,,N,,,2025/05/29,
3000000013472,1,Caixa Postal,00:00:02,CLI,10000000258832,N,,,2025/05/29,
3000000013473,1,Caixa Postal,,CLI,,N,,,2025/05/29,
3000000013474,1,URA Pesquisa NPS,00:08:06,CLI,10000000258833,S,,,2025/05/29,Email19156
3000000013475,1,Agent Error,00:03:11,,,N,,,2025/05/29,
3000000013476,1,Caixa Postal,,,,N,,,2025/05/29,
3000000013477,1,Caixa Postal,,,,N,,,2025/05/29,
3000000013478,1,Caixa Postal,00:00:03,,,N,,,2025/05/29,
3000000013479,1,Caixa Postal,,,,N,,,2025/05/29,
3000000013480,1,Caixa Postal,,,,N,,,2025/05/29,
3000000013481,1,URA Pesquisa NPS,00:05:07,cli,10000000258834,S,Sim,9.0,2025/05/29,Email5556
3000000013482,1,Caixa Postal,00:00:02,,,N,,,2025/05/29,
3000000013483,1,Caixa Postal,00:00:00,Cli,,N,,,2025/05/29,
3000000013484,1,URA Pesquisa NPS,00:00:50,Cli,10000000258835,S,Sim,10.0,2025/05/29,Email585
3000000013485,1,Caixa Postal,00:00:06,,,N,,,2025/05/29,
3000000013486,1,Caixa Postal,00:00:08,,,N,,,2025/05/29,
3000000013487,1,Caixa Postal,00:00:05,,10000000258822,N,,,2025/05/29,
3000000013488,1,Caixa Postal,00:00:03,,,N,,,2025/05/29,
3000000013489,1,Contato de Finalizacao do Protocolo,00:05:41,Cli,10000000258836,N,,,2025/05/29,
3000000013490,1,Caixa Postal,00:00:17,,,N,,,2025/05/29,
3000000013491,1,URA Pesquisa NPS,00:00:37,Cli,10000000258837,S,Sim,10.0,2025/05/29,Email585
3000000013492,1,Chamada Não Atendida,,Cli,10000000258838,N,,,2025/05/29,
3000000013493,1,URA Pesquisa NPS,00:01:35,Cli,10000000258839,S,Sim,10.0,2025/05/29,Email296
3000000013494,1,Informação,00:00:07,,,N,,,2025/05/29,
3000000013495,1,Caixa Postal,,CLI,,N,,,2025/05/29,
3000000013496,1,Caixa Postal,,CLI,,N,,,2025/05/29,
3000000013497,1,Contato de Finalizacao do Protocolo,00:00:58,Vendedora,10000000258840,N,,,2025/05/29,
3000000013498,1,Caixa Postal,00:00:01,,,N,,,2025/05/29,
3000000013499,1,Caixa Postal,00:00:31,,,N,,,2025/05/29,
3000000013500,1,Informação,00:01:38,,,N,,,2025/05/29,
3000000013501,1,Dados incorretos do cliente,00:01:37,,,N,,,2025/05/29,
3000000013502,1,Caixa Postal,00:00:00,,,N,,,2025/05/29,
3000000013503,1,Caixa Postal,00:00:07,,,N,,,2025/05/29,
3000000013504,1,Caixa Postal,,,,N,,,2025/05/29,
3000000013505,1,Caixa Postal,00:00:04,,,N,,,2025/05/29,
3000000013506,1,Informação,00:09:00,,,N,,,2025/05/29,
3000000013507,1,URA Pesquisa NPS,00:00:48,Cli,10000000258841,S,Sim,10.0,2025/05/29,Email585
3000000013508,1,Contato de Finalizacao do Protocolo,00:02:52,Cli,,N,,,2025/05/29,
3000000013509,1,Caixa Postal,00:00:04,Cli ,,N,,,2025/05/29,
3000000013510,1,Caixa Postal,00:00:03,Cli,,N,,,2025/05/29,
3000000013511,1,Caixa Postal,,cli,10000000258842,N,,,2025/05/29,
3000000013512,1,Caixa Postal,,cli,10000000258842,N,,,2025/05/29,
3000000013513,1,URA Pesquisa NPS,00:01:04,Cli,10000000258843,S,,,2025/05/29,Email585
3000000013514,1,URA Pesquisa NPS,00:03:06,cLI,10000000258844,S,Nao,,2025/05/29,Email5371
3000000013515,1,Sent To Voicemail,00:01:38,cli,10000000258845,S,Sim,10.0,2025/05/29,Email48439
3000000013516,1,Chamada Não Atendida,,CLI,10000000258846,N,,,2025/05/29,
3000000013517,1,Informação,00:00:02,,,N,,,2025/05/29,
3000000013518,1,Chamada Não Atendida,00:00:04,cli,10000000258847,N,,,2025/05/28,
3000000013519,1,Chamada Não Atendida,00:00:03,cli,10000000258847,N,,,2025/05/28,
3000000013520,1,URA Pesquisa NPS,00:02:40,Cli,10000000258848,S,Sim,10.0,2025/05/28,Email48443
3000000013521,1,URA Pesquisa NPS,00:02:55,CLI,10000000258849,S,Sim,10.0,2025/05/28,Email4194
3000000013522,1,Ligação Muda,,CLI,10000000258850,N,,,2025/05/28,
3000000013523,1,Ligação Muda,,CLI,10000000258850,N,,,2025/05/28,
3000000013524,1,Caixa Postal,00:00:02,,,N,,,2025/05/28,
3000000013525,1,Caixa Postal,00:00:02,,,N,,,2025/05/28,
3000000013526,1,Informação,00:00:09,cli,,N,,,2025/05/28,
3000000013527,1,Informação,,cli,,N,,,2025/05/28,
3000000013528,1,Informação,00:00:11,,,N,,,2025/05/28,
3000000013529,1,Caixa Postal,00:00:08,Cli,10000000258851,N,,,2025/05/28,
3000000013530,1,Informação,,,,N,,,2025/05/28,
3000000013531,1,Caixa Postal,00:00:07,CLI ,,N,,,2025/05/28,
3000000013532,1,Caixa Postal,00:00:00,CLI ,,N,,,2025/05/28,
3000000013533,1,Caixa Postal,,CLI ,,N,,,2025/05/28,
3000000013534,1,Ligação Muda,,CLI,10000000258850,N,,,2025/05/28,
3000000013535,1,Caixa Postal,00:00:12,Cli,10000000258852,N,,,2025/05/28,
3000000013536,1,Caixa Postal,00:00:09,Cli,10000000258852,N,,,2025/05/28,
3000000013537,1,Caixa Postal,00:00:14,Cli,10000000258853,N,,,2025/05/28,
3000000013538,1,URA Pesquisa NPS,00:01:02,Cli,10000000258853,S,Sim,10.0,2025/05/28,Email1615
3000000013539,1,Caixa Postal,00:00:06,Cli,10000000258854,N,,,2025/05/28,
3000000013540,1,URA Pesquisa NPS,00:00:42,CLI,10000000258855,S,Sim,10.0,2025/05/28,Email296
3000000013541,1,Chamada Não Atendida,,CLI ,10000000258856,N,,,2025/05/28,
3000000013542,1,Chamada Não Atendida,,CLI ,10000000258856,N,,,2025/05/28,
3000000013543,1,Caixa Postal,,Cli,,N,,,2025/05/28,
3000000013544,1,Caixa Postal,00:00:04,cli,10000000258857,N,,,2025/05/28,
3000000013545,1,URA Pesquisa NPS,00:00:44,Cli,10000000258858,S,Sim,10.0,2025/05/28,Email585
3000000013546,1,Caixa Postal,00:00:08,cli,,N,,,2025/05/28,
3000000013547,1,Caixa Postal,00:01:11,,,N,,,2025/05/28,
3000000013548,1,Contato de Finalizacao do Protocolo,00:01:48,,,N,,,2025/05/28,
3000000013549,1,Caixa Postal,00:00:09,,,N,,,2025/05/28,
3000000013550,1,Caixa Postal,00:00:02,,,N,,,2025/05/28,
3000000013551,1,Caixa Postal,00:00:00,,,N,,,2025/05/28,
3000000013552,1,Caixa Postal,00:00:02,,,N,,,2025/05/28,
3000000013553,1,Caixa Postal,,,,N,,,2025/05/28,
3000000013554,1,Informação,00:01:56,,,N,,,2025/05/28,
3000000013555,1,Informação,00:04:11,,,N,,,2025/05/28,
3000000013556,1,URA Pesquisa NPS,00:00:45,CLI,10000000258859,S,,,2025/05/28,Email48444
3000000013557,1,Caixa Postal,00:00:02,Cli,,N,,,2025/05/28,
3000000013558,1,Caixa Postal,,Cli,,N,,,2025/05/28,
3000000013559,1,Caixa Postal,00:00:05,Cli,10000000258860,N,,,2025/05/28,
3000000013560,1,Contato de Finalizacao do Protocolo,00:03:52,Cli,10000000258860,N,,,2025/05/28,
3000000013561,1,Caixa Postal,00:00:02,,,N,,,2025/05/28,
3000000013562,1,Atendimento exclusivo por email,,,,N,,,2025/05/28,
3000000013563,1,Informação,,Cli,,N,,,2025/05/28,
3000000013564,1,Caixa Postal,00:00:04,cli,10000000258861,N,,,2025/05/28,
3000000013565,1,Caixa Postal,00:00:03,,,N,,,2025/05/28,
3000000013566,1,Caixa Postal,00:00:08,,,N,,,2025/05/28,
3000000013567,1,Caixa Postal,,,,N,,,2025/05/28,
3000000013568,1,Caixa Postal,00:00:01,cli,,N,,,2025/05/28,
3000000013569,1,Ligação Muda,00:00:17,,,N,,,2025/05/28,
3000000013570,1,Caixa Postal,00:00:03,,,N,,,2025/05/28,
3000000013571,1,Caixa Postal,00:00:04,CLI,,N,,,2025/05/28,
3000000013572,1,URA Pesquisa NPS,00:01:45,CLI,10000000258862,S,Sim,10.0,2025/05/28,Email288
3000000013573,1,Caixa Postal,,,,N,,,2025/05/28,
3000000013574,1,Ligação Muda,00:00:14,,,N,,,2025/05/28,
3000000013575,1,Ligação Muda,00:00:14,,,N,,,2025/05/28,
3000000013576,1,Caixa Postal,00:00:05,,10000000258863,N,,,2025/05/28,
3000000013577,1,URA Pesquisa NPS,00:02:06,,10000000258863,S,Sim,10.0,2025/05/28,Email45
3000000013578,1,Informação,00:04:33,,,N,,,2025/05/28,
3000000013579,1,URA Pesquisa NPS,00:03:28,,10000000258863,S,Sim,10.0,2025/05/28,Email45
3000000013580,1,Contato de Finalizacao do Protocolo,00:01:42,Cli,10000000258864,N,,,2025/05/28,
3000000013581,1,Informação,,,,N,,,2025/05/28,
3000000013582,1,Informação,,,,N,,,2025/05/28,
3000000013583,1,Informação,00:01:33,,,N,,,2025/05/28,
3000000013584,1,Informação,00:02:56,,,N,,,2025/05/28,
3000000013585,1,Informação,,,,N,,,2025/05/28,
3000000013586,1,Informação,,,,N,,,2025/05/28,
3000000013587,1,Caixa Postal,,cli ,,N,,,2025/05/28,
3000000013588,1,Informação,,cli,,N,,,2025/05/28,
3000000013589,1,Informação,,cli,,N,,,2025/05/28,
3000000013590,1,Informação,,cli,,N,,,2025/05/28,
3000000013591,1,Informação,,cli,,N,,,2025/05/28,
3000000013592,1,Informação,,cli,,N,,,2025/05/28,
3000000013593,1,Informação,00:00:00,cli,,N,,,2025/05/28,
3000000013594,1,Informação,00:01:08,,,N,,,2025/05/28,
3000000013595,1,Informação,00:00:01,CLI,,N,,,2025/05/28,
3000000013596,1,Informação,00:00:01,CLI,,N,,,2025/05/28,
3000000013597,1,URA Pesquisa NPS,00:00:09,,,S,,,2025/05/28,Email329
3000000013598,1,Caixa Postal,,,,N,,,2025/05/28,
3000000013599,1,Caixa Postal,00:00:09,cli,10000000258865,N,,,2025/05/28,
3000000013600,1,URA Pesquisa NPS,00:05:28,cli,10000000258865,S,,,2025/05/28,Email48438
3000000013601,1,Caixa Postal,,cli,10000000258866,N,,,2025/05/28,
3000000013602,1,Caixa Postal,00:00:14,,,N,,,2025/05/28,
3000000013603,1,Caixa Postal,00:00:19,,,N,,,2025/05/28,
3000000013604,1,Informação,00:00:02,cli,,N,,,2025/05/28,
3000000013605,1,Informação,00:00:11,cli,,N,,,2025/05/28,
3000000013606,1,Informação,,cli,,N,,,2025/05/28,
3000000013607,1,URA Pesquisa NPS,00:01:29,cli,10000000258867,S,Sim,10.0,2025/05/28,Email288
3000000013608,1,URA Pesquisa NPS,00:04:37,Cli,10000000258868,S,Sim,10.0,2025/05/28,Email48444
3000000013609,1,URA Pesquisa NPS,00:02:36,CLI,10000000258869,S,Sim,10.0,2025/05/28,Email329
3000000013610,1,Ocupado,,cli,10000000258870,N,,,2025/05/28,
3000000013611,1,Ocupado,,cli,10000000258870,N,,,2025/05/28,
3000000013612,1,Caixa Postal,,CLI,10000000258871,N,,,2025/05/28,
3000000013613,1,Caixa Postal,00:00:01,CLI,,N,,,2025/05/28,
3000000013614,1,Caixa Postal,00:00:00,cli,10000000258872,N,,,2025/05/28,
3000000013615,1,Caixa Postal,,,,N,,,2025/05/28,
3000000013616,1,Caixa Postal,00:00:04,cli,10000000258873,N,,,2025/05/28,
3000000013617,1,URA Pesquisa NPS,00:01:53,CLI,10000000258874,S,,,2025/05/28,Email296
3000000013618,1,Caixa Postal,,cli,10000000258872,N,,,2025/05/28,
3000000013619,1,Sent To Voicemail,00:00:46,Cliente,10000000258875,S,Sim,10.0,2025/05/28,Email8754
3000000013620,1,Ocupado,,cli,10000000258876,N,,,2025/05/28,
3000000013621,1,Ocupado,,cli,,N,,,2025/05/28,
3000000013622,1,Caixa Postal,,,,N,,,2025/05/28,
3000000013623,1,URA Pesquisa NPS,00:00:49,cli,10000000258876,S,Sim,10.0,2025/05/28,Email48439
3000000013624,1,Caixa Postal,,,,N,,,2025/05/28,
3000000013625,1,Caixa Postal,00:00:04,Cli,,N,,,2025/05/28,
3000000013626,1,Caixa Postal,,Cli,,N,,,2025/05/28,
3000000013627,1,Caixa Postal,00:00:02,Cli,,N,,,2025/05/28,
3000000013628,1,Caixa Postal,00:00:02,CLI,,N,,,2025/05/28,
3000000013629,1,Caixa Postal,,CLI,,N,,,2025/05/28,
3000000013630,1,Caixa Postal,,CLI,,N,,,2025/05/28,
3000000013631,1,Caixa Postal,00:00:02,,,N,,,2025/05/28,
3000000013632,1,Caixa Postal,00:00:01,,,N,,,2025/05/28,
3000000013633,1,Caixa Postal,00:00:04,,,N,,,2025/05/28,
3000000013634,1,Informação,,,,N,,,2025/05/28,
3000000013635,1,Informação,00:00:10,,,N,,,2025/05/28,
3000000013636,1,Não Atende,00:00:07,,10000000258877,N,,,2025/05/28,
3000000013637,1,Informação,,,,N,,,2025/05/28,
3000000013638,1,Caixa Postal,,Cliente,,N,,,2025/05/28,
3000000013639,1,Caixa Postal,,Cliente,,N,,,2025/05/28,
3000000013640,1,Caixa Postal,00:00:02,,,N,,,2025/05/28,
3000000013641,1,Caixa Postal,00:00:05,,10000000258878,N,,,2025/05/28,
3000000013642,1,Não Atende,,,,N,,,2025/05/28,
3000000013643,1,URA Pesquisa NPS,00:00:46,cli,10000000258879,S,Sim,,2025/05/28,Email585
3000000013644,1,Caixa Postal,,,10000000258878,N,,,2025/05/28,
3000000013645,1,Contato de Finalizacao do Protocolo,00:01:49,Cli,10000000258880,N,,,2025/05/28,
3000000013646,1,Caixa Postal,,,,N,,,2025/05/28,
3000000013647,1,Caixa Postal,,,,N,,,2025/05/28,
3000000013648,1,Caixa Postal,,,,N,,,2025/05/28,
3000000013649,1,Caixa Postal,00:00:06,,10000000258881,N,,,2025/05/28,
3000000013650,1,Não Atende,,,10000000258881,N,,,2025/05/28,
3000000013651,1,URA Pesquisa NPS,00:01:08,Cli,10000000258882,S,,,2025/05/28,Email585
3000000013652,1,Caixa Postal,,,,N,,,2025/05/28,
3000000013653,1,Caixa Postal,,,,N,,,2025/05/28,
3000000013654,1,Caixa Postal,00:00:00,,,N,,,2025/05/28,
3000000013655,1,Caixa Postal,00:00:02,,,N,,,2025/05/28,
3000000013656,1,URA Pesquisa NPS,00:03:17,Cli,10000000258883,S,Sim,10.0,2025/05/28,Email19156
3000000013657,1,Informação,,,,N,,,2025/05/28,
3000000013658,1,URA Pesquisa NPS,00:00:39,Cli,10000000258884,S,Sim,10.0,2025/05/28,Email5371
3000000013659,1,URA Pesquisa NPS,00:04:00,Cli,10000000258880,S,Sim,10.0,2025/05/28,Email19156
3000000013660,1,Ligação Muda,00:00:19,Cli ,,N,,,2025/05/28,
3000000013661,1,Caixa Postal,00:00:08,Cli ,,N,,,2025/05/28,
3000000013662,1,Caixa Postal,00:00:07,Cli ,10000000258885,N,,,2025/05/28,
3000000013663,1,URA Pesquisa NPS,00:01:00,,10000000258886,S,Sim,10.0,2025/05/28,Email45
3000000013664,1,Informação,,cli,,N,,,2025/05/28,
3000000013665,1,Informação,,cli,,N,,,2025/05/28,
3000000013666,1,Caixa Postal,,Cli,10000000258887,N,,,2025/05/28,
3000000013667,1,Caixa Postal,,Cli,10000000258887,N,,,2025/05/28,
3000000013668,1,Caixa Postal,00:00:05,,,N,,,2025/05/28,
3000000013669,1,Informação,,,,N,,,2025/05/28,
3000000013670,1,Informação,,cli,,N,,,2025/05/28,
3000000013671,1,Informação,,cli,,N,,,2025/05/28,
3000000013672,1,Caixa Postal,00:00:08,Cliente ,10000000258888,N,,,2025/05/28,
3000000013673,1,URA Pesquisa NPS,00:01:35,cli,10000000258889,S,Sim,10.0,2025/05/28,Email48439
3000000013674,1,Caixa Postal,,CLI,,N,,,2025/05/28,
3000000013675,1,Caixa Postal,,CLI,,N,,,2025/05/28,
3000000013676,1,URA Pesquisa NPS,00:01:53,,10000000258890,S,,,2025/05/28,Email45
3000000013677,1,Ligação Muda,,,10000000258891,N,,,2025/05/28,
3000000013678,1,Informação,,,10000000258891,N,,,2025/05/28,
3000000013679,1,URA Pesquisa NPS,00:00:50,,,S,Sim,9.0,2025/05/28,Email45
3000000013680,1,Informação,00:00:25,CLI ,,N,,,2025/05/28,
3000000013681,1,Ocupado,,CLI ,10000000258892,N,,,2025/05/28,
3000000013682,1,Não Atende,,CLI ,,N,,,2025/05/28,
3000000013683,1,Caixa Postal,,CLI,,N,,,2025/05/28,
3000000013684,1,Chamada Não Atendida,00:00:05,Cli ,10000000258893,N,,,2025/05/28,
3000000013685,1,Chamada Não Atendida,00:00:05,Cli ,10000000258893,N,,,2025/05/28,
3000000013686,1,Não Atende,00:00:03,CLI ,,N,,,2025/05/28,
3000000013687,1,Caixa Postal,,CLI ,,N,,,2025/05/28,
3000000013688,1,Ocupado,00:00:01,CLI,,N,,,2025/05/28,
3000000013689,1,Ocupado,00:00:09,CLI,10000000258894,N,,,2025/05/28,
3000000013690,1,Caixa Postal,00:00:17,,,N,,,2025/05/28,
3000000013691,1,URA Pesquisa NPS,00:01:05,cli,10000000258895,S,Sim,10.0,2025/05/28,Email48439
3000000013692,1,Chamada Não Atendida,00:00:04,CLI,10000000258896,N,,,2025/05/28,
3000000013693,1,Chamada Não Atendida,00:00:01,CLI,10000000258896,N,,,2025/05/28,
3000000013694,1,URA Pesquisa NPS,00:01:29,Cli,10000000258897,S,Sim,10.0,2025/05/28,Email585
3000000013695,1,Cliente Desligou,00:00:37,cli,10000000258898,N,,,2025/05/28,
3000000013696,1,Caixa Postal,,cli,10000000258898,N,,,2025/05/28,
3000000013697,1,URA Pesquisa NPS,00:01:51,CLI,10000000258899,S,Sim,10.0,2025/05/28,Email585
3000000013698,1,Ligação Muda,00:00:32,cli,10000000258898,N,,,2025/05/28,
3000000013699,1,Caixa Postal,,CLI,,N,,,2025/05/28,
3000000013700,1,Caixa Postal,00:00:08,cli,10000000258898,N,,,2025/05/28,
3000000013701,1,Ligação Muda,,CLI,10000000258792,N,,,2025/05/28,
3000000013702,1,Ocupado,,CLI,10000000258792,N,,,2025/05/28,
3000000013703,1,Caixa Postal,,Cli,,N,,,2025/05/28,
3000000013704,1,Informação,00:00:06,CLI,,N,,,2025/05/28,
3000000013705,1,URA Pesquisa NPS,00:00:57,Cli,10000000258900,S,Sim,10.0,2025/05/28,Email585
3000000013706,1,Informação,,CLI,,N,,,2025/05/28,
3000000013707,1,Caixa Postal,00:00:05,,,N,,,2025/05/28,
3000000013708,1,Caixa Postal,,,,N,,,2025/05/28,
3000000013709,1,Caixa Postal,00:00:02,Cli,,N,,,2025/05/28,
3000000013710,1,URA Pesquisa NPS,00:00:53,Cli,10000000258901,S,Sim,10.0,2025/05/28,Email585
3000000013711,1,URA Pesquisa NPS,00:01:19,Cli,10000000258902,S,Sim,10.0,2025/05/28,Email585
3000000013712,1,URA Pesquisa NPS,00:00:45,Cli,10000000258903,S,,,2025/05/28,Email585
3000000013713,1,Caixa Postal,00:00:01,,,N,,,2025/05/28,
3000000013714,1,Caixa Postal,00:00:04,,,N,,,2025/05/28,
3000000013715,1,URA Pesquisa NPS,00:01:07,CLI,10000000258904,S,Sim,9.0,2025/05/28,Email288
3000000013716,1,Caixa Postal,,,,N,,,2025/05/28,
3000000013717,1,Caixa Postal,,,,N,,,2025/05/28,
3000000013718,1,Caixa Postal,,,,N,,,2025/05/28,
3000000013719,1,Caixa Postal,,,,N,,,2025/05/28,
3000000013720,1,Caixa Postal,,,,N,,,2025/05/28,
3000000013721,1,Caixa Postal,00:00:04,,,N,,,2025/05/28,
3000000013722,1,Agent Error,00:00:10,,,N,,,2025/05/28,
3000000013723,1,URA Pesquisa NPS,00:02:25,CLI,10000000258905,S,,,2025/05/28,Email288
3000000013724,1,Não Atende,00:00:10,,,N,,,2025/05/27,
3000000013725,1,Não Atende,00:00:04,,10000000258906,N,,,2025/05/27,
3000000013726,1,Ligação Muda,,,10000000258907,N,,,2025/05/27,
3000000013727,1,Caixa Postal,00:00:16,Cli,10000000258908,N,,,2025/05/27,
3000000013728,1,Caixa Postal,00:00:03,Cli,10000000258908,N,,,2025/05/27,
3000000013729,1,Caixa Postal,00:00:15,,10000000258909,N,,,2025/05/27,
3000000013730,1,URA Pesquisa NPS,00:00:40,,,S,Sim,9.0,2025/05/27,Email585
3000000013731,1,Caixa Postal,,,10000000258909,N,,,2025/05/27,
3000000013732,1,Caixa Postal,,,,N,,,2025/05/27,
3000000013733,1,Caixa Postal,,CLI,10000000258754,N,,,2025/05/27,
3000000013734,1,URA Pesquisa NPS,00:04:06,CLI,10000000258910,S,,,2025/05/27,Email11179
3000000013735,1,URA Pesquisa NPS,00:01:09,cli,10000000258911,S,Sim,10.0,2025/05/27,Email48439
3000000013736,1,Caixa Postal,00:00:04,CLI,10000000258849,N,,,2025/05/27,
3000000013737,1,Não Atende,00:00:05,,10000000258912,N,,,2025/05/27,
3000000013738,1,Caixa Postal,00:00:03,,,N,,,2025/05/27,
3000000013739,1,Caixa Postal,00:00:05,,,N,,,2025/05/27,
3000000013740,1,Chamada Não Atendida,,CLI,10000000258913,N,,,2025/05/27,
3000000013741,1,Chamada Não Atendida,,,,N,,,2025/05/27,
3000000013742,1,Dados incorretos do cliente,,,,N,,,2025/05/27,
3000000013743,1,URA Pesquisa NPS,00:01:10,CLI ,10000000258913,S,Sim,10.0,2025/05/27,Email48444
3000000013744,1,Caixa Postal,00:00:04,Cli,10000000258914,N,,,2025/05/27,
3000000013745,1,Caixa Postal,00:00:05,Cli,,N,,,2025/05/27,
3000000013746,1,Ocupado,,Cli,10000000258887,N,,,2025/05/27,
3000000013747,1,Ocupado,,Cli,10000000258887,N,,,2025/05/27,
3000000013748,1,Caixa Postal,00:00:15,Cli,10000000258915,N,,,2025/05/27,
3000000013749,1,Caixa Postal,00:00:08,Cli,10000000258916,N,,,2025/05/27,
3000000013750,1,Caixa Postal,00:00:08,Cli,10000000258916,N,,,2025/05/27,
3000000013751,1,Caixa Postal,00:00:08,Cli,10000000258916,N,,,2025/05/27,
3000000013752,1,URA Pesquisa NPS,00:01:16,Cli,10000000258917,S,Sim,10.0,2025/05/27,Email585
3000000013753,1,Não Atende,00:00:04,,10000000258886,N,,,2025/05/27,
3000000013754,1,Caixa Postal,00:00:06,,10000000258890,N,,,2025/05/27,
3000000013755,1,Caixa Postal,,,,N,,,2025/05/27,
3000000013756,1,Caixa Postal,,,,N,,,2025/05/27,
3000000013757,1,Informação,00:00:02,,,N,,,2025/05/27,
3000000013758,1,Informação,00:00:06,,,N,,,2025/05/27,
3000000013759,1,Sent To Voicemail,00:10:53,CLI,10000000258918,S,Sim,10.0,2025/05/27,Email4355
3000000013760,1,Caixa Postal,00:00:02,,,N,,,2025/05/27,
3000000013761,1,Caixa Postal,,,,N,,,2025/05/27,
3000000013762,1,Caixa Postal,00:00:04,Cli,10000000258748,N,,,2025/05/27,
3000000013763,1,Caixa Postal,,CLI,10000000258919,N,,,2025/05/27,
3000000013764,1,Caixa Postal,,cli,10000000258920,N,,,2025/05/27,
3000000013765,1,Caixa Postal,00:00:01,CLI,10000000258921,N,,,2025/05/27,
3000000013766,1,Caixa Postal,,cli,10000000258920,N,,,2025/05/27,
3000000013767,1,Caixa Postal,,,,N,,,2025/05/27,
3000000013768,1,Caixa Postal,,,,N,,,2025/05/27,
3000000013769,1,Caixa Postal,,,,N,,,2025/05/27,
3000000013770,1,Caixa Postal,,Cli,,N,,,2025/05/27,
3000000013771,1,URA Pesquisa NPS,00:02:37,Cli,10000000258922,S,,,2025/05/27,Email19156
3000000013772,1,Caixa Postal,,CLI,10000000258923,N,,,2025/05/27,
3000000013773,1,Caixa Postal,,,,N,,,2025/05/27,
3000000013774,1,Caixa Postal,,,,N,,,2025/05/27,
3000000013775,1,Caixa Postal,00:00:05,,10000000258909,N,,,2025/05/27,
3000000013776,1,Caixa Postal,00:00:03,,,N,,,2025/05/27,
3000000013777,1,Caixa Postal,00:00:10,,,N,,,2025/05/27,
3000000013778,1,Caixa Postal,00:00:06,Cli,,N,,,2025/05/27,
3000000013779,1,Caixa Postal,00:00:02,Cli,,N,,,2025/05/27,
3000000013780,1,Caixa Postal,00:00:10,,,N,,,2025/05/27,
3000000013781,1,Caixa Postal,00:00:19,CLI,10000000258924,N,,,2025/05/27,
3000000013782,1,Caixa Postal,00:00:04,CLI,10000000258925,N,,,2025/05/27,
3000000013783,1,URA Pesquisa NPS,00:01:12,CLI,10000000258926,S,Sim,9.0,2025/05/27,Email11179
3000000013784,1,Informação,,,,N,,,2025/05/27,
3000000013785,1,Informação,,,,N,,,2025/05/27,
3000000013786,1,Sent To Voicemail,00:02:24,CLI,10000000258927,S,Sim,10.0,2025/05/27,Email11179
3000000013787,1,Caixa Postal,,Cli,,N,,,2025/05/27,
3000000013788,1,Informação,00:02:52,,,N,,,2025/05/27,
3000000013789,1,URA Pesquisa NPS,00:02:08,Cli,10000000258928,S,,,2025/05/27,Email585
3000000013790,1,Caixa Postal,,,,N,,,2025/05/27,
3000000013791,1,Chamada Não Atendida,,CLI ,10000000258929,N,,,2025/05/27,
3000000013792,1,Chamada Não Atendida,00:00:02,CLI ,10000000258929,N,,,2025/05/27,
3000000013793,1,Chamada Não Atendida,,CLI ,10000000258929,N,,,2025/05/27,
3000000013794,1,Caixa Postal,00:00:03,CLI,,N,,,2025/05/27,
3000000013795,1,Informação,00:01:51,Cli,10000000258930,N,,,2025/05/27,
3000000013796,1,Caixa Postal,00:00:02,,,N,,,2025/05/27,
3000000013797,1,Caixa Postal,00:00:05,,,N,,,2025/05/27,
3000000013798,1,Caixa Postal,00:00:05,,,N,,,2025/05/27,
3000000013799,1,Caixa Postal,00:00:03,Cli,10000000258931,N,,,2025/05/27,
3000000013800,1,Caixa Postal,00:00:01,Cli,10000000258931,N,,,2025/05/27,
3000000013801,1,Chamada Não Atendida,,CLIENTE,10000000258932,N,,,2025/05/27,
3000000013802,1,Chamada Não Atendida,,CLIENTE,10000000258932,N,,,2025/05/27,
3000000013803,1,Caixa Postal,,,,N,,,2025/05/27,
3000000013804,1,URA Pesquisa NPS,00:00:44,CLI,10000000258933,S,Sim,,2025/05/27,Email372
3000000013805,1,Caixa Postal,,,,N,,,2025/05/27,
3000000013806,1,Caixa Postal,,,,N,,,2025/05/27,
3000000013807,1,Caixa Postal,,,,N,,,2025/05/27,
3000000013808,1,Chamada Não Atendida,,CLI ,10000000258934,N,,,2025/05/27,
3000000013809,1,Chamada Não Atendida,,CLI ,10000000258934,N,,,2025/05/27,
3000000013810,1,URA Pesquisa NPS,00:01:25,CLI ,10000000258935,S,Sim,9.0,2025/05/27,Email372
3000000013811,1,URA Pesquisa NPS,00:02:07,cli,10000000258936,S,Sim,10.0,2025/05/27,Email48439
3000000013812,1,URA Pesquisa NPS,00:03:54,Cli,10000000258937,S,Sim,10.0,2025/05/27,Email585
3000000013813,1,Chamada Não Atendida,00:00:03,CLI ,10000000258938,N,,,2025/05/27,
3000000013814,1,Chamada Não Atendida,00:00:03,CLI ,10000000258938,N,,,2025/05/27,
3000000013815,1,Caixa Postal,00:00:00,,,N,,,2025/05/27,
3000000013816,1,Caixa Postal,,,,N,,,2025/05/27,
3000000013817,1,URA Pesquisa NPS,00:00:51,CLI ,10000000258939,S,Sim,10.0,2025/05/27,Email372
3000000013818,1,Ocupado,,CLI,10000000258940,N,,,2025/05/27,
3000000013819,1,Informação,00:01:18,Cli,10000000258941,N,,,2025/05/27,
3000000013820,1,URA Pesquisa NPS,00:00:48,Cli,10000000258941,S,,,2025/05/27,Email585
3000000013821,1,Caixa Postal,,,,N,,,2025/05/27,
3000000013822,1,Caixa Postal,,,,N,,,2025/05/27,
3000000013823,1,Caixa Postal,00:00:02,,,N,,,2025/05/27,
3000000013824,1,Caixa Postal,00:00:01,,,N,,,2025/05/27,
3000000013825,1,Caixa Postal,,,,N,,,2025/05/27,
3000000013826,1,Caixa Postal,,,,N,,,2025/05/27,
3000000013827,1,Caixa Postal,,,,N,,,2025/05/27,
3000000013828,1,Caixa Postal,,,,N,,,2025/05/27,
3000000013829,1,URA Pesquisa NPS,00:16:56,Cli,10000000258942,S,Sim,6.0,2025/05/27,Email19156
3000000013830,1,Caixa Postal,00:00:02,,,N,,,2025/05/27,
3000000013831,1,Caixa Postal,,,,N,,,2025/05/27,
3000000013832,1,Caixa Postal,,,,N,,,2025/05/27,
3000000013833,1,URA Pesquisa NPS,00:03:50,Cli,10000000258943,S,Sim,10.0,2025/05/27,Email48444
3000000013834,1,Caixa Postal,,,,N,,,2025/05/27,
3000000013835,1,URA Pesquisa NPS,00:01:24,Cli,10000000258944,S,Sim,8.0,2025/05/27,Email288
3000000013836,1,Caixa Postal,,,,N,,,2025/05/27,
3000000013837,1,Não Atende,,,,N,,,2025/05/27,
3000000013838,1,Caixa Postal,00:00:06,CLI ,,N,,,2025/05/27,
3000000013839,1,Caixa Postal,00:00:04,CLI ,,N,,,2025/05/27,
3000000013840,1,Caixa Postal,,Cli,,N,,,2025/05/27,
3000000013841,1,URA Pesquisa NPS,00:00:46,Cli,10000000258945,S,,,2025/05/27,Email585
3000000013842,1,Caixa Postal,00:00:06,CLI,10000000258921,N,,,2025/05/27,
3000000013843,1,Caixa Postal,00:00:07,CLI,,N,,,2025/05/27,
3000000013844,1,Caixa Postal,,CLI ,,N,,,2025/05/27,
3000000013845,1,Caixa Postal,00:00:03,CLI ,,N,,,2025/05/27,
3000000013846,1,URA Pesquisa NPS,00:01:05,CLI ,10000000258946,S,Sim,10.0,2025/05/27,Email585
3000000013847,1,Informação,00:00:03,Cli,,N,,,2025/05/27,
3000000013848,1,Chamada Não Atendida,00:00:17,CLI ,10000000258225,N,,,2025/05/27,
3000000013849,1,Caixa Postal,,Cli,,N,,,2025/05/27,
3000000013850,1,Caixa Postal,,Cli,,N,,,2025/05/27,
3000000013851,1,Caixa Postal,,Cli,,N,,,2025/05/27,
3000000013852,1,URA Pesquisa NPS,00:02:10,CLI,10000000258947,S,,,2025/05/27,Email585
3000000013853,1,Não Atende,00:00:04,Cli,,N,,,2025/05/27,
3000000013854,1,Cliente Desligou,00:00:01,CLI ,,N,,,2025/05/27,
3000000013855,1,URA Pesquisa NPS,00:00:41,CLI ,10000000258938,S,,,2025/05/27,Email585
3000000013856,1,Ocupado,,cli,10000000258948,N,,,2025/05/27,
3000000013857,1,Informação,,Cli,10000000258949,N,,,2025/05/27,
3000000013858,1,Caixa Postal,00:00:04,,,N,,,2025/05/27,
3000000013859,1,Caixa Postal,00:00:10,,,N,,,2025/05/27,
3000000013860,1,Caixa Postal,,CLI,,N,,,2025/05/27,
3000000013861,1,Caixa Postal,,CLI,,N,,,2025/05/27,
3000000013862,1,Caixa Postal,,CLI,,N,,,2025/05/27,
3000000013863,1,Caixa Postal,00:00:06,Cli,10000000258949,N,,,2025/05/27,
3000000013864,1,Caixa Postal,00:00:13,Cli,10000000258949,N,,,2025/05/27,
3000000013865,1,Caixa Postal,,,,N,,,2025/05/27,
3000000013866,1,Ligação Muda,00:00:01,,,N,,,2025/05/27,
3000000013867,1,Cliente Desligou,00:00:01,,,N,,,2025/05/27,
3000000013868,1,Caixa Postal,00:00:03,Cli,10000000258931,N,,,2025/05/27,
3000000013869,1,Caixa Postal,,Cli,10000000258931,N,,,2025/05/27,
3000000013870,1,Caixa Postal,00:00:18,Cli,10000000258931,N,,,2025/05/27,
3000000013871,1,Caixa Postal,,,,N,,,2025/05/27,
3000000013872,1,URA Pesquisa NPS,00:15:54,cli,10000000258950,S,,,2025/05/27,Email329
3000000013873,1,Caixa Postal,00:00:21,Cli,10000000258951,N,,,2025/05/27,
3000000013874,1,Caixa Postal,,Cli,,N,,,2025/05/27,
3000000013875,1,Caixa Postal,00:00:01,CLI,10000000258952,N,,,2025/05/27,
3000000013876,1,Caixa Postal,00:00:12,CLI,10000000258952,N,,,2025/05/27,
3000000013877,1,Caixa Postal,00:00:01,cli,10000000258952,N,,,2025/05/27,
3000000013878,1,Caixa Postal,00:00:03,cli,10000000258952,N,,,2025/05/27,
3000000013879,1,Caixa Postal,,CLI,10000000258952,N,,,2025/05/27,
3000000013880,1,Caixa Postal,,cli,10000000258952,N,,,2025/05/27,
3000000013881,1,Caixa Postal,00:00:01,cli,,N,,,2025/05/27,
3000000013882,1,URA Pesquisa NPS,00:01:04,cli,10000000258953,S,,,2025/05/27,Email585
3000000013883,1,Caixa Postal,00:00:01,Cli,,N,,,2025/05/27,
3000000013884,1,Agent Error,00:01:57,,,N,,,2025/05/27,
3000000013885,1,Caixa Postal,00:00:04,,,N,,,2025/05/27,
3000000013886,1,Caixa Postal,00:00:05,,,N,,,2025/05/27,
3000000013887,1,Não Atende,00:00:04,,,N,,,2025/05/27,
3000000013888,1,Não Atende,00:02:38,,,N,,,2025/05/27,
3000000013889,1,Caixa Postal,,Cli,,N,,,2025/05/27,
3000000013890,1,Caixa Postal,00:00:04,Cli,10000000258954,N,,,2025/05/27,
3000000013891,1,Agent Error,00:02:55,,,N,,,2025/05/27,
3000000013892,1,Agent Error,,,,N,,,2025/05/27,
3000000013893,1,Caixa Postal,,,,N,,,2025/05/26,
3000000013894,1,Caixa Postal,,,,N,,,2025/05/26,
3000000013895,1,Agent Error,00:03:25,,,N,,,2025/05/26,
3000000013896,1,Chamada Não Atendida,00:00:05,Cli,10000000258955,N,,,2025/05/26,
3000000013897,1,Caixa Postal,00:00:02,cli,,N,,,2025/05/26,
3000000013898,1,Caixa Postal,00:00:07,cli,,N,,,2025/05/26,
3000000013899,1,Atendimento em Dia_Hora especifico,,cli,,N,,,2025/05/26,
3000000013900,1,Caixa Postal,00:00:20,Cli,10000000258956,N,,,2025/05/26,
3000000013901,1,Chamada Não Atendida,00:00:03,Cli,,N,,,2025/05/26,
3000000013902,1,Caixa Postal,,Cli,10000000258956,N,,,2025/05/26,
3000000013903,1,URA Pesquisa NPS,00:02:29,Cli,10000000258956,S,,,2025/05/26,Email1615
3000000013904,1,Caixa Postal,00:00:03,,,N,,,2025/05/26,
3000000013905,1,Não Atende,,,,N,,,2025/05/26,
3000000013906,1,Caixa Postal,00:00:10,,,N,,,2025/05/26,
3000000013907,1,Informação,,,,N,,,2025/05/26,
3000000013908,1,Caixa Postal,00:00:03,,,N,,,2025/05/26,
3000000013909,1,Caixa Postal,,,,N,,,2025/05/26,
3000000013910,1,Caixa Postal,00:00:07,,,N,,,2025/05/26,
3000000013911,1,Caixa Postal,00:00:02,,,N,,,2025/05/26,
3000000013912,1,Caixa Postal,,,,N,,,2025/05/26,
3000000013913,1,Caixa Postal,,,,N,,,2025/05/26,
3000000013914,1,Informação,00:01:38,CLI,10000000258957,N,,,2025/05/26,
3000000013915,1,URA Pesquisa NPS,00:02:37,CLI ,10000000258958,S,Sim,10.0,2025/05/26,Email372
3000000013916,1,Caixa Postal,00:00:04,CLI,,N,,,2025/05/26,
3000000013917,1,URA Pesquisa NPS,00:01:24,CLI,10000000258959,S,Sim,10.0,2025/05/26,Email288
3000000013918,1,Ligação Muda,00:00:13,,,N,,,2025/05/26,
3000000013919,1,Ligação Muda,00:00:04,,,N,,,2025/05/26,
3000000013920,1,Caixa Postal,,,,N,,,2025/05/26,
3000000013921,1,Caixa Postal,,,,N,,,2025/05/26,
3000000013922,1,Caixa Postal,,Cli,,N,,,2025/05/26,
3000000013923,1,Informação,00:01:19,Cli,,N,,,2025/05/26,
3000000013924,1,Informação,,CLI,,N,,,2025/05/26,
3000000013925,1,Sent To Voicemail,00:05:24,CLI,10000000258960,S,Sim,10.0,2025/05/26,Email288
3000000013926,1,Chamada Não Atendida,,CLI ,10000000258169,N,,,2025/05/26,
3000000013927,1,Chamada Não Atendida,,CLI ,10000000258169,N,,,2025/05/26,
3000000013928,1,Ligação Muda,00:00:10,Cli,,N,,,2025/05/26,
3000000013929,1,Ligação Muda,00:00:04,Cli,,N,,,2025/05/26,
3000000013930,1,URA Pesquisa NPS,00:02:13,Cli,10000000258961,S,Sim,10.0,2025/05/26,Email1615
3000000013931,1,Caixa Postal,00:00:14,cli,10000000258962,N,,,2025/05/26,
3000000013932,1,Caixa Postal,00:00:03,cli,10000000258962,N,,,2025/05/26,
3000000013933,1,Caixa Postal,00:00:11,cli,10000000258962,N,,,2025/05/26,
3000000013934,1,URA Pesquisa NPS,00:01:01,CLI,10000000258963,S,Sim,,2025/05/26,Email296
3000000013935,1,Chamada Não Atendida,00:00:05,CLI,10000000258964,N,,,2025/05/26,
3000000013936,1,Caixa Postal,,,,N,,,2025/05/26,
3000000013937,1,Caixa Postal,,cli,10000000258965,N,,,2025/05/26,
3000000013938,1,Caixa Postal,00:00:03,cli,,N,,,2025/05/26,
3000000013939,1,URA Pesquisa NPS,00:01:58,cli,10000000258965,S,,,2025/05/26,Email48439
3000000013940,1,Informação,00:05:45,,,N,,,2025/05/26,
3000000013941,1,Chamada Não Atendida,,CLI,10000000258966,N,,,2025/05/26,
3000000013942,1,Informação,00:03:40,,,N,,,2025/05/26,
3000000013943,1,Informação,00:00:06,,,N,,,2025/05/26,
3000000013944,1,URA Pesquisa NPS,00:01:05,Cli,10000000258967,S,Sim,10.0,2025/05/26,Email5556
3000000013945,1,Caixa Postal,,,,N,,,2025/05/26,
3000000013946,1,Caixa Postal,,,,N,,,2025/05/26,
3000000013947,1,URA Pesquisa NPS,00:02:10,cli,10000000258968,S,,,2025/05/26,Email5556
3000000013948,1,Caixa Postal,00:00:02,,,N,,,2025/05/26,
3000000013949,1,Caixa Postal,00:00:02,,,N,,,2025/05/26,
3000000013950,1,Informação,00:03:23,,,N,,,2025/05/26,
3000000013951,1,Caixa Postal,,,,N,,,2025/05/26,
3000000013952,1,Caixa Postal,00:00:04,,,N,,,2025/05/26,
3000000013953,1,Chamada Não Atendida,00:00:03,CLI,10000000258969,N,,,2025/05/26,
3000000013954,1,Caixa Postal,,,,N,,,2025/05/26,
3000000013955,1,Caixa Postal,00:00:04,,,N,,,2025/05/26,
3000000013956,1,Chamada Não Atendida,00:00:01,CLI,10000000258969,N,,,2025/05/26,
3000000013957,1,Informação,,cli,,N,,,2025/05/26,
3000000013958,1,Informação,00:00:06,,,N,,,2025/05/26,
3000000013959,1,Caixa Postal,00:00:02,,,N,,,2025/05/26,
3000000013960,1,Caixa Postal,00:00:06,,,N,,,2025/05/26,
3000000013961,1,Caixa Postal,00:00:09,,,N,,,2025/05/26,
3000000013962,1,Informação,,,,N,,,2025/05/26,
3000000013963,1,Informação,,,,N,,,2025/05/26,
3000000013964,1,Chamada Não Atendida,,CLI ,10000000258958,N,,,2025/05/26,
3000000013965,1,URA Pesquisa NPS,00:05:43,Cli,10000000258970,S,Sim,10.0,2025/05/26,Email364
3000000013966,1,Caixa Postal,00:00:01,Cliente,10000000258971,N,,,2025/05/26,
3000000013967,1,Não Atende,,Cli,10000000258972,N,,,2025/05/26,
3000000013968,1,Ligação Muda,,Cli,10000000258972,N,,,2025/05/26,
3000000013969,1,Caixa Postal,,Cli,10000000258972,N,,,2025/05/26,
3000000013970,1,Informação,,,,N,,,2025/05/26,
3000000013971,1,Caixa Postal,,Cli,,N,,,2025/05/26,
3000000013972,1,Informação,,,,N,,,2025/05/26,
3000000013973,1,Informação,,,,N,,,2025/05/26,
3000000013974,1,Contato de Finalizacao do Protocolo,,CLI,,N,,,2025/05/26,
3000000013975,1,Chamada Não Atendida,,CLI,,N,,,2025/05/26,
3000000013976,1,Caixa Postal,,cli,,N,,,2025/05/26,
3000000013977,1,Caixa Postal,,,,N,,,2025/05/26,
3000000013978,1,Caixa Postal,,,,N,,,2025/05/26,
3000000013979,1,Caixa Postal,,,,N,,,2025/05/26,
3000000013980,1,Caixa Postal,,,,N,,,2025/05/26,
3000000013981,1,Dados incorretos do cliente,,,,N,,,2025/05/26,
3000000013982,1,Dados incorretos do cliente,,,,N,,,2025/05/26,
3000000013983,1,Dados incorretos do cliente,,,,N,,,2025/05/26,
3000000013984,1,Não Atende,,CLI,10000000258973,N,,,2025/05/26,
3000000013985,1,Não Atende,,CLI,10000000258973,N,,,2025/05/26,
3000000013986,1,Não Atende,,CLI,10000000258973,N,,,2025/05/26,
3000000013987,1,Não Atende,,CLI,10000000258973,N,,,2025/05/26,
3000000013988,1,Caixa Postal,,cli,,N,,,2025/05/26,
3000000013989,1,Caixa Postal,,cli,,N,,,2025/05/26,
3000000013990,1,Caixa Postal,,cli,,N,,,2025/05/26,
3000000013991,1,Caixa Postal,,,,N,,,2025/05/26,
3000000013992,1,Caixa Postal,,,,N,,,2025/05/26,
3000000013993,1,Caixa Postal,,cli,,N,,,2025/05/26,
3000000013994,1,Caixa Postal,,,,N,,,2025/05/26,
3000000013995,1,Caixa Postal,,,,N,,,2025/05/26,
3000000013996,1,Chamada Não Atendida,,cli,,N,,,2025/05/26,
3000000013997,1,Chamada Não Atendida,,cli,,N,,,2025/05/26,
3000000013998,1,Chamada Não Atendida,00:00:01,,,N,,,2025/05/26,
3000000013999,1,Chamada Não Atendida,00:00:04,,,N,,,2025/05/26,
3000000014000,1,Informação,00:06:11,,,N,,,2025/05/26,
3000000014001,1,Chamada Não Atendida,00:00:03,cli,,N,,,2025/05/26,
3000000014002,1,Informação,00:00:50,cli,10000000258974,N,,,2025/05/26,
3000000014003,1,Caixa Postal,00:00:03,cli,,N,,,2025/05/26,
3000000014004,1,Informação,00:00:11,Cliente ,,N,,,2025/05/26,
3000000014005,1,Caixa Postal,00:00:05,Cliente,,N,,,2025/05/26,
3000000014006,1,Caixa Postal,00:00:06,Cliente,,N,,,2025/05/26,
3000000014007,1,Informação,00:01:03,cli,10000000258975,N,,,2025/05/26,
3000000014008,1,Ligação Muda,00:00:07,,,N,,,2025/05/26,
3000000014009,1,Ligação Muda,00:00:04,,,N,,,2025/05/26,
3000000014010,1,Informação,,,,N,,,2025/05/26,
3000000014011,1,Caixa Postal,00:00:03,,,N,,,2025/05/26,
3000000014012,1,Informação,00:18:04,,,N,,,2025/05/26,
3000000014013,1,URA Pesquisa NPS,00:04:05,Cli,10000000258972,S,Sim,8.0,2025/05/26,Email48439
3000000014014,1,Caixa Postal,,,,N,,,2025/05/26,
3000000014015,1,Contato de Finalizacao do Protocolo,00:05:16,,,N,,,2025/05/26,
3000000014016,1,Caixa Postal,00:00:03,,,N,,,2025/05/26,
3000000014017,1,Caixa Postal,,,,N,,,2025/05/26,
3000000014018,1,Caixa Postal,,CLI,,N,,,2025/05/26,
3000000014019,1,Caixa Postal,00:00:12,cli,10000000258976,N,,,2025/05/26,
3000000014020,1,Caixa Postal,00:00:10,CLI,,N,,,2025/05/26,
3000000014021,1,Chamada Não Atendida,00:00:07,cli,10000000258976,N,,,2025/05/26,
3000000014022,1,Caixa Postal,,cli,,N,,,2025/05/26,
3000000014023,1,Caixa Postal,,cli,,N,,,2025/05/26,
3000000014024,1,Caixa Postal,00:00:04,Cli,10000000258977,N,,,2025/05/26,
3000000014025,1,Caixa Postal,00:00:01,Cli,10000000258977,N,,,2025/05/26,
3000000014026,1,Chamada Não Atendida,,,,N,,,2025/05/26,
3000000014027,1,Caixa Postal,,cli,10000000258978,N,,,2025/05/26,
3000000014028,1,Caixa Postal,00:00:03,,,N,,,2025/05/26,
3000000014029,1,Caixa Postal,00:00:02,,,N,,,2025/05/26,
3000000014030,1,Caixa Postal,,CLI,10000000258979,N,,,2025/05/26,
3000000014031,1,Chamada Não Atendida,,,,N,,,2025/05/26,
3000000014032,1,Ligação Muda,,,,N,,,2025/05/26,
3000000014033,1,Ligação Muda,,,,N,,,2025/05/26,
3000000014034,1,Chamada Não Atendida,,,,N,,,2025/05/26,
3000000014035,1,Caixa Postal,,CLI,10000000258980,N,,,2025/05/26,
3000000014036,1,Caixa Postal,,CLI,10000000258980,N,,,2025/05/26,
3000000014037,1,Chamada Não Atendida,,,,N,,,2025/05/26,
3000000014038,1,Caixa Postal,,CLI,10000000258980,N,,,2025/05/26,
3000000014039,1,Chamada Não Atendida,,,,N,,,2025/05/26,
3000000014040,1,Informação,,,,N,,,2025/05/26,
3000000014041,1,Chamada Não Atendida,,Cli,,N,,,2025/05/26,
3000000014042,1,Chamada Não Atendida,,Cli,,N,,,2025/05/26,
3000000014043,1,Chamada Não Atendida,,Cli,10000000258981,N,,,2025/05/26,
3000000014044,1,Não Atende,,Cli,10000000258982,N,,,2025/05/26,
3000000014045,1,Não Atende,,Cli,10000000258982,N,,,2025/05/26,
3000000014046,1,Consulta Status,,,,N,,,2025/05/26,
3000000014047,1,Informação,,,,N,,,2025/05/26,
3000000014048,1,Caixa Postal,,,,N,,,2025/05/26,
3000000014049,1,Caixa Postal,,,,N,,,2025/05/26,
3000000014050,1,Caixa Postal,,,,N,,,2025/05/26,
3000000014051,1,Caixa Postal,,,,N,,,2025/05/26,
3000000014052,1,Caixa Postal,,,,N,,,2025/05/26,
3000000014053,1,Caixa Postal,,,,N,,,2025/05/26,
3000000014054,1,Caixa Postal,,,,N,,,2025/05/26,
3000000014055,1,Caixa Postal,,,,N,,,2025/05/26,
3000000014056,1,Informação,,,,N,,,2025/05/26,
3000000014057,1,Caixa Postal,,CLI,10000000258980,N,,,2025/05/26,
3000000014058,1,Ligação Muda,,CLI,10000000258983,N,,,2025/05/23,
3000000014059,1,Caixa Postal,00:00:11,CLI,,N,,,2025/05/23,
3000000014060,1,Ligação Muda,,CLI,,N,,,2025/05/23,
3000000014061,1,Caixa Postal,00:00:04,cli,10000000258984,N,,,2025/05/23,
3000000014062,1,Caixa Postal,,CLI,,N,,,2025/05/23,
3000000014063,1,URA Pesquisa NPS,00:00:55,Cli,10000000258985,S,,,2025/05/23,Email48444
3000000014064,1,Não Atende,,,10000000258986,N,,,2025/05/23,
3000000014065,1,Cliente Desligou,00:00:19,,,N,,,2025/05/23,
3000000014066,1,URA Pesquisa NPS,00:01:49,Cli,10000000258987,S,Sim,10.0,2025/05/23,Email48444
3000000014067,1,Ocupado,,CLI,10000000258988,N,,,2025/05/23,
3000000014068,1,Caixa Postal,00:00:02,cli,10000000258989,N,,,2025/05/23,
3000000014069,1,Chamada Não Atendida,,Cli ,10000000258990,N,,,2025/05/23,
3000000014070,1,Chamada Não Atendida,,Cli ,,N,,,2025/05/23,
3000000014071,1,Caixa Postal,00:00:06,Cli ,10000000258990,N,,,2025/05/23,
3000000014072,1,Caixa Postal,,CLI,10000000258991,N,,,2025/05/23,
3000000014073,1,URA Pesquisa NPS,00:02:08,Cli,10000000258992,S,Sim,5.0,2025/05/23,Email19156
3000000014074,1,Caixa Postal,00:00:03,,,N,,,2025/05/23,
3000000014075,1,Responsavel ausente,00:01:53,CLI,,N,,,2025/05/23,
3000000014076,1,Ligação Muda,00:00:36,,,N,,,2025/05/23,
3000000014077,1,Ligação Muda,00:00:04,,,N,,,2025/05/23,
3000000014078,1,Caixa Postal,,,,N,,,2025/05/23,
3000000014079,1,Cliente Desligou,00:00:01,cli,10000000258993,N,,,2025/05/23,
3000000014080,1,Informação,00:00:03,,,N,,,2025/05/23,
3000000014081,1,Caixa Postal,,cli,10000000258993,N,,,2025/05/23,
3000000014082,1,Ocupado,,,,N,,,2025/05/23,
3000000014083,1,Caixa Postal,,,,N,,,2025/05/23,
3000000014084,1,Caixa Postal,,CLI,10000000258991,N,,,2025/05/23,
3000000014085,1,Caixa Postal,,,,N,,,2025/05/23,
3000000014086,1,Caixa Postal,,Cli ,10000000258994,N,,,2025/05/23,
3000000014087,1,Chamada Não Atendida,00:00:05,Cli ,10000000258994,N,,,2025/05/23,
3000000014088,1,Chamada Não Atendida,00:00:05,Cli ,10000000258994,N,,,2025/05/23,
3000000014089,1,Chamada Não Atendida,00:00:03,Cli ,10000000258994,N,,,2025/05/23,
3000000014090,1,Caixa Postal,00:00:04,,,N,,,2025/05/23,
3000000014091,1,URA Pesquisa NPS,00:04:11,CLI,10000000258995,S,Sim,10.0,2025/05/23,Email296
3000000014092,1,Caixa Postal,,CLI,10000000258996,N,,,2025/05/23,
3000000014093,1,Caixa Postal,,CLI,10000000258996,N,,,2025/05/23,
3000000014094,1,Caixa Postal,00:00:04,,,N,,,2025/05/23,
3000000014095,1,Cliente Desligou,00:00:08,Cli,10000000258997,N,,,2025/05/23,
3000000014096,1,URA Pesquisa NPS,00:02:56,Cli,10000000258998,S,,,2025/05/23,Email5371
3000000014097,1,Contato de Finalizacao do Protocolo,00:08:23,Cli,10000000258997,N,,,2025/05/23,
3000000014098,1,Caixa Postal,00:00:03,cli,10000000258999,N,,,2025/05/23,
3000000014099,1,Caixa Postal,,cli,10000000258999,N,,,2025/05/23,
3000000014100,1,Dados incorretos do cliente,,CLI,10000000259000,N,,,2025/05/23,
3000000014101,1,Caixa Postal,,cli,10000000258753,N,,,2025/05/23,
3000000014102,1,Caixa Postal,,cli,10000000258753,N,,,2025/05/23,
3000000014103,1,Caixa Postal,00:01:19,cli,10000000259001,N,,,2025/05/23,
3000000014104,1,Ligação Muda,,cli,10000000258753,N,,,2025/05/23,
3000000014105,1,Caixa Postal,00:00:20,cli,10000000259002,N,,,2025/05/23,
3000000014106,1,URA Pesquisa NPS,00:00:49,CLI,10000000259003,S,Sim,9.0,2025/05/23,Email4355
3000000014107,1,Ligação Muda,,cli,10000000259004,N,,,2025/05/23,
3000000014108,1,Caixa Postal,,,,N,,,2025/05/23,
3000000014109,1,Caixa Postal,,cli,10000000259005,N,,,2025/05/23,
3000000014110,1,Caixa Postal,,cli,10000000259005,N,,,2025/05/23,
3000000014111,1,Cliente Desligou,00:00:07,cli,10000000259006,N,,,2025/05/23,
3000000014112,1,Informação,00:04:44,cli,,N,,,2025/05/23,
3000000014113,1,URA Pesquisa NPS,00:00:44,cli,10000000258759,S,,,2025/05/23,Email48439
3000000014114,1,Informação,00:00:04,CLI,,N,,,2025/05/23,
3000000014115,1,Informação,00:04:29,CLI,10000000259007,N,,,2025/05/23,
3000000014116,1,Contato de Finalizacao do Protocolo,00:00:29,cli,10000000258826,N,,,2025/05/23,
3000000014117,1,Informação,,,,N,,,2025/05/23,
3000000014118,1,Caixa Postal,00:00:08,,,N,,,2025/05/23,
3000000014119,1,Caixa Postal,00:00:08,,,N,,,2025/05/23,
3000000014120,1,Informação,00:00:07,,,N,,,2025/05/23,
3000000014121,1,Caixa Postal,00:00:13,,,N,,,2025/05/23,
3000000014122,1,Informação,,,,N,,,2025/05/23,
3000000014123,1,Informação,,,,N,,,2025/05/23,
3000000014124,1,Ligação Muda,,cli,10000000258753,N,,,2025/05/23,
3000000014125,1,Caixa Postal,00:00:02,,,N,,,2025/05/23,
3000000014126,1,Ligação Muda,,cli,10000000258753,N,,,2025/05/23,
3000000014127,1,Caixa Postal,,,,N,,,2025/05/23,
3000000014128,1,URA Pesquisa NPS,00:01:29,CLI,10000000259008,S,Sim,10.0,2025/05/23,Email296
3000000014129,1,URA Pesquisa NPS,00:00:56,cli,10000000259009,S,Sim,10.0,2025/05/23,Email296
3000000014130,1,Caixa Postal,00:00:08,cli,10000000259010,N,,,2025/05/23,
3000000014131,1,Caixa Postal,00:00:04,cli,10000000259010,N,,,2025/05/23,
3000000014132,1,Chamada Não Atendida,00:00:07,CLI,10000000259011,N,,,2025/05/23,
3000000014133,1,Caixa Postal,00:00:02,Cli,,N,,,2025/05/23,
3000000014134,1,Caixa Postal,00:00:11,Cli,,N,,,2025/05/23,
3000000014135,1,Caixa Postal,,,,N,,,2025/05/23,
3000000014136,1,Caixa Postal,,,,N,,,2025/05/23,
3000000014137,1,Caixa Postal,,,,N,,,2025/05/23,
3000000014138,1,Informação,00:00:18,Cli,,N,,,2025/05/23,
3000000014139,1,URA Pesquisa NPS,00:00:48,CLI,10000000259012,S,,,2025/05/23,Email585
3000000014140,1,Informação,00:00:00,Cli,,N,,,2025/05/23,
3000000014141,1,Caixa Postal,,cli,,N,,,2025/05/23,
3000000014142,1,Caixa Postal,,cli,,N,,,2025/05/23,
3000000014143,1,Caixa Postal,,,,N,,,2025/05/23,
3000000014144,1,Caixa Postal,,,,N,,,2025/05/23,
3000000014145,1,Informação,00:00:14,cli,,N,,,2025/05/23,
3000000014146,1,Responsavel ausente,00:01:23,CLI,,N,,,2025/05/23,
3000000014147,1,Caixa Postal,,,,N,,,2025/05/23,
3000000014148,1,Caixa Postal,00:00:05,,,N,,,2025/05/23,
3000000014149,1,Caixa Postal,00:00:04,,,N,,,2025/05/23,
3000000014150,1,URA Pesquisa NPS,00:01:09,Cli,10000000259013,S,Sim,10.0,2025/05/23,Email585
3000000014151,1,URA Pesquisa NPS,00:02:31,cli,10000000259014,S,Sim,1.0,2025/05/23,Email48438
3000000014152,1,Caixa Postal,00:00:02,cli,,N,,,2025/05/23,
3000000014153,1,Caixa Postal,00:00:06,Cli ,,N,,,2025/05/23,
3000000014154,1,Caixa Postal,00:00:05,Cli ,10000000259015,N,,,2025/05/23,
3000000014155,1,Caixa Postal,00:00:02,cli,,N,,,2025/05/23,
3000000014156,1,Caixa Postal,00:00:08,CLI,10000000259016,N,,,2025/05/23,
3000000014157,1,Caixa Postal,00:00:01,,,N,,,2025/05/23,
3000000014158,1,Caixa Postal,,,,N,,,2025/05/23,
3000000014159,1,Caixa Postal,,,,N,,,2025/05/23,
3000000014160,1,Informação,00:01:22,cli,10000000259017,N,,,2025/05/23,
3000000014161,1,Caixa Postal,00:00:05,,,N,,,2025/05/23,
3000000014162,1,Caixa Postal,00:00:12,,,N,,,2025/05/23,
3000000014163,1,Caixa Postal,00:00:02,,,N,,,2025/05/23,
3000000014164,1,Caixa Postal,,Cli,10000000259018,N,,,2025/05/23,
3000000014165,1,Caixa Postal,,Cli,10000000259018,N,,,2025/05/23,
3000000014166,1,Caixa Postal,00:00:00,Cli ,10000000259019,N,,,2025/05/23,
3000000014167,1,Caixa Postal,,Cli ,10000000259019,N,,,2025/05/23,
3000000014168,1,URA Pesquisa NPS,00:01:59,cli,10000000259020,S,Sim,,2025/05/23,Email11179
3000000014169,1,URA Pesquisa NPS,00:01:51,Cli,10000000259021,S,Sim,10.0,2025/05/23,Email585
3000000014170,1,Caixa Postal,00:00:06,CLI,10000000259022,N,,,2025/05/23,
3000000014171,1,Caixa Postal,00:00:08,CLI,10000000259022,N,,,2025/05/23,
3000000014172,1,Caixa Postal,00:00:03,Cli,10000000259023,N,,,2025/05/23,
3000000014173,1,Caixa Postal,00:00:01,Cli,10000000259023,N,,,2025/05/23,
3000000014174,1,Caixa Postal,,cli,10000000258285,N,,,2025/05/23,
3000000014175,1,Não Atende,,cli,,N,,,2025/05/23,
3000000014176,1,Caixa Postal,00:00:05,cli,10000000258285,N,,,2025/05/23,
3000000014177,1,Caixa Postal,,cli,10000000258285,N,,,2025/05/23,
3000000014178,1,Caixa Postal,00:00:07,,,N,,,2025/05/23,
3000000014179,1,Caixa Postal,,,,N,,,2025/05/23,
3000000014180,1,Caixa Postal,00:00:05,cli,10000000258753,N,,,2025/05/23,
3000000014181,1,Caixa Postal,00:00:15,,,N,,,2025/05/23,
3000000014182,1,Contato de Finalizacao do Protocolo,00:10:17,CLI,10000000259024,N,,,2025/05/23,
3000000014183,1,Caixa Postal,00:00:25,,,N,,,2025/05/23,
3000000014184,1,Caixa Postal,00:00:15,,,N,,,2025/05/23,
3000000014185,1,URA Pesquisa NPS,00:02:34,Cli,10000000259025,S,Sim,10.0,2025/05/23,Email1615
3000000014186,1,Caixa Postal,,,,N,,,2025/05/23,
3000000014187,1,Caixa Postal,,,,N,,,2025/05/23,
3000000014188,1,Caixa Postal,,,,N,,,2025/05/23,
3000000014189,1,Caixa Postal,00:00:01,Cli ,10000000259026,N,,,2025/05/23,
3000000014190,1,Caixa Postal,00:00:12,Cli ,,N,,,2025/05/23,
3000000014191,1,Caixa Postal,,CLI,,N,,,2025/05/23,
3000000014192,1,Caixa Postal,,CLI,,N,,,2025/05/23,
3000000014193,1,Caixa Postal,00:00:02,CLI,,N,,,2025/05/23,
3000000014194,1,URA Pesquisa NPS,00:01:04,Cli,10000000258772,S,Sim,10.0,2025/05/23,Email48444
3000000014195,1,Chamada Não Atendida,00:00:12,CLI,10000000259027,N,,,2025/05/23,
3000000014196,1,Chamada Não Atendida,,CLI,10000000259027,N,,,2025/05/23,
3000000014197,1,Caixa Postal,00:00:02,,,N,,,2025/05/23,
3000000014198,1,Chamada Não Atendida,00:00:03,CLI,10000000259028,N,,,2025/05/23,
3000000014199,1,Chamada Não Atendida,,CLI,,N,,,2025/05/23,
3000000014200,1,Ligação Muda,,CLI,10000000259029,N,,,2025/05/23,
3000000014201,1,Ligação Muda,00:00:14,CLI,,N,,,2025/05/23,
3000000014202,1,Caixa Postal,00:00:01,cli,10000000259030,N,,,2025/05/23,
3000000014203,1,Caixa Postal,00:00:04,,,N,,,2025/05/23,
3000000014204,1,Caixa Postal,00:00:03,,,N,,,2025/05/23,
3000000014205,1,Caixa Postal,,cli,10000000259030,N,,,2025/05/23,
3000000014206,1,Ligação Muda,00:00:24,CLI,,N,,,2025/05/23,
3000000014207,1,Caixa Postal,00:00:02,cli,10000000259030,N,,,2025/05/23,
3000000014208,1,Caixa Postal,00:00:03,cli,10000000259030,N,,,2025/05/23,
3000000014209,1,Caixa Postal,,,,N,,,2025/05/23,
3000000014210,1,Informação,00:03:54,,,N,,,2025/05/23,
3000000014211,1,Caixa Postal,,,,N,,,2025/05/23,
3000000014212,1,Caixa Postal,,,,N,,,2025/05/23,
3000000014213,1,Caixa Postal,00:00:04,,,N,,,2025/05/23,
3000000014214,1,Chamada Não Atendida,,Cli,10000000259031,N,,,2025/05/23,
3000000014215,1,Chamada Não Atendida,,Cli,10000000259031,N,,,2025/05/23,
3000000014216,1,Chamada Não Atendida,,Cli,10000000259031,N,,,2025/05/23,
3000000014217,1,Caixa Postal,,,,N,,,2025/05/23,
3000000014218,1,Chamada Não Atendida,00:00:03,CLI,10000000259032,N,,,2025/05/23,
3000000014219,1,Chamada Não Atendida,,CLI,10000000259032,N,,,2025/05/23,
3000000014220,1,Caixa Postal,00:00:04,Cli,10000000259033,N,,,2025/05/23,
3000000014221,1,Caixa Postal,00:00:04,Cli,10000000259033,N,,,2025/05/23,
3000000014222,1,Caixa Postal,,,,N,,,2025/05/23,
3000000014223,1,Caixa Postal,,,,N,,,2025/05/23,
3000000014224,1,Caixa Postal,,,,N,,,2025/05/23,
3000000014225,1,URA Pesquisa NPS,00:04:22,Cli,10000000259034,S,Sim,8.0,2025/05/23,Email19156
3000000014226,1,Caixa Postal,00:00:04,cli,,N,,,2025/05/23,
3000000014227,1,Informação,00:02:59,,,N,,,2025/05/23,
3000000014228,1,Caixa Postal,00:00:11,cli,,N,,,2025/05/23,
3000000014229,1,URA Pesquisa NPS,00:01:40,Cli,10000000259035,S,Sim,10.0,2025/05/23,Email1615
3000000014230,1,Informação,,,,N,,,2025/05/23,
3000000014231,1,URA Pesquisa NPS,00:01:11,Cli,10000000259036,S,Sim,,2025/05/23,Email48444
3000000014232,1,Caixa Postal,00:00:10,cli,,N,,,2025/05/23,
3000000014233,1,Caixa Postal,,,,N,,,2025/05/23,
3000000014234,1,URA Pesquisa NPS,00:00:45,Cli,10000000259037,S,Sim,10.0,2025/05/23,Email585
3000000014235,1,Cliente Desligou,00:00:06,CLI,10000000259038,N,,,2025/05/23,
3000000014236,1,Ligação Muda,00:00:17,,10000000259039,N,,,2025/05/23,
3000000014237,1,Caixa Postal,,,,N,,,2025/05/23,
3000000014238,1,Informação,00:00:06,cli,,N,,,2025/05/23,
3000000014239,1,Informação,,cli,,N,,,2025/05/23,
3000000014240,1,Caixa Postal,00:00:09,Cli,10000000259040,N,,,2025/05/23,
3000000014241,1,Caixa Postal,00:00:02,Cli ,,N,,,2025/05/23,
3000000014242,1,Caixa Postal,00:00:01,Cli ,,N,,,2025/05/23,
3000000014243,1,Caixa Postal,,,,N,,,2025/05/23,
3000000014244,1,Caixa Postal,,,,N,,,2025/05/23,
3000000014245,1,Ligação Muda,00:00:03,CLI,10000000259041,N,,,2025/05/23,
3000000014246,1,Ligação Muda,00:00:03,CLI,10000000259041,N,,,2025/05/23,
3000000014247,1,Contato de Finalizacao do Protocolo,00:05:17,CLI,10000000259042,N,,,2025/05/23,
3000000014248,1,Informação,,,,N,,,2025/05/23,
3000000014249,1,Caixa Postal,00:00:05,Cli,10000000258967,N,,,2025/05/23,
3000000014250,1,Caixa Postal,00:00:02,,,N,,,2025/05/23,
3000000014251,1,Caixa Postal,,,,N,,,2025/05/23,
3000000014252,1,Informação,,,,N,,,2025/05/23,
3000000014253,1,Caixa Postal,,,,N,,,2025/05/23,
3000000014254,1,Caixa Postal,,,,N,,,2025/05/23,
3000000014255,1,Caixa Postal,,cli,10000000259043,N,,,2025/05/23,
3000000014256,1,Ligação Muda,,CLI,10000000259041,N,,,2025/05/23,
3000000014257,1,Caixa Postal,00:00:01,CLI,10000000259044,N,,,2025/05/23,
3000000014258,1,Ligação Muda,00:00:11,Cliente,10000000259045,N,,,2025/05/23,
3000000014259,1,URA Pesquisa NPS,00:01:24,Cliente,10000000259045,S,Sim,8.0,2025/05/23,Email8754
3000000014260,1,Informação,00:01:54,,,N,,,2025/05/23,
3000000014261,1,Caixa Postal,00:00:05,,,N,,,2025/05/23,
3000000014262,1,Informação,00:01:53,,,N,,,2025/05/23,
3000000014263,1,Chamada Não Atendida,,Cli,10000000259046,N,,,2025/05/23,
3000000014264,1,URA Pesquisa NPS,00:01:22,Cli,10000000259046,S,Sim,10.0,2025/05/23,Email48444
3000000014265,1,Informação,,CLI ,10000000258169,N,,,2025/05/23,
3000000014266,1,Informação,,CLI ,10000000258169,N,,,2025/05/23,
3000000014267,1,Informação,00:14:49,CLI,,N,,,2025/05/23,
3000000014268,1,Chamada Não Atendida,,CLI ,10000000258225,N,,,2025/05/23,
3000000014269,1,Chamada Não Atendida,,CLI ,10000000258958,N,,,2025/05/23,
3000000014270,1,Chamada Não Atendida,,CLI ,10000000258225,N,,,2025/05/23,
3000000014271,1,Chamada Não Atendida,00:00:18,CLI ,10000000258169,N,,,2025/05/23,
3000000014272,1,Não Atende,00:00:05,,10000000259047,N,,,2025/05/22,
3000000014273,1,Não Atende,00:00:03,,,N,,,2025/05/22,
3000000014274,1,Não Atende,,,10000000259047,N,,,2025/05/22,
3000000014275,1,URA Pesquisa NPS,00:02:00,,10000000259048,S,,,2025/05/22,Email45
3000000014276,1,Caixa Postal,00:00:03,CLI,,N,,,2025/05/22,
3000000014277,1,Caixa Postal,,CLI,,N,,,2025/05/22,
3000000014278,1,URA Pesquisa NPS,00:01:40,CLI,10000000259049,S,Sim,10.0,2025/05/22,Email364
3000000014279,1,Não Atende,00:00:04,,10000000259050,N,,,2025/05/22,
3000000014280,1,Ocupado,,,,N,,,2025/05/22,
3000000014281,1,Caixa Postal,00:00:03,,,N,,,2025/05/22,
3000000014282,1,Caixa Postal,00:00:03,,,N,,,2025/05/22,
3000000014283,1,Caixa Postal,00:00:05,,,N,,,2025/05/22,
3000000014284,1,Caixa Postal,00:00:03,,,N,,,2025/05/22,
3000000014285,1,Caixa Postal,00:00:03,,,N,,,2025/05/22,
3000000014286,1,Não Atende,00:00:04,Cli,10000000259051,N,,,2025/05/22,
3000000014287,1,Caixa Postal,00:00:09,Cli,10000000259051,N,,,2025/05/22,
3000000014288,1,Informação,,,,N,,,2025/05/22,
3000000014289,1,Informação,,,,N,,,2025/05/22,
3000000014290,1,URA Pesquisa NPS,00:00:44,Cli,10000000259052,S,,,2025/05/22,Email585
3000000014291,1,Chamada Não Atendida,,,,N,,,2025/05/22,
3000000014292,1,Caixa Postal,00:00:11,,,N,,,2025/05/22,
3000000014293,1,Caixa Postal,00:00:11,,,N,,,2025/05/22,
3000000014294,1,URA Pesquisa NPS,00:00:47,Cli,10000000259053,S,Sim,,2025/05/22,Email585
3000000014295,1,Informação,00:00:38,,,N,,,2025/05/22,
3000000014296,1,URA Pesquisa NPS,00:02:23,cli,10000000259054,S,,,2025/05/22,Email48438
3000000014297,1,Informação,00:00:47,,,N,,,2025/05/22,
3000000014298,1,Chamada Não Atendida,00:00:03,,,N,,,2025/05/22,
3000000014299,1,Chamada Não Atendida,00:00:05,,,N,,,2025/05/22,
3000000014300,1,URA Pesquisa NPS,00:01:45,,,S,Sim,,2025/05/22,Email45
3000000014301,1,URA Pesquisa NPS,00:01:29,CLI,10000000258959,S,,,2025/05/22,Email48438
3000000014302,1,Caixa Postal,00:00:05,Cli,,N,,,2025/05/22,
3000000014303,1,URA Pesquisa NPS,00:01:43,Cli,10000000259055,S,Sim,9.0,2025/05/22,Email585
3000000014304,1,Caixa Postal,00:00:04,,,N,,,2025/05/22,
3000000014305,1,URA Pesquisa NPS,00:00:56,Cli,10000000259056,S,Sim,10.0,2025/05/22,Email5556
3000000014306,1,Não Atende,,Cliente,10000000259057,N,,,2025/05/22,
3000000014307,1,Informação,00:02:04,CLI,10000000258797,N,,,2025/05/22,
3000000014308,1,Não Atende,00:00:01,,10000000259058,N,,,2025/05/22,
3000000014309,1,Ligação Muda,,CLI,,N,,,2025/05/22,
3000000014310,1,Ocupado,,CLI,10000000258988,N,,,2025/05/22,
3000000014311,1,Atendimento exclusivo por email,,,,N,,,2025/05/22,
3000000014312,1,Não Atende,,,10000000259058,N,,,2025/05/22,
3000000014313,1,Caixa Postal,00:00:03,,,N,,,2025/05/22,
3000000014314,1,Cliente Desligou,00:00:03,Cli,10000000259059,N,,,2025/05/22,
3000000014315,1,Informação,,CLI,10000000259060,N,,,2025/05/22,
3000000014316,1,URA Pesquisa NPS,00:02:14,CLI,10000000259060,S,Sim,,2025/05/22,Email11179
3000000014317,1,Informação,,,,N,,,2025/05/22,
3000000014318,1,Informação,,,,N,,,2025/05/22,
3000000014319,1,URA Pesquisa NPS,00:00:51,Cli,10000000259061,S,Sim,,2025/05/22,Email585
3000000014320,1,Informação,00:00:20,Cli,,N,,,2025/05/22,
3000000014321,1,URA Pesquisa NPS,00:14:40,Cli,10000000259062,S,Sim,1.0,2025/05/22,Email5556
3000000014322,1,URA Pesquisa NPS,00:00:39,cli,10000000259063,S,,,2025/05/22,Email48439
3000000014323,1,Caixa Postal,00:00:07,cli,10000000259064,N,,,2025/05/22,
3000000014324,1,URA Pesquisa NPS,00:01:48,cli,10000000259064,S,Sim,10.0,2025/05/22,Email48438
3000000014325,1,Informação,00:03:52,,10000000259065,N,,,2025/05/22,
3000000014326,1,URA Pesquisa NPS,00:01:17,,,S,Sim,9.0,2025/05/22,Email45
3000000014327,1,Caixa Postal,00:00:04,Cli,,N,,,2025/05/22,
3000000014328,1,Caixa Postal,00:00:06,Cli,,N,,,2025/05/22,
3000000014329,1,URA Pesquisa NPS,00:06:27,Cli,10000000259066,S,Sim,8.0,2025/05/22,Email5371
3000000014330,1,Cliente Desligou,00:00:03,Cli,,N,,,2025/05/22,
3000000014331,1,URA Pesquisa NPS,00:00:40,Cli,10000000259067,S,Sim,7.0,2025/05/22,Email585
3000000014332,1,Informação,00:29:51,CLI,,N,,,2025/05/22,
3000000014333,1,Informação,,Cli,,N,,,2025/05/22,
3000000014334,1,Ocupado,,,,N,,,2025/05/22,
3000000014335,1,Ocupado,,,,N,,,2025/05/22,
3000000014336,1,Caixa Postal,,,,N,,,2025/05/22,
3000000014337,1,Caixa Postal,,,,N,,,2025/05/22,
3000000014338,1,Caixa Postal,,CLI,10000000259068,N,,,2025/05/22,
3000000014339,1,Caixa Postal,00:00:02,CLI,10000000259069,N,,,2025/05/22,
3000000014340,1,Caixa Postal,00:00:06,,,N,,,2025/05/22,
3000000014341,1,Caixa Postal,00:00:03,,,N,,,2025/05/22,
3000000014342,1,Informação,00:00:10,CLI,10000000259070,N,,,2025/05/22,
3000000014343,1,URA Pesquisa NPS,00:01:36,CLI,10000000259070,S,Sim,10.0,2025/05/22,Email11179
3000000014344,1,URA Pesquisa NPS,00:02:22,CLI,10000000259071,S,,,2025/05/22,Email48438
3000000014345,1,Caixa Postal,00:00:07,Cli,10000000259072,N,,,2025/05/22,
3000000014346,1,Informação,00:00:02,,,N,,,2025/05/22,
3000000014347,1,Informação,,,,N,,,2025/05/22,
3000000014348,1,URA Pesquisa NPS,00:06:12,cliente,10000000259073,S,Sim,8.0,2025/05/22,Email48439
3000000014349,1,Caixa Postal,,,,N,,,2025/05/22,
3000000014350,1,Informação,00:01:54,,,N,,,2025/05/22,
3000000014351,1,Informação,00:00:07,,,N,,,2025/05/22,
3000000014352,1,Informação,00:00:03,,,N,,,2025/05/22,
3000000014353,1,Informação,00:00:03,,,N,,,2025/05/22,
3000000014354,1,URA Pesquisa NPS,00:03:52,cli,10000000259074,S,Sim,10.0,2025/05/22,Email48438
3000000014355,1,Caixa Postal,,CLI,10000000259069,N,,,2025/05/22,
3000000014356,1,Caixa Postal,00:00:04,Cli,10000000259040,N,,,2025/05/22,
3000000014357,1,URA Pesquisa NPS,00:00:57,,,S,,,2025/05/22,Email48444
3000000014358,1,Sent To Voicemail,00:11:17,CLI,,S,Sim,10.0,2025/05/22,Email48438
3000000014359,1,URA Pesquisa NPS,00:02:03,cli,10000000259075,S,Sim,10.0,2025/05/22,Email5556
3000000014360,1,Caixa Postal,00:00:03,,,N,,,2025/05/22,
3000000014361,1,Caixa Postal,,,,N,,,2025/05/22,
3000000014362,1,Informação,00:03:52,,,N,,,2025/05/22,
3000000014363,1,Chamada Não Atendida,,,,N,,,2025/05/22,
3000000014364,1,Informação,00:02:14,,,N,,,2025/05/22,
3000000014365,1,Caixa Postal,,cli,,N,,,2025/05/22,
3000000014366,1,Caixa Postal,00:00:10,cli,10000000259076,N,,,2025/05/22,
3000000014367,1,URA Pesquisa NPS,00:03:25,,10000000259077,S,Sim,8.0,2025/05/22,Email45
3000000014368,1,Caixa Postal,,,,N,,,2025/05/22,
3000000014369,1,Caixa Postal,,,,N,,,2025/05/22,
3000000014370,1,Caixa Postal,00:00:01,,,N,,,2025/05/22,
3000000014371,1,Caixa Postal,00:00:07,,,N,,,2025/05/22,
3000000014372,1,Caixa Postal,,,,N,,,2025/05/22,
3000000014373,1,Caixa Postal,00:00:04,,,N,,,2025/05/22,
3000000014374,1,Caixa Postal,00:00:04,cli ,,N,,,2025/05/22,
3000000014375,1,Caixa Postal,00:00:08,cli ,,N,,,2025/05/22,
3000000014376,1,Caixa Postal,,,,N,,,2025/05/22,
3000000014377,1,Caixa Postal,,,,N,,,2025/05/22,
3000000014378,1,Caixa Postal,00:00:10,,,N,,,2025/05/22,
3000000014379,1,Chamada Não Atendida,,,,N,,,2025/05/22,
3000000014380,1,Chamada Não Atendida,,,,N,,,2025/05/22,
3000000014381,1,Caixa Postal,00:00:06,Cliente,,N,,,2025/05/22,
3000000014382,1,Caixa Postal,,Cliente,,N,,,2025/05/22,
3000000014383,1,Caixa Postal,00:00:02,,,N,,,2025/05/22,
3000000014384,1,Caixa Postal,00:00:02,,,N,,,2025/05/22,
3000000014385,1,Caixa Postal,00:00:02,,,N,,,2025/05/22,
3000000014386,1,Caixa Postal,00:00:02,,,N,,,2025/05/22,
3000000014387,1,Chamada Não Atendida,,Cliente,,N,,,2025/05/22,
3000000014388,1,Chamada Não Atendida,,Cliente,,N,,,2025/05/22,
3000000014389,1,Caixa Postal,00:00:00,Cli,,N,,,2025/05/22,
3000000014390,1,URA Pesquisa NPS,00:00:51,Cli,10000000259078,S,Sim,10.0,2025/05/22,Email585
3000000014391,1,URA Pesquisa NPS,00:02:12,CLI,10000000259079,S,,,2025/05/22,Email48438
3000000014392,1,URA Pesquisa NPS,00:02:28,cli,10000000259062,S,Sim,,2025/05/22,Email45
3000000014393,1,Caixa Postal,00:00:02,Cli ,,N,,,2025/05/22,
3000000014394,1,Caixa Postal,,Cli ,,N,,,2025/05/22,
3000000014395,1,Caixa Postal,00:00:16,Cli ,,N,,,2025/05/22,
3000000014396,1,Informação,00:00:02,,,N,,,2025/05/22,
3000000014397,1,Caixa Postal,,CLI,,N,,,2025/05/22,
3000000014398,1,Caixa Postal,00:00:23,CLI,,N,,,2025/05/22,
3000000014399,1,Caixa Postal,00:00:02,,,N,,,2025/05/22,
3000000014400,1,Informação,00:00:11,CLI,,N,,,2025/05/22,
3000000014401,1,Caixa Postal,,,,N,,,2025/05/22,
3000000014402,1,URA Pesquisa NPS,00:00:54,CLI,10000000258983,S,Sim,8.0,2025/05/22,Email288
3000000014403,1,Chamada Não Atendida,,cli,,N,,,2025/05/22,
3000000014404,1,Informação,,,,N,,,2025/05/22,
3000000014405,1,Informação,00:01:09,,,N,,,2025/05/22,
3000000014406,1,Caixa Postal,00:00:07,cli,,N,,,2025/05/22,
3000000014407,1,Caixa Postal,,,,N,,,2025/05/22,
3000000014408,1,Informação,00:00:01,cli,,N,,,2025/05/22,
3000000014409,1,Caixa Postal,,CLI,,N,,,2025/05/22,
3000000014410,1,Caixa Postal,,CLI,,N,,,2025/05/22,
3000000014411,1,Caixa Postal,,CLI,,N,,,2025/05/22,
3000000014412,1,URA Pesquisa NPS,00:01:17,cliente,10000000259080,S,Sim,8.0,2025/05/22,Email8754
3000000014413,1,Ligação Muda,00:00:13,,,N,,,2025/05/22,
3000000014414,1,Caixa Postal,,,,N,,,2025/05/22,
3000000014415,1,Caixa Postal,,,,N,,,2025/05/22,
3000000014416,1,Chamada Não Atendida,00:00:07,,,N,,,2025/05/22,
3000000014417,1,Caixa Postal,00:00:08,,,N,,,2025/05/22,
3000000014418,1,Ligação Muda,,,10000000259081,N,,,2025/05/22,
3000000014419,1,Caixa Postal,00:00:05,,,N,,,2025/05/22,
3000000014420,1,Caixa Postal,00:00:04,,,N,,,2025/05/22,
3000000014421,1,Caixa Postal,00:00:04,,,N,,,2025/05/22,
3000000014422,1,Informação,00:00:03,Cliente ,,N,,,2025/05/22,
3000000014423,1,Ligação Muda,,,,N,,,2025/05/22,
3000000014424,1,Informação,00:00:03,Cliente ,,N,,,2025/05/22,
3000000014425,1,URA Pesquisa NPS,00:03:43,Cli,10000000259082,S,Sim,4.0,2025/05/22,Email5371
3000000014426,1,Ligação Muda,00:00:11,Cli,,N,,,2025/05/22,
3000000014427,1,Informação,,Cliente ,,N,,,2025/05/22,
3000000014428,1,Caixa Postal,,,,N,,,2025/05/22,
3000000014429,1,Caixa Postal,,,,N,,,2025/05/22,
3000000014430,1,Agent Error,00:02:42,,,N,,,2025/05/22,
3000000014431,1,Caixa Postal,00:00:04,,,N,,,2025/05/22,
3000000014432,1,Caixa Postal,00:00:17,,,N,,,2025/05/22,
3000000014433,1,Caixa Postal,,CLI ,,N,,,2025/05/22,
3000000014434,1,Caixa Postal,,CLI ,,N,,,2025/05/22,
3000000014435,1,Caixa Postal,,CLI ,,N,,,2025/05/22,
3000000014436,1,URA Pesquisa NPS,00:00:59,Cli,,S,Sim,10.0,2025/05/22,Email48444
3000000014437,1,Caixa Postal,,CLI,,N,,,2025/05/22,
3000000014438,1,URA Pesquisa NPS,00:01:30,cli,10000000259083,S,Sim,10.0,2025/05/22,Email5556
3000000014439,1,Contato de Finalizacao do Protocolo,00:35:00,CLI,10000000258918,N,,,2025/05/22,
3000000014440,1,Informação,00:00:00,,,N,,,2025/05/22,
3000000014441,1,Caixa Postal,,,,N,,,2025/05/22,
3000000014442,1,URA Pesquisa NPS,00:01:06,Cli,10000000259084,S,Sim,10.0,2025/05/22,Email288
3000000014443,1,Caixa Postal,,,,N,,,2025/05/22,
3000000014444,1,Caixa Postal,,,,N,,,2025/05/22,
3000000014445,1,URA Pesquisa NPS,00:00:50,Cli,10000000259085,S,Sim,10.0,2025/05/22,Email585
3000000014446,1,Caixa Postal,,,,N,,,2025/05/22,
3000000014447,1,Caixa Postal,,,,N,,,2025/05/22,
3000000014448,1,Caixa Postal,,,,N,,,2025/05/22,
3000000014449,1,Caixa Postal,,cli,10000000259086,N,,,2025/05/22,
3000000014450,1,Caixa Postal,00:00:10,cli,,N,,,2025/05/22,
3000000014451,1,Caixa Postal,00:00:03,cli,10000000259086,N,,,2025/05/22,
3000000014452,1,Caixa Postal,,cli,10000000259086,N,,,2025/05/22,
3000000014453,1,URA Pesquisa NPS,00:00:59,cli,10000000259086,S,Sim,10.0,2025/05/22,Email48439
3000000014454,1,Caixa Postal,,CLI,10000000259087,N,,,2025/05/22,
3000000014455,1,Caixa Postal,,,,N,,,2025/05/22,
3000000014456,1,Caixa Postal,,,,N,,,2025/05/22,
3000000014457,1,Sent To Voicemail,00:01:31,cli,10000000259088,S,Sim,0.0,2025/05/22,Email5556
3000000014458,1,Informação,00:00:04,,,N,,,2025/05/22,
3000000014459,1,Caixa Postal,,cli,10000000259089,N,,,2025/05/22,
3000000014460,1,Caixa Postal,,cli,10000000259089,N,,,2025/05/22,
3000000014461,1,Caixa Postal,,,,N,,,2025/05/22,
3000000014462,1,Caixa Postal,,,,N,,,2025/05/22,
3000000014463,1,Caixa Postal,,,,N,,,2025/05/22,
3000000014464,1,Caixa Postal,,,,N,,,2025/05/22,
3000000014465,1,Caixa Postal,,,,N,,,2025/05/22,
3000000014466,1,URA Pesquisa NPS,00:03:08,,10000000259090,S,Sim,10.0,2025/05/22,Email45
3000000014467,1,URA Pesquisa NPS,00:04:27,Cli,10000000258867,S,Sim,10.0,2025/05/22,Email1615
3000000014468,1,Caixa Postal,00:00:06,,,N,,,2025/05/22,
3000000014469,1,Caixa Postal,00:00:03,,,N,,,2025/05/22,
3000000014470,1,URA Pesquisa NPS,00:02:51,cli,10000000259091,S,Sim,10.0,2025/05/22,Email5556
3000000014471,1,Caixa Postal,,,,N,,,2025/05/22,
3000000014472,1,Caixa Postal,,,,N,,,2025/05/22,
3000000014473,1,Caixa Postal,,,,N,,,2025/05/22,
3000000014474,1,Contato de Finalizacao do Protocolo,,,,N,,,2025/05/22,
3000000014475,1,Contato de Finalizacao do Protocolo,,,,N,,,2025/05/22,
3000000014476,1,Caixa Postal,,,,N,,,2025/05/22,
3000000014477,1,URA Pesquisa NPS,00:01:01,Cli,10000000259092,S,Sim,9.0,2025/05/22,Email585
3000000014478,1,Caixa Postal,,CLI,10000000258991,N,,,2025/05/22,
3000000014479,1,Caixa Postal,00:00:21,CLI,,N,,,2025/05/22,
3000000014480,1,Caixa Postal,00:00:05,CLI,,N,,,2025/05/22,
3000000014481,1,URA Pesquisa NPS,00:00:59,cli,10000000258958,S,,,2025/05/22,Email48444
3000000014482,1,URA Pesquisa NPS,00:00:54,cli,10000000259093,S,Sim,10.0,2025/05/22,Email48438
3000000014483,1,URA Pesquisa NPS,00:00:30,cli,10000000258958,S,,,2025/05/22,Email48444
3000000014484,1,Chamada Não Atendida,,CLI,10000000259094,N,,,2025/05/22,
3000000014485,1,URA Pesquisa NPS,00:00:54,CLI,10000000259094,S,,,2025/05/22,Email48444
3000000014486,1,Caixa Postal,00:00:02,,,N,,,2025/05/22,
3000000014487,1,Caixa Postal,00:00:02,,,N,,,2025/05/22,
3000000014488,1,Caixa Postal,,CLI,,N,,,2025/05/22,
3000000014489,1,Caixa Postal,00:00:10,cli,10000000259095,N,,,2025/05/22,
3000000014490,1,Caixa Postal,,cli,,N,,,2025/05/22,
3000000014491,1,Informação,00:01:25,Cli,10000000259096,N,,,2025/05/22,
3000000014492,1,Caixa Postal,00:00:04,,,N,,,2025/05/22,
3000000014493,1,Caixa Postal,00:00:02,,,N,,,2025/05/22,
3000000014494,1,Não Atende,,,,N,,,2025/05/22,
3000000014495,1,Informação,00:00:01,,,N,,,2025/05/22,
3000000014496,1,Ocupado,,cli,,N,,,2025/05/22,
3000000014497,1,Informação,00:00:07,CLI,10000000259097,N,,,2025/05/22,
3000000014498,1,Caixa Postal,00:00:03,,,N,,,2025/05/22,
3000000014499,1,Caixa Postal,00:00:01,,10000000259098,N,,,2025/05/22,
3000000014500,1,Caixa Postal,,,,N,,,2025/05/22,
3000000014501,1,Caixa Postal,,,,N,,,2025/05/22,
3000000014502,1,Caixa Postal,,,,N,,,2025/05/22,
3000000014503,1,Informação,00:00:07,CLI,10000000259097,N,,,2025/05/22,
3000000014504,1,Chamada Não Atendida,00:00:05,Cli,10000000259099,N,,,2025/05/22,
3000000014505,1,Chamada Não Atendida,00:00:03,Cli,,N,,,2025/05/22,
3000000014506,1,Chamada Não Atendida,00:00:04,Cli,10000000259099,N,,,2025/05/22,
3000000014507,1,URA Pesquisa NPS,00:00:56,Cli,10000000259100,S,Sim,10.0,2025/05/22,Email585
3000000014508,1,Chamada Não Atendida,00:00:03,Cli,10000000259099,N,,,2025/05/22,
3000000014509,1,Caixa Postal,00:00:05,,,N,,,2025/05/22,
3000000014510,1,Informação,00:00:03,Cliente,,N,,,2025/05/22,
3000000014511,1,Ligação Muda,00:00:11,,,N,,,2025/05/21,
3000000014512,1,URA Pesquisa NPS,00:01:37,,,S,Sim,10.0,2025/05/21,Email48444
3000000014513,1,Caixa Postal,00:00:03,,,N,,,2025/05/21,
3000000014514,1,Caixa Postal,00:00:03,,,N,,,2025/05/21,
3000000014515,1,Informação,00:02:41,,,N,,,2025/05/21,
3000000014516,1,Caixa Postal,00:00:04,,,N,,,2025/05/21,
3000000014517,1,Caixa Postal,00:00:07,,,N,,,2025/05/21,
3000000014518,1,URA Pesquisa NPS,00:01:00,Cli,10000000258848,S,,,2025/05/21,Email585
3000000014519,1,Caixa Postal,00:00:04,,10000000259101,N,,,2025/05/21,
3000000014520,1,URA Pesquisa NPS,00:01:04,CLI,10000000259102,S,Sim,10.0,2025/05/21,Email364
3000000014521,1,URA Pesquisa NPS,00:09:28,,,S,Sim,10.0,2025/05/21,Email48444
3000000014522,1,Caixa Postal,00:00:19,cli,,N,,,2025/05/21,
3000000014523,1,URA Pesquisa NPS,00:01:27,Cli,10000000259103,S,Sim,10.0,2025/05/21,Email585
3000000014524,1,Informação,00:02:37,Cli,10000000259104,N,,,2025/05/21,
3000000014525,1,URA Pesquisa NPS,00:07:43,Cli,10000000259105,S,Sim,8.0,2025/05/21,Email19156
3000000014526,1,Chamada Não Atendida,00:00:05,,,N,,,2025/05/21,
3000000014527,1,Chamada Não Atendida,00:00:06,,,N,,,2025/05/21,
3000000014528,1,Caixa Postal,,CLI ,10000000259106,N,,,2025/05/21,
3000000014529,1,Informação,00:04:53,Cli,,N,,,2025/05/21,
3000000014530,1,Caixa Postal,,CLI ,10000000259106,N,,,2025/05/21,
3000000014531,1,Caixa Postal,,CLI ,10000000259106,N,,,2025/05/21,
3000000014532,1,Caixa Postal,00:00:02,CLI ,,N,,,2025/05/21,
3000000014533,1,Caixa Postal,00:00:10,CLI ,,N,,,2025/05/21,
3000000014534,1,Caixa Postal,00:00:07,,,N,,,2025/05/21,
3000000014535,1,Caixa Postal,00:00:05,,,N,,,2025/05/21,
3000000014536,1,Caixa Postal,00:00:06,,,N,,,2025/05/21,
3000000014537,1,Ocupado,,,10000000259101,N,,,2025/05/21,
3000000014538,1,Caixa Postal,00:00:03,Cli,,N,,,2025/05/21,
3000000014539,1,Caixa Postal,00:00:01,Cli,,N,,,2025/05/21,
3000000014540,1,Caixa Postal,00:00:07,,,N,,,2025/05/21,
3000000014541,1,Caixa Postal,00:00:01,,,N,,,2025/05/21,
3000000014542,1,Cliente Desligou,00:00:15,Cliente,,N,,,2025/05/21,
3000000014543,1,Caixa Postal,,Cliente,,N,,,2025/05/21,
3000000014544,1,Caixa Postal,00:00:07,Cli,10000000259107,N,,,2025/05/21,
3000000014545,1,Caixa Postal,00:00:07,Cli,10000000259107,N,,,2025/05/21,
3000000014546,1,Caixa Postal,00:00:01,cli,,N,,,2025/05/21,
3000000014547,1,Caixa Postal,,cli,,N,,,2025/05/21,
3000000014548,1,Caixa Postal,,,,N,,,2025/05/21,
3000000014549,1,Caixa Postal,,,,N,,,2025/05/21,
3000000014550,1,Caixa Postal,00:00:04,,,N,,,2025/05/21,
3000000014551,1,Caixa Postal,00:00:02,,,N,,,2025/05/21,
3000000014552,1,Caixa Postal,00:00:05,CLI,,N,,,2025/05/21,
3000000014553,1,Contato de Finalizacao do Protocolo,00:00:35,CLI,10000000259108,N,,,2025/05/21,
3000000014554,1,Caixa Postal,00:00:10,Cli,10000000259109,N,,,2025/05/21,
3000000014555,1,Caixa Postal,00:00:04,Cli,10000000259109,N,,,2025/05/21,
3000000014556,1,Caixa Postal,00:00:05,,,N,,,2025/05/21,
3000000014557,1,Caixa Postal,00:00:04,,,N,,,2025/05/21,
3000000014558,1,Caixa Postal,,,,N,,,2025/05/21,
3000000014559,1,URA Pesquisa NPS,00:01:06,,,S,,,2025/05/21,Email48444
3000000014560,1,Caixa Postal,,Cli,,N,,,2025/05/21,
3000000014561,1,Caixa Postal,00:00:02,Cli,,N,,,2025/05/21,
3000000014562,1,Caixa Postal,,cli ,10000000259110,N,,,2025/05/21,
3000000014563,1,URA Pesquisa NPS,00:01:43,cli ,10000000259110,S,,,2025/05/21,Email48439
3000000014564,1,Caixa Postal,,,,N,,,2025/05/21,
3000000014565,1,URA Pesquisa NPS,00:06:23,Cli,,S,Sim,10.0,2025/05/21,Email48444
3000000014566,1,Caixa Postal,,,,N,,,2025/05/21,
3000000014567,1,Caixa Postal,00:00:10,cli,,N,,,2025/05/21,
3000000014568,1,Caixa Postal,00:00:03,CLI,10000000259111,N,,,2025/05/21,
3000000014569,1,Caixa Postal,00:00:03,cli,,N,,,2025/05/21,
3000000014570,1,Caixa Postal,00:00:03,cli,,N,,,2025/05/21,
3000000014571,1,Caixa Postal,,,,N,,,2025/05/21,
3000000014572,1,Caixa Postal,,,,N,,,2025/05/21,
3000000014573,1,Caixa Postal,00:00:04,,,N,,,2025/05/21,
3000000014574,1,Caixa Postal,00:00:14,,,N,,,2025/05/21,
3000000014575,1,Caixa Postal,00:00:06,,,N,,,2025/05/21,
3000000014576,1,Caixa Postal,00:00:12,,,N,,,2025/05/21,
3000000014577,1,Caixa Postal,00:00:03,CLI,10000000259111,N,,,2025/05/21,
3000000014578,1,Chamada Não Atendida,00:00:01,,,N,,,2025/05/21,
3000000014579,1,Chamada Não Atendida,,,,N,,,2025/05/21,
3000000014580,1,Informação,,,,N,,,2025/05/21,
3000000014581,1,Caixa Postal,00:00:05,cli,10000000258997,N,,,2025/05/21,
3000000014582,1,Caixa Postal,00:00:06,CLI,10000000259112,N,,,2025/05/21,
3000000014583,1,Chamada Não Atendida,,,,N,,,2025/05/21,
3000000014584,1,Informação,00:00:59,,,N,,,2025/05/21,
3000000014585,1,Informação,00:03:56,cli,,S,,,2025/05/21,Email48444
3000000014586,1,Caixa Postal,,cli ,10000000259113,N,,,2025/05/21,
3000000014587,1,Caixa Postal,00:00:07,,,N,,,2025/05/21,
3000000014588,1,Agent Error,00:09:24,,,N,,,2025/05/21,
3000000014589,1,URA Pesquisa NPS,00:01:03,Cli,10000000259114,S,Sim,10.0,2025/05/21,Email364
3000000014590,1,Caixa Postal,00:00:03,,,N,,,2025/05/21,
3000000014591,1,URA Pesquisa NPS,00:00:36,Cli,10000000259115,S,Sim,,2025/05/21,Email585
3000000014592,1,Não Atende,00:00:09,,,N,,,2025/05/21,
3000000014593,1,Informação,,,10000000259116,N,,,2025/05/21,
3000000014594,1,Não Atende,,,,N,,,2025/05/21,
3000000014595,1,Caixa Postal,00:00:04,,,N,,,2025/05/21,
3000000014596,1,Caixa Postal,00:00:04,,,N,,,2025/05/21,
3000000014597,1,Caixa Postal,00:00:01,CLI,10000000259112,N,,,2025/05/21,
3000000014598,1,Caixa Postal,00:00:00,,,N,,,2025/05/21,
3000000014599,1,Caixa Postal,00:00:01,,,N,,,2025/05/21,
3000000014600,1,Caixa Postal,,,,N,,,2025/05/21,
3000000014601,1,Caixa Postal,,,,N,,,2025/05/21,
3000000014602,1,Caixa Postal,00:00:06,cli ,,N,,,2025/05/21,
3000000014603,1,Caixa Postal,00:00:04,cli ,,N,,,2025/05/21,
3000000014604,1,Ocupado,,Cliente,10000000259117,N,,,2025/05/21,
3000000014605,1,Protocolo Permanecera em Andamento,00:10:23,CLI ,10000000259118,N,,,2025/05/21,
3000000014606,1,Informação,00:00:07,cli,10000000259010,N,,,2025/05/21,
3000000014607,1,Informação,,cli,,N,,,2025/05/21,
3000000014608,1,Caixa Postal,00:00:06,cli,,N,,,2025/05/21,
3000000014609,1,Caixa Postal,,Cliente,10000000259119,N,,,2025/05/21,
3000000014610,1,Caixa Postal,00:00:03,,,N,,,2025/05/21,
3000000014611,1,Caixa Postal,00:00:02,,,N,,,2025/05/21,
3000000014612,1,Caixa Postal,00:00:03,,,N,,,2025/05/21,
3000000014613,1,Caixa Postal,00:00:06,,,N,,,2025/05/21,
3000000014614,1,Caixa Postal,00:00:03,,,N,,,2025/05/21,
3000000014615,1,URA Pesquisa NPS,00:01:32,Cliente,10000000259119,S,Sim,10.0,2025/05/21,Email8754
3000000014616,1,Caixa Postal,00:00:47,,,N,,,2025/05/21,
3000000014617,1,Caixa Postal,,,,N,,,2025/05/21,
3000000014618,1,Caixa Postal,00:00:17,Cli,10000000259120,N,,,2025/05/21,
3000000014619,1,Caixa Postal,,Cli,10000000259120,N,,,2025/05/21,
3000000014620,1,Sent To Voicemail,00:02:01,Cli,10000000259120,S,Sim,10.0,2025/05/21,Email1615
3000000014621,1,URA Pesquisa NPS,00:01:02,Cli,10000000259121,S,Sim,9.0,2025/05/21,Email585
3000000014622,1,Caixa Postal,00:00:05,,,N,,,2025/05/21,
3000000014623,1,Caixa Postal,00:00:03,cli,10000000259122,N,,,2025/05/21,
3000000014624,1,Caixa Postal,,cli,10000000259123,N,,,2025/05/21,
3000000014625,1,Caixa Postal,,,,N,,,2025/05/21,
3000000014626,1,Caixa Postal,,,,N,,,2025/05/21,
3000000014627,1,Caixa Postal,00:00:02,cli ,10000000259124,N,,,2025/05/21,
3000000014628,1,URA Pesquisa NPS,00:02:05,Cli,10000000259125,S,Sim,10.0,2025/05/21,Email585
3000000014629,1,Caixa Postal,00:00:03,cli ,10000000259124,N,,,2025/05/21,
3000000014630,1,Caixa Postal,00:00:04,cli ,10000000259124,N,,,2025/05/21,
3000000014631,1,Caixa Postal,00:00:02,,,N,,,2025/05/21,
3000000014632,1,Caixa Postal,,,,N,,,2025/05/21,
3000000014633,1,Caixa Postal,,CLI,,N,,,2025/05/21,
3000000014634,1,Informação,00:05:04,CLI,,N,,,2025/05/21,
3000000014635,1,Caixa Postal,,,,N,,,2025/05/21,
3000000014636,1,Cliente Desligou,00:00:01,,,N,,,2025/05/21,
3000000014637,1,URA Pesquisa NPS,00:00:40,Cli,10000000259126,S,Sim,10.0,2025/05/21,Email585
3000000014638,1,Caixa Postal,00:00:05,,,N,,,2025/05/21,
3000000014639,1,Caixa Postal,00:00:04,,,N,,,2025/05/21,
3000000014640,1,Caixa Postal,,CLI,,N,,,2025/05/21,
3000000014641,1,Sent To Voicemail,00:45:56,CLI ,10000000259127,S,Sim,10.0,2025/05/21,Email19156
3000000014642,1,Informação,00:01:29,Cli,10000000259128,N,,,2025/05/21,
3000000014643,1,URA Pesquisa NPS,00:12:43,CLI,10000000259129,S,Sim,10.0,2025/05/21,Email329
3000000014644,1,Caixa Postal,00:00:00,cli,10000000259130,N,,,2025/05/21,
3000000014645,1,Caixa Postal,,cli,10000000259130,N,,,2025/05/21,
3000000014646,1,URA Pesquisa NPS,00:01:39,cli,10000000259131,S,Sim,10.0,2025/05/21,Email5556
3000000014647,1,Informação,00:00:08,cli,10000000259132,N,,,2025/05/21,
3000000014648,1,Informação,00:01:25,cli,10000000259132,N,,,2025/05/21,
3000000014649,1,URA Pesquisa NPS,00:04:31,cli,10000000259132,S,Sim,10.0,2025/05/21,Email48438
3000000014650,1,Caixa Postal,,,,N,,,2025/05/21,
3000000014651,1,URA Pesquisa NPS,00:00:40,Cli,10000000259133,S,Sim,10.0,2025/05/21,Email585
3000000014652,1,Informação,00:00:02,Cli,,N,,,2025/05/21,
3000000014653,1,URA Pesquisa NPS,00:02:13,Cli,10000000259134,S,Sim,7.0,2025/05/21,Email5556
3000000014654,1,Caixa Postal,00:00:05,Cli,10000000259135,N,,,2025/05/20,
3000000014655,1,Caixa Postal,00:00:04,Cli,10000000259135,N,,,2025/05/20,
3000000014656,1,Ligação Muda,00:00:14,Cli,,N,,,2025/05/20,
3000000014657,1,URA Pesquisa NPS,00:00:40,Cli,10000000259136,S,Sim,8.0,2025/05/20,Email585
3000000014658,1,Caixa Postal,,CLI,10000000259137,N,,,2025/05/20,
3000000014659,1,Caixa Postal,00:00:05,CLI,10000000259138,N,,,2025/05/20,
3000000014660,1,Caixa Postal,00:00:04,CLI,10000000259138,N,,,2025/05/20,
3000000014661,1,Caixa Postal,00:00:05,,,N,,,2025/05/20,
3000000014662,1,Caixa Postal,00:00:03,,,N,,,2025/05/20,
3000000014663,1,Caixa Postal,,,,N,,,2025/05/20,
3000000014664,1,Caixa Postal,,,,N,,,2025/05/20,
3000000014665,1,Informação,00:00:14,CLI,,N,,,2025/05/20,
3000000014666,1,Caixa Postal,,,,N,,,2025/05/20,
3000000014667,1,Caixa Postal,00:00:03,cli,,N,,,2025/05/20,
3000000014668,1,Caixa Postal,00:00:12,cli,,N,,,2025/05/20,
3000000014669,1,Caixa Postal,00:00:02,,,N,,,2025/05/20,
3000000014670,1,Caixa Postal,00:00:05,cli,,N,,,2025/05/20,
3000000014671,1,Informação,,CLI,,N,,,2025/05/20,
3000000014672,1,Caixa Postal,,,,N,,,2025/05/20,
3000000014673,1,Ocupado,,,,N,,,2025/05/20,
3000000014674,1,Ocupado,,,,N,,,2025/05/20,
3000000014675,1,Contato de Finalizacao do Protocolo,00:02:51,Cli,10000000259056,N,,,2025/05/20,
3000000014676,1,Caixa Postal,00:00:06,Cli,10000000259139,N,,,2025/05/20,
3000000014677,1,Informação,00:03:58,CLI,10000000259140,N,,,2025/05/20,
3000000014678,1,Caixa Postal,00:00:05,Cli,10000000259139,N,,,2025/05/20,
3000000014679,1,Ocupado,00:01:53,Cli,10000000259141,N,,,2025/05/20,
3000000014680,1,Caixa Postal,00:00:07,CLI,10000000259142,N,,,2025/05/20,
3000000014681,1,Caixa Postal,,cli,10000000259143,N,,,2025/05/20,
3000000014682,1,Caixa Postal,,cli,10000000259143,N,,,2025/05/20,
3000000014683,1,Contato de Finalizacao do Protocolo,00:03:51,,,N,,,2025/05/20,
3000000014684,1,Caixa Postal,00:00:04,CLI,10000000259138,N,,,2025/05/20,
3000000014685,1,Caixa Postal,00:00:09,,,N,,,2025/05/20,
3000000014686,1,Caixa Postal,00:00:04,,,N,,,2025/05/20,
3000000014687,1,Caixa Postal,00:00:07,Cli,10000000259144,N,,,2025/05/20,
3000000014688,1,Informação,00:02:30,,,N,,,2025/05/20,
3000000014689,1,Informação,,Cli,,N,,,2025/05/20,
3000000014690,1,Caixa Postal,00:00:06,Cli,10000000259135,N,,,2025/05/20,
3000000014691,1,Informação,,Cli,,N,,,2025/05/20,
3000000014692,1,Caixa Postal,,CLI,10000000259142,N,,,2025/05/20,
3000000014693,1,Ligação Muda,00:00:12,,,N,,,2025/05/20,
3000000014694,1,Chamada Não Atendida,00:00:02,CLI,10000000259145,N,,,2025/05/20,
3000000014695,1,Chamada Não Atendida,,CLI,10000000259145,N,,,2025/05/20,
3000000014696,1,Sent To Voicemail,00:01:15,,,S,Sim,10.0,2025/05/20,Email48444
3000000014697,1,URA Pesquisa NPS,00:00:43,CLI,10000000259146,S,,,2025/05/20,Email585
3000000014698,1,Ocupado,,Cli,10000000259147,N,,,2025/05/20,
3000000014699,1,Chamada Não Atendida,,,,N,,,2025/05/20,
3000000014700,1,Ligação Muda,00:01:19,Cli,10000000259148,N,,,2025/05/20,
3000000014701,1,Ligação Muda,,CLI,10000000259149,N,,,2025/05/20,
3000000014702,1,Caixa Postal,,CLI,10000000259149,N,,,2025/05/20,
3000000014703,1,Chamada Não Atendida,00:00:04,,,N,,,2025/05/20,
3000000014704,1,Chamada Não Atendida,,,,N,,,2025/05/20,
3000000014705,1,Caixa Postal,,CLI,10000000259149,N,,,2025/05/20,
3000000014706,1,Informação,00:00:15,CLI,10000000259150,N,,,2025/05/20,
3000000014707,1,Não Atende,,cli,10000000259150,N,,,2025/05/20,
3000000014708,1,URA Pesquisa NPS,00:02:06,Cliente,10000000259151,S,Sim,10.0,2025/05/20,Email11179
3000000014709,1,Caixa Postal,00:00:01,,,N,,,2025/05/20,
3000000014710,1,Caixa Postal,00:00:04,,,N,,,2025/05/20,
3000000014711,1,Caixa Postal,00:00:21,Cliente,10000000259152,N,,,2025/05/20,
3000000014712,1,Caixa Postal,,,,N,,,2025/05/20,
3000000014713,1,Caixa Postal,,,,N,,,2025/05/20,
3000000014714,1,Caixa Postal,,,,N,,,2025/05/20,
3000000014715,1,Caixa Postal,,,,N,,,2025/05/20,
3000000014716,1,Caixa Postal,,,,N,,,2025/05/20,
3000000014717,1,Caixa Postal,,,,N,,,2025/05/20,
3000000014718,1,Caixa Postal,00:00:03,,,N,,,2025/05/20,
3000000014719,1,Caixa Postal,00:00:14,,,N,,,2025/05/20,
3000000014720,1,Caixa Postal,,,,N,,,2025/05/20,
3000000014721,1,Caixa Postal,,,,N,,,2025/05/20,
3000000014722,1,Caixa Postal,,,,N,,,2025/05/20,
3000000014723,1,Caixa Postal,00:00:19,Cli,10000000259153,N,,,2025/05/20,
3000000014724,1,Caixa Postal,,Cli,10000000259153,N,,,2025/05/20,
3000000014725,1,Caixa Postal,,,,N,,,2025/05/20,
3000000014726,1,Caixa Postal,00:00:03,Cli,,N,,,2025/05/20,
3000000014727,1,Caixa Postal,00:00:04,,,N,,,2025/05/20,
3000000014728,1,Caixa Postal,00:00:02,,,N,,,2025/05/20,
3000000014729,1,Contato de Finalizacao do Protocolo,00:00:53,Cli,10000000259154,N,,,2025/05/20,
3000000014730,1,Caixa Postal,,,,N,,,2025/05/20,
3000000014731,1,Não Atende,00:00:10,cli,10000000259155,N,,,2025/05/20,
3000000014732,1,Caixa Postal,00:00:05,Cli,10000000259156,N,,,2025/05/20,
3000000014733,1,Caixa Postal,00:00:03,Cli,10000000259156,N,,,2025/05/20,
3000000014734,1,Contato de Finalizacao do Protocolo,00:01:36,CLI,10000000259157,N,,,2025/05/20,
3000000014735,1,Caixa Postal,,,,N,,,2025/05/20,
3000000014736,1,Caixa Postal,,,,N,,,2025/05/20,
3000000014737,1,Caixa Postal,,,,N,,,2025/05/20,
3000000014738,1,Caixa Postal,,,,N,,,2025/05/20,
3000000014739,1,URA Pesquisa NPS,00:01:33,CLI,10000000259158,S,Sim,8.0,2025/05/20,Email288
3000000014740,1,Caixa Postal,00:00:03,,,N,,,2025/05/20,
3000000014741,1,Caixa Postal,00:00:02,,,N,,,2025/05/20,
3000000014742,1,Caixa Postal,,,,N,,,2025/05/20,
3000000014743,1,URA Pesquisa NPS,00:00:49,,,S,Sim,10.0,2025/05/20,Email48444
3000000014744,1,URA Pesquisa NPS,00:02:47,Cli,10000000259114,S,Sim,1.0,2025/05/20,Email19156
3000000014745,1,Informação,00:00:10,,,N,,,2025/05/20,
3000000014746,1,Informação,00:00:05,CLI ,,N,,,2025/05/20,
3000000014747,1,Informação,00:12:58,CLI ,,N,,,2025/05/20,
3000000014748,1,Caixa Postal,,,,N,,,2025/05/20,
3000000014749,1,URA Pesquisa NPS,00:04:37,CLI,10000000259159,S,,,2025/05/20,Email329
3000000014750,1,Caixa Postal,00:01:21,Cli,10000000259160,N,,,2025/05/20,
3000000014751,1,Caixa Postal,00:00:05,Cli,10000000259160,N,,,2025/05/20,
3000000014752,1,Caixa Postal,,,,N,,,2025/05/20,
3000000014753,1,Caixa Postal,,,,N,,,2025/05/20,
3000000014754,1,Caixa Postal,,cli,10000000258285,N,,,2025/05/20,
3000000014755,1,Caixa Postal,00:00:03,cli,10000000258285,N,,,2025/05/20,
3000000014756,1,Informação,00:04:53,,,N,,,2025/05/20,
3000000014757,1,URA Pesquisa NPS,00:01:42,CLI,10000000259161,S,Sim,10.0,2025/05/20,Email329
3000000014758,1,Caixa Postal,00:00:18,,,N,,,2025/05/20,
3000000014759,1,Caixa Postal,00:00:18,,,N,,,2025/05/20,
3000000014760,1,Ligação Muda,,CLI ,10000000259162,N,,,2025/05/20,
3000000014761,1,Ligação Muda,,CLI ,10000000259162,N,,,2025/05/20,
3000000014762,1,Caixa Postal,00:00:04,Cliente,10000000259163,N,,,2025/05/20,
3000000014763,1,Caixa Postal,00:00:19,CLI,,N,,,2025/05/20,
3000000014764,1,URA Pesquisa NPS,00:01:35,CLI,10000000259164,S,Sim,10.0,2025/05/20,Email4355
3000000014765,1,Caixa Postal,00:00:05,,,N,,,2025/05/20,
3000000014766,1,Caixa Postal,00:00:03,,,N,,,2025/05/20,
3000000014767,1,URA Pesquisa NPS,00:19:39,CLI,10000000259165,S,Sim,10.0,2025/05/20,Email4355
3000000014768,1,Caixa Postal,00:00:03,,,N,,,2025/05/20,
3000000014769,1,Caixa Postal,00:00:03,,,N,,,2025/05/20,
3000000014770,1,URA Pesquisa NPS,00:00:45,Cli,10000000259166,S,Sim,,2025/05/20,Email585
3000000014771,1,Caixa Postal,00:00:19,,,N,,,2025/05/20,
3000000014772,1,Ocupado,,cli,,N,,,2025/05/20,
3000000014773,1,Ocupado,,cli,,N,,,2025/05/20,
3000000014774,1,Caixa Postal,00:00:03,,,N,,,2025/05/20,
3000000014775,1,Caixa Postal,,,,N,,,2025/05/20,
3000000014776,1,Caixa Postal,,,,N,,,2025/05/20,
3000000014777,1,Caixa Postal,,,,N,,,2025/05/20,
3000000014778,1,Caixa Postal,,,,N,,,2025/05/20,
3000000014779,1,Informação,00:00:14,,,N,,,2025/05/20,
3000000014780,1,Caixa Postal,00:00:03,,,N,,,2025/05/20,
3000000014781,1,Caixa Postal,00:00:05,Cliente,10000000259163,N,,,2025/05/20,
3000000014782,1,Chamada Não Atendida,,CLI ,10000000259106,N,,,2025/05/20,
3000000014783,1,Chamada Não Atendida,,CLI ,10000000259106,N,,,2025/05/20,
3000000014784,1,Chamada Não Atendida,,CLI ,10000000259167,N,,,2025/05/20,
3000000014785,1,Chamada Não Atendida,,CLI ,10000000259167,N,,,2025/05/20,
3000000014786,1,Informação,00:00:21,,,N,,,2025/05/19,
3000000014787,1,Caixa Postal,,,,N,,,2025/05/19,
3000000014788,1,Informação,00:00:51,,,N,,,2025/05/19,
3000000014789,1,Caixa Postal,00:00:08,,,N,,,2025/05/19,
3000000014790,1,Caixa Postal,00:00:04,,,N,,,2025/05/19,
3000000014791,1,URA Pesquisa NPS,00:00:18,cli,,S,,,2025/05/19,Email48444
3000000014792,1,Consulta Status,00:00:03,cli,10000000259168,N,,,2025/05/19,
3000000014793,1,URA Pesquisa NPS,00:01:12,CLI,10000000259169,S,Sim,9.0,2025/05/19,Email48443
3000000014794,1,Caixa Postal,00:00:12,CLI,10000000259170,N,,,2025/05/19,
3000000014795,1,Caixa Postal,00:00:03,CLI,,N,,,2025/05/19,
3000000014796,1,Cliente Desligou,00:00:01,,,N,,,2025/05/19,
3000000014797,1,Caixa Postal,,,,N,,,2025/05/19,
3000000014798,1,Dados incorretos do cliente,,,,N,,,2025/05/19,
3000000014799,1,Dados incorretos do cliente,,,,N,,,2025/05/19,
3000000014800,1,Chamada Não Atendida,00:00:03,CLI,10000000259171,N,,,2025/05/19,
3000000014801,1,Chamada Não Atendida,,CLI,10000000259171,N,,,2025/05/19,
3000000014802,1,Caixa Postal,00:00:05,,,N,,,2025/05/19,
3000000014803,1,Caixa Postal,00:00:08,,,N,,,2025/05/19,
3000000014804,1,Chamada Não Atendida,00:00:01,CLI ,10000000259172,N,,,2025/05/19,
3000000014805,1,Chamada Não Atendida,,CLI ,10000000259172,N,,,2025/05/19,
3000000014806,1,Caixa Postal,00:00:10,CLI,,N,,,2025/05/19,
3000000014807,1,Caixa Postal,,CLI,,N,,,2025/05/19,
3000000014808,1,Caixa Postal,00:00:08,,,N,,,2025/05/19,
3000000014809,1,Chamada Não Atendida,00:00:04,cli,,N,,,2025/05/19,
3000000014810,1,Chamada Não Atendida,,cli,10000000259168,N,,,2025/05/19,
3000000014811,1,URA Pesquisa NPS,00:02:39,Cli,10000000259173,S,,,2025/05/19,Email1615
3000000014812,1,URA Pesquisa NPS,00:01:08,CLI,10000000259174,S,,,2025/05/19,Email48443
3000000014813,1,Caixa Postal,,,,N,,,2025/05/19,
3000000014814,1,Caixa Postal,,,,N,,,2025/05/19,
3000000014815,1,Caixa Postal,,,,N,,,2025/05/19,
3000000014816,1,Caixa Postal,,,,N,,,2025/05/19,
3000000014817,1,Caixa Postal,00:00:05,,,N,,,2025/05/19,
3000000014818,1,Caixa Postal,00:00:02,,,N,,,2025/05/19,
3000000014819,1,Caixa Postal,,cli,10000000258285,N,,,2025/05/19,
3000000014820,1,Contato de Finalizacao do Protocolo,00:01:06,cli,10000000258285,N,,,2025/05/19,
3000000014821,1,URA Pesquisa NPS,00:01:58,CLI,10000000259175,S,,,2025/05/19,Email4355
3000000014822,1,Caixa Postal,00:00:02,,,N,,,2025/05/19,
3000000014823,1,Caixa Postal,00:00:00,,,N,,,2025/05/19,
3000000014824,1,Caixa Postal,00:00:08,,,N,,,2025/05/19,
3000000014825,1,Informação,,,,N,,,2025/05/19,
3000000014826,1,Informação,,,,N,,,2025/05/19,
3000000014827,1,Não Atende,,Cliente,10000000259176,N,,,2025/05/19,
3000000014828,1,URA Pesquisa NPS,00:01:38,Cliente,10000000259176,S,Sim,10.0,2025/05/19,Email8754
3000000014829,1,URA Pesquisa NPS,00:02:22,CLI,10000000259177,S,Sim,8.0,2025/05/19,Email4355
3000000014830,1,Caixa Postal,00:00:07,cli,,N,,,2025/05/19,
3000000014831,1,URA Pesquisa NPS,00:02:57,cli,10000000259178,S,Sim,10.0,2025/05/19,Email48443
3000000014832,1,Informação,00:03:47,,,N,,,2025/05/19,
3000000014833,1,Informação,00:01:37,CLI,10000000259179,N,,,2025/05/19,
3000000014834,1,Caixa Postal,,CLI,10000000259179,N,,,2025/05/19,
3000000014835,1,Caixa Postal,00:00:04,CLI,,N,,,2025/05/19,
3000000014836,1,Caixa Postal,00:00:03,,,N,,,2025/05/19,
3000000014837,1,Caixa Postal,00:00:10,CLI,,N,,,2025/05/19,
3000000014838,1,Informação,00:00:03,CLI,,N,,,2025/05/19,
3000000014839,1,Informação,00:03:27,cli,,N,,,2025/05/19,
3000000014840,1,Chamada Não Atendida,,CLI ,10000000259180,N,,,2025/05/19,
3000000014841,1,Chamada Não Atendida,,CLI ,10000000259180,N,,,2025/05/19,
3000000014842,1,Caixa Postal,00:00:03,CLI,10000000259181,N,,,2025/05/19,
3000000014843,1,Chamada Não Atendida,,Cli,10000000259182,N,,,2025/05/19,
3000000014844,1,Chamada Não Atendida,,Cli,10000000259182,N,,,2025/05/19,
3000000014845,1,URA Pesquisa NPS,00:05:42,Cli,10000000259182,S,Sim,10.0,2025/05/19,Email372
3000000014846,1,URA Pesquisa NPS,00:01:11,Cli,10000000259182,S,Sim,10.0,2025/05/19,Email372
3000000014847,1,Caixa Postal,00:00:03,cli,10000000259183,N,,,2025/05/19,
3000000014848,1,Contato de Finalizacao do Protocolo,00:00:51,cli,,N,,,2025/05/19,
3000000014849,1,Chamada Não Atendida,00:00:05,CLI,10000000259184,N,,,2025/05/19,
3000000014850,1,Chamada Não Atendida,00:00:02,CLI,10000000259184,N,,,2025/05/19,
3000000014851,1,Caixa Postal,00:00:02,,,N,,,2025/05/19,
3000000014852,1,Caixa Postal,00:00:02,,,N,,,2025/05/19,
3000000014853,1,URA Pesquisa NPS,00:01:06,CLI ,10000000259185,S,Sim,1.0,2025/05/19,Email372
3000000014854,1,Caixa Postal,,,,N,,,2025/05/19,
3000000014855,1,Caixa Postal,,,,N,,,2025/05/19,
3000000014856,1,Caixa Postal,,,,N,,,2025/05/19,
3000000014857,1,Caixa Postal,00:00:14,Cli,10000000259186,N,,,2025/05/19,
3000000014858,1,Protocolo Permanecera em Andamento,00:05:55,Cli,10000000259186,N,,,2025/05/19,
3000000014859,1,Caixa Postal,,CLI,,N,,,2025/05/19,
3000000014860,1,Agent Error,00:01:48,,,N,,,2025/05/19,
3000000014861,1,Caixa Postal,00:00:15,Cli,10000000259187,N,,,2025/05/19,
3000000014862,1,Caixa Postal,00:00:16,Cli,,N,,,2025/05/19,
3000000014863,1,Chamada Não Atendida,,,,N,,,2025/05/19,
3000000014864,1,Informação,00:00:47,,,N,,,2025/05/19,
3000000014865,1,Chamada Não Atendida,,CLI ,,N,,,2025/05/19,
3000000014866,1,Caixa Postal,00:00:04,cli,10000000259188,N,,,2025/05/19,
3000000014867,1,Caixa Postal,00:00:04,cli,,N,,,2025/05/19,
3000000014868,1,Não Atende,,cli,,N,,,2025/05/19,
3000000014869,1,Caixa Postal,00:00:09,,,N,,,2025/05/19,
3000000014870,1,Caixa Postal,00:00:06,CLI,,N,,,2025/05/19,
3000000014871,1,Caixa Postal,00:00:03,cli,10000000259189,N,,,2025/05/19,
3000000014872,1,Caixa Postal,00:00:00,cli,10000000259189,N,,,2025/05/19,
3000000014873,1,Não Atende,,cli,10000000259189,N,,,2025/05/19,
3000000014874,1,Caixa Postal,00:00:01,CLI,10000000259184,N,,,2025/05/19,
3000000014875,1,Caixa Postal,00:00:04,,,N,,,2025/05/19,
3000000014876,1,URA Pesquisa NPS,00:02:56,CLI,10000000259190,S,Nao,10.0,2025/05/19,Email48443
3000000014877,1,Caixa Postal,,cli,10000000259191,N,,,2025/05/19,
3000000014878,1,Caixa Postal,00:00:03,,,N,,,2025/05/19,
3000000014879,1,Ligação Muda,,CLI,10000000259192,N,,,2025/05/19,
3000000014880,1,Caixa Postal,00:00:10,,,N,,,2025/05/19,
3000000014881,1,Chamada Não Atendida,00:00:05,,,N,,,2025/05/19,
3000000014882,1,Contato de Finalizacao do Protocolo,00:02:05,cliente,10000000259193,N,,,2025/05/19,
3000000014883,1,Ocupado,,cli,10000000259194,N,,,2025/05/19,
3000000014884,1,Ocupado,,cli,10000000259194,N,,,2025/05/19,
3000000014885,1,Protocolo Permanecera em Andamento,00:01:59,CLI,10000000259192,N,,,2025/05/19,
3000000014886,1,Chamada Não Atendida,00:00:04,CLI,,N,,,2025/05/19,
3000000014887,1,Ocupado,00:00:52,CLI,,N,,,2025/05/19,
3000000014888,1,Caixa Postal,00:00:10,,,N,,,2025/05/19,
3000000014889,1,Caixa Postal,00:00:07,cli,10000000259195,N,,,2025/05/19,
3000000014890,1,Chamada Não Atendida,00:00:07,CLI,10000000259196,N,,,2025/05/19,
3000000014891,1,Chamada Não Atendida,,CLI,10000000259196,N,,,2025/05/19,
3000000014892,1,Chamada Não Atendida,,,,N,,,2025/05/19,
3000000014893,1,Cliente Desligou,00:00:14,Cli,10000000259056,N,,,2025/05/19,
3000000014894,1,Cliente Desligou,00:00:33,Cli,10000000259056,N,,,2025/05/19,
3000000014895,1,Informação,00:00:02,,,N,,,2025/05/19,
3000000014896,1,Caixa Postal,00:00:16,,,N,,,2025/05/19,
3000000014897,1,Ligação Muda,00:00:14,,,N,,,2025/05/19,
3000000014898,1,Ligação Muda,00:00:14,,,N,,,2025/05/19,
3000000014899,1,Informação,,CLI,,N,,,2025/05/19,
3000000014900,1,Não Atende,00:01:05,,,N,,,2025/05/19,
3000000014901,1,Ligação Muda,00:00:09,,,N,,,2025/05/19,
3000000014902,1,Ocupado,00:00:06,CLI,,N,,,2025/05/19,
3000000014903,1,Ocupado,00:00:06,CLI,,N,,,2025/05/19,
3000000014904,1,Não Atende,00:01:05,,,N,,,2025/05/19,
3000000014905,1,Ocupado,00:00:05,CLI,,N,,,2025/05/19,
3000000014906,1,Caixa Postal,00:00:03,CLI,,N,,,2025/05/19,
3000000014907,1,Contato de Finalizacao do Protocolo,00:01:38,CLI,,N,,,2025/05/19,
3000000014908,1,Caixa Postal,,,,N,,,2025/05/19,
3000000014909,1,URA Pesquisa NPS,00:00:56,,,S,Sim,10.0,2025/05/19,Email48444
3000000014910,1,Informação,00:01:17,,,N,,,2025/05/19,
3000000014911,1,Não Atende,00:01:06,,,N,,,2025/05/19,
3000000014912,1,Caixa Postal,00:00:06,CLI,,N,,,2025/05/19,
3000000014913,1,Informação,00:01:45,,,N,,,2025/05/19,
3000000014914,1,URA Pesquisa NPS,00:01:19,cli,10000000259197,S,,,2025/05/16,Email45
3000000014915,1,Caixa Postal,00:00:13,,,N,,,2025/05/16,
3000000014916,1,Ocupado,,,,N,,,2025/05/16,
3000000014917,1,Ocupado,,,,N,,,2025/05/16,
3000000014918,1,Ocupado,,,,N,,,2025/05/16,
3000000014919,1,Caixa Postal,00:00:04,Cliente,10000000259198,N,,,2025/05/16,
3000000014920,1,Chamada Não Atendida,00:00:04,,,N,,,2025/05/16,
3000000014921,1,Caixa Postal,00:00:01,Cliente,10000000259198,N,,,2025/05/16,
3000000014922,1,Informação,,CLI,,N,,,2025/05/16,
3000000014923,1,Agent Error,00:06:52,,,N,,,2025/05/16,
3000000014924,1,Caixa Postal,,,,N,,,2025/05/16,
3000000014925,1,Caixa Postal,,,,N,,,2025/05/16,
3000000014926,1,Não Atende,00:00:07,,10000000259199,N,,,2025/05/16,
3000000014927,1,Não Atende,,cliente,10000000259200,N,,,2025/05/16,
3000000014928,1,Não Atende,00:00:08,,,N,,,2025/05/16,
3000000014929,1,URA Pesquisa NPS,00:01:09,cli,10000000259201,S,,,2025/05/16,Email11179
3000000014930,1,Caixa Postal,00:00:02,,,N,,,2025/05/16,
3000000014931,1,Caixa Postal,00:00:06,,,N,,,2025/05/16,
3000000014932,1,Caixa Postal,00:00:10,Cli,10000000259202,N,,,2025/05/16,
3000000014933,1,Chamada Não Atendida,00:00:01,CLI,10000000259203,N,,,2025/05/16,
3000000014934,1,Informação,,,,N,,,2025/05/16,
3000000014935,1,Chamada Não Atendida,,CLI,10000000259203,N,,,2025/05/16,
3000000014936,1,Informação,00:00:02,,,N,,,2025/05/16,
3000000014937,1,URA Pesquisa NPS,00:00:41,Cliente,10000000259204,S,Sim,,2025/05/16,Email585
3000000014938,1,Caixa Postal,,CLI,,N,,,2025/05/16,
3000000014939,1,Caixa Postal,,CLI,,N,,,2025/05/16,
3000000014940,1,Chamada Não Atendida,00:00:06,CLI,10000000259205,N,,,2025/05/16,
3000000014941,1,Caixa Postal,00:00:03,,,N,,,2025/05/16,
3000000014942,1,Caixa Postal,,,,N,,,2025/05/16,
3000000014943,1,Caixa Postal,00:00:02,,,N,,,2025/05/16,
3000000014944,1,Caixa Postal,00:00:05,,,N,,,2025/05/16,
3000000014945,1,Caixa Postal,00:00:08,,,N,,,2025/05/16,
3000000014946,1,Chamada Não Atendida,,,,N,,,2025/05/16,
3000000014947,1,URA Pesquisa NPS,00:16:56,Cli,10000000259206,S,Sim,10.0,2025/05/16,Email5371
3000000014948,1,URA Pesquisa NPS,00:00:55,CLI,10000000259207,S,Sim,10.0,2025/05/16,Email296
3000000014949,1,URA Pesquisa NPS,00:00:57,,,S,Sim,10.0,2025/05/16,Email48444
3000000014950,1,Informação,,CLI,10000000259208,N,,,2025/05/16,
3000000014951,1,Informação,00:00:05,CLI,10000000259209,N,,,2025/05/16,
3000000014952,1,URA Pesquisa NPS,00:01:09,,,S,,,2025/05/16,Email48444
3000000014953,1,Informação,,CLI,10000000259209,N,,,2025/05/16,
3000000014954,1,Informação,00:00:13,CLI,10000000259209,N,,,2025/05/16,
3000000014955,1,Caixa Postal,00:00:03,CLi,,N,,,2025/05/16,
3000000014956,1,Contato de Finalizacao do Protocolo,00:03:34,CLi,,N,,,2025/05/16,
3000000014957,1,Ligação Muda,,cli,,N,,,2025/05/16,
3000000014958,1,Caixa Postal,00:00:05,cli,,N,,,2025/05/16,
3000000014959,1,Caixa Postal,00:00:02,cli,10000000258285,N,,,2025/05/16,
3000000014960,1,Caixa Postal,00:00:05,cli,,N,,,2025/05/16,
3000000014961,1,Caixa Postal,00:00:04,,,N,,,2025/05/16,
3000000014962,1,Caixa Postal,00:00:00,,,N,,,2025/05/16,
3000000014963,1,Chamada Não Atendida,,CLI,10000000259203,N,,,2025/05/16,
3000000014964,1,Caixa Postal,00:00:04,CLI,10000000259210,N,,,2025/05/16,
3000000014965,1,Caixa Postal,00:00:01,CLI,10000000259210,N,,,2025/05/16,
3000000014966,1,Informação,,Cli,,N,,,2025/05/16,
3000000014967,1,Caixa Postal,00:00:06,CLI,,N,,,2025/05/16,
3000000014968,1,Caixa Postal,00:00:02,CLI,,N,,,2025/05/16,
3000000014969,1,Caixa Postal,00:00:04,Cli,10000000259202,N,,,2025/05/16,
3000000014970,1,Caixa Postal,,,,N,,,2025/05/16,
3000000014971,1,Caixa Postal,,,,N,,,2025/05/16,
3000000014972,1,Ocupado,,Cli,,N,,,2025/05/16,
3000000014973,1,Caixa Postal,,Cli,10000000259211,N,,,2025/05/16,
3000000014974,1,Ocupado,,Cli,10000000259211,N,,,2025/05/16,
3000000014975,1,URA Pesquisa NPS,00:01:13,CLI,10000000259212,S,Sim,10.0,2025/05/16,Email364
3000000014976,1,URA Pesquisa NPS,00:01:30,cli,10000000259213,S,,,2025/05/16,Email48438
3000000014977,1,Caixa Postal,,Cli,10000000259214,N,,,2025/05/16,
3000000014978,1,Caixa Postal,00:00:07,,,N,,,2025/05/16,
3000000014979,1,Caixa Postal,,Cli,,N,,,2025/05/16,
3000000014980,1,Informação,,cli,10000000259215,N,,,2025/05/16,
3000000014981,1,Ligação Muda,,cli,10000000259215,N,,,2025/05/16,
3000000014982,1,Ligação Muda,,cli,10000000259215,N,,,2025/05/16,
3000000014983,1,URA Pesquisa NPS,00:02:46,CLI,10000000259216,S,Sim,0.0,2025/05/16,Email329
3000000014984,1,Caixa Postal,00:00:08,CLI,10000000259217,N,,,2025/05/16,
3000000014985,1,Não Atende,,CLI,10000000259218,N,,,2025/05/16,
3000000014986,1,Caixa Postal,00:00:18,CLI,,N,,,2025/05/16,
3000000014987,1,Chamada Não Atendida,,,,N,,,2025/05/16,
3000000014988,1,Informação,,,,N,,,2025/05/16,
3000000014989,1,Ligação Muda,,cli,10000000259215,N,,,2025/05/16,
3000000014990,1,Ligação Muda,00:00:30,CLI,10000000259219,N,,,2025/05/16,
3000000014991,1,Ligação Muda,00:00:17,CLI,10000000259219,N,,,2025/05/16,
3000000014992,1,Caixa Postal,,,,N,,,2025/05/16,
3000000014993,1,Caixa Postal,,,,N,,,2025/05/16,
3000000014994,1,Ocupado,,Cli,,N,,,2025/05/16,
3000000014995,1,Ocupado,,Cli,,N,,,2025/05/16,
3000000014996,1,Ligação Muda,,Cli,10000000259220,N,,,2025/05/16,
3000000014997,1,Caixa Postal,,Cli,10000000259220,N,,,2025/05/16,
3000000014998,1,Não Atende,00:00:07,CLI,10000000259221,N,,,2025/05/16,
3000000014999,1,Ligação Muda,00:03:13,CLI,10000000259222,N,,,2025/05/16,
3000000015000,1,Caixa Postal,00:00:04,cli,10000000259223,N,,,2025/05/16,
3000000015001,1,Caixa Postal,00:00:10,cli,10000000259223,N,,,2025/05/16,
3000000015002,1,Caixa Postal,00:00:05,cli,10000000259223,N,,,2025/05/16,
3000000015003,1,Caixa Postal,00:00:00,,,N,,,2025/05/16,
3000000015004,1,Caixa Postal,00:00:03,,,N,,,2025/05/16,
3000000015005,1,Caixa Postal,,CLI,10000000259222,N,,,2025/05/16,
3000000015006,1,Caixa Postal,,CLI,10000000259224,N,,,2025/05/16,
3000000015007,1,Caixa Postal,00:00:10,CLI,10000000259225,N,,,2025/05/16,
3000000015008,1,Caixa Postal,00:00:05,CLI,10000000259225,N,,,2025/05/16,
3000000015009,1,Caixa Postal,00:00:09,Cli,10000000259226,N,,,2025/05/16,
3000000015010,1,Ligação Muda,00:00:09,CLI ,10000000259227,N,,,2025/05/16,
3000000015011,1,Informação,00:00:10,CLI,10000000258958,N,,,2025/05/16,
3000000015012,1,URA Pesquisa NPS,00:00:56,CLI ,10000000259227,S,Sim,10.0,2025/05/16,Email372
3000000015013,1,Ligação Muda,00:00:21,cli,10000000259228,N,,,2025/05/16,
3000000015014,1,Caixa Postal,00:00:19,cli,,N,,,2025/05/16,
3000000015015,1,Caixa Postal,,CLI,10000000259229,N,,,2025/05/16,
3000000015016,1,Caixa Postal,,,,N,,,2025/05/16,
3000000015017,1,Caixa Postal,,,,N,,,2025/05/16,
3000000015018,1,Caixa Postal,00:00:04,Cli,,N,,,2025/05/16,
3000000015019,1,Chamada Não Atendida,,CLI ,10000000259230,N,,,2025/05/16,
3000000015020,1,URA Pesquisa NPS,00:00:52,CLI ,10000000259230,S,Sim,10.0,2025/05/16,Email372
3000000015021,1,Caixa Postal,00:00:14,,,N,,,2025/05/16,
3000000015022,1,Caixa Postal,00:00:03,,,N,,,2025/05/16,
3000000015023,1,Caixa Postal,00:00:09,,,N,,,2025/05/16,
3000000015024,1,Não Atende,,CLI,10000000259221,N,,,2025/05/16,
3000000015025,1,Sent To Voicemail,00:11:41,Cli,10000000259214,S,Sim,10.0,2025/05/16,Email4355
3000000015026,1,URA Pesquisa NPS,00:00:53,,,S,,,2025/05/16,Email48444
3000000015027,1,Contato de Finalizacao do Protocolo,00:03:16,Cli,10000000259231,N,,,2025/05/16,
3000000015028,1,Caixa Postal,00:00:08,,,N,,,2025/05/16,
3000000015029,1,Caixa Postal,,,,N,,,2025/05/16,
3000000015030,1,Informação,00:01:08,,,N,,,2025/05/16,
3000000015031,1,Caixa Postal,00:00:10,cli,10000000259232,N,,,2025/05/16,
3000000015032,1,Informação,00:00:03,,,N,,,2025/05/16,
3000000015033,1,Caixa Postal,,,,N,,,2025/05/16,
3000000015034,1,Caixa Postal,,,,N,,,2025/05/16,
3000000015035,1,Caixa Postal,,,,N,,,2025/05/16,
3000000015036,1,Caixa Postal,,,,N,,,2025/05/16,
3000000015037,1,Não Atende,,cli,10000000259233,N,,,2025/05/16,
3000000015038,1,Caixa Postal,00:00:05,Cli,10000000259160,N,,,2025/05/16,
3000000015039,1,Contato de Finalizacao do Protocolo,00:02:52,Cli,10000000259160,N,,,2025/05/16,
3000000015040,1,Chamada Não Atendida,,,,N,,,2025/05/16,
3000000015041,1,Caixa Postal,00:00:03,,,N,,,2025/05/16,
3000000015042,1,Caixa Postal,,,,N,,,2025/05/16,
3000000015043,1,Chamada Não Atendida,00:00:05,CLI,,N,,,2025/05/16,
3000000015044,1,Caixa Postal,00:00:00,,,N,,,2025/05/16,
3000000015045,1,Caixa Postal,,,,N,,,2025/05/16,
3000000015046,1,Caixa Postal,,Cli,,N,,,2025/05/16,
3000000015047,1,URA Pesquisa NPS,00:01:11,Cli,,S,Sim,10.0,2025/05/16,Email48444
3000000015048,1,Caixa Postal,00:00:04,CLI,10000000259234,N,,,2025/05/16,
3000000015049,1,URA Pesquisa NPS,00:12:04,CLI,10000000259234,S,Sim,1.0,2025/05/16,Email48438
3000000015050,1,Informação,00:02:34,,,N,,,2025/05/16,
3000000015051,1,Cliente Desligou,00:00:10,,,N,,,2025/05/16,
3000000015052,1,Informação,,cli,,N,,,2025/05/16,
3000000015053,1,Informação,,cli,,N,,,2025/05/16,
3000000015054,1,Ocupado,,Cli,10000000259235,N,,,2025/05/16,
3000000015055,1,Cliente Desligou,00:00:05,Cli,10000000259236,N,,,2025/05/16,
3000000015056,1,Cliente Desligou,00:00:05,Cli,10000000259236,N,,,2025/05/16,
3000000015057,1,Caixa Postal,,Cli,,N,,,2025/05/16,
3000000015058,1,Caixa Postal,00:00:03,,10000000259237,N,,,2025/05/16,
3000000015059,1,Caixa Postal,,Cli,,N,,,2025/05/16,
3000000015060,1,Cliente Desligou,00:00:21,,,N,,,2025/05/16,
3000000015061,1,Caixa Postal,00:00:06,,,N,,,2025/05/16,
3000000015062,1,Caixa Postal,00:00:04,,,N,,,2025/05/16,
3000000015063,1,Ligação Muda,00:00:21,CLI,10000000259238,N,,,2025/05/16,
3000000015064,1,URA Pesquisa NPS,00:01:14,CLI,10000000259238,S,Sim,10.0,2025/05/16,Email364
3000000015065,1,Ligação Muda,00:00:10,CLI,10000000259222,N,,,2025/05/16,
3000000015066,1,URA Pesquisa NPS,00:01:47,Cli,10000000259239,S,Sim,10.0,2025/05/16,Email5371
3000000015067,1,URA Pesquisa NPS,00:11:33,cli,10000000259240,S,Sim,9.0,2025/05/16,Email288
3000000015068,1,Caixa Postal,,cli,10000000259241,N,,,2025/05/16,
3000000015069,1,Caixa Postal,00:00:05,cli,,N,,,2025/05/16,
3000000015070,1,Caixa Postal,00:00:06,cli,,N,,,2025/05/16,
3000000015071,1,URA Pesquisa NPS,00:00:39,Cli,10000000259242,S,Sim,10.0,2025/05/16,Email585
3000000015072,1,Caixa Postal,00:00:05,,,N,,,2025/05/16,
3000000015073,1,Caixa Postal,00:00:03,,,N,,,2025/05/16,
3000000015074,1,Caixa Postal,00:00:04,,,N,,,2025/05/16,
3000000015075,1,Caixa Postal,00:00:06,,,N,,,2025/05/16,
3000000015076,1,Caixa Postal,00:00:05,CLI,10000000259243,N,,,2025/05/16,
3000000015077,1,Caixa Postal,00:00:03,CLI,10000000259244,N,,,2025/05/16,
3000000015078,1,URA Pesquisa NPS,00:03:31,Cli,10000000259245,S,Sim,9.0,2025/05/16,Email5371
3000000015079,1,Caixa Postal,00:00:08,,,N,,,2025/05/16,
3000000015080,1,Caixa Postal,00:00:04,,,N,,,2025/05/16,
3000000015081,1,Chamada Não Atendida,,,,N,,,2025/05/16,
3000000015082,1,Chamada Não Atendida,,,,N,,,2025/05/16,
3000000015083,1,Chamada Não Atendida,,,,N,,,2025/05/16,
3000000015084,1,Caixa Postal,,CLI,10000000259246,N,,,2025/05/16,
3000000015085,1,Caixa Postal,00:00:01,,,N,,,2025/05/16,
3000000015086,1,Ligação Muda,,CLI,10000000259192,N,,,2025/05/16,
3000000015087,1,Caixa Postal,00:00:05,,,N,,,2025/05/16,
3000000015088,1,Ligação Muda,,CLI,10000000259192,N,,,2025/05/16,
3000000015089,1,Caixa Postal,,,,N,,,2025/05/16,
3000000015090,1,Caixa Postal,,CLI,10000000259247,N,,,2025/05/16,
3000000015091,1,Caixa Postal,,cli,10000000259248,N,,,2025/05/16,
3000000015092,1,URA Pesquisa NPS,00:01:21,cli,10000000259249,S,,,2025/05/16,Email48443
3000000015093,1,URA Pesquisa NPS,00:01:06,CLI,10000000259250,S,Sim,8.0,2025/05/16,Email585
3000000015094,1,URA Pesquisa NPS,00:11:28,CLI,10000000259251,S,,,2025/05/16,Email19156
3000000015095,1,Caixa Postal,,CLI,10000000259252,N,,,2025/05/16,
3000000015096,1,Caixa Postal,00:00:09,Cli,10000000259084,N,,,2025/05/16,
3000000015097,1,Caixa Postal,00:00:03,cli,10000000259253,N,,,2025/05/16,
3000000015098,1,Caixa Postal,00:00:01,cli,10000000259253,N,,,2025/05/16,
3000000015099,1,Caixa Postal,00:00:03,Cli,10000000259254,N,,,2025/05/16,
3000000015100,1,Informação,00:07:39,CLI,,N,,,2025/05/16,
3000000015101,1,Caixa Postal,,,,N,,,2025/05/16,
3000000015102,1,Caixa Postal,,,,N,,,2025/05/16,
3000000015103,1,Caixa Postal,00:00:01,,,N,,,2025/05/16,
3000000015104,1,Caixa Postal,00:00:02,,,N,,,2025/05/16,
3000000015105,1,Caixa Postal,,Cli,10000000259255,N,,,2025/05/16,
3000000015106,1,Caixa Postal,00:00:13,Cli,10000000259256,N,,,2025/05/16,
3000000015107,1,URA Pesquisa NPS,00:11:55,Cli,10000000259256,S,,,2025/05/16,Email19156
3000000015108,1,Caixa Postal,,,,N,,,2025/05/16,
3000000015109,1,Caixa Postal,,,,N,,,2025/05/16,
3000000015110,1,Caixa Postal,00:00:02,,,N,,,2025/05/16,
3000000015111,1,Caixa Postal,00:00:03,,,N,,,2025/05/16,
3000000015112,1,URA Pesquisa NPS,00:08:11,CLI,10000000259257,S,Sim,10.0,2025/05/16,Email4194
3000000015113,1,Cliente Desligou,,Cli,,N,,,2025/05/16,
3000000015114,1,URA Pesquisa NPS,00:06:29,CLI,10000000259258,S,,,2025/05/16,Email288
3000000015115,1,Caixa Postal,00:00:04,,,N,,,2025/05/16,
3000000015116,1,Caixa Postal,00:00:03,,,N,,,2025/05/16,
3000000015117,1,URA Pesquisa NPS,00:00:50,CLI,10000000259259,S,Sim,10.0,2025/05/16,Email48439
3000000015118,1,Caixa Postal,00:00:05,CLI,,N,,,2025/05/16,
3000000015119,1,Caixa Postal,00:00:03,CLI,10000000259252,N,,,2025/05/16,
3000000015120,1,Informação,,Cli,,N,,,2025/05/16,
3000000015121,1,Caixa Postal,00:00:08,Cli,10000000259260,N,,,2025/05/16,
3000000015122,1,URA Pesquisa NPS,00:02:35,CLi,10000000259261,S,Sim,10.0,2025/05/16,Email11179
3000000015123,1,URA Pesquisa NPS,00:01:09,CLI,10000000259262,S,Sim,10.0,2025/05/16,Email288
3000000015124,1,Caixa Postal,00:00:05,Cli,10000000259260,N,,,2025/05/16,
3000000015125,1,Chamada Não Atendida,00:00:05,,,N,,,2025/05/16,
3000000015126,1,Chamada Não Atendida,,,,N,,,2025/05/16,
3000000015127,1,Caixa Postal,00:00:16,,,N,,,2025/05/16,
3000000015128,1,Caixa Postal,00:00:06,,,N,,,2025/05/16,
3000000015129,1,Caixa Postal,00:00:04,,,N,,,2025/05/16,
3000000015130,1,Não Atende,,CLI,,N,,,2025/05/16,
3000000015131,1,Não Atende,,CLI,,N,,,2025/05/16,
3000000015132,1,Caixa Postal,00:00:13,,,N,,,2025/05/16,
3000000015133,1,Caixa Postal,,CLI,10000000259263,N,,,2025/05/16,
3000000015134,1,Informação,,,,N,,,2025/05/16,
3000000015135,1,URA Pesquisa NPS,00:03:00,Cli,10000000259264,S,Sim,10.0,2025/05/16,Email19156
3000000015136,1,Caixa Postal,00:00:09,CLI,10000000259265,N,,,2025/05/16,
3000000015137,1,Caixa Postal,,Cliente,,N,,,2025/05/15,
3000000015138,1,Caixa Postal,,,,N,,,2025/05/15,
3000000015139,1,Informação,,,,N,,,2025/05/15,
3000000015140,1,Informação,,,,N,,,2025/05/15,
3000000015141,1,Caixa Postal,00:00:08,cli,10000000259266,N,,,2025/05/15,
3000000015142,1,Caixa Postal,00:00:04,,,N,,,2025/05/15,
3000000015143,1,Caixa Postal,00:00:02,,,N,,,2025/05/15,
3000000015144,1,Caixa Postal,,Cliente,10000000259267,N,,,2025/05/15,
3000000015145,1,Caixa Postal,00:00:02,Cliente,10000000259267,N,,,2025/05/15,
3000000015146,1,URA Pesquisa NPS,00:01:09,Cli,10000000259268,S,,,2025/05/15,Email19156
3000000015147,1,Informação,00:00:08,,,N,,,2025/05/15,
3000000015148,1,Caixa Postal,,Cliente,10000000259269,N,,,2025/05/15,
3000000015149,1,Caixa Postal,,Cliente,10000000259269,N,,,2025/05/15,
3000000015150,1,Caixa Postal,00:00:05,CLI,10000000259270,N,,,2025/05/15,
3000000015151,1,URA Pesquisa NPS,00:01:54,Cliente,10000000259267,S,Sim,10.0,2025/05/15,Email8754
3000000015152,1,Caixa Postal,,CLI,10000000259271,N,,,2025/05/15,
3000000015153,1,URA Pesquisa NPS,00:01:53,Cli,10000000259272,S,Sim,10.0,2025/05/15,Email19156
3000000015154,1,Caixa Postal,00:00:11,Cli,10000000259273,N,,,2025/05/15,
3000000015155,1,Caixa Postal,00:00:05,Cli,,N,,,2025/05/15,
3000000015156,1,Caixa Postal,,cli,,N,,,2025/05/15,
3000000015157,1,URA Pesquisa NPS,00:01:31,CLI,10000000259270,S,Sim,10.0,2025/05/15,Email11179
3000000015158,1,Caixa Postal,00:00:11,cli,,N,,,2025/05/15,
3000000015159,1,Caixa Postal,00:00:06,Cli,10000000259273,N,,,2025/05/15,
3000000015160,1,Caixa Postal,00:00:02,cli,,N,,,2025/05/15,
3000000015161,1,Caixa Postal,,,,N,,,2025/05/15,
3000000015162,1,Caixa Postal,,,,N,,,2025/05/15,
3000000015163,1,Caixa Postal,,,,N,,,2025/05/15,
3000000015164,1,Cliente Desligou,00:00:07,,,N,,,2025/05/15,
3000000015165,1,URA Pesquisa NPS,00:06:31,,,S,Sim,10.0,2025/05/15,Email48444
3000000015166,1,Ocupado,,CLI,10000000259271,N,,,2025/05/15,
3000000015167,1,Chamada Não Atendida,,,,N,,,2025/05/15,
3000000015168,1,Chamada Não Atendida,,,,N,,,2025/05/15,
3000000015169,1,Caixa Postal,00:01:11,cli,10000000259274,N,,,2025/05/15,
3000000015170,1,Ligação Muda,00:00:25,Cli,,N,,,2025/05/15,
3000000015171,1,URA Pesquisa NPS,00:00:56,Cli,10000000259275,S,Sim,9.0,2025/05/15,Email585
3000000015172,1,Informação,00:02:09,,,N,,,2025/05/15,
3000000015173,1,Chamada Não Atendida,00:05:32,CLI,10000000259276,N,,,2025/05/15,
3000000015174,1,Ligação Muda,,CLI,10000000259277,N,,,2025/05/15,
3000000015175,1,Caixa Postal,,Cliente,10000000259269,N,,,2025/05/15,
3000000015176,1,Caixa Postal,00:00:18,Cli,10000000259278,N,,,2025/05/15,
3000000015177,1,Caixa Postal,,CLI,10000000259277,N,,,2025/05/15,
3000000015178,1,Ligação Muda,,CLI,10000000259277,N,,,2025/05/15,
3000000015179,1,Ligação Muda,,Cli,10000000259278,N,,,2025/05/15,
3000000015180,1,Caixa Postal,00:00:04,CLI,10000000259277,N,,,2025/05/15,
3000000015181,1,Caixa Postal,,Cli,10000000259278,N,,,2025/05/15,
3000000015182,1,Ligação Muda,00:00:14,,,N,,,2025/05/15,
3000000015183,1,Caixa Postal,00:00:10,,,N,,,2025/05/15,
3000000015184,1,Sent To Voicemail,00:02:27,cli,10000000259279,S,Sim,10.0,2025/05/15,Email48438
3000000015185,1,Não Atende,00:00:03,,,N,,,2025/05/15,
3000000015186,1,Chamada Não Atendida,00:00:04,CLI ,,N,,,2025/05/15,
3000000015187,1,URA Pesquisa NPS,00:01:39,CLl,,S,Sim,10.0,2025/05/15,Email19156
3000000015188,1,Chamada Não Atendida,00:00:03,CLI ,10000000259280,N,,,2025/05/15,
3000000015189,1,URA Pesquisa NPS,00:00:47,Cli,10000000259281,S,Sim,10.0,2025/05/15,Email585
3000000015190,1,URA Pesquisa NPS,00:01:08,Cli,10000000259282,S,Sim,10.0,2025/05/15,Email5371
3000000015191,1,Não Atende,00:00:07,,,N,,,2025/05/15,
3000000015192,1,Caixa Postal,00:00:02,,,N,,,2025/05/15,
3000000015193,1,Caixa Postal,,,,N,,,2025/05/15,
3000000015194,1,Caixa Postal,00:00:00,CLI ,,N,,,2025/05/15,
3000000015195,1,URA Pesquisa NPS,00:01:32,CLI ,10000000259283,S,Sim,10.0,2025/05/15,Email585
3000000015196,1,Cliente Desligou,00:01:06,CLI,10000000259284,N,,,2025/05/15,
3000000015197,1,URA Pesquisa NPS,00:00:43,Cli,10000000259285,S,Sim,10.0,2025/05/15,Email585
3000000015198,1,Caixa Postal,,,,N,,,2025/05/15,
3000000015199,1,Caixa Postal,00:00:06,,,N,,,2025/05/15,
3000000015200,1,Caixa Postal,00:00:05,Cli,,N,,,2025/05/15,
3000000015201,1,URA Pesquisa NPS,00:00:50,Cli,10000000259286,S,Sim,10.0,2025/05/15,Email585
3000000015202,1,Caixa Postal,00:00:14,Cli,10000000259287,N,,,2025/05/15,
3000000015203,1,Caixa Postal,00:00:00,,,N,,,2025/05/15,
3000000015204,1,Caixa Postal,00:00:01,,,N,,,2025/05/15,
3000000015205,1,Caixa Postal,00:00:05,,,N,,,2025/05/15,
3000000015206,1,Protocolo Permanecera em Andamento,00:04:54,Cli,10000000259278,N,,,2025/05/15,
3000000015207,1,URA Pesquisa NPS,00:00:44,Cli,10000000259288,S,Sim,1.0,2025/05/15,Email585
3000000015208,1,URA Pesquisa NPS,00:03:43,Cli,10000000259289,S,Sim,10.0,2025/05/15,Email19156
3000000015209,1,Caixa Postal,,Cli,,N,,,2025/05/15,
3000000015210,1,URA Pesquisa NPS,00:01:14,Cli,10000000259290,S,,,2025/05/15,Email585
3000000015211,1,Caixa Postal,00:00:03,CLI,10000000259257,N,,,2025/05/15,
3000000015212,1,URA Pesquisa NPS,00:02:40,,,S,,,2025/05/15,Email48444
3000000015213,1,Caixa Postal,00:00:05,Cliente,10000000259291,N,,,2025/05/15,
3000000015214,1,Caixa Postal,,Cliente,10000000259291,N,,,2025/05/15,
3000000015215,1,Caixa Postal,00:00:04,,,N,,,2025/05/15,
3000000015216,1,Caixa Postal,00:00:01,,,N,,,2025/05/15,
3000000015217,1,URA Pesquisa NPS,00:00:54,,,S,Sim,9.0,2025/05/15,Email48444
3000000015218,1,URA Pesquisa NPS,00:04:06,CLI,10000000259292,S,Sim,10.0,2025/05/15,Email364
3000000015219,1,Caixa Postal,00:00:03,CLI ,10000000259293,N,,,2025/05/15,
3000000015220,1,Caixa Postal,00:00:02,CLI ,10000000259293,N,,,2025/05/15,
3000000015221,1,Chamada Não Atendida,,,,N,,,2025/05/15,
3000000015222,1,URA Pesquisa NPS,00:05:08,Cli,,S,,,2025/05/15,Email19156
3000000015223,1,Caixa Postal,00:00:02,,,N,,,2025/05/15,
3000000015224,1,Caixa Postal,00:00:09,,,N,,,2025/05/15,
3000000015225,1,Chamada Não Atendida,00:00:01,CLI,10000000259294,N,,,2025/05/15,
3000000015226,1,Chamada Não Atendida,00:00:05,CLI,10000000259294,N,,,2025/05/15,
3000000015227,1,Caixa Postal,00:00:06,Cliente,,N,,,2025/05/15,
3000000015228,1,Caixa Postal,00:00:08,Cliente,,N,,,2025/05/15,
3000000015229,1,Chamada Não Atendida,,CLI,10000000259295,N,,,2025/05/15,
3000000015230,1,Caixa Postal,00:00:08,,,N,,,2025/05/15,
3000000015231,1,Caixa Postal,00:00:02,,,N,,,2025/05/15,
3000000015232,1,Chamada Não Atendida,00:00:07,CLI,10000000259296,N,,,2025/05/15,
3000000015233,1,Ocupado,,CLI ,10000000259297,N,,,2025/05/15,
3000000015234,1,Ocupado,,CLI ,10000000259297,N,,,2025/05/15,
3000000015235,1,Ocupado,,CLI ,10000000259297,N,,,2025/05/15,
3000000015236,1,Caixa Postal,,Cli,10000000259298,N,,,2025/05/15,
3000000015237,1,Caixa Postal,00:00:14,Cli,10000000259298,N,,,2025/05/15,
3000000015238,1,Caixa Postal,,Cli,10000000259298,N,,,2025/05/15,
3000000015239,1,Chamada Não Atendida,,CLI ,10000000259299,N,,,2025/05/15,
3000000015240,1,Informação,00:04:27,CLI ,10000000259299,N,,,2025/05/15,
3000000015241,1,Ocupado,,,,N,,,2025/05/15,
3000000015242,1,Ocupado,,,,N,,,2025/05/15,
3000000015243,1,Caixa Postal,,,,N,,,2025/05/15,
3000000015244,1,Chamada Não Atendida,,,,N,,,2025/05/15,
3000000015245,1,Informação,00:02:43,Cli ,,N,,,2025/05/15,
3000000015246,1,Caixa Postal,00:00:04,Cli,10000000259300,N,,,2025/05/15,
3000000015247,1,Contato de Finalizacao do Protocolo,00:04:39,Cli,10000000259300,S,Sim,10.0,2025/05/15,Email19156
3000000015248,1,URA Pesquisa NPS,00:01:38,Cli,10000000259301,S,Sim,10.0,2025/05/15,Email1615
3000000015249,1,Chamada Não Atendida,,,,N,,,2025/05/15,
3000000015250,1,Chamada Não Atendida,,,,N,,,2025/05/15,
3000000015251,1,URA Pesquisa NPS,00:13:12,CLi,10000000259302,S,Sim,10.0,2025/05/15,Email11179
3000000015252,1,Chamada Não Atendida,00:00:04,,,N,,,2025/05/15,
3000000015253,1,Caixa Postal,00:00:01,,,N,,,2025/05/15,
3000000015254,1,Protocolo Permanecera em Andamento,00:16:50,Cli,10000000259303,N,,,2025/05/15,
3000000015255,1,Informação,,cli,,N,,,2025/05/15,
3000000015256,1,Caixa Postal,,,,N,,,2025/05/15,
3000000015257,1,Caixa Postal,,,,N,,,2025/05/15,
3000000015258,1,Caixa Postal,,,,N,,,2025/05/15,
3000000015259,1,Caixa Postal,00:00:05,,,N,,,2025/05/15,
3000000015260,1,Caixa Postal,00:00:01,,,N,,,2025/05/15,
3000000015261,1,Chamada Não Atendida,,,,N,,,2025/05/15,
3000000015262,1,Chamada Não Atendida,,CLI,10000000259304,N,,,2025/05/15,
3000000015263,1,Caixa Postal,00:00:04,CLI ,10000000259305,N,,,2025/05/15,
3000000015264,1,Chamada Não Atendida,,CLI,10000000259304,N,,,2025/05/15,
3000000015265,1,Chamada Não Atendida,00:00:05,Cliente,,N,,,2025/05/15,
3000000015266,1,Caixa Postal,00:00:03,,,N,,,2025/05/15,
3000000015267,1,Caixa Postal,00:00:10,,,N,,,2025/05/15,
3000000015268,1,Cliente Desligou,00:00:07,Cliente,,N,,,2025/05/15,
3000000015269,1,URA Pesquisa NPS,00:03:05,CLI ,,S,Sim,10.0,2025/05/15,Email19156
3000000015270,1,Caixa Postal,,,,N,,,2025/05/15,
3000000015271,1,Caixa Postal,,,,N,,,2025/05/15,
3000000015272,1,Caixa Postal,00:00:01,,,N,,,2025/05/15,
3000000015273,1,Cliente Desligou,00:00:06,,,N,,,2025/05/15,
3000000015274,1,URA Pesquisa NPS,00:00:42,Cli,10000000259306,S,,,2025/05/15,Email585
3000000015275,1,Caixa Postal,,,,N,,,2025/05/15,
3000000015276,1,Caixa Postal,,,,N,,,2025/05/15,
3000000015277,1,Caixa Postal,,,,N,,,2025/05/15,
3000000015278,1,Caixa Postal,,,,N,,,2025/05/15,
3000000015279,1,Caixa Postal,00:00:15,Cli,10000000259307,N,,,2025/05/15,
3000000015280,1,Caixa Postal,00:00:08,Cli,10000000259307,N,,,2025/05/15,
3000000015281,1,Caixa Postal,00:00:08,cli,10000000259195,N,,,2025/05/15,
3000000015282,1,Protocolo Permanecera em Andamento,00:04:45,Cli,10000000259195,N,,,2025/05/15,
3000000015283,1,Caixa Postal,,,,N,,,2025/05/15,
3000000015284,1,Chamada Não Atendida,00:00:00,CLI ,10000000259308,N,,,2025/05/15,
3000000015285,1,Chamada Não Atendida,,CLI ,10000000259308,N,,,2025/05/15,
3000000015286,1,Ocupado,,CLI,10000000259304,N,,,2025/05/15,
3000000015287,1,Ocupado,,CLI,10000000259304,N,,,2025/05/15,
3000000015288,1,URA Pesquisa NPS,00:03:23,CLI,10000000259304,S,Sim,10.0,2025/05/15,Email296
3000000015289,1,Caixa Postal,,,,N,,,2025/05/15,
3000000015290,1,Caixa Postal,,,,N,,,2025/05/15,
3000000015291,1,Caixa Postal,,,,N,,,2025/05/15,
3000000015292,1,URA Pesquisa NPS,00:00:47,CLI,10000000259309,S,Sim,10.0,2025/05/15,Email296
3000000015293,1,Caixa Postal,,Cli,,N,,,2025/05/15,
3000000015294,1,Caixa Postal,,Cli,,N,,,2025/05/15,
3000000015295,1,URA Pesquisa NPS,00:00:48,Cli,10000000259278,S,,,2025/05/15,Email1615
3000000015296,1,Caixa Postal,00:00:02,,,N,,,2025/05/15,
3000000015297,1,Caixa Postal,00:00:02,,,N,,,2025/05/15,
3000000015298,1,Chamada Não Atendida,00:00:06,,,N,,,2025/05/15,
3000000015299,1,Chamada Não Atendida,00:00:03,,,N,,,2025/05/15,
3000000015300,1,Caixa Postal,00:00:02,,,N,,,2025/05/15,
3000000015301,1,Chamada Não Atendida,,,,N,,,2025/05/15,
3000000015302,1,Chamada Não Atendida,00:00:05,,,N,,,2025/05/15,
3000000015303,1,URA Pesquisa NPS,00:03:46,,,S,Sim,10.0,2025/05/15,Email19156
3000000015304,1,Caixa Postal,00:00:12,Cliente,10000000259198,N,,,2025/05/15,
3000000015305,1,Caixa Postal,00:00:02,,,N,,,2025/05/15,
3000000015306,1,Caixa Postal,00:00:03,,,N,,,2025/05/15,
3000000015307,1,URA Pesquisa NPS,00:02:56,CLI ,10000000259310,S,Sim,10.0,2025/05/15,Email5371
3000000015308,1,Sent To Voicemail,00:08:47,Cli,10000000259311,S,Sim,10.0,2025/05/15,Email19156
3000000015309,1,Informação,00:00:01,,,N,,,2025/05/15,
3000000015310,1,Caixa Postal,00:00:03,,,N,,,2025/05/15,
3000000015311,1,Caixa Postal,,,,N,,,2025/05/15,
3000000015312,1,Caixa Postal,,Cli,,N,,,2025/05/15,
3000000015313,1,Caixa Postal,,Cli,,N,,,2025/05/15,
3000000015314,1,Informação,,,,N,,,2025/05/14,
3000000015315,1,Informação,,,,N,,,2025/05/14,
3000000015316,1,Informação,00:00:02,,,N,,,2025/05/14,
3000000015317,1,Caixa Postal,00:00:08,Cli,10000000259312,N,,,2025/05/14,
3000000015318,1,Informação,00:00:10,CLI,10000000259313,N,,,2025/05/14,
3000000015319,1,Caixa Postal,00:00:09,,,N,,,2025/05/14,
3000000015320,1,Caixa Postal,00:00:16,Cli,10000000259314,N,,,2025/05/14,
3000000015321,1,Caixa Postal,00:00:07,,,N,,,2025/05/14,
3000000015322,1,Caixa Postal,00:00:02,,,N,,,2025/05/14,
3000000015323,1,Caixa Postal,00:00:05,Cli,10000000259314,N,,,2025/05/14,
3000000015324,1,URA Pesquisa NPS,00:00:50,Cli,10000000259315,S,,,2025/05/14,Email585
3000000015325,1,Caixa Postal,,,,N,,,2025/05/14,
3000000015326,1,Caixa Postal,,,,N,,,2025/05/14,
3000000015327,1,Caixa Postal,00:00:04,CLI,10000000259316,N,,,2025/05/14,
3000000015328,1,URA Pesquisa NPS,00:11:25,,,S,Sim,10.0,2025/05/14,Email19156
3000000015329,1,Caixa Postal,00:00:03,Cli,,N,,,2025/05/14,
3000000015330,1,Caixa Postal,,Cli,,N,,,2025/05/14,
3000000015331,1,URA Pesquisa NPS,00:00:50,Cli,10000000259317,S,,,2025/05/14,Email585
3000000015332,1,Caixa Postal,00:00:07,Cli,10000000259318,N,,,2025/05/14,
3000000015333,1,Ligação Muda,,CLI ,10000000259305,N,,,2025/05/14,
3000000015334,1,Ligação Muda,00:00:06,CLI ,10000000259305,N,,,2025/05/14,
3000000015335,1,URA Pesquisa NPS,00:17:11,CLI,10000000259319,S,Sim,10.0,2025/05/14,Email4355
3000000015336,1,Caixa Postal,00:00:08,,,N,,,2025/05/14,
3000000015337,1,Caixa Postal,00:00:05,,,N,,,2025/05/14,
3000000015338,1,Caixa Postal,00:00:03,Cliente,10000000259320,N,,,2025/05/14,
3000000015339,1,Caixa Postal,00:00:15,cli,10000000259321,N,,,2025/05/14,
3000000015340,1,URA Pesquisa NPS,00:02:08,cli,10000000259321,S,Sim,10.0,2025/05/14,Email1615
3000000015341,1,Caixa Postal,00:00:10,Cli,10000000259322,N,,,2025/05/14,
3000000015342,1,Chamada Não Atendida,,,,N,,,2025/05/14,
3000000015343,1,Caixa Postal,00:00:05,CLI ,,N,,,2025/05/14,
3000000015344,1,Caixa Postal,,CLI ,,N,,,2025/05/14,
3000000015345,1,Chamada Não Atendida,,CLI ,10000000259323,N,,,2025/05/14,
3000000015346,1,Caixa Postal,00:00:02,CLI ,,N,,,2025/05/14,
3000000015347,1,Chamada Não Atendida,,CLI,10000000258225,N,,,2025/05/14,
3000000015348,1,Chamada Não Atendida,,,,N,,,2025/05/14,
3000000015349,1,Caixa Postal,00:00:04,CLI,10000000259324,N,,,2025/05/14,
3000000015350,1,Chamada Não Atendida,,CLI,10000000258958,N,,,2025/05/14,
3000000015351,1,Caixa Postal,00:00:00,CLI ,,N,,,2025/05/14,
3000000015352,1,Caixa Postal,00:00:03,CLI ,,N,,,2025/05/14,
3000000015353,1,Caixa Postal,00:00:02,Cliente,10000000259325,N,,,2025/05/14,
3000000015354,1,Sent To Voicemail,00:17:22,CLI ,10000000259323,S,Sim,10.0,2025/05/14,Email372
3000000015355,1,Caixa Postal,,,,N,,,2025/05/14,
3000000015356,1,Caixa Postal,00:00:05,Cli,10000000259326,N,,,2025/05/14,
3000000015357,1,Caixa Postal,00:00:03,CLI,,N,,,2025/05/14,
3000000015358,1,Ocupado,,CLI,,N,,,2025/05/14,
3000000015359,1,Ocupado,,CLI,10000000259327,N,,,2025/05/14,
3000000015360,1,Caixa Postal,00:00:05,Cliente,10000000259328,N,,,2025/05/14,
3000000015361,1,Caixa Postal,00:00:03,,,N,,,2025/05/14,
3000000015362,1,Caixa Postal,00:00:19,,,N,,,2025/05/14,
3000000015363,1,URA Pesquisa NPS,00:00:43,Cliente,10000000259329,S,,,2025/05/14,Email8754
3000000015364,1,Caixa Postal,,Cli,10000000259278,N,,,2025/05/14,
3000000015365,1,Caixa Postal,,Cli,10000000259278,N,,,2025/05/14,
3000000015366,1,Caixa Postal,,Cli,10000000259278,N,,,2025/05/14,
3000000015367,1,Chamada Não Atendida,00:00:10,CLI,10000000259108,N,,,2025/05/14,
3000000015368,1,Ligação Muda,,CLI,10000000259330,N,,,2025/05/14,
3000000015369,1,Ocupado,,CLI,10000000259330,N,,,2025/05/14,
3000000015370,1,Caixa Postal,,Cli,10000000259278,N,,,2025/05/14,
3000000015371,1,Caixa Postal,,cli,10000000259331,N,,,2025/05/14,
3000000015372,1,Caixa Postal,00:00:05,,10000000259332,N,,,2025/05/14,
3000000015373,1,Caixa Postal,00:00:20,Cli,10000000259278,N,,,2025/05/14,
3000000015374,1,Caixa Postal,,,,N,,,2025/05/14,
3000000015375,1,Caixa Postal,,cli,10000000259331,N,,,2025/05/14,
3000000015376,1,Informação,00:00:19,,,N,,,2025/05/14,
3000000015377,1,URA Pesquisa NPS,00:00:47,CLI,10000000259333,S,Sim,8.0,2025/05/14,Email585
3000000015378,1,Agent Error,00:05:13,,,N,,,2025/05/14,
3000000015379,1,Ocupado,,Cliente,10000000259328,N,,,2025/05/14,
3000000015380,1,Cliente Desligou,00:00:12,Cli,,N,,,2025/05/14,
3000000015381,1,Cliente Desligou,00:00:14,Cli,10000000259334,N,,,2025/05/14,
3000000015382,1,Ocupado,,Cliente,,N,,,2025/05/14,
3000000015383,1,Responsavel ausente,,Cliente,,N,,,2025/05/14,
3000000015384,1,Caixa Postal,,,,N,,,2025/05/14,
3000000015385,1,Caixa Postal,00:00:06,cli,,N,,,2025/05/14,
3000000015386,1,Caixa Postal,00:00:21,cli,,N,,,2025/05/14,
3000000015387,1,Chamada Não Atendida,,,,N,,,2025/05/14,
3000000015388,1,Chamada Não Atendida,,,,N,,,2025/05/14,
3000000015389,1,URA Pesquisa NPS,00:00:52,Cli,10000000259335,S,,,2025/05/14,Email585
3000000015390,1,Caixa Postal,00:00:08,cli,,N,,,2025/05/14,
3000000015391,1,Caixa Postal,,cli,,N,,,2025/05/14,
3000000015392,1,Caixa Postal,,cli,,N,,,2025/05/14,
3000000015393,1,Caixa Postal,00:00:03,cli,10000000259336,N,,,2025/05/14,
3000000015394,1,Caixa Postal,00:00:04,cli,,N,,,2025/05/14,
3000000015395,1,Caixa Postal,,,,N,,,2025/05/14,
3000000015396,1,Caixa Postal,00:00:05,,10000000259332,N,,,2025/05/14,
3000000015397,1,Não Atende,,CLI,10000000259330,N,,,2025/05/14,
3000000015398,1,Chamada Não Atendida,00:00:01,,,N,,,2025/05/14,
3000000015399,1,Caixa Postal,,cli,,N,,,2025/05/14,
3000000015400,1,Informação,00:01:29,,,S,,,2025/05/14,Email48444
3000000015401,1,Agent Error,00:03:43,,,N,,,2025/05/14,
3000000015402,1,Caixa Postal,00:00:14,cli,,N,,,2025/05/14,
3000000015403,1,Caixa Postal,00:00:10,cli,,N,,,2025/05/14,
3000000015404,1,Caixa Postal,00:00:09,,,N,,,2025/05/14,
3000000015405,1,URA Pesquisa NPS,00:01:00,CLI ,10000000259337,S,Sim,10.0,2025/05/14,Email4355
3000000015406,1,Chamada Não Atendida,,Cli,10000000259326,N,,,2025/05/14,
3000000015407,1,Caixa Postal,,CLI ,10000000259338,N,,,2025/05/14,
3000000015408,1,Caixa Postal,,CLI ,10000000259338,N,,,2025/05/14,
3000000015409,1,Caixa Postal,00:00:00,Cli,,N,,,2025/05/14,
3000000015410,1,Caixa Postal,00:00:05,,,N,,,2025/05/14,
3000000015411,1,Caixa Postal,00:00:02,,,N,,,2025/05/14,
3000000015412,1,Não Atende,,,10000000259339,N,,,2025/05/14,
3000000015413,1,Responsavel ausente,00:02:04,,,N,,,2025/05/14,
3000000015414,1,Sent To Voicemail,00:01:08,,,S,Sim,10.0,2025/05/14,Email45
3000000015415,1,Contato de Finalizacao do Protocolo,00:04:18,,,N,,,2025/05/14,
3000000015416,1,URA Pesquisa NPS,00:00:54,cli,10000000259340,S,Sim,9.0,2025/05/14,Email48439
3000000015417,1,Caixa Postal,00:00:19,,,N,,,2025/05/14,
3000000015418,1,Não Atende,00:00:08,CLI,,N,,,2025/05/14,
3000000015419,1,Caixa Postal,00:00:11,,,N,,,2025/05/14,
3000000015420,1,Caixa Postal,00:00:05,Cli,,N,,,2025/05/14,
3000000015421,1,Chamada Não Atendida,,,,N,,,2025/05/14,
3000000015422,1,Cliente Desligou,00:00:06,,,N,,,2025/05/14,
3000000015423,1,Caixa Postal,00:00:03,,,N,,,2025/05/14,
3000000015424,1,URA Pesquisa NPS,00:01:54,Cli,10000000259341,S,Sim,10.0,2025/05/14,Email5371
3000000015425,1,URA Pesquisa NPS,00:01:44,CLI,10000000259342,S,Sim,,2025/05/14,Email45
3000000015426,1,Caixa Postal,,CLI ,,N,,,2025/05/14,
3000000015427,1,Caixa Postal,,CLI ,,N,,,2025/05/14,
3000000015428,1,Contato de Finalizacao do Protocolo,00:01:11,,,N,,,2025/05/14,
3000000015429,1,Caixa Postal,00:00:10,Cli,10000000259343,N,,,2025/05/14,
3000000015430,1,Contato de Finalizacao do Protocolo,00:09:40,,,N,,,2025/05/14,
3000000015431,1,Caixa Postal,00:00:01,Cli,,N,,,2025/05/14,
3000000015432,1,URA Pesquisa NPS,00:00:49,Cli,10000000259344,S,Sim,10.0,2025/05/14,Email585
3000000015433,1,Caixa Postal,00:00:03,Cli,10000000259343,N,,,2025/05/14,
3000000015434,1,Contato de Finalizacao do Protocolo,00:02:51,Cli,10000000259343,N,,,2025/05/14,
3000000015435,1,Caixa Postal,00:00:03,,,N,,,2025/05/14,
3000000015436,1,Caixa Postal,00:00:03,,,N,,,2025/05/14,
3000000015437,1,Caixa Postal,00:00:07,CLI,10000000259345,N,,,2025/05/14,
3000000015438,1,Caixa Postal,,CLI,,N,,,2025/05/14,
3000000015439,1,Caixa Postal,00:00:04,CLI ,,N,,,2025/05/14,
3000000015440,1,Caixa Postal,00:00:06,CLI ,,N,,,2025/05/14,
3000000015441,1,Chamada Não Atendida,,,,N,,,2025/05/14,
3000000015442,1,Caixa Postal,,,,N,,,2025/05/14,
3000000015443,1,Chamada Não Atendida,00:00:03,,,N,,,2025/05/14,
3000000015444,1,Chamada Não Atendida,00:00:00,,,N,,,2025/05/14,
3000000015445,1,Chamada Não Atendida,00:00:03,,,N,,,2025/05/14,
3000000015446,1,Chamada Não Atendida,00:00:05,,,N,,,2025/05/14,
3000000015447,1,Caixa Postal,00:00:03,Cli,,N,,,2025/05/14,
3000000015448,1,Chamada Não Atendida,,,,N,,,2025/05/14,
3000000015449,1,Caixa Postal,00:00:05,Cli,,N,,,2025/05/14,
3000000015450,1,Caixa Postal,,,,N,,,2025/05/14,
3000000015451,1,Caixa Postal,,,,N,,,2025/05/14,
3000000015452,1,Caixa Postal,,,,N,,,2025/05/14,
3000000015453,1,Caixa Postal,,,,N,,,2025/05/14,
3000000015454,1,Informação,00:00:58,,,N,,,2025/05/14,
3000000015455,1,Caixa Postal,00:00:08,,,N,,,2025/05/14,
3000000015456,1,Caixa Postal,00:00:03,,,N,,,2025/05/14,
3000000015457,1,Caixa Postal,,,,N,,,2025/05/14,
3000000015458,1,Caixa Postal,,,,N,,,2025/05/14,
3000000015459,1,Caixa Postal,00:00:04,CLI,10000000259346,N,,,2025/05/14,
3000000015460,1,Caixa Postal,00:00:04,Cli,,N,,,2025/05/14,
3000000015461,1,URA Pesquisa NPS,00:02:23,CLI,10000000259347,S,Sim,10.0,2025/05/14,Email4355
3000000015462,1,Cliente Desligou,00:00:06,,,N,,,2025/05/14,
3000000015463,1,Caixa Postal,00:00:02,,,N,,,2025/05/14,
3000000015464,1,Caixa Postal,,,,N,,,2025/05/14,
3000000015465,1,Caixa Postal,,,,N,,,2025/05/14,
3000000015466,1,Caixa Postal,00:00:11,Cli,10000000259348,N,,,2025/05/14,
3000000015467,1,Caixa Postal,00:00:07,Cli,10000000259348,N,,,2025/05/14,
3000000015468,1,Não Atende,00:00:12,,10000000259349,N,,,2025/05/14,
3000000015469,1,Informação,00:04:06,cli,,N,,,2025/05/14,
3000000015470,1,URA Pesquisa NPS,00:00:55,Cli,10000000259350,S,Sim,10.0,2025/05/14,Email585
3000000015471,1,URA Pesquisa NPS,00:03:57,Cli,10000000259351,S,,,2025/05/14,Email1615
3000000015472,1,Caixa Postal,00:00:07,,,N,,,2025/05/14,
3000000015473,1,Caixa Postal,,,,N,,,2025/05/14,
3000000015474,1,Dados incorretos do cliente,,cli,10000000259352,N,,,2025/05/14,
3000000015475,1,Caixa Postal,00:00:05,cli,10000000259352,N,,,2025/05/14,
3000000015476,1,Informação,00:00:08,,,N,,,2025/05/14,
3000000015477,1,URA Pesquisa NPS,00:01:51,,10000000259353,S,Sim,10.0,2025/05/14,Email45
3000000015478,1,URA Pesquisa NPS,00:02:01,Cli,10000000259351,S,,,2025/05/14,Email1615
3000000015479,1,Chamada Não Atendida,,,,N,,,2025/05/14,
3000000015480,1,Caixa Postal,00:00:04,,,N,,,2025/05/14,
3000000015481,1,Caixa Postal,,,,N,,,2025/05/14,
3000000015482,1,Caixa Postal,,,,N,,,2025/05/14,
3000000015483,1,Cliente Desligou,00:00:07,,,N,,,2025/05/14,
3000000015484,1,Caixa Postal,,,,N,,,2025/05/14,
3000000015485,1,Caixa Postal,,cli,10000000259354,N,,,2025/05/14,
3000000015486,1,Informação,,CLIENTE,,N,,,2025/05/14,
3000000015487,1,Caixa Postal,,Cliente,10000000259355,N,,,2025/05/14,
3000000015488,1,URA Pesquisa NPS,00:01:01,Cliente,10000000259356,S,Sim,10.0,2025/05/14,Email8754
3000000015489,1,Cliente Desligou,00:00:18,,,N,,,2025/05/14,
3000000015490,1,Caixa Postal,,,,N,,,2025/05/14,
3000000015491,1,Caixa Postal,,Cli,10000000259357,N,,,2025/05/14,
3000000015492,1,Caixa Postal,,,,N,,,2025/05/14,
3000000015493,1,Caixa Postal,00:00:10,,,N,,,2025/05/14,
3000000015494,1,Informação,,cli,,N,,,2025/05/14,
3000000015495,1,Sent To Voicemail,00:08:28,Cli,,S,Sim,8.0,2025/05/14,Email19156
3000000015496,1,Chamada Não Atendida,00:00:04,CLI ,10000000259358,N,,,2025/05/14,
3000000015497,1,Chamada Não Atendida,00:00:00,CLI ,10000000259358,N,,,2025/05/14,
3000000015498,1,Informação,00:08:12,Cli,,N,,,2025/05/13,
3000000015499,1,Caixa Postal,00:00:04,cli,10000000259359,N,,,2025/05/13,
3000000015500,1,Caixa Postal,00:00:04,,,N,,,2025/05/13,
3000000015501,1,Agent Error,00:02:22,,,N,,,2025/05/13,
3000000015502,1,Caixa Postal,00:00:09,,,N,,,2025/05/13,
3000000015503,1,Caixa Postal,00:00:01,,,N,,,2025/05/13,
3000000015504,1,Caixa Postal,00:00:10,,,N,,,2025/05/13,
3000000015505,1,Contato de Finalizacao do Protocolo,00:00:10,,,N,,,2025/05/13,
3000000015506,1,URA Pesquisa NPS,00:02:15,Cli,10000000259360,S,Sim,10.0,2025/05/13,Email1615
3000000015507,1,Caixa Postal,00:00:07,,,N,,,2025/05/13,
3000000015508,1,Caixa Postal,,cli,,N,,,2025/05/13,
3000000015509,1,Caixa Postal,,cli,,N,,,2025/05/13,
3000000015510,1,Caixa Postal,,cli,,N,,,2025/05/13,
3000000015511,1,Caixa Postal,00:00:09,,,N,,,2025/05/13,
3000000015512,1,Informação,,,,N,,,2025/05/13,
3000000015513,1,Caixa Postal,,,,N,,,2025/05/13,
3000000015514,1,Caixa Postal,,,,N,,,2025/05/13,
3000000015515,1,Caixa Postal,,,,N,,,2025/05/13,
3000000015516,1,Caixa Postal,00:00:02,Cliente,10000000259361,N,,,2025/05/13,
3000000015517,1,URA Pesquisa NPS,00:01:26,Cli,10000000259362,S,Sim,5.0,2025/05/13,Email585
3000000015518,1,URA Pesquisa NPS,00:11:29,CLI,10000000259363,S,Sim,10.0,2025/05/13,Email4355
3000000015519,1,Caixa Postal,00:00:03,,,N,,,2025/05/13,
3000000015520,1,Caixa Postal,,,,N,,,2025/05/13,
3000000015521,1,Caixa Postal,,,,N,,,2025/05/13,
3000000015522,1,Caixa Postal,,,,N,,,2025/05/13,
3000000015523,1,Caixa Postal,,cli,,N,,,2025/05/13,
3000000015524,1,Caixa Postal,,cli,,N,,,2025/05/13,
3000000015525,1,Caixa Postal,,cli,,N,,,2025/05/13,
3000000015526,1,Caixa Postal,,cli,,N,,,2025/05/13,
3000000015527,1,Caixa Postal,,cli,,N,,,2025/05/13,
3000000015528,1,Cliente Desligou,00:00:07,Cli,10000000259364,N,,,2025/05/13,
3000000015529,1,URA Pesquisa NPS,00:00:55,Cli,10000000259364,S,,,2025/05/13,Email585
3000000015530,1,URA Pesquisa NPS,00:01:08,cli,10000000259365,S,,,2025/05/13,Email585
3000000015531,1,Caixa Postal,,,,N,,,2025/05/13,
3000000015532,1,Caixa Postal,00:00:00,,,N,,,2025/05/13,
3000000015533,1,URA Pesquisa NPS,00:00:52,Cli,10000000259366,S,Sim,,2025/05/13,Email585
3000000015534,1,Caixa Postal,,,,N,,,2025/05/13,
3000000015535,1,Caixa Postal,00:00:03,,,N,,,2025/05/13,
3000000015536,1,URA Pesquisa NPS,00:01:25,CLI,10000000259367,S,Sim,10.0,2025/05/13,Email4355
3000000015537,1,Caixa Postal,00:00:08,,,N,,,2025/05/13,
3000000015538,1,Informação,,,,N,,,2025/05/13,
3000000015539,1,Caixa Postal,00:00:03,cli,10000000259368,N,,,2025/05/13,
3000000015540,1,Caixa Postal,00:00:01,cli,10000000259368,N,,,2025/05/13,
3000000015541,1,Informação,,,,N,,,2025/05/13,
3000000015542,1,Informação,00:00:05,Cli,10000000259369,N,,,2025/05/13,
3000000015543,1,Contato de Finalizacao do Protocolo,00:00:35,,,N,,,2025/05/13,
3000000015544,1,Caixa Postal,,,,N,,,2025/05/13,
3000000015545,1,Caixa Postal,00:00:08,CLI,10000000259370,N,,,2025/05/13,
3000000015546,1,Caixa Postal,00:00:03,CLI,10000000259370,N,,,2025/05/13,
3000000015547,1,Informação,00:08:30,,,S,,,2025/05/13,Email48444
3000000015548,1,Chamada Não Atendida,00:00:04,Cli,10000000259371,N,,,2025/05/13,
3000000015549,1,Chamada Não Atendida,,Cli,10000000259371,N,,,2025/05/13,
3000000015550,1,URA Pesquisa NPS,00:00:59,Cli,10000000259372,S,Sim,9.0,2025/05/13,Email585
3000000015551,1,Caixa Postal,00:00:03,,,N,,,2025/05/13,
3000000015552,1,Caixa Postal,,,,N,,,2025/05/13,
3000000015553,1,Caixa Postal,00:00:08,,,N,,,2025/05/13,
3000000015554,1,Caixa Postal,00:00:06,,,N,,,2025/05/13,
3000000015555,1,Caixa Postal,00:00:10,Cli,10000000259373,N,,,2025/05/13,
3000000015556,1,URA Pesquisa NPS,00:02:48,Cli,10000000259374,S,Sim,10.0,2025/05/13,Email48438
3000000015557,1,Caixa Postal,00:00:04,,,N,,,2025/05/13,
3000000015558,1,Caixa Postal,00:00:01,,,N,,,2025/05/13,
3000000015559,1,Caixa Postal,00:00:05,,,N,,,2025/05/13,
3000000015560,1,Caixa Postal,,,,N,,,2025/05/13,
3000000015561,1,Caixa Postal,,,,N,,,2025/05/13,
3000000015562,1,Caixa Postal,,CLI,10000000259375,N,,,2025/05/13,
3000000015563,1,Caixa Postal,00:00:07,,,N,,,2025/05/13,
3000000015564,1,Caixa Postal,,,,N,,,2025/05/13,
3000000015565,1,Caixa Postal,,,,N,,,2025/05/13,
3000000015566,1,Cliente Desligou,00:00:08,CLI,,N,,,2025/05/13,
3000000015567,1,URA Pesquisa NPS,00:02:25,CLI,,S,Sim,10.0,2025/05/13,Email48444
3000000015568,1,Caixa Postal,00:00:11,Cli,10000000259376,N,,,2025/05/13,
3000000015569,1,Caixa Postal,00:00:03,Cli,,N,,,2025/05/13,
3000000015570,1,URA Pesquisa NPS,00:03:10,Cliente,10000000259377,S,Sim,5.0,2025/05/13,Email48438
3000000015571,1,URA Pesquisa NPS,00:01:23,,,S,Sim,10.0,2025/05/13,Email48444
3000000015572,1,Informação,,cli,10000000259378,N,,,2025/05/13,
3000000015573,1,Ocupado,,cli,,N,,,2025/05/13,
3000000015574,1,URA Pesquisa NPS,00:01:38,,,S,Sim,10.0,2025/05/13,Email48444
3000000015575,1,Informação,,,,N,,,2025/05/13,
3000000015576,1,Não Atende,,,,N,,,2025/05/13,
3000000015577,1,Caixa Postal,,,,N,,,2025/05/13,
3000000015578,1,Caixa Postal,,,,N,,,2025/05/13,
3000000015579,1,Caixa Postal,,,,N,,,2025/05/13,
3000000015580,1,URA Pesquisa NPS,00:03:04,CLI,10000000259379,S,Sim,10.0,2025/05/13,Email4194
3000000015581,1,Caixa Postal,,cli,10000000259380,N,,,2025/05/13,
3000000015582,1,Chamada Não Atendida,,CLI,10000000259381,N,,,2025/05/13,
3000000015583,1,Caixa Postal,,Cli,,N,,,2025/05/13,
3000000015584,1,Caixa Postal,,,,N,,,2025/05/13,
3000000015585,1,Não Atende,,Cli,,N,,,2025/05/13,
3000000015586,1,Caixa Postal,,cli ,,N,,,2025/05/13,
3000000015587,1,Caixa Postal,,cli ,,N,,,2025/05/13,
3000000015588,1,Caixa Postal,00:00:05,CLI,10000000259382,N,,,2025/05/13,
3000000015589,1,Caixa Postal,00:00:10,CLI,,N,,,2025/05/13,
3000000015590,1,Caixa Postal,00:00:05,,,N,,,2025/05/13,
3000000015591,1,Caixa Postal,00:00:02,,,N,,,2025/05/13,
3000000015592,1,Caixa Postal,,,,N,,,2025/05/13,
3000000015593,1,URA Pesquisa NPS,00:05:33,Cli,10000000259383,S,Sim,9.0,2025/05/13,Email19156
3000000015594,1,Chamada Não Atendida,,,,N,,,2025/05/13,
3000000015595,1,URA Pesquisa NPS,00:00:52,CLI,10000000259384,S,Sim,,2025/05/13,Email585
3000000015596,1,Caixa Postal,,CLI,10000000259385,N,,,2025/05/13,
3000000015597,1,Chamada Não Atendida,,CLI,,N,,,2025/05/13,
3000000015598,1,Caixa Postal,00:00:01,CLI,10000000259386,N,,,2025/05/13,
3000000015599,1,Chamada Não Atendida,,CLI,10000000259386,N,,,2025/05/13,
3000000015600,1,URA Pesquisa NPS,00:00:55,CLI,10000000259387,S,Sim,10.0,2025/05/13,Email585
3000000015601,1,Caixa Postal,00:00:17,CLI,,N,,,2025/05/13,
3000000015602,1,URA Pesquisa NPS,00:01:07,Cli,10000000259388,S,,,2025/05/13,Email48443
3000000015603,1,URA Pesquisa NPS,00:00:59,,,S,Sim,10.0,2025/05/13,Email48444
3000000015604,1,Caixa Postal,,,,N,,,2025/05/13,
3000000015605,1,Caixa Postal,,,,N,,,2025/05/13,
3000000015606,1,Ocupado,,cli,10000000259389,N,,,2025/05/13,
3000000015607,1,Informação,00:01:52,,,N,,,2025/05/13,
3000000015608,1,Caixa Postal,00:00:03,,,N,,,2025/05/13,
3000000015609,1,Chamada Não Atendida,,,,N,,,2025/05/13,
3000000015610,1,Ocupado,00:00:21,CLI,,N,,,2025/05/13,
3000000015611,1,URA Pesquisa NPS,00:01:37,CLI,10000000259390,S,Sim,,2025/05/13,Email585
3000000015612,1,Ocupado,,,,N,,,2025/05/13,
3000000015613,1,Ocupado,,,,N,,,2025/05/13,
3000000015614,1,URA Pesquisa NPS,00:04:43,Cli,10000000259391,S,Sim,10.0,2025/05/13,Email1615
3000000015615,1,URA Pesquisa NPS,00:00:57,cli,10000000259392,S,Sim,7.0,2025/05/13,Email288
3000000015616,1,Caixa Postal,00:00:02,CLI,10000000259393,N,,,2025/05/13,
3000000015617,1,Não Atende,,cli,10000000259394,N,,,2025/05/13,
3000000015618,1,Caixa Postal,00:00:07,CLI,10000000259393,N,,,2025/05/13,
3000000015619,1,Caixa Postal,,,,N,,,2025/05/13,
3000000015620,1,Caixa Postal,00:00:03,,,N,,,2025/05/13,
3000000015621,1,Caixa Postal,,,,N,,,2025/05/13,
3000000015622,1,Caixa Postal,,,,N,,,2025/05/13,
3000000015623,1,Caixa Postal,,,,N,,,2025/05/13,
3000000015624,1,URA Pesquisa NPS,00:01:08,Cli,10000000259395,S,Sim,,2025/05/13,Email5371
3000000015625,1,Caixa Postal,,,,N,,,2025/05/13,
3000000015626,1,Informação,,Cliente,,N,,,2025/05/13,
3000000015627,1,URA Pesquisa NPS,00:03:56,Cli,10000000259396,S,,,2025/05/13,Email5371
3000000015628,1,Informação,00:20:45,,,N,,,2025/05/13,
3000000015629,1,Caixa Postal,00:00:04,Cli,10000000259397,N,,,2025/05/13,
3000000015630,1,Caixa Postal,00:00:04,,,N,,,2025/05/13,
3000000015631,1,Caixa Postal,,CLI,10000000259398,N,,,2025/05/13,
3000000015632,1,Caixa Postal,00:00:02,,,N,,,2025/05/13,
3000000015633,1,Caixa Postal,,CLI,10000000259398,N,,,2025/05/13,
3000000015634,1,Caixa Postal,00:00:18,CLI,,N,,,2025/05/13,
3000000015635,1,Caixa Postal,,cli,10000000259399,N,,,2025/05/13,
3000000015636,1,Caixa Postal,,cli,,N,,,2025/05/13,
3000000015637,1,Caixa Postal,,Cliente,,N,,,2025/05/13,
3000000015638,1,Caixa Postal,00:00:04,CLI,,N,,,2025/05/13,
3000000015639,1,Caixa Postal,00:00:05,cli,10000000259400,N,,,2025/05/13,
3000000015640,1,Caixa Postal,00:00:04,cli,10000000259400,N,,,2025/05/13,
3000000015641,1,Caixa Postal,,Cliente,,N,,,2025/05/13,
3000000015642,1,Caixa Postal,00:00:03,cli,,N,,,2025/05/13,
3000000015643,1,Dados incorretos do cliente,,cli,,N,,,2025/05/13,
3000000015644,1,Responsavel ausente,00:01:17,CLI,10000000259394,N,,,2025/05/13,
3000000015645,1,Caixa Postal,00:02:07,,,N,,,2025/05/13,
3000000015646,1,Caixa Postal,00:00:22,cli,,N,,,2025/05/13,
3000000015647,1,Caixa Postal,00:00:06,cli,,N,,,2025/05/13,
3000000015648,1,Sent To Voicemail,00:04:48,cli,10000000259401,S,Sim,10.0,2025/05/13,Email4355
3000000015649,1,Dados incorretos do cliente,00:00:13,CLI ,10000000259402,N,,,2025/05/13,
3000000015650,1,Caixa Postal,00:00:03,,,N,,,2025/05/13,
3000000015651,1,Caixa Postal,,,,N,,,2025/05/13,
3000000015652,1,Caixa Postal,00:00:01,cli,10000000259403,N,,,2025/05/13,
3000000015653,1,URA Pesquisa NPS,00:02:21,cli,10000000259403,S,,,2025/05/13,Email48438
3000000015654,1,Chamada Não Atendida,00:00:05,Cli,,N,,,2025/05/13,
3000000015655,1,URA Pesquisa NPS,00:00:05,,,S,Sim,10.0,2025/05/13,Email4355
3000000015656,1,Sent To Voicemail,00:00:08,,,S,Sim,10.0,2025/05/13,Email4355
3000000015657,1,Chamada Não Atendida,,,,N,,,2025/05/13,
3000000015658,1,Chamada Não Atendida,,,,N,,,2025/05/13,
3000000015659,1,Caixa Postal,00:00:12,Cli,10000000259404,N,,,2025/05/13,
3000000015660,1,Sent To Voicemail,00:23:23,CLI,10000000259405,S,Sim,1.0,2025/05/13,Email4355
3000000015661,1,Informação,,cli,,N,,,2025/05/13,
3000000015662,1,Caixa Postal,00:00:02,,,N,,,2025/05/13,
3000000015663,1,Caixa Postal,,,,N,,,2025/05/13,
3000000015664,1,Caixa Postal,00:00:09,Cliente,10000000259406,N,,,2025/05/13,
3000000015665,1,Ocupado,,Cliente,10000000259406,N,,,2025/05/13,
3000000015666,1,Informação,00:01:41,,,N,,,2025/05/13,
3000000015667,1,Caixa Postal,00:00:05,Cli,10000000259264,N,,,2025/05/13,
3000000015668,1,Caixa Postal,00:00:06,Cli,,N,,,2025/05/13,
3000000015669,1,Caixa Postal,00:00:06,Cli,,N,,,2025/05/13,
3000000015670,1,Informação,,,,N,,,2025/05/13,
3000000015671,1,Caixa Postal,00:00:05,CLI,,N,,,2025/05/13,
3000000015672,1,Caixa Postal,,CLI,,N,,,2025/05/13,
3000000015673,1,Ocupado,,Cliente,,N,,,2025/05/13,
3000000015674,1,Caixa Postal,00:00:07,cli,10000000258984,N,,,2025/05/13,
3000000015675,1,Caixa Postal,00:00:05,cli,,N,,,2025/05/13,
3000000015676,1,Caixa Postal,00:00:06,cli,,N,,,2025/05/13,
3000000015677,1,Caixa Postal,00:00:02,Cli,,N,,,2025/05/13,
3000000015678,1,URA Pesquisa NPS,00:00:41,Cli,10000000259407,S,Nao,10.0,2025/05/13,Email585
3000000015679,1,Chamada Não Atendida,00:00:22,CLI ,10000000259408,N,,,2025/05/13,
3000000015680,1,Chamada Não Atendida,00:00:08,CLI ,10000000259408,N,,,2025/05/13,
3000000015681,1,Chamada Não Atendida,00:00:07,CLI ,10000000259408,N,,,2025/05/13,
3000000015682,1,Dados incorretos do cliente,,,,N,,,2025/05/13,
3000000015683,1,Caixa Postal,00:00:16,,,N,,,2025/05/13,
3000000015684,1,Chamada Não Atendida,,,,N,,,2025/05/13,
3000000015685,1,Caixa Postal,00:00:05,,,N,,,2025/05/13,
3000000015686,1,Contato de Finalizacao do Protocolo,00:01:02,CLI,10000000259409,N,,,2025/05/13,
3000000015687,1,Caixa Postal,00:00:03,,,N,,,2025/05/13,
3000000015688,1,Caixa Postal,,,,N,,,2025/05/13,
3000000015689,1,Caixa Postal,,CLI,10000000259410,N,,,2025/05/13,
3000000015690,1,URA Pesquisa NPS,00:02:27,CLI,10000000259409,S,,,2025/05/13,Email4355
3000000015691,1,Informação,00:00:02,cli,,N,,,2025/05/13,
3000000015692,1,Caixa Postal,,CLI,,N,,,2025/05/13,
3000000015693,1,Caixa Postal,00:00:04,CLI,10000000259410,N,,,2025/05/13,
3000000015694,1,Caixa Postal,,CLI,,N,,,2025/05/13,
3000000015695,1,Não Atende,00:00:04,,10000000259411,N,,,2025/05/12,
3000000015696,1,Não Atende,00:00:01,,10000000259412,N,,,2025/05/12,
3000000015697,1,Sent To Voicemail,00:06:40,,,S,Sim,1.0,2025/05/12,Email48444
3000000015698,1,Caixa Postal,00:00:12,cli,,N,,,2025/05/12,
3000000015699,1,Informação,00:01:53,cli,,N,,,2025/05/12,
3000000015700,1,Caixa Postal,00:00:04,CLI,,N,,,2025/05/12,
3000000015701,1,Ligação Muda,00:00:55,,,N,,,2025/05/12,
3000000015702,1,Cliente Desligou,00:00:05,,,N,,,2025/05/12,
3000000015703,1,Cliente Desligou,00:00:30,,,N,,,2025/05/12,
3000000015704,1,URA Pesquisa NPS,00:09:56,,,S,Sim,10.0,2025/05/12,Email48444
3000000015705,1,Ligação Muda,00:00:42,,,N,,,2025/05/12,
3000000015706,1,URA Pesquisa NPS,00:01:32,,10000000259412,S,,,2025/05/12,Email45
3000000015707,1,Não Atende,00:00:05,,,N,,,2025/05/12,
3000000015708,1,URA Pesquisa NPS,00:02:08,cli,10000000259413,S,Sim,9.0,2025/05/12,Email48443
3000000015709,1,URA Pesquisa NPS,00:03:39,Cli,10000000259414,S,Sim,10.0,2025/05/12,Email19156
3000000015710,1,URA Pesquisa NPS,00:01:45,cli,10000000259415,S,Sim,10.0,2025/05/12,Email48443
3000000015711,1,Caixa Postal,00:00:10,,,N,,,2025/05/12,
3000000015712,1,Caixa Postal,00:00:08,Cli,,N,,,2025/05/12,
3000000015713,1,Caixa Postal,00:00:19,Cli,,N,,,2025/05/12,
3000000015714,1,Caixa Postal,,,,N,,,2025/05/12,
3000000015715,1,Caixa Postal,,,,N,,,2025/05/12,
3000000015716,1,URA Pesquisa NPS,00:05:25,CLI,10000000259416,S,Sim,10.0,2025/05/12,Email48443
3000000015717,1,Caixa Postal,00:00:04,cli,10000000259417,N,,,2025/05/12,
3000000015718,1,Caixa Postal,00:00:01,cli,10000000259417,N,,,2025/05/12,
3000000015719,1,Caixa Postal,,Cli,10000000259418,N,,,2025/05/12,
3000000015720,1,Caixa Postal,00:00:10,cli,10000000259321,N,,,2025/05/12,
3000000015721,1,Caixa Postal,00:00:05,cli,10000000259321,N,,,2025/05/12,
3000000015722,1,Caixa Postal,,,,N,,,2025/05/12,
3000000015723,1,Caixa Postal,,,,N,,,2025/05/12,
3000000015724,1,Caixa Postal,00:00:08,Cli,10000000259419,N,,,2025/05/12,
3000000015725,1,Caixa Postal,,cli,,N,,,2025/05/12,
3000000015726,1,Caixa Postal,,cli,,N,,,2025/05/12,
3000000015727,1,URA Pesquisa NPS,00:01:13,Cli,10000000259360,S,Sim,10.0,2025/05/12,Email1615
3000000015728,1,Ocupado,,,,N,,,2025/05/12,
3000000015729,1,Ocupado,,,,N,,,2025/05/12,
3000000015730,1,Caixa Postal,,Cli,10000000259420,N,,,2025/05/12,
3000000015731,1,Caixa Postal,,Cli,10000000259420,N,,,2025/05/12,
3000000015732,1,Ocupado,,,,N,,,2025/05/12,
3000000015733,1,Chamada Não Atendida,00:00:04,,,N,,,2025/05/12,
3000000015734,1,Informação,00:00:46,,,N,,,2025/05/12,
3000000015735,1,Caixa Postal,00:00:04,,,N,,,2025/05/12,
3000000015736,1,Caixa Postal,00:00:19,,,N,,,2025/05/12,
3000000015737,1,Caixa Postal,,,,N,,,2025/05/12,
3000000015738,1,Caixa Postal,,,,N,,,2025/05/12,
3000000015739,1,Caixa Postal,00:00:03,,,N,,,2025/05/12,
3000000015740,1,URA Pesquisa NPS,00:00:46,,,S,,,2025/05/12,Email48444
3000000015741,1,Cliente Desligou,00:00:04,cliente,10000000259421,N,,,2025/05/12,
3000000015742,1,Caixa Postal,00:00:01,,,N,,,2025/05/12,
3000000015743,1,Caixa Postal,00:00:01,,,N,,,2025/05/12,
3000000015744,1,Informação,00:00:19,,,N,,,2025/05/12,
3000000015745,1,URA Pesquisa NPS,00:02:07,,,S,,,2025/05/12,Email48444
3000000015746,1,Informação,,,,N,,,2025/05/12,
3000000015747,1,Caixa Postal,,,,N,,,2025/05/12,
3000000015748,1,Não Atende,00:00:01,,10000000259422,N,,,2025/05/12,
3000000015749,1,Não Atende,00:00:01,,,N,,,2025/05/12,
3000000015750,1,Não Atende,,,10000000259422,N,,,2025/05/12,
3000000015751,1,Caixa Postal,00:00:01,,,N,,,2025/05/12,
3000000015752,1,Caixa Postal,00:00:01,,,N,,,2025/05/12,
3000000015753,1,Caixa Postal,00:00:07,,,N,,,2025/05/12,
3000000015754,1,Caixa Postal,00:00:05,cli,10000000259423,N,,,2025/05/12,
3000000015755,1,Caixa Postal,00:00:03,cli,10000000259423,N,,,2025/05/12,
3000000015756,1,Chamada Não Atendida,,CLI ,10000000259424,N,,,2025/05/12,
3000000015757,1,Chamada Não Atendida,,CLI ,10000000259424,N,,,2025/05/12,
3000000015758,1,Informação,,,,N,,,2025/05/12,
3000000015759,1,Informação,,,,N,,,2025/05/12,
3000000015760,1,Chamada Não Atendida,,,,N,,,2025/05/12,
3000000015761,1,Não Atende,,,,N,,,2025/05/12,
3000000015762,1,Sent To Voicemail,00:00:59,,,S,Sim,10.0,2025/05/12,Email48444
3000000015763,1,Não Atende,00:00:04,,10000000259422,N,,,2025/05/12,
3000000015764,1,Caixa Postal,00:00:04,Cli,10000000259425,N,,,2025/05/12,
3000000015765,1,URA Pesquisa NPS,00:04:31,Cli,10000000259425,S,,,2025/05/12,Email19156
3000000015766,1,Caixa Postal,00:00:05,,,N,,,2025/05/12,
3000000015767,1,Caixa Postal,00:00:09,,,N,,,2025/05/12,
3000000015768,1,URA Pesquisa NPS,00:01:52,CLI,10000000259426,S,Sim,9.0,2025/05/12,Email4355
3000000015769,1,Chamada Não Atendida,,,,N,,,2025/05/12,
3000000015770,1,Ligação Muda,00:00:14,,,N,,,2025/05/12,
3000000015771,1,Caixa Postal,00:00:04,,,N,,,2025/05/12,
3000000015772,1,Caixa Postal,00:00:05,CLI ,10000000259424,N,,,2025/05/12,
3000000015773,1,Caixa Postal,00:00:04,Cli,10000000259427,N,,,2025/05/12,
3000000015774,1,Caixa Postal,,,,N,,,2025/05/12,
3000000015775,1,URA Pesquisa NPS,00:01:31,CLI,10000000259029,S,,,2025/05/12,Email45
3000000015776,1,Caixa Postal,,,,N,,,2025/05/12,
3000000015777,1,Caixa Postal,00:00:09,Cli,10000000259427,N,,,2025/05/12,
3000000015778,1,Caixa Postal,00:00:05,Cli,10000000259428,N,,,2025/05/12,
3000000015779,1,Atendimento exclusivo por email,00:00:04,Cli,10000000259428,N,,,2025/05/12,
3000000015780,1,Caixa Postal,,Cli,10000000259428,N,,,2025/05/12,
3000000015781,1,Caixa Postal,00:00:04,,,N,,,2025/05/12,
3000000015782,1,Caixa Postal,00:00:04,,,N,,,2025/05/12,
3000000015783,1,Chamada Não Atendida,00:00:05,CLI,,N,,,2025/05/12,
3000000015784,1,URA Pesquisa NPS,00:04:04,CLI,,S,Sim,10.0,2025/05/12,Email48444
3000000015785,1,Caixa Postal,00:00:04,CLI,10000000259429,N,,,2025/05/12,
3000000015786,1,Caixa Postal,,CLI,10000000259430,N,,,2025/05/12,
3000000015787,1,Caixa Postal,,Cli,10000000259420,N,,,2025/05/12,
3000000015788,1,Caixa Postal,00:00:06,cli,10000000259431,N,,,2025/05/12,
3000000015789,1,Caixa Postal,00:00:03,cli,10000000259431,N,,,2025/05/12,
3000000015790,1,Caixa Postal,,,,N,,,2025/05/12,
3000000015791,1,Informação,,cli,,N,,,2025/05/12,
3000000015792,1,Caixa Postal,,,,N,,,2025/05/12,
3000000015793,1,Informação,00:00:57,,,N,,,2025/05/12,
3000000015794,1,Não Atende,,cli,10000000259432,N,,,2025/05/12,
3000000015795,1,Caixa Postal,00:00:06,cli,10000000259432,N,,,2025/05/12,
3000000015796,1,URA Pesquisa NPS,00:02:05,,,S,Sim,10.0,2025/05/12,Email19156
3000000015797,1,Caixa Postal,00:00:14,cli,10000000259432,N,,,2025/05/12,
3000000015798,1,Caixa Postal,,,,N,,,2025/05/12,
3000000015799,1,Caixa Postal,,,,N,,,2025/05/12,
3000000015800,1,Caixa Postal,00:00:00,,,N,,,2025/05/12,
3000000015801,1,Informação,,,,N,,,2025/05/12,
3000000015802,1,Cliente Desligou,00:00:10,Cli,10000000259433,N,,,2025/05/12,
3000000015803,1,Caixa Postal,00:00:14,Cli,10000000259433,N,,,2025/05/12,
3000000015804,1,Caixa Postal,00:00:13,cli,,N,,,2025/05/12,
3000000015805,1,URA Pesquisa NPS,00:02:00,Cli,10000000259434,S,Sim,10.0,2025/05/12,Email19156
3000000015806,1,Caixa Postal,00:00:00,,,N,,,2025/05/12,
3000000015807,1,Caixa Postal,00:00:11,,,N,,,2025/05/12,
3000000015808,1,Caixa Postal,00:00:04,,,N,,,2025/05/12,
3000000015809,1,Caixa Postal,00:00:04,,,N,,,2025/05/12,
3000000015810,1,Caixa Postal,,,,N,,,2025/05/12,
3000000015811,1,URA Pesquisa NPS,00:02:56,,,S,Sim,10.0,2025/05/12,Email48444
3000000015812,1,Consulta Status,,,,N,,,2025/05/12,
3000000015813,1,URA Pesquisa NPS,00:00:59,cli,10000000259435,S,Sim,10.0,2025/05/12,Email48439
3000000015814,1,Caixa Postal,,cli,10000000258285,N,,,2025/05/12,
3000000015815,1,Caixa Postal,,cli,10000000258285,N,,,2025/05/12,
3000000015816,1,Não Atende,00:00:10,,10000000259436,N,,,2025/05/12,
3000000015817,1,Caixa Postal,00:00:02,cli,10000000258285,N,,,2025/05/12,
3000000015818,1,Cliente Desligou,00:00:03,,10000000259436,N,,,2025/05/12,
3000000015819,1,Informação,00:01:07,,,N,,,2025/05/12,
3000000015820,1,URA Pesquisa NPS,00:12:24,cli ,10000000259437,S,Sim,10.0,2025/05/12,Email48443
3000000015821,1,Caixa Postal,00:00:04,Cli,10000000259428,N,,,2025/05/12,
3000000015822,1,Caixa Postal,00:00:05,,,N,,,2025/05/12,
3000000015823,1,Informação,00:00:01,,,N,,,2025/05/12,
3000000015824,1,Caixa Postal,00:00:05,,,N,,,2025/05/12,
3000000015825,1,Caixa Postal,00:00:09,Cli,10000000259438,N,,,2025/05/12,
3000000015826,1,Caixa Postal,00:00:03,cli,10000000259439,N,,,2025/05/12,
3000000015827,1,Caixa Postal,00:00:02,cli,10000000259439,N,,,2025/05/12,
3000000015828,1,URA Pesquisa NPS,00:02:38,Cli,10000000259440,S,Sim,10.0,2025/05/12,Email585
3000000015829,1,Caixa Postal,,cli,,N,,,2025/05/12,
3000000015830,1,Caixa Postal,,,,N,,,2025/05/12,
3000000015831,1,Atendimento em Dia_Hora especifico,00:04:10,cli,10000000259441,N,,,2025/05/12,
3000000015832,1,Não Atende,00:00:05,CLI,10000000259442,N,,,2025/05/12,
3000000015833,1,Informação,00:01:27,Cli,10000000259443,N,,,2025/05/12,
3000000015834,1,Informação,00:02:03,,,N,,,2025/05/12,
3000000015835,1,URA Pesquisa NPS,00:01:27,CLI ,10000000259444,S,Sim,10.0,2025/05/12,Email372
3000000015836,1,Caixa Postal,,cli,10000000259445,N,,,2025/05/12,
3000000015837,1,Cliente Desligou,00:00:02,Cliente,10000000259361,N,,,2025/05/12,
3000000015838,1,Caixa Postal,00:00:04,,,N,,,2025/05/12,
3000000015839,1,Caixa Postal,,,,N,,,2025/05/12,
3000000015840,1,URA Pesquisa NPS,00:00:56,cli,10000000259446,S,Sim,10.0,2025/05/12,Email48439
3000000015841,1,Chamada Não Atendida,,,,N,,,2025/05/12,
3000000015842,1,Chamada Não Atendida,,,,N,,,2025/05/12,
3000000015843,1,Chamada Não Atendida,,,,N,,,2025/05/12,
3000000015844,1,Chamada Não Atendida,,,,N,,,2025/05/12,
3000000015845,1,Caixa Postal,,,,N,,,2025/05/12,
3000000015846,1,Caixa Postal,,,,N,,,2025/05/12,
3000000015847,1,Caixa Postal,00:00:03,cli,10000000258285,N,,,2025/05/12,
3000000015848,1,URA Pesquisa NPS,00:08:05,Cli,10000000259447,S,Sim,10.0,2025/05/12,Email4355
3000000015849,1,Caixa Postal,00:00:04,CLI,10000000259442,N,,,2025/05/12,
3000000015850,1,Não Atende,00:00:10,,,N,,,2025/05/12,
3000000015851,1,Caixa Postal,,Cli,,N,,,2025/05/12,
3000000015852,1,Cliente Desligou,00:00:35,Cli,,N,,,2025/05/12,
3000000015853,1,URA Pesquisa NPS,00:02:32,Cli,10000000259448,S,,,2025/05/12,Email372
3000000015854,1,Caixa Postal,,CLI,10000000259449,N,,,2025/05/12,
3000000015855,1,URA Pesquisa NPS,00:01:00,,,S,Sim,10.0,2025/05/12,Email48444
3000000015856,1,Informação,00:00:04,cli,10000000259450,N,,,2025/05/12,
3000000015857,1,Informação,00:00:02,cli,10000000259450,N,,,2025/05/12,
3000000015858,1,Informação,00:00:00,,,N,,,2025/05/12,
3000000015859,1,Caixa Postal,00:00:04,Cli,10000000259438,N,,,2025/05/12,
3000000015860,1,Caixa Postal,00:00:02,CLI,,N,,,2025/05/12,
3000000015861,1,Caixa Postal,00:00:05,CLI,,N,,,2025/05/12,
3000000015862,1,Dados incorretos do cliente,00:00:32,,,N,,,2025/05/12,
3000000015863,1,Contato de Finalizacao do Protocolo,00:02:10,,,N,,,2025/05/12,
3000000015864,1,URA Pesquisa NPS,00:02:03,cli,10000000259451,S,Sim,9.0,2025/05/12,Email48438
3000000015865,1,Caixa Postal,00:00:06,cli,10000000259452,N,,,2025/05/12,
3000000015866,1,Protocolo Permanecera em Andamento,00:00:28,Cliente,10000000259453,N,,,2025/05/12,
3000000015867,1,Caixa Postal,00:00:21,,,N,,,2025/05/12,
3000000015868,1,Caixa Postal,00:00:09,,,N,,,2025/05/12,
3000000015869,1,Caixa Postal,00:00:25,,,N,,,2025/05/12,
3000000015870,1,Chamada Não Atendida,,,,N,,,2025/05/12,
3000000015871,1,Chamada Não Atendida,00:00:01,,,N,,,2025/05/12,
3000000015872,1,Caixa Postal,,CLI,,N,,,2025/05/12,
3000000015873,1,Chamada Não Atendida,,CLI,,N,,,2025/05/12,
3000000015874,1,Chamada Não Atendida,,CLI,,N,,,2025/05/12,
3000000015875,1,Informação,00:00:23,cli,10000000259401,N,,,2025/05/12,
3000000015876,1,Caixa Postal,,,,N,,,2025/05/09,
3000000015877,1,Caixa Postal,,,,N,,,2025/05/09,
3000000015878,1,Dados incorretos do cliente,,,,N,,,2025/05/09,
3000000015879,1,Cliente Desligou,00:00:12,,,N,,,2025/05/09,
3000000015880,1,Ligação Muda,00:00:12,,,N,,,2025/05/09,
3000000015881,1,Cliente Desligou,00:00:15,,,N,,,2025/05/09,
3000000015882,1,Agent Error,,,,N,,,2025/05/09,
3000000015883,1,Caixa Postal,00:00:03,,,N,,,2025/05/09,
3000000015884,1,Caixa Postal,,,,N,,,2025/05/09,
3000000015885,1,Ligação Muda,00:00:10,,,N,,,2025/05/09,
3000000015886,1,Não Atende,00:00:06,,,N,,,2025/05/09,
3000000015887,1,Caixa Postal,00:00:03,,,N,,,2025/05/09,
3000000015888,1,Caixa Postal,00:00:02,,,N,,,2025/05/09,
3000000015889,1,Informação,,,,N,,,2025/05/09,
3000000015890,1,Caixa Postal,,,,N,,,2025/05/09,
3000000015891,1,Caixa Postal,,,,N,,,2025/05/09,
3000000015892,1,Caixa Postal,,,,N,,,2025/05/09,
3000000015893,1,URA Pesquisa NPS,00:01:24,Cliente,10000000259454,S,Sim,10.0,2025/05/09,Email8754
3000000015894,1,Não Atende,00:00:04,,10000000259455,N,,,2025/05/09,
3000000015895,1,Caixa Postal,00:00:01,,10000000259456,N,,,2025/05/09,
3000000015896,1,URA Pesquisa NPS,00:07:06,,,S,Sim,10.0,2025/05/09,Email19156
3000000015897,1,Informação,00:01:23,,,N,,,2025/05/09,
3000000015898,1,Chamada Não Atendida,,,,N,,,2025/05/09,
3000000015899,1,URA Pesquisa NPS,00:00:42,CLI,10000000259457,S,Sim,8.0,2025/05/09,Email585
3000000015900,1,URA Pesquisa NPS,00:00:58,CLI,10000000259458,S,,,2025/05/09,Email585
3000000015901,1,Caixa Postal,00:00:03,Cliente,10000000259459,N,,,2025/05/09,
3000000015902,1,Caixa Postal,00:00:00,Cliente,10000000259459,N,,,2025/05/09,
3000000015903,1,Caixa Postal,00:00:03,,,N,,,2025/05/09,
3000000015904,1,URA Pesquisa NPS,00:01:09,,10000000259456,S,Sim,,2025/05/09,Email45
3000000015905,1,URA Pesquisa NPS,00:02:09,,,S,Sim,10.0,2025/05/09,Email48444
3000000015906,1,Chamada Não Atendida,,,,N,,,2025/05/09,
3000000015907,1,Caixa Postal,00:00:01,Cliente,10000000259459,N,,,2025/05/09,
3000000015908,1,Caixa Postal,,Cliente,10000000259459,N,,,2025/05/09,
3000000015909,1,Ligação Muda,00:00:19,Cliente,,N,,,2025/05/09,
3000000015910,1,Chamada Não Atendida,00:00:11,Cliente,,N,,,2025/05/09,
3000000015911,1,URA Pesquisa NPS,00:00:35,CLI,10000000259460,S,Sim,10.0,2025/05/09,Email296
3000000015912,1,Ligação Muda,00:00:13,cli ,10000000259461,N,,,2025/05/09,
3000000015913,1,Caixa Postal,00:00:10,,,N,,,2025/05/09,
3000000015914,1,URA Pesquisa NPS,00:09:12,Cli,10000000259462,S,,,2025/05/09,Email19156
3000000015915,1,URA Pesquisa NPS,00:01:24,cli ,10000000259461,S,Sim,8.0,2025/05/09,Email372
3000000015916,1,URA Pesquisa NPS,00:00:59,CLI,10000000259463,S,,,2025/05/09,Email372
3000000015917,1,Não Atende,,,10000000259464,N,,,2025/05/09,
3000000015918,1,Caixa Postal,00:00:04,Cliente,,N,,,2025/05/09,
3000000015919,1,Informação,00:00:14,,,N,,,2025/05/09,
3000000015920,1,Caixa Postal,00:00:03,Cliente,,N,,,2025/05/09,
3000000015921,1,Informação,00:02:33,,,N,,,2025/05/09,
3000000015922,1,Caixa Postal,00:00:05,Cliente,10000000259465,N,,,2025/05/09,
3000000015923,1,Caixa Postal,00:00:01,Cliente,10000000259465,N,,,2025/05/09,
3000000015924,1,Não Atende,,,10000000259464,N,,,2025/05/09,
3000000015925,1,URA Pesquisa NPS,00:00:47,CLI,10000000259466,S,Sim,10.0,2025/05/09,Email296
3000000015926,1,URA Pesquisa NPS,00:01:57,Cli,10000000259467,S,Sim,10.0,2025/05/09,Email1615
3000000015927,1,Cliente Desligou,00:00:06,,,N,,,2025/05/09,
3000000015928,1,Caixa Postal,,Cliente,10000000259468,N,,,2025/05/09,
3000000015929,1,URA Pesquisa NPS,00:06:32,,,S,Sim,10.0,2025/05/09,Email48444
3000000015930,1,Caixa Postal,00:00:00,Cliente,10000000259468,N,,,2025/05/09,
3000000015931,1,Dados incorretos do cliente,00:01:48,cli,10000000259469,N,,,2025/05/09,
3000000015932,1,Caixa Postal,00:00:04,CLI ,10000000259469,N,,,2025/05/09,
3000000015933,1,Caixa Postal,00:00:00,CLI,10000000259470,N,,,2025/05/09,
3000000015934,1,Caixa Postal,00:00:16,,10000000259471,N,,,2025/05/09,
3000000015935,1,Caixa Postal,00:00:05,Cliente,,N,,,2025/05/09,
3000000015936,1,Caixa Postal,00:00:03,,,N,,,2025/05/09,
3000000015937,1,Caixa Postal,00:00:02,,,N,,,2025/05/09,
3000000015938,1,Informação,,,,N,,,2025/05/09,
3000000015939,1,Caixa Postal,00:00:08,CLI,,N,,,2025/05/09,
3000000015940,1,Caixa Postal,00:00:04,,,N,,,2025/05/09,
3000000015941,1,URA Pesquisa NPS,00:02:24,CLI,10000000259472,S,,,2025/05/09,Email4355
3000000015942,1,Caixa Postal,00:00:32,Cli,10000000259473,N,,,2025/05/09,
3000000015943,1,Caixa Postal,00:00:05,Cli,10000000259474,N,,,2025/05/09,
3000000015944,1,Informação,00:01:29,,,N,,,2025/05/09,
3000000015945,1,Protocolo Permanecera em Andamento,00:01:22,Cli,10000000259260,N,,,2025/05/09,
3000000015946,1,Chamada Não Atendida,00:00:00,Cli,10000000259419,N,,,2025/05/09,
3000000015947,1,Chamada Não Atendida,00:00:04,Cli,10000000259419,N,,,2025/05/09,
3000000015948,1,Cliente Desligou,00:08:07,Cli,10000000259475,N,,,2025/05/09,
3000000015949,1,Não Atende,00:00:05,,10000000259476,N,,,2025/05/09,
3000000015950,1,Informação,00:02:39,,,N,,,2025/05/09,
3000000015951,1,Chamada Não Atendida,00:00:07,,,N,,,2025/05/09,
3000000015952,1,Caixa Postal,,Cli,10000000259477,N,,,2025/05/09,
3000000015953,1,Ligação Muda,,Cli,10000000259477,N,,,2025/05/09,
3000000015954,1,Caixa Postal,00:00:04,Cli,10000000259477,N,,,2025/05/09,
3000000015955,1,Caixa Postal,00:00:03,Cli,10000000259477,N,,,2025/05/09,
3000000015956,1,URA Pesquisa NPS,00:01:13,,,S,Sim,10.0,2025/05/09,Email48444
3000000015957,1,Cliente Desligou,00:00:07,Cli,10000000259477,N,,,2025/05/09,
3000000015958,1,Cliente Desligou,,Cli,10000000259477,N,,,2025/05/09,
3000000015959,1,Cliente Desligou,,Cli,10000000259477,N,,,2025/05/09,
3000000015960,1,Cliente Desligou,00:00:00,Cli,10000000259477,N,,,2025/05/09,
3000000015961,1,Cliente Desligou,00:00:00,Cli,10000000259477,N,,,2025/05/09,
3000000015962,1,Não Atende,,cli,10000000259478,N,,,2025/05/09,
3000000015963,1,Caixa Postal,,Cliente,,N,,,2025/05/09,
3000000015964,1,Caixa Postal,00:00:05,,,N,,,2025/05/09,
3000000015965,1,Caixa Postal,00:00:03,,,N,,,2025/05/09,
3000000015966,1,Caixa Postal,00:00:10,Cliente,,N,,,2025/05/09,
3000000015967,1,Contato de Finalizacao do Protocolo,00:01:26,Cli,,N,,,2025/05/09,
3000000015968,1,Caixa Postal,00:00:12,Cli,10000000259479,N,,,2025/05/09,
3000000015969,1,Caixa Postal,00:00:09,Cli,10000000259479,N,,,2025/05/09,
3000000015970,1,Caixa Postal,00:00:04,CLI,10000000259480,N,,,2025/05/09,
3000000015971,1,Caixa Postal,00:00:10,CLI,,N,,,2025/05/09,
3000000015972,1,Ocupado,,CLI,,N,,,2025/05/09,
3000000015973,1,Ocupado,,CLI,,N,,,2025/05/09,
3000000015974,1,Informação,00:03:49,,,N,,,2025/05/09,
3000000015975,1,Caixa Postal,00:00:04,Cli,10000000259481,N,,,2025/05/09,
3000000015976,1,URA Pesquisa NPS,00:06:48,,10000000259482,S,Sim,10.0,2025/05/09,Email45
3000000015977,1,Informação,00:00:02,,,N,,,2025/05/09,
3000000015978,1,Chamada Não Atendida,,cli,,N,,,2025/05/09,
3000000015979,1,Informação,00:02:19,cli,,N,,,2025/05/09,
3000000015980,1,Contato de Finalizacao do Protocolo,00:01:53,CLI,10000000259483,N,,,2025/05/09,
3000000015981,1,Caixa Postal,00:00:19,CLI,10000000259483,N,,,2025/05/09,
3000000015982,1,Caixa Postal,00:00:05,cli,,N,,,2025/05/09,
3000000015983,1,Caixa Postal,00:00:04,cli,10000000259484,N,,,2025/05/09,
3000000015984,1,Informação,00:01:11,cli,10000000259484,N,,,2025/05/09,
3000000015985,1,Caixa Postal,,CLI,10000000259483,N,,,2025/05/09,
3000000015986,1,URA Pesquisa NPS,00:01:11,CLI,10000000259483,S,Sim,9.0,2025/05/09,Email4355
3000000015987,1,Contato de Finalizacao do Protocolo,00:24:37,Cli,,N,,,2025/05/09,
3000000015988,1,Chamada Não Atendida,00:00:03,,,N,,,2025/05/09,
3000000015989,1,Chamada Não Atendida,00:00:04,,,N,,,2025/05/09,
3000000015990,1,Caixa Postal,00:00:19,,,N,,,2025/05/09,
3000000015991,1,Caixa Postal,00:00:04,CLI,10000000259485,N,,,2025/05/09,
3000000015992,1,Caixa Postal,00:00:06,CLI,10000000259485,N,,,2025/05/09,
3000000015993,1,Contato de Finalizacao do Protocolo,00:01:08,Cli,10000000259447,N,,,2025/05/09,
3000000015994,1,Caixa Postal,00:00:10,CLI,,N,,,2025/05/09,
3000000015995,1,Caixa Postal,00:00:04,CLI,10000000259486,N,,,2025/05/09,
3000000015996,1,Caixa Postal,00:00:10,CLI,,N,,,2025/05/09,
3000000015997,1,Contato de Finalizacao do Protocolo,00:02:20,Cli,,N,,,2025/05/09,
3000000015998,1,URA Pesquisa NPS,00:01:51,Cli,10000000259487,S,Sim,8.0,2025/05/09,Email19156
3000000015999,1,URA Pesquisa NPS,00:01:48,,10000000259488,S,Sim,10.0,2025/05/09,Email45
3000000016000,1,Informação,,,,N,,,2025/05/09,
3000000016001,1,Caixa Postal,,,,N,,,2025/05/09,
3000000016002,1,Chamada Não Atendida,00:00:04,,,N,,,2025/05/09,
3000000016003,1,Ocupado,,,,N,,,2025/05/09,
3000000016004,1,Chamada Não Atendida,,,,N,,,2025/05/09,
3000000016005,1,Cliente Desligou,00:02:11,,,N,,,2025/05/09,
3000000016006,1,Informação,00:05:07,,,N,,,2025/05/09,
3000000016007,1,Caixa Postal,00:00:19,Cli,,N,,,2025/05/09,
3000000016008,1,Caixa Postal,,Cliente,10000000259489,N,,,2025/05/09,
3000000016009,1,Caixa Postal,00:00:58,CLI,,N,,,2025/05/09,
3000000016010,1,Caixa Postal,,Cliente,10000000259490,N,,,2025/05/09,
3000000016011,1,Caixa Postal,00:00:02,Cliente,10000000259490,N,,,2025/05/09,
3000000016012,1,URA Pesquisa NPS,00:05:25,Cliente,10000000259491,S,Sim,0.0,2025/05/09,Email8754
3000000016013,1,Chamada Não Atendida,,,,N,,,2025/05/09,
3000000016014,1,URA Pesquisa NPS,00:01:50,,,S,Sim,9.0,2025/05/09,Email48444
3000000016015,1,Não Atende,,,10000000259492,N,,,2025/05/08,
3000000016016,1,URA Pesquisa NPS,00:02:12,,10000000259493,S,Nao,10.0,2025/05/08,Email45
3000000016017,1,Caixa Postal,00:00:01,,,N,,,2025/05/08,
3000000016018,1,URA Pesquisa NPS,00:00:58,,10000000259492,S,Sim,10.0,2025/05/08,Email45
3000000016019,1,Caixa Postal,,,,N,,,2025/05/08,
3000000016020,1,Ligação Muda,00:00:08,,,N,,,2025/05/08,
3000000016021,1,URA Pesquisa NPS,00:01:04,Cli,10000000259494,S,Sim,,2025/05/08,Email585
3000000016022,1,Caixa Postal,,Cli,10000000259495,N,,,2025/05/08,
3000000016023,1,Cliente Desligou,00:00:12,,,N,,,2025/05/08,
3000000016024,1,Cliente Desligou,00:00:21,,,N,,,2025/05/08,
3000000016025,1,URA Pesquisa NPS,00:01:03,,10000000259493,S,Sim,10.0,2025/05/08,Email45
3000000016026,1,Ligação Muda,00:00:33,CLI,,N,,,2025/05/08,
3000000016027,1,URA Pesquisa NPS,00:00:43,CLI,10000000259496,S,Sim,10.0,2025/05/08,Email585
3000000016028,1,Caixa Postal,,,,N,,,2025/05/08,
3000000016029,1,Caixa Postal,,,,N,,,2025/05/08,
3000000016030,1,URA Pesquisa NPS,00:00:55,Cli,10000000259497,S,Sim,,2025/05/08,Email585
3000000016031,1,Caixa Postal,00:00:06,,,N,,,2025/05/08,
3000000016032,1,Caixa Postal,00:00:03,,,N,,,2025/05/08,
3000000016033,1,Caixa Postal,,,,N,,,2025/05/08,
3000000016034,1,Chamada Não Atendida,00:00:05,,,N,,,2025/05/08,
3000000016035,1,Chamada Não Atendida,00:00:02,,,N,,,2025/05/08,
3000000016036,1,Caixa Postal,00:00:05,cli,10000000259498,N,,,2025/05/08,
3000000016037,1,Caixa Postal,,,,N,,,2025/05/08,
3000000016038,1,URA Pesquisa NPS,00:02:01,cli,10000000259499,S,Sim,10.0,2025/05/08,Email5371
3000000016039,1,URA Pesquisa NPS,00:09:22,,,S,Sim,10.0,2025/05/08,Email48444
3000000016040,1,URA Pesquisa NPS,00:00:56,Cli,10000000259500,S,,,2025/05/08,Email585
3000000016041,1,Caixa Postal,00:00:03,,,N,,,2025/05/08,
3000000016042,1,Informação,00:04:35,,,N,,,2025/05/08,
3000000016043,1,Caixa Postal,00:00:11,Cli,10000000259501,N,,,2025/05/08,
3000000016044,1,Caixa Postal,00:00:03,CLI,10000000259502,N,,,2025/05/08,
3000000016045,1,Informação,00:00:09,Cli,10000000259503,N,,,2025/05/08,
3000000016046,1,URA Pesquisa NPS,00:02:14,Cli,10000000259503,S,Sim,7.0,2025/05/08,Email5371
3000000016047,1,URA Pesquisa NPS,00:01:18,Cli,10000000259504,S,Sim,9.0,2025/05/08,Email1615
3000000016048,1,Sent To Voicemail,00:22:25,cli,,S,Sim,10.0,2025/05/08,Email48444
3000000016049,1,URA Pesquisa NPS,00:01:20,CLI,10000000259505,S,Sim,10.0,2025/05/08,Email585
3000000016050,1,Caixa Postal,00:00:05,CL,10000000259506,N,,,2025/05/08,
3000000016051,1,Sent To Voicemail,00:00:57,,10000000259507,S,Sim,10.0,2025/05/08,Email48442
3000000016052,1,URA Pesquisa NPS,00:07:25,Cli,,S,,,2025/05/08,Email19156
3000000016053,1,Caixa Postal,00:00:04,,,N,,,2025/05/08,
3000000016054,1,Caixa Postal,00:00:02,,,N,,,2025/05/08,
3000000016055,1,URA Pesquisa NPS,00:00:48,CLI,10000000259508,S,Sim,10.0,2025/05/08,Email296
3000000016056,1,URA Pesquisa NPS,00:04:21,CLI,10000000259509,S,Sim,10.0,2025/05/08,Email11179
3000000016057,1,Chamada Não Atendida,,Cliente,10000000259510,N,,,2025/05/08,
3000000016058,1,Chamada Não Atendida,,Cliente,10000000259510,N,,,2025/05/08,
3000000016059,1,Cliente Desligou,00:00:01,Cli,,N,,,2025/05/08,
3000000016060,1,Informação,,,,N,,,2025/05/08,
3000000016061,1,Caixa Postal,00:00:04,cli,10000000259511,N,,,2025/05/08,
3000000016062,1,Caixa Postal,,CLI,,N,,,2025/05/08,
3000000016063,1,Ocupado,,CLI ,10000000259512,N,,,2025/05/08,
3000000016064,1,Ocupado,,CLI ,10000000259512,N,,,2025/05/08,
3000000016065,1,Agent Error,,,,N,,,2025/05/08,
3000000016066,1,Contato de Finalizacao do Protocolo,00:01:31,cli,10000000259511,N,,,2025/05/08,
3000000016067,1,URA Pesquisa NPS,00:01:20,CLI,10000000259511,S,,,2025/05/08,Email19156
3000000016068,1,Chamada Não Atendida,00:00:02,CLI ,10000000259293,N,,,2025/05/08,
3000000016069,1,URA Pesquisa NPS,00:01:02,CLI ,10000000259293,S,Sim,9.0,2025/05/08,Email372
3000000016070,1,URA Pesquisa NPS,00:02:06,,,S,,,2025/05/08,Email45
3000000016071,1,Caixa Postal,,Cli,10000000259513,N,,,2025/05/08,
3000000016072,1,Caixa Postal,00:00:01,CLI,10000000259514,N,,,2025/05/08,
3000000016073,1,Caixa Postal,,Cli,10000000259513,N,,,2025/05/08,
3000000016074,1,URA Pesquisa NPS,00:00:55,CLI,10000000259514,S,,,2025/05/08,Email296
3000000016075,1,Caixa Postal,,,10000000259515,N,,,2025/05/08,
3000000016076,1,Caixa Postal,00:00:05,,,N,,,2025/05/08,
3000000016077,1,Caixa Postal,00:00:04,,,N,,,2025/05/08,
3000000016078,1,Caixa Postal,00:00:04,Cli,,N,,,2025/05/08,
3000000016079,1,Informação,00:01:56,CLI ,10000000259516,N,,,2025/05/08,
3000000016080,1,Caixa Postal,00:00:04,Cli,10000000259517,N,,,2025/05/08,
3000000016081,1,Informação,00:00:13,CLI,,N,,,2025/05/08,
3000000016082,1,Caixa Postal,00:00:01,,,N,,,2025/05/08,
3000000016083,1,Caixa Postal,,,,N,,,2025/05/08,
3000000016084,1,Caixa Postal,,,,N,,,2025/05/08,
3000000016085,1,Caixa Postal,00:00:02,,,N,,,2025/05/08,
3000000016086,1,Caixa Postal,00:00:01,,,N,,,2025/05/08,
3000000016087,1,Chamada Não Atendida,00:00:04,CLI,10000000259518,N,,,2025/05/08,
3000000016088,1,Chamada Não Atendida,00:00:01,CLI,10000000259518,N,,,2025/05/08,
3000000016089,1,Não Atende,,Cliente,10000000259510,N,,,2025/05/08,
3000000016090,1,URA Pesquisa NPS,00:00:44,CLI,10000000259519,S,Sim,10.0,2025/05/08,Email585
3000000016091,1,Chamada Não Atendida,00:00:05,CLI,,N,,,2025/05/08,
3000000016092,1,Caixa Postal,00:00:04,,,N,,,2025/05/08,
3000000016093,1,URA Pesquisa NPS,00:01:55,CLI,,S,Sim,10.0,2025/05/08,Email48444
3000000016094,1,Caixa Postal,00:00:15,Cli,10000000259520,N,,,2025/05/08,
3000000016095,1,Caixa Postal,00:00:07,Cliente,10000000259521,N,,,2025/05/08,
3000000016096,1,Caixa Postal,00:00:06,Cliente,10000000259521,N,,,2025/05/08,
3000000016097,1,Caixa Postal,,,,N,,,2025/05/08,
3000000016098,1,Não Atende,,CLI,10000000259522,N,,,2025/05/08,
3000000016099,1,Caixa Postal,,CLI,,N,,,2025/05/08,
3000000016100,1,Caixa Postal,,CLI,,N,,,2025/05/08,
3000000016101,1,Ligação Muda,,CLI,,N,,,2025/05/08,
3000000016102,1,Chamada Não Atendida,00:00:05,Cli,10000000259523,N,,,2025/05/08,
3000000016103,1,Contato de Finalizacao do Protocolo,00:00:20,Cli,10000000259523,N,,,2025/05/08,
3000000016104,1,Caixa Postal,,Cli,,N,,,2025/05/08,
3000000016105,1,Chamada Não Atendida,,Cli,,N,,,2025/05/08,
3000000016106,1,Caixa Postal,,Cli,,N,,,2025/05/08,
3000000016107,1,Caixa Postal,,Cli,,N,,,2025/05/08,
3000000016108,1,Caixa Postal,00:00:00,Cli,,N,,,2025/05/08,
3000000016109,1,Responsavel ausente,00:03:35,CLI,,N,,,2025/05/08,
3000000016110,1,Contato de Finalizacao do Protocolo,00:02:33,CLI,,N,,,2025/05/08,
3000000016111,1,Não Atende,,Cliente,10000000259524,N,,,2025/05/08,
3000000016112,1,Não Atende,,Cliente,10000000259524,N,,,2025/05/08,
3000000016113,1,URA Pesquisa NPS,00:00:54,Cli,10000000259525,S,Sim,10.0,2025/05/08,Email585
3000000016114,1,Chamada Não Atendida,00:00:04,,,N,,,2025/05/08,
3000000016115,1,Chamada Não Atendida,00:00:00,Cliente,,N,,,2025/05/08,
3000000016116,1,Chamada Não Atendida,,Cliente,,N,,,2025/05/08,
3000000016117,1,URA Pesquisa NPS,00:02:15,CLi,10000000259526,S,,,2025/05/08,Email585
3000000016118,1,Caixa Postal,00:00:04,Cliente,,N,,,2025/05/08,
3000000016119,1,Caixa Postal,00:00:07,Cliente,,N,,,2025/05/08,
3000000016120,1,Responsavel ausente,00:04:31,Cli,10000000259527,N,,,2025/05/08,
3000000016121,1,Caixa Postal,,Cli,,N,,,2025/05/08,
3000000016122,1,URA Pesquisa NPS,00:01:22,Cli,10000000259528,S,Sim,10.0,2025/05/08,Email585
3000000016123,1,Caixa Postal,00:00:00,,,N,,,2025/05/08,
3000000016124,1,Caixa Postal,,,,N,,,2025/05/08,
3000000016125,1,Caixa Postal,00:00:04,,,N,,,2025/05/08,
3000000016126,1,Dados do vendedor,,Vendedora,10000000259529,N,,,2025/05/08,
3000000016127,1,Caixa Postal,00:00:05,CLI,10000000259530,N,,,2025/05/08,
3000000016128,1,Caixa Postal,,,,N,,,2025/05/08,
3000000016129,1,Caixa Postal,,,,N,,,2025/05/08,
3000000016130,1,Chamada Não Atendida,,,,N,,,2025/05/08,
3000000016131,1,Caixa Postal,,,,N,,,2025/05/08,
3000000016132,1,Chamada Não Atendida,,,,N,,,2025/05/08,
3000000016133,1,Caixa Postal,00:00:10,,10000000259531,N,,,2025/05/08,
3000000016134,1,Caixa Postal,00:00:10,Cliente,,N,,,2025/05/08,
3000000016135,1,Caixa Postal,,,,N,,,2025/05/08,
3000000016136,1,Caixa Postal,,,,N,,,2025/05/08,
3000000016137,1,Chamada Não Atendida,00:00:06,CLI,10000000259532,N,,,2025/05/08,
3000000016138,1,Caixa Postal,00:00:03,CLI,10000000259533,N,,,2025/05/08,
3000000016139,1,Cliente Desligou,00:00:01,,,N,,,2025/05/08,
3000000016140,1,Ocupado,,,,N,,,2025/05/08,
3000000016141,1,Ocupado,,,,N,,,2025/05/08,
3000000016142,1,Caixa Postal,00:00:03,,,N,,,2025/05/08,
3000000016143,1,URA Pesquisa NPS,00:03:29,CLI,10000000259534,S,Sim,5.0,2025/05/08,Email45
3000000016144,1,Caixa Postal,,,,N,,,2025/05/08,
3000000016145,1,Caixa Postal,,,,N,,,2025/05/08,
3000000016146,1,Ligação Muda,00:00:20,cli,10000000259535,N,,,2025/05/08,
3000000016147,1,Caixa Postal,,cli,10000000259535,N,,,2025/05/08,
3000000016148,1,Caixa Postal,00:00:07,,,N,,,2025/05/08,
3000000016149,1,Caixa Postal,00:00:06,,,N,,,2025/05/08,
3000000016150,1,Caixa Postal,,,,N,,,2025/05/08,
3000000016151,1,Caixa Postal,00:00:00,,,N,,,2025/05/08,
3000000016152,1,Caixa Postal,00:00:03,Cliente,10000000257989,N,,,2025/05/08,
3000000016153,1,Caixa Postal,00:00:03,Cliente,10000000257989,N,,,2025/05/08,
3000000016154,1,Não Atende,,Cliente,10000000257989,N,,,2025/05/08,
3000000016155,1,Chamada Não Atendida,,CLI ,10000000259536,N,,,2025/05/08,
3000000016156,1,Chamada Não Atendida,00:00:14,CLI ,10000000259536,N,,,2025/05/08,
3000000016157,1,Chamada Não Atendida,,CLI ,10000000259536,N,,,2025/05/08,
3000000016158,1,Chamada Não Atendida,,CLI ,10000000259536,N,,,2025/05/08,
3000000016159,1,Caixa Postal,,,,N,,,2025/05/08,
3000000016160,1,Caixa Postal,,,,N,,,2025/05/08,
3000000016161,1,Caixa Postal,,,,N,,,2025/05/08,
3000000016162,1,Caixa Postal,,,,N,,,2025/05/08,
3000000016163,1,Caixa Postal,00:00:01,,,N,,,2025/05/08,
3000000016164,1,Cliente Desligou,00:02:52,,,N,,,2025/05/08,
3000000016165,1,URA Pesquisa NPS,00:01:01,CLI,10000000259537,S,Sim,,2025/05/08,Email585
3000000016166,1,Informação,00:03:33,,,N,,,2025/05/08,
3000000016167,1,Contato de Finalizacao do Protocolo,,,,N,,,2025/05/08,
3000000016168,1,Caixa Postal,00:00:05,,,N,,,2025/05/08,
3000000016169,1,Caixa Postal,00:00:10,,,N,,,2025/05/08,
3000000016170,1,URA Pesquisa NPS,00:02:20,,10000000259538,S,Sim,9.0,2025/05/08,Email48442
3000000016171,1,Caixa Postal,00:00:02,,,N,,,2025/05/08,
3000000016172,1,Caixa Postal,00:00:00,,,N,,,2025/05/08,
3000000016173,1,Caixa Postal,,,,N,,,2025/05/08,
3000000016174,1,Caixa Postal,,,,N,,,2025/05/08,
3000000016175,1,Caixa Postal,,,,N,,,2025/05/08,
3000000016176,1,Ocupado,,,,N,,,2025/05/08,
3000000016177,1,Caixa Postal,,CLI,,N,,,2025/05/08,
3000000016178,1,Informação,00:03:28,CLI,10000000259539,N,,,2025/05/08,
3000000016179,1,URA Pesquisa NPS,00:03:20,,10000000259540,S,Nao,5.0,2025/05/07,Email45
3000000016180,1,URA Pesquisa NPS,00:00:39,CLI,,S,Sim,8.0,2025/05/07,Email585
3000000016181,1,Informação,,,,N,,,2025/05/07,
3000000016182,1,Caixa Postal,00:00:09,CLI,,N,,,2025/05/07,
3000000016183,1,URA Pesquisa NPS,00:02:18,CLI,10000000259541,S,Sim,10.0,2025/05/07,Email4355
3000000016184,1,Cliente Desligou,00:00:01,CLI ,,N,,,2025/05/07,
3000000016185,1,Contato de Finalizacao do Protocolo,00:00:59,CLI ,10000000259542,N,,,2025/05/07,
3000000016186,1,Informação,,CLI,10000000259543,N,,,2025/05/07,
3000000016187,1,Caixa Postal,,Cliente,,N,,,2025/05/07,
3000000016188,1,Caixa Postal,,Cliente,10000000259544,N,,,2025/05/07,
3000000016189,1,Caixa Postal,,Cliente,,N,,,2025/05/07,
3000000016190,1,Cliente Desligou,00:00:02,CLI,10000000259544,N,,,2025/05/07,
3000000016191,1,Caixa Postal,00:00:00,CLI,10000000259544,N,,,2025/05/07,
3000000016192,1,URA Pesquisa NPS,00:01:40,CLI,10000000259544,S,Sim,10.0,2025/05/07,Email48439
3000000016193,1,Caixa Postal,00:00:04,Cli,,N,,,2025/05/07,
3000000016194,1,Caixa Postal,00:00:03,Cli,,N,,,2025/05/07,
3000000016195,1,Informação,00:04:53,CLI ,10000000259545,N,,,2025/05/07,
3000000016196,1,Chamada Não Atendida,,cli,10000000259546,N,,,2025/05/07,
3000000016197,1,Chamada Não Atendida,,cli,10000000259546,N,,,2025/05/07,
3000000016198,1,Caixa Postal,00:00:07,CLI,10000000259545,N,,,2025/05/07,
3000000016199,1,Caixa Postal,00:00:06,CLI,10000000259545,N,,,2025/05/07,
3000000016200,1,URA Pesquisa NPS,00:11:07,CLI,,S,Sim,10.0,2025/05/07,Email11179
3000000016201,1,Caixa Postal,00:00:00,,,N,,,2025/05/07,
3000000016202,1,Caixa Postal,00:00:01,,,N,,,2025/05/07,
3000000016203,1,Chamada Não Atendida,00:00:08,,,N,,,2025/05/07,
3000000016204,1,Caixa Postal,,CLI ,10000000259547,N,,,2025/05/07,
3000000016205,1,Caixa Postal,,CLI ,10000000259547,N,,,2025/05/07,
3000000016206,1,URA Pesquisa NPS,00:04:13,CLI,10000000259548,S,Sim,10.0,2025/05/07,Email48438
3000000016207,1,Informação,00:01:32,,,S,,,2025/05/07,Email48444
3000000016208,1,Cliente Desligou,00:00:04,,,N,,,2025/05/07,
3000000016209,1,Cliente Desligou,00:00:03,,,N,,,2025/05/07,
3000000016210,1,Informação,,CLI,,N,,,2025/05/07,
3000000016211,1,Agent Error,00:07:14,,,N,,,2025/05/07,
3000000016212,1,Informação,,CLI,,N,,,2025/05/07,
3000000016213,1,URA Pesquisa NPS,00:01:44,CLI,10000000259549,S,,,2025/05/07,Email288
3000000016214,1,URA Pesquisa NPS,00:03:14,Cli,10000000259550,S,Sim,10.0,2025/05/07,Email1768
3000000016215,1,URA Pesquisa NPS,00:00:36,cli MARCELO FRANCISCO DE OLIVEIRA - CAP 4012487 ,,S,Sim,9.0,2025/05/07,Email585
3000000016216,1,Dados incorretos do cliente,,,,N,,,2025/05/07,
3000000016217,1,Caixa Postal,,,,N,,,2025/05/07,
3000000016218,1,Caixa Postal,,,,N,,,2025/05/07,
3000000016219,1,Informação,00:00:12,,,N,,,2025/05/07,
3000000016220,1,Sent To Voicemail,00:13:36,CLI,10000000259379,S,Sim,10.0,2025/05/07,Email4194
3000000016221,1,Informação,,,,N,,,2025/05/07,
3000000016222,1,Caixa Postal,00:00:14,,,N,,,2025/05/07,
3000000016223,1,Ligação Muda,00:00:25,,,N,,,2025/05/07,
3000000016224,1,Caixa Postal,,CLI,,N,,,2025/05/07,
3000000016225,1,Caixa Postal,,CLI,,N,,,2025/05/07,
3000000016226,1,Chamada Não Atendida,,Cli,,N,,,2025/05/07,
3000000016227,1,Chamada Não Atendida,,Cli,,N,,,2025/05/07,
3000000016228,1,Ligação Muda,,cli,10000000259551,N,,,2025/05/07,
3000000016229,1,Ligação Muda,,cli,10000000259551,N,,,2025/05/07,
3000000016230,1,URA Pesquisa NPS,00:01:57,cli,10000000259551,S,Sim,10.0,2025/05/07,Email11179
3000000016231,1,Caixa Postal,00:00:09,,,N,,,2025/05/07,
3000000016232,1,URA Pesquisa NPS,00:03:27,Cli,10000000259552,S,Sim,8.0,2025/05/07,Email5371
3000000016233,1,Caixa Postal,00:00:04,,,N,,,2025/05/07,
3000000016234,1,Informação,,cli,,N,,,2025/05/07,
3000000016235,1,Não Atende,,CLI ,10000000259547,N,,,2025/05/07,
3000000016236,1,Informação,,cli,,N,,,2025/05/07,
3000000016237,1,Chamada Não Atendida,00:00:01,,,N,,,2025/05/07,
3000000016238,1,Informação,,,,N,,,2025/05/07,
3000000016239,1,URA Pesquisa NPS,00:01:58,Cli,10000000259553,S,,,2025/05/07,Email11179
3000000016240,1,Chamada Não Atendida,,,,N,,,2025/05/07,
3000000016241,1,Chamada Não Atendida,,,,N,,,2025/05/07,
3000000016242,1,Chamada Não Atendida,,,,N,,,2025/05/07,
3000000016243,1,Chamada Não Atendida,,,,N,,,2025/05/07,
3000000016244,1,URA Pesquisa NPS,00:00:44,CLI ,10000000259554,S,,,2025/05/07,Email372
3000000016245,1,Informação,,,,N,,,2025/05/07,
3000000016246,1,Caixa Postal,,,,N,,,2025/05/07,
3000000016247,1,Chamada Não Atendida,,CLI ,10000000259555,N,,,2025/05/07,
3000000016248,1,Caixa Postal,,,,N,,,2025/05/07,
3000000016249,1,Chamada Não Atendida,,CLI ,10000000259555,N,,,2025/05/07,
3000000016250,1,URA Pesquisa NPS,00:00:49,CLI ,10000000259337,S,,,2025/05/07,Email372
3000000016251,1,Informação,,,,N,,,2025/05/07,
3000000016252,1,Caixa Postal,00:00:05,,,N,,,2025/05/07,
3000000016253,1,Caixa Postal,00:00:05,,,N,,,2025/05/07,
3000000016254,1,Chamada Não Atendida,00:00:01,CLI ,10000000259556,N,,,2025/05/07,
3000000016255,1,Chamada Não Atendida,,CLI ,10000000259556,N,,,2025/05/07,
3000000016256,1,Chamada Não Atendida,,CLI ,10000000259557,N,,,2025/05/07,
3000000016257,1,Chamada Não Atendida,,CLI ,10000000259557,N,,,2025/05/07,
3000000016258,1,Chamada Não Atendida,,CLI ,10000000259557,N,,,2025/05/07,
3000000016259,1,Chamada Não Atendida,,CLI ,10000000259558,N,,,2025/05/07,
3000000016260,1,Chamada Não Atendida,,CLI ,10000000259558,N,,,2025/05/07,
3000000016261,1,Caixa Postal,00:00:50,cli,10000000259559,N,,,2025/05/07,
3000000016262,1,Caixa Postal,00:00:22,cli,10000000259559,N,,,2025/05/07,
3000000016263,1,URA Pesquisa NPS,00:00:48,CLI,10000000259560,S,Sim,10.0,2025/05/07,Email372
3000000016264,1,Caixa Postal,00:00:03,,,N,,,2025/05/07,
3000000016265,1,Caixa Postal,00:00:06,,,N,,,2025/05/07,
3000000016266,1,Caixa Postal,00:00:09,cli,,N,,,2025/05/07,
3000000016267,1,Caixa Postal,00:00:10,cli,,N,,,2025/05/07,
3000000016268,1,Chamada Não Atendida,00:00:03,CLI ,10000000259561,N,,,2025/05/07,
3000000016269,1,Chamada Não Atendida,00:00:03,CLI ,10000000259561,N,,,2025/05/07,
3000000016270,1,Chamada Não Atendida,00:00:02,Cli,10000000259562,N,,,2025/05/07,
3000000016271,1,Chamada Não Atendida,00:00:02,Cli,10000000259562,N,,,2025/05/07,
3000000016272,1,Caixa Postal,00:00:01,cli,,N,,,2025/05/07,
3000000016273,1,Sent To Voicemail,00:01:17,cli,10000000259563,S,Sim,9.0,2025/05/07,Email48439
3000000016274,1,Caixa Postal,00:00:00,,,N,,,2025/05/07,
3000000016275,1,Caixa Postal,00:00:04,,,N,,,2025/05/07,
3000000016276,1,Contato de Finalizacao do Protocolo,,Cli,,N,,,2025/05/07,
3000000016277,1,Caixa Postal,00:00:02,Cli,,N,,,2025/05/07,
3000000016278,1,Caixa Postal,00:00:03,Cli,,N,,,2025/05/07,
3000000016279,1,Não Atende,,Cliente,10000000259564,N,,,2025/05/07,
3000000016280,1,Não Atende,,Cliente,10000000259564,N,,,2025/05/07,
3000000016281,1,Caixa Postal,,CLI,,N,,,2025/05/07,
3000000016282,1,Caixa Postal,,CLI,,N,,,2025/05/07,
3000000016283,1,Caixa Postal,00:01:01,CLI,,N,,,2025/05/07,
3000000016284,1,URA Pesquisa NPS,00:00:53,Cli,10000000259565,S,Sim,10.0,2025/05/07,Email585
3000000016285,1,Caixa Postal,00:00:04,CLI,,N,,,2025/05/07,
3000000016286,1,Cliente Desligou,00:00:04,CLI ,,N,,,2025/05/07,
3000000016287,1,Cliente Desligou,00:00:12,CLI ,,N,,,2025/05/07,
3000000016288,1,Caixa Postal,,,,N,,,2025/05/07,
3000000016289,1,Caixa Postal,,,,N,,,2025/05/07,
3000000016290,1,Informação,,,,N,,,2025/05/07,
3000000016291,1,Informação,,CLI,,N,,,2025/05/07,
3000000016292,1,Caixa Postal,00:00:04,,,N,,,2025/05/07,
3000000016293,1,Caixa Postal,00:00:02,,,N,,,2025/05/07,
3000000016294,1,Caixa Postal,00:00:01,,,N,,,2025/05/07,
3000000016295,1,Caixa Postal,00:00:03,,,N,,,2025/05/07,
3000000016296,1,Caixa Postal,00:00:01,CLI ,,N,,,2025/05/07,
3000000016297,1,URA Pesquisa NPS,00:01:31,CLI ,10000000259556,S,Sim,10.0,2025/05/07,Email585
3000000016298,1,Não Atende,,Cliente,10000000259564,N,,,2025/05/07,
3000000016299,1,Caixa Postal,00:00:05,CLI ,,N,,,2025/05/07,
3000000016300,1,URA Pesquisa NPS,00:02:55,Cliente,10000000259564,S,Sim,8.0,2025/05/07,Email8754
3000000016301,1,Caixa Postal,,CLI ,,N,,,2025/05/07,
3000000016302,1,Informação,00:00:04,,,N,,,2025/05/07,
3000000016303,1,Caixa Postal,00:00:01,,,N,,,2025/05/07,
3000000016304,1,Caixa Postal,00:00:00,,,N,,,2025/05/07,
3000000016305,1,Contato de Finalizacao do Protocolo,00:00:44,Cli,10000000259566,N,,,2025/05/07,
3000000016306,1,Não Atende,,cli,10000000259567,N,,,2025/05/07,
3000000016307,1,Chamada Não Atendida,,,,N,,,2025/05/07,
3000000016308,1,URA Pesquisa NPS,00:02:12,Cli,10000000259568,S,Sim,10.0,2025/05/07,Email1615
3000000016309,1,URA Pesquisa NPS,00:01:22,CLi,10000000259569,S,Sim,9.0,2025/05/07,Email585
3000000016310,1,Chamada Não Atendida,,cli,,N,,,2025/05/07,
3000000016311,1,Chamada Não Atendida,00:00:08,CLI ,10000000259561,N,,,2025/05/07,
3000000016312,1,Chamada Não Atendida,00:00:05,CLI ,10000000259561,N,,,2025/05/07,
3000000016313,1,Caixa Postal,00:00:03,Cli,,N,,,2025/05/07,
3000000016314,1,URA Pesquisa NPS,00:11:59,Cli,,S,Sim,10.0,2025/05/07,Email48444
3000000016315,1,Informação,,cli,,N,,,2025/05/07,
3000000016316,1,URA Pesquisa NPS,00:06:14,CLI,10000000259570,S,Sim,10.0,2025/05/07,Email296
3000000016317,1,Caixa Postal,00:00:10,,,N,,,2025/05/07,
3000000016318,1,Ligação Muda,,CLI,10000000259571,N,,,2025/05/07,
3000000016319,1,URA Pesquisa NPS,00:02:38,CLI,10000000259571,S,Sim,10.0,2025/05/07,Email11179
3000000016320,1,Caixa Postal,00:00:07,,,N,,,2025/05/07,
3000000016321,1,Caixa Postal,00:00:10,,,N,,,2025/05/07,
3000000016322,1,Informação,,,,N,,,2025/05/07,
3000000016323,1,Caixa Postal,00:00:12,Cli,,N,,,2025/05/07,
3000000016324,1,Caixa Postal,00:00:09,Cli,10000000259572,N,,,2025/05/07,
3000000016325,1,Dados incorretos do cliente,,CLI,,N,,,2025/05/07,
3000000016326,1,Dados incorretos do cliente,00:00:15,CLI,,N,,,2025/05/07,
3000000016327,1,Caixa Postal,00:00:06,Cli,,N,,,2025/05/07,
3000000016328,1,Caixa Postal,00:00:02,CLI,,N,,,2025/05/07,
3000000016329,1,Caixa Postal,00:00:04,CLI,,N,,,2025/05/07,
3000000016330,1,Caixa Postal,,,,N,,,2025/05/07,
3000000016331,1,Chamada Não Atendida,,,,N,,,2025/05/07,
3000000016332,1,Chamada Não Atendida,,,,N,,,2025/05/07,
3000000016333,1,Caixa Postal,,,,N,,,2025/05/07,
3000000016334,1,Caixa Postal,00:00:10,,,N,,,2025/05/07,
3000000016335,1,Cliente Desligou,00:00:11,CLI,,N,,,2025/05/07,
3000000016336,1,Informação,00:00:14,CLI,10000000259573,N,,,2025/05/07,
3000000016337,1,Informação,00:09:05,CLI ,10000000258169,N,,,2025/05/07,
3000000016338,1,Caixa Postal,,,,N,,,2025/05/07,
3000000016339,1,Caixa Postal,,,,N,,,2025/05/07,
3000000016340,1,Caixa Postal,00:00:12,,,N,,,2025/05/07,
3000000016341,1,Caixa Postal,00:00:05,,,N,,,2025/05/07,
3000000016342,1,Caixa Postal,00:00:02,,,N,,,2025/05/07,
3000000016343,1,Caixa Postal,00:00:01,,,N,,,2025/05/07,
3000000016344,1,Caixa Postal,,,,N,,,2025/05/07,
3000000016345,1,Caixa Postal,00:00:03,,,N,,,2025/05/07,
3000000016346,1,Ligação Muda,00:00:11,,,N,,,2025/05/07,
3000000016347,1,URA Pesquisa NPS,00:23:58,Cli,10000000259574,S,,,2025/05/07,Email5371
3000000016348,1,Caixa Postal,,,,N,,,2025/05/07,
3000000016349,1,Caixa Postal,00:00:00,,,N,,,2025/05/07,
3000000016350,1,Caixa Postal,00:00:17,Cli,10000000259575,N,,,2025/05/07,
3000000016351,1,Cliente Desligou,00:00:14,,,N,,,2025/05/07,
3000000016352,1,Informação,,,,N,,,2025/05/07,
3000000016353,1,Caixa Postal,00:00:02,,,N,,,2025/05/07,
3000000016354,1,Caixa Postal,,,,N,,,2025/05/07,
3000000016355,1,Informação,00:00:02,,,N,,,2025/05/07,
3000000016356,1,Caixa Postal,,,,N,,,2025/05/07,
3000000016357,1,Ligação Muda,,,,N,,,2025/05/07,
3000000016358,1,Caixa Postal,00:00:04,CLI,10000000259576,N,,,2025/05/07,
3000000016359,1,Informação,,,,N,,,2025/05/07,
3000000016360,1,Informação,,,,N,,,2025/05/07,
3000000016361,1,URA Pesquisa NPS,00:06:02,Cli,,S,Sim,8.0,2025/05/07,Email48444
3000000016362,1,Cliente Desligou,00:00:12,,,N,,,2025/05/07,
3000000016363,1,Informação,,,,N,,,2025/05/07,
3000000016364,1,Informação,00:00:20,CLI,,N,,,2025/05/07,
3000000016365,1,Informação,,CLI,,N,,,2025/05/07,
3000000016366,1,Informação,00:00:12,,,N,,,2025/05/07,
3000000016367,1,Caixa Postal,,CLI,,N,,,2025/05/07,
3000000016368,1,Caixa Postal,00:00:03,CLI,,N,,,2025/05/07,
3000000016369,1,Chamada Não Atendida,00:00:05,,,N,,,2025/05/06,
3000000016370,1,Chamada Não Atendida,00:00:00,,,N,,,2025/05/06,
3000000016371,1,Caixa Postal,00:00:03,Cliente,10000000259577,N,,,2025/05/06,
3000000016372,1,Caixa Postal,00:00:00,Cliente,10000000259577,N,,,2025/05/06,
3000000016373,1,Caixa Postal,00:00:12,CLI,10000000259578,N,,,2025/05/06,
3000000016374,1,Chamada Não Atendida,,,,N,,,2025/05/06,
3000000016375,1,URA Pesquisa NPS,00:05:06,CLI,10000000259579,S,Sim,,2025/05/06,Email4194
3000000016376,1,URA Pesquisa NPS,00:04:29,CLI,10000000259580,S,Sim,10.0,2025/05/06,Email11179
3000000016377,1,Cliente Desligou,00:00:08,,,N,,,2025/05/06,
3000000016378,1,Cliente Desligou,00:00:08,,,N,,,2025/05/06,
3000000016379,1,Caixa Postal,00:00:11,,,N,,,2025/05/06,
3000000016380,1,Caixa Postal,00:00:03,,,N,,,2025/05/06,
3000000016381,1,Caixa Postal,00:00:04,CLI,10000000259578,N,,,2025/05/06,
3000000016382,1,Chamada Não Atendida,00:00:03,,,N,,,2025/05/06,
3000000016383,1,Ligação Muda,00:00:13,,,N,,,2025/05/06,
3000000016384,1,URA Pesquisa NPS,00:01:44,,,S,Sim,10.0,2025/05/06,Email48444
3000000016385,1,Caixa Postal,00:00:03,Cliente,10000000259577,N,,,2025/05/06,
3000000016386,1,Caixa Postal,00:00:04,Cli,,N,,,2025/05/06,
3000000016387,1,Caixa Postal,00:00:03,Cliente,10000000259577,N,,,2025/05/06,
3000000016388,1,Ocupado,,Cli,10000000259581,N,,,2025/05/06,
3000000016389,1,Ligação Muda,00:00:20,Cli,,N,,,2025/05/06,
3000000016390,1,Caixa Postal,00:00:00,CLI ,10000000259545,N,,,2025/05/06,
3000000016391,1,Caixa Postal,,,,N,,,2025/05/06,
3000000016392,1,Caixa Postal,,,,N,,,2025/05/06,
3000000016393,1,Caixa Postal,00:00:07,Cli,10000000259582,N,,,2025/05/06,
3000000016394,1,Contato de Finalizacao do Protocolo,00:02:01,CLI,,N,,,2025/05/06,
3000000016395,1,URA Pesquisa NPS,00:01:58,Cli,,S,Sim,10.0,2025/05/06,Email585
3000000016396,1,Caixa Postal,00:00:04,cli,10000000259583,N,,,2025/05/06,
3000000016397,1,Caixa Postal,00:00:03,cli,10000000259583,N,,,2025/05/06,
3000000016398,1,Cliente Desligou,00:00:09,Cli,10000000259584,N,,,2025/05/06,
3000000016399,1,Protocolo Permanecera em Andamento,00:00:28,Cli,10000000259584,N,,,2025/05/06,
3000000016400,1,Chamada Não Atendida,,,,N,,,2025/05/06,
3000000016401,1,URA Pesquisa NPS,00:05:27,CLI,10000000259585,S,Sim,5.0,2025/05/06,Email11179
3000000016402,1,Chamada Não Atendida,,,,N,,,2025/05/06,
3000000016403,1,Informação,00:00:08,CLI,,N,,,2025/05/06,
3000000016404,1,Informação,,CLI,,N,,,2025/05/06,
3000000016405,1,Caixa Postal,,,,N,,,2025/05/06,
3000000016406,1,Caixa Postal,00:00:03,,,N,,,2025/05/06,
3000000016407,1,Caixa Postal,00:00:03,Cli,10000000259586,N,,,2025/05/06,
3000000016408,1,Caixa Postal,00:00:04,Cli,10000000259586,N,,,2025/05/06,
3000000016409,1,Ligação Muda,,cli,10000000259587,N,,,2025/05/06,
3000000016410,1,Ocupado,,cli,,N,,,2025/05/06,
3000000016411,1,URA Pesquisa NPS,00:00:39,CLI,10000000259588,S,Sim,0.0,2025/05/06,Email296
3000000016412,1,Caixa Postal,,cli,,N,,,2025/05/06,
3000000016413,1,Caixa Postal,,cli,,N,,,2025/05/06,
3000000016414,1,Sent To Voicemail,00:04:30,,,S,Sim,10.0,2025/05/06,Email45
3000000016415,1,Caixa Postal,,,,N,,,2025/05/06,
3000000016416,1,Caixa Postal,,,,N,,,2025/05/06,
3000000016417,1,Caixa Postal,00:00:04,,,N,,,2025/05/06,
3000000016418,1,Caixa Postal,00:00:10,,,N,,,2025/05/06,
3000000016419,1,Ocupado,,cli,10000000259587,N,,,2025/05/06,
3000000016420,1,Protocolo Permanecera em Andamento,00:04:53,Cli,10000000259584,N,,,2025/05/06,
3000000016421,1,Chamada Não Atendida,00:00:03,,,N,,,2025/05/06,
3000000016422,1,Chamada Não Atendida,00:00:07,,,N,,,2025/05/06,
3000000016423,1,Caixa Postal,00:00:03,CLI,10000000259589,N,,,2025/05/06,
3000000016424,1,Caixa Postal,,,,N,,,2025/05/06,
3000000016425,1,Caixa Postal,,,,N,,,2025/05/06,
3000000016426,1,Contato de Finalizacao do Protocolo,00:02:05,,,N,,,2025/05/06,
3000000016427,1,Caixa Postal,,Cli,10000000259586,N,,,2025/05/06,
3000000016428,1,Caixa Postal,00:00:01,Cli,10000000259586,N,,,2025/05/06,
3000000016429,1,URA Pesquisa NPS,00:04:51,cli,,S,Sim,10.0,2025/05/06,Email48444
3000000016430,1,Caixa Postal,00:00:01,cli,10000000259590,N,,,2025/05/06,
3000000016431,1,Chamada Não Atendida,00:00:05,CLI,10000000259591,N,,,2025/05/06,
3000000016432,1,Chamada Não Atendida,,CLI,10000000259591,N,,,2025/05/06,
3000000016433,1,Chamada Não Atendida,00:00:13,CL,10000000259591,N,,,2025/05/06,
3000000016434,1,Caixa Postal,,,,N,,,2025/05/06,
3000000016435,1,Caixa Postal,,,,N,,,2025/05/06,
3000000016436,1,Caixa Postal,,,,N,,,2025/05/06,
3000000016437,1,Caixa Postal,,,,N,,,2025/05/06,
3000000016438,1,Caixa Postal,,CLI ,10000000258225,N,,,2025/05/06,
3000000016439,1,Caixa Postal,00:00:05,CLI,,N,,,2025/05/06,
3000000016440,1,Cliente Desligou,00:01:07,cli,10000000259592,N,,,2025/05/06,
3000000016441,1,URA Pesquisa NPS,00:06:35,cli,10000000259592,S,Sim,10.0,2025/05/06,Email4355
3000000016442,1,Caixa Postal,,cli,10000000259593,N,,,2025/05/06,
3000000016443,1,Caixa Postal,,cli,10000000259593,N,,,2025/05/06,
3000000016444,1,Cliente Desligou,00:00:39,Cli,10000000259594,N,,,2025/05/06,
3000000016445,1,Cliente Desligou,00:04:49,Cli,10000000259594,N,,,2025/05/06,
3000000016446,1,Caixa Postal,00:00:08,Cli,,N,,,2025/05/06,
3000000016447,1,URA Pesquisa NPS,00:16:49,CLI,10000000259595,S,Sim,10.0,2025/05/06,Email11179
3000000016448,1,URA Pesquisa NPS,00:03:49,Cli,,S,Sim,10.0,2025/05/06,Email19156
3000000016449,1,URA Pesquisa NPS,00:01:58,,,S,Sim,9.0,2025/05/06,Email48444
3000000016450,1,Informação,,cli,10000000259596,N,,,2025/05/06,
3000000016451,1,URA Pesquisa NPS,00:03:52,CLI,,S,Sim,10.0,2025/05/06,Email48444
3000000016452,1,URA Pesquisa NPS,00:00:59,,,S,,,2025/05/06,Email48438
3000000016453,1,Informação,00:06:28,CLI,10000000259597,N,,,2025/05/06,
3000000016454,1,Caixa Postal,00:00:06,,,N,,,2025/05/06,
3000000016455,1,Ligação Muda,,cli,,N,,,2025/05/06,
3000000016456,1,Caixa Postal,00:00:01,cli,10000000259598,N,,,2025/05/06,
3000000016457,1,Caixa Postal,00:00:11,cli,10000000259598,N,,,2025/05/06,
3000000016458,1,Caixa Postal,,cli,,N,,,2025/05/06,
3000000016459,1,Caixa Postal,,CLI,,N,,,2025/05/06,
3000000016460,1,Caixa Postal,,CLI,,N,,,2025/05/06,
3000000016461,1,URA Pesquisa NPS,00:00:42,,,S,Nao,1.0,2025/05/06,Email585
3000000016462,1,URA Pesquisa NPS,00:02:03,Cli ,10000000259599,S,Sim,10.0,2025/05/06,Email585
3000000016463,1,URA Pesquisa NPS,00:02:24,,,S,Sim,10.0,2025/05/06,Email585
3000000016464,1,Chamada Não Atendida,,,,N,,,2025/05/06,
3000000016465,1,URA Pesquisa NPS,00:01:09,,,S,Sim,8.0,2025/05/06,Email585
3000000016466,1,Caixa Postal,00:00:15,Cli,10000000259600,N,,,2025/05/06,
3000000016467,1,Dados incorretos do cliente,,Cliente,10000000259601,N,,,2025/05/06,
3000000016468,1,Ligação Muda,00:00:14,Cliente,10000000259601,N,,,2025/05/06,
3000000016469,1,Caixa Postal,00:00:06,Cli,10000000259600,N,,,2025/05/06,
3000000016470,1,Caixa Postal,00:00:03,,,N,,,2025/05/06,
3000000016471,1,Caixa Postal,00:00:03,,,N,,,2025/05/06,
3000000016472,1,URA Pesquisa NPS,00:01:08,Cliente,10000000259602,S,Sim,9.0,2025/05/06,Email8754
3000000016473,1,Caixa Postal,00:00:30,,,N,,,2025/05/06,
3000000016474,1,URA Pesquisa NPS,00:01:56,,,S,Sim,8.0,2025/05/06,Email585
3000000016475,1,Caixa Postal,00:00:02,,,N,,,2025/05/06,
3000000016476,1,Caixa Postal,,,,N,,,2025/05/06,
3000000016477,1,Cliente Desligou,00:00:19,,,N,,,2025/05/06,
3000000016478,1,URA Pesquisa NPS,00:00:52,,,S,Sim,10.0,2025/05/06,Email585
3000000016479,1,Caixa Postal,00:00:01,,,N,,,2025/05/06,
3000000016480,1,Caixa Postal,00:00:02,,,N,,,2025/05/06,
3000000016481,1,Caixa Postal,,,,N,,,2025/05/06,
3000000016482,1,Caixa Postal,,,,N,,,2025/05/06,
3000000016483,1,Caixa Postal,,,,N,,,2025/05/06,
3000000016484,1,Chamada Não Atendida,,cli,,N,,,2025/05/06,
3000000016485,1,Caixa Postal,,,,N,,,2025/05/06,
3000000016486,1,Chamada Não Atendida,,cli,,N,,,2025/05/06,
3000000016487,1,Caixa Postal,,,,N,,,2025/05/06,
3000000016488,1,URA Pesquisa NPS,00:01:59,CLI,10000000259603,S,Sim,6.0,2025/05/06,Email288
3000000016489,1,Chamada Não Atendida,,Cli,10000000259604,N,,,2025/05/06,
3000000016490,1,Chamada Não Atendida,,Cli,,N,,,2025/05/06,
3000000016491,1,Chamada Não Atendida,,Cli,10000000259604,N,,,2025/05/06,
3000000016492,1,Informação,00:00:33,Cli,10000000259605,N,,,2025/05/06,
3000000016493,1,URA Pesquisa NPS,00:01:24,,,S,Sim,10.0,2025/05/06,Email48442
3000000016494,1,Chamada Não Atendida,,,,N,,,2025/05/06,
3000000016495,1,Sent To Voicemail,00:01:25,,,S,Sim,10.0,2025/05/06,Email48444
3000000016496,1,Informação,,,,N,,,2025/05/06,
3000000016497,1,Chamada Não Atendida,00:00:37,,,N,,,2025/05/06,
3000000016498,1,Contato de Finalizacao do Protocolo,00:01:35,,,N,,,2025/05/06,
3000000016499,1,Informação,00:04:37,cli,,N,,,2025/05/06,
3000000016500,1,Caixa Postal,00:00:03,,,N,,,2025/05/06,
3000000016501,1,Caixa Postal,00:00:02,,,N,,,2025/05/06,
3000000016502,1,Informação,00:04:41,cli,,N,,,2025/05/06,
3000000016503,1,Caixa Postal,,Cliente,,N,,,2025/05/06,
3000000016504,1,URA Pesquisa NPS,00:03:03,Cliente,,S,Sim,10.0,2025/05/06,Email48444
3000000016505,1,Caixa Postal,,,,N,,,2025/05/06,
3000000016506,1,Caixa Postal,,,,N,,,2025/05/06,
3000000016507,1,URA Pesquisa NPS,00:01:55,CLI ,10000000259606,S,Sim,10.0,2025/05/06,Email372
3000000016508,1,Cliente Desligou,00:00:20,CLi,,N,,,2025/05/06,
3000000016509,1,Informação,00:00:01,,,N,,,2025/05/06,
3000000016510,1,Contato de Finalizacao do Protocolo,00:01:45,CLi,,N,,,2025/05/06,
3000000016511,1,Caixa Postal,00:00:02,,,N,,,2025/05/06,
3000000016512,1,Caixa Postal,00:00:00,,,N,,,2025/05/06,
3000000016513,1,Caixa Postal,,,,N,,,2025/05/06,
3000000016514,1,Caixa Postal,,,,N,,,2025/05/06,
3000000016515,1,URA Pesquisa NPS,00:02:51,CLI,,S,,,2025/05/06,Email585
3000000016516,1,Caixa Postal,,cli,10000000259607,N,,,2025/05/06,
3000000016517,1,Caixa Postal,,cli,10000000259607,N,,,2025/05/06,
3000000016518,1,Caixa Postal,00:00:06,,,N,,,2025/05/06,
3000000016519,1,Caixa Postal,00:00:33,,,N,,,2025/05/06,
3000000016520,1,Caixa Postal,00:00:02,,,N,,,2025/05/06,
3000000016521,1,URA Pesquisa NPS,00:01:12,,10000000259608,S,Sim,10.0,2025/05/06,Email48442
3000000016522,1,Contato de Finalizacao do Protocolo,00:03:18,CLI,,N,,,2025/05/06,
3000000016523,1,Caixa Postal,00:00:02,,,N,,,2025/05/06,
3000000016524,1,Caixa Postal,,,,N,,,2025/05/06,
3000000016525,1,URA Pesquisa NPS,00:00:55,CLI ,10000000259609,S,,,2025/05/06,Email372
3000000016526,1,Informação,00:00:00,CLI,,N,,,2025/05/06,
3000000016527,1,Informação,00:00:03,CLI,,N,,,2025/05/06,
3000000016528,1,Caixa Postal,,,,N,,,2025/05/06,
3000000016529,1,Caixa Postal,,,,N,,,2025/05/06,
3000000016530,1,Caixa Postal,00:00:10,,,N,,,2025/05/06,
3000000016531,1,URA Pesquisa NPS,00:00:55,CLI,,S,Sim,,2025/05/06,Email585
3000000016532,1,Caixa Postal,00:00:01,cli,10000000259610,N,,,2025/05/06,
3000000016533,1,URA Pesquisa NPS,00:00:39,cli,10000000259610,S,,,2025/05/06,Email48439
3000000016534,1,Ocupado,,,10000000259540,N,,,2025/05/06,
3000000016535,1,Caixa Postal,,,,N,,,2025/05/06,
3000000016536,1,Contato de Finalizacao do Protocolo,00:02:07,,,N,,,2025/05/06,
3000000016537,1,Caixa Postal,,,,N,,,2025/05/06,
3000000016538,1,Caixa Postal,00:00:01,,,N,,,2025/05/06,
3000000016539,1,Caixa Postal,,,,N,,,2025/05/06,
3000000016540,1,Caixa Postal,,,,N,,,2025/05/06,
3000000016541,1,Caixa Postal,,,,N,,,2025/05/06,
3000000016542,1,Caixa Postal,,,,N,,,2025/05/06,
3000000016543,1,Caixa Postal,,,,N,,,2025/05/06,
3000000016544,1,Informação,,,,N,,,2025/05/06,
3000000016545,1,Ligação Muda,00:00:29,,,N,,,2025/05/06,
3000000016546,1,Caixa Postal,,,,N,,,2025/05/06,
3000000016547,1,Caixa Postal,,Cli,10000000259575,N,,,2025/05/06,
3000000016548,1,Caixa Postal,,Cli,10000000259575,N,,,2025/05/06,
3000000016549,1,Caixa Postal,,,,N,,,2025/05/06,
3000000016550,1,Caixa Postal,00:00:02,,,N,,,2025/05/06,
3000000016551,1,Caixa Postal,00:00:14,,,N,,,2025/05/06,
3000000016552,1,URA Pesquisa NPS,00:11:27,CLI,10000000259541,S,Sim,10.0,2025/05/06,Email4355
3000000016553,1,Cliente Desligou,00:00:03,,,N,,,2025/05/05,
3000000016554,1,URA Pesquisa NPS,00:00:43,,,S,Sim,9.0,2025/05/05,Email585
3000000016555,1,Caixa Postal,,CLI,10000000259611,N,,,2025/05/05,
3000000016556,1,Caixa Postal,00:00:05,,,N,,,2025/05/05,
3000000016557,1,Caixa Postal,00:00:02,,,N,,,2025/05/05,
3000000016558,1,Chamada Não Atendida,,CLI,10000000259612,N,,,2025/05/05,
3000000016559,1,Dados incorretos do cliente,,CLI,,N,,,2025/05/05,
3000000016560,1,Ligação Muda,00:00:00,CLI,10000000259612,N,,,2025/05/05,
3000000016561,1,URA Pesquisa NPS,00:01:49,CLI,10000000259612,S,Sim,8.0,2025/05/05,Email11179
3000000016562,1,Caixa Postal,,,,N,,,2025/05/05,
3000000016563,1,Caixa Postal,,,,N,,,2025/05/05,
3000000016564,1,Caixa Postal,,Cli,10000000257985,N,,,2025/05/05,
3000000016565,1,Chamada Não Atendida,,Cli,10000000257985,N,,,2025/05/05,
3000000016566,1,Caixa Postal,00:00:03,Cli,,N,,,2025/05/05,
3000000016567,1,Caixa Postal,,CLI,10000000259613,N,,,2025/05/05,
3000000016568,1,Informação,,CLI,,N,,,2025/05/05,
3000000016569,1,Chamada Não Atendida,00:00:06,,,N,,,2025/05/05,
3000000016570,1,Caixa Postal,00:00:06,cli,,N,,,2025/05/05,
3000000016571,1,Caixa Postal,00:00:02,cli,,N,,,2025/05/05,
3000000016572,1,URA Pesquisa NPS,00:02:53,,,S,Sim,10.0,2025/05/05,Email48444
3000000016573,1,Caixa Postal,,,,N,,,2025/05/05,
3000000016574,1,Caixa Postal,,,,N,,,2025/05/05,
3000000016575,1,Caixa Postal,00:00:11,,,N,,,2025/05/05,
3000000016576,1,Caixa Postal,00:00:05,,,N,,,2025/05/05,
3000000016577,1,URA Pesquisa NPS,00:02:35,,,S,Sim,10.0,2025/05/05,Email585
3000000016578,1,Caixa Postal,00:00:02,,,N,,,2025/05/05,
3000000016579,1,Caixa Postal,00:00:04,,,N,,,2025/05/05,
3000000016580,1,Caixa Postal,00:05:14,Cli,10000000259614,N,,,2025/05/05,
3000000016581,1,URA Pesquisa NPS,00:02:52,CLI,10000000259549,S,,,2025/05/05,Email48438
3000000016582,1,URA Pesquisa NPS,00:02:18,,,S,Sim,10.0,2025/05/05,Email48444
3000000016583,1,URA Pesquisa NPS,00:02:07,Cli,10000000259615,S,Sim,10.0,2025/05/05,Email5371
3000000016584,1,Caixa Postal,,,,N,,,2025/05/05,
3000000016585,1,Caixa Postal,,,,N,,,2025/05/05,
3000000016586,1,Caixa Postal,,,,N,,,2025/05/05,
3000000016587,1,Cliente Desligou,00:00:02,,10000000259616,N,,,2025/05/05,
3000000016588,1,URA Pesquisa NPS,00:02:15,Cli,10000000259617,S,Sim,10.0,2025/05/05,Email1615
3000000016589,1,Caixa Postal,,cli ,,N,,,2025/05/05,
3000000016590,1,Caixa Postal,,cli ,,N,,,2025/05/05,
3000000016591,1,Caixa Postal,00:00:07,Cli,,N,,,2025/05/05,
3000000016592,1,Caixa Postal,,,,N,,,2025/05/05,
3000000016593,1,URA Pesquisa NPS,00:07:14,cli ,10000000259618,S,,,2025/05/05,Email48443
3000000016594,1,Informação,,,,N,,,2025/05/05,
3000000016595,1,Caixa Postal,00:00:04,,,N,,,2025/05/05,
3000000016596,1,URA Pesquisa NPS,00:01:29,Cli,10000000259447,S,Sim,8.0,2025/05/05,Email48443
3000000016597,1,Caixa Postal,00:00:12,Cli,10000000259619,N,,,2025/05/05,
3000000016598,1,Contato de Finalizacao do Protocolo,00:00:53,,,N,,,2025/05/05,
3000000016599,1,URA Pesquisa NPS,00:00:48,,,S,Sim,,2025/05/05,Email585
3000000016600,1,Caixa Postal,00:00:03,,,N,,,2025/05/05,
3000000016601,1,Caixa Postal,00:00:07,,,N,,,2025/05/05,
3000000016602,1,Caixa Postal,00:00:04,,,N,,,2025/05/05,
3000000016603,1,Caixa Postal,00:00:10,,,N,,,2025/05/05,
3000000016604,1,Caixa Postal,00:00:06,cli,10000000259620,N,,,2025/05/05,
3000000016605,1,Caixa Postal,00:00:01,cli,10000000259620,N,,,2025/05/05,
3000000016606,1,Caixa Postal,,Cli,,N,,,2025/05/05,
3000000016607,1,Caixa Postal,,Cli,,N,,,2025/05/05,
3000000016608,1,Caixa Postal,,Cli,,N,,,2025/05/05,
3000000016609,1,Caixa Postal,00:00:03,Cliente,,N,,,2025/05/05,
3000000016610,1,Contato de Finalizacao do Protocolo,00:00:03,,,N,,,2025/05/05,
3000000016611,1,Contato de Finalizacao do Protocolo,00:00:03,,,N,,,2025/05/05,
3000000016612,1,Caixa Postal,,,,N,,,2025/05/05,
3000000016613,1,Caixa Postal,,,,N,,,2025/05/05,
3000000016614,1,Caixa Postal,00:00:02,,,N,,,2025/05/05,
3000000016615,1,Caixa Postal,00:00:10,,,N,,,2025/05/05,
3000000016616,1,URA Pesquisa NPS,00:00:50,CLI,10000000259480,S,Sim,10.0,2025/05/05,Email296
3000000016617,1,Caixa Postal,,cli,10000000259621,N,,,2025/05/05,
3000000016618,1,Caixa Postal,,cli,10000000259621,N,,,2025/05/05,
3000000016619,1,Caixa Postal,,,,N,,,2025/05/05,
3000000016620,1,Caixa Postal,00:00:00,,,N,,,2025/05/05,
3000000016621,1,Caixa Postal,,Cli,10000000259622,N,,,2025/05/05,
3000000016622,1,Caixa Postal,,Cli,10000000259622,N,,,2025/05/05,
3000000016623,1,Chamada Não Atendida,,cli,10000000259592,N,,,2025/05/05,
3000000016624,1,Caixa Postal,00:00:03,,,N,,,2025/05/05,
3000000016625,1,URA Pesquisa NPS,00:02:28,cli,10000000259592,S,,,2025/05/05,Email11179
3000000016626,1,Caixa Postal,00:00:04,CLI,10000000259483,N,,,2025/05/05,
3000000016627,1,Caixa Postal,,CLI,10000000259483,N,,,2025/05/05,
3000000016628,1,Caixa Postal,,,,N,,,2025/05/05,
3000000016629,1,Caixa Postal,00:00:08,CLI,10000000259623,N,,,2025/05/05,
3000000016630,1,Caixa Postal,00:00:03,CLI,10000000259623,N,,,2025/05/05,
3000000016631,1,Caixa Postal,00:01:13,Cli,10000000259624,N,,,2025/05/05,
3000000016632,1,Caixa Postal,,,,N,,,2025/05/05,
3000000016633,1,Ocupado,,,,N,,,2025/05/05,
3000000016634,1,Caixa Postal,,,,N,,,2025/05/05,
3000000016635,1,Caixa Postal,,,,N,,,2025/05/05,
3000000016636,1,URA Pesquisa NPS,00:03:23,cli,10000000259625,S,Sim,8.0,2025/05/05,Email48443
3000000016637,1,Chamada Não Atendida,00:00:04,Cli,10000000259626,N,,,2025/05/05,
3000000016638,1,Caixa Postal,00:00:01,Cli,10000000259626,N,,,2025/05/05,
3000000016639,1,Ocupado,,Cli,,N,,,2025/05/05,
3000000016640,1,Caixa Postal,00:00:20,CLI,10000000259613,N,,,2025/05/05,
3000000016641,1,Caixa Postal,,CLI,10000000259613,N,,,2025/05/05,
3000000016642,1,Caixa Postal,00:00:05,CLI,10000000259613,N,,,2025/05/05,
3000000016643,1,Contato de Finalizacao do Protocolo,00:01:47,,10000000259627,N,,,2025/05/05,
3000000016644,1,Caixa Postal,,,,N,,,2025/05/05,
3000000016645,1,Caixa Postal,,,,N,,,2025/05/05,
3000000016646,1,Caixa Postal,,,,N,,,2025/05/05,
3000000016647,1,Caixa Postal,00:00:03,,,N,,,2025/05/05,
3000000016648,1,Caixa Postal,00:00:03,,,N,,,2025/05/05,
3000000016649,1,Caixa Postal,,,,N,,,2025/05/05,
3000000016650,1,Caixa Postal,,,,N,,,2025/05/05,
3000000016651,1,URA Pesquisa NPS,00:01:34,CLI,10000000259628,S,Sim,10.0,2025/05/05,Email1615
3000000016652,1,Ligação Muda,00:00:09,CLI,,N,,,2025/05/05,
3000000016653,1,Ligação Muda,00:00:09,CLI,,N,,,2025/05/05,
3000000016654,1,Ligação Muda,00:00:19,,,N,,,2025/05/05,
3000000016655,1,Chamada Não Atendida,00:00:12,,,N,,,2025/05/05,
3000000016656,1,URA Pesquisa NPS,00:00:46,CLI,10000000259629,S,Sim,10.0,2025/05/05,Email48438
3000000016657,1,Ligação Muda,00:00:12,,,N,,,2025/05/05,
3000000016658,1,Ligação Muda,00:00:03,,,N,,,2025/05/05,
3000000016659,1,Cliente Desligou,00:00:10,Cli,,N,,,2025/05/05,
3000000016660,1,Chamada Não Atendida,00:00:19,Cli,,N,,,2025/05/05,
3000000016661,1,Caixa Postal,00:00:03,,,N,,,2025/05/05,
3000000016662,1,Caixa Postal,00:00:07,,,N,,,2025/05/05,
3000000016663,1,Caixa Postal,00:00:10,,,N,,,2025/05/05,
3000000016664,1,Caixa Postal,,,,N,,,2025/05/05,
3000000016665,1,Caixa Postal,,,,N,,,2025/05/05,
3000000016666,1,Ligação Muda,00:00:14,,,N,,,2025/05/05,
3000000016667,1,Cliente Desligou,00:00:17,,,N,,,2025/05/05,
3000000016668,1,Chamada Não Atendida,,,,N,,,2025/05/05,
3000000016669,1,Ligação Muda,00:00:15,,,N,,,2025/05/05,
3000000016670,1,Informação,00:08:28,CLI,10000000259630,N,,,2025/05/05,
3000000016671,1,Chamada Não Atendida,,,,N,,,2025/05/05,
3000000016672,1,Chamada Não Atendida,,,,N,,,2025/05/05,
3000000016673,1,Caixa Postal,00:00:09,,,N,,,2025/05/05,
3000000016674,1,Caixa Postal,00:00:05,,,N,,,2025/05/05,
3000000016675,1,Caixa Postal,00:00:08,CLI,10000000259631,N,,,2025/05/05,
3000000016676,1,Caixa Postal,00:00:07,CLI,10000000259631,N,,,2025/05/05,
3000000016677,1,Caixa Postal,,Cli,10000000259632,N,,,2025/05/05,
3000000016678,1,Caixa Postal,00:00:03,,,N,,,2025/05/05,
3000000016679,1,Caixa Postal,,,,N,,,2025/05/05,
3000000016680,1,Chamada Não Atendida,,,,N,,,2025/05/05,
3000000016681,1,Caixa Postal,00:00:09,,,N,,,2025/05/05,
3000000016682,1,Caixa Postal,00:00:03,,,N,,,2025/05/05,
3000000016683,1,Caixa Postal,00:00:10,,,N,,,2025/05/05,
3000000016684,1,Chamada Não Atendida,00:00:03,,,N,,,2025/05/05,
3000000016685,1,Chamada Não Atendida,00:00:05,,,N,,,2025/05/05,
3000000016686,1,Informação,00:00:10,,,N,,,2025/05/05,
3000000016687,1,Caixa Postal,00:00:10,,,N,,,2025/05/05,
3000000016688,1,Caixa Postal,00:07:03,,,N,,,2025/05/05,
3000000016689,1,Ligação Muda,00:00:08,,,N,,,2025/05/05,
3000000016690,1,Ligação Muda,00:00:13,,,N,,,2025/05/05,
3000000016691,1,Ligação Muda,00:00:10,,,N,,,2025/05/05,
3000000016692,1,Informação,00:00:11,,,N,,,2025/05/05,
3000000016693,1,Informação,00:00:04,,,N,,,2025/05/05,
3000000016694,1,Informação,00:04:05,,,N,,,2025/05/05,
3000000016695,1,Caixa Postal,,CLI,10000000259633,N,,,2025/05/05,
3000000016696,1,Caixa Postal,00:00:04,Cli,,N,,,2025/05/05,
3000000016697,1,URA Pesquisa NPS,00:05:58,Cli,10000000259634,S,Sim,10.0,2025/05/05,Email5371
3000000016698,1,Caixa Postal,00:00:10,cli,10000000258196,N,,,2025/05/05,
3000000016699,1,Chamada Não Atendida,00:00:00,,,N,,,2025/05/05,
3000000016700,1,Caixa Postal,00:00:04,Cli,10000000258196,N,,,2025/05/05,
3000000016701,1,Caixa Postal,00:00:04,,,N,,,2025/05/05,
3000000016702,1,Caixa Postal,,,,N,,,2025/05/05,
3000000016703,1,Chamada Não Atendida,00:00:02,,,N,,,2025/05/05,
3000000016704,1,Chamada Não Atendida,00:00:03,,,N,,,2025/05/05,
3000000016705,1,Ligação Muda,00:00:04,,,N,,,2025/05/05,
3000000016706,1,Ligação Muda,00:00:02,,,N,,,2025/05/05,
3000000016707,1,Caixa Postal,,CLI,,N,,,2025/05/05,
3000000016708,1,Caixa Postal,,CLI,,N,,,2025/05/05,
3000000016709,1,Chamada Não Atendida,00:00:12,,,N,,,2025/05/05,
3000000016710,1,Chamada Não Atendida,00:00:22,,,N,,,2025/05/05,
3000000016711,1,Caixa Postal,,,,N,,,2025/05/05,
3000000016712,1,Caixa Postal,,,,N,,,2025/05/05,
3000000016713,1,Chamada Não Atendida,,,,N,,,2025/05/05,
3000000016714,1,Chamada Não Atendida,,,,N,,,2025/05/05,
3000000016715,1,Caixa Postal,,Cliente,10000000259635,N,,,2025/05/05,
3000000016716,1,Caixa Postal,,Cliente,10000000259635,N,,,2025/05/05,
3000000016717,1,Chamada Não Atendida,,,,N,,,2025/05/05,
3000000016718,1,Caixa Postal,,,,N,,,2025/05/05,
3000000016719,1,Não Atende,,cli,10000000259636,N,,,2025/05/05,
3000000016720,1,Chamada Não Atendida,00:00:10,,,N,,,2025/05/05,
3000000016721,1,Chamada Não Atendida,00:00:18,,,N,,,2025/05/05,
3000000016722,1,Ligação Muda,00:00:11,,,N,,,2025/05/05,
3000000016723,1,Ligação Muda,00:00:09,,,N,,,2025/05/05,
3000000016724,1,Cliente Desligou,00:00:12,,,N,,,2025/05/05,
3000000016725,1,Ligação Muda,00:00:05,,,N,,,2025/05/05,
3000000016726,1,Não Atende,00:00:05,CLI,10000000259637,N,,,2025/05/02,
3000000016727,1,Chamada Não Atendida,,,,N,,,2025/05/02,
3000000016728,1,Informação,00:00:03,cli,,N,,,2025/05/02,
3000000016729,1,Chamada Não Atendida,,,,N,,,2025/05/02,
3000000016730,1,Chamada Não Atendida,,,,N,,,2025/05/02,
3000000016731,1,Chamada Não Atendida,00:00:05,Cli,,N,,,2025/05/02,
3000000016732,1,Chamada Não Atendida,00:00:00,Cli,,N,,,2025/05/02,
3000000016733,1,Chamada Não Atendida,,Cli,,N,,,2025/05/02,
3000000016734,1,Chamada Não Atendida,,Cli,,N,,,2025/05/02,
3000000016735,1,Caixa Postal,00:00:09,,,N,,,2025/05/02,
3000000016736,1,Caixa Postal,00:00:03,,,N,,,2025/05/02,
3000000016737,1,Chamada Não Atendida,00:00:10,,,N,,,2025/05/02,
3000000016738,1,Chamada Não Atendida,00:00:04,,,N,,,2025/05/02,
3000000016739,1,Chamada Não Atendida,00:00:11,,,N,,,2025/05/02,
3000000016740,1,Chamada Não Atendida,00:00:03,,,N,,,2025/05/02,
3000000016741,1,Cliente Desligou,00:00:10,CLI,,N,,,2025/05/02,
3000000016742,1,Cliente Desligou,00:00:05,CLI,,N,,,2025/05/02,
3000000016743,1,Chamada Não Atendida,00:00:06,,,N,,,2025/05/02,
3000000016744,1,Chamada Não Atendida,00:00:03,,,N,,,2025/05/02,
3000000016745,1,Chamada Não Atendida,00:00:06,,,N,,,2025/05/02,
3000000016746,1,Caixa Postal,00:00:39,,,N,,,2025/05/02,
3000000016747,1,Caixa Postal,00:00:04,Cli,10000000259638,N,,,2025/05/02,
3000000016748,1,Ligação Muda,00:00:12,,,N,,,2025/05/02,
3000000016749,1,Caixa Postal,00:00:03,,,N,,,2025/05/02,
3000000016750,1,Caixa Postal,00:00:04,,,N,,,2025/05/02,
3000000016751,1,Ligação Muda,,,,N,,,2025/05/02,
3000000016752,1,Chamada Não Atendida,,,,N,,,2025/05/02,
3000000016753,1,Chamada Não Atendida,,,,N,,,2025/05/02,
3000000016754,1,Chamada Não Atendida,00:00:04,,,N,,,2025/05/02,
3000000016755,1,Chamada Não Atendida,00:00:02,,,N,,,2025/05/02,
3000000016756,1,Ligação Muda,00:00:08,,,N,,,2025/05/02,
3000000016757,1,Cliente Desligou,00:00:09,,,N,,,2025/05/02,
3000000016758,1,Cliente Desligou,00:00:10,,,N,,,2025/05/02,
3000000016759,1,Cliente Desligou,00:00:13,,,N,,,2025/05/02,
3000000016760,1,Chamada Não Atendida,00:00:17,,,N,,,2025/05/02,
3000000016761,1,Chamada Não Atendida,,,,N,,,2025/05/02,
3000000016762,1,Chamada Não Atendida,00:00:01,,,N,,,2025/05/02,
3000000016763,1,Chamada Não Atendida,,,,N,,,2025/05/02,
3000000016764,1,Ligação Muda,00:00:18,,,N,,,2025/05/02,
3000000016765,1,Ligação Muda,00:00:08,,,N,,,2025/05/02,
3000000016766,1,Informação,,,,N,,,2025/05/02,
3000000016767,1,Ligação Muda,00:00:11,Cliente,,N,,,2025/05/02,
3000000016768,1,Ligação Muda,00:00:03,Cliente,,N,,,2025/05/02,
3000000016769,1,Informação,00:00:03,Cliente,,N,,,2025/05/02,
3000000016770,1,Caixa Postal,00:00:01,Cliente,10000000258083,N,,,2025/05/02,
3000000016771,1,Cliente Desligou,00:00:02,Cli,,N,,,2025/05/02,
3000000016772,1,Cliente Desligou,00:00:06,Cli,,N,,,2025/05/02,
3000000016773,1,Caixa Postal,00:00:01,,,N,,,2025/05/02,
3000000016774,1,Caixa Postal,00:00:00,,,N,,,2025/05/02,
3000000016775,1,Contato de Finalizacao do Protocolo,00:03:51,,,N,,,2025/05/02,
3000000016776,1,Ligação Muda,00:00:03,CLI,,N,,,2025/05/02,
3000000016777,1,Ligação Muda,,CLI,,N,,,2025/05/02,
3000000016778,1,Informação,,,,N,,,2025/05/02,
3000000016779,1,Não Atende,,cli,10000000259639,N,,,2025/05/02,
3000000016780,1,Informação,00:03:39,cli,10000000259639,N,,,2025/05/02,
3000000016781,1,Caixa Postal,00:00:07,,,N,,,2025/05/02,
3000000016782,1,Caixa Postal,00:00:05,,,N,,,2025/05/02,
3000000016783,1,Ocupado,,,,N,,,2025/05/02,
3000000016784,1,URA Pesquisa NPS,00:03:28,,,S,Sim,10.0,2025/05/02,Email48444
3000000016785,1,URA Pesquisa NPS,00:06:06,CLI,10000000259640,S,,,2025/05/02,Email288
3000000016786,1,Agent Error,00:06:15,,,N,,,2025/05/02,
3000000016787,1,Ligação Muda,00:00:17,CLI,,N,,,2025/05/02,
3000000016788,1,Caixa Postal,00:00:06,,,N,,,2025/05/02,
3000000016789,1,Ligação Muda,00:00:08,CLI,,N,,,2025/05/02,
3000000016790,1,Cliente Desligou,00:00:05,,,N,,,2025/05/02,
3000000016791,1,URA Pesquisa NPS,00:01:10,,,S,Sim,9.0,2025/05/02,Email48444
3000000016792,1,Ligação Muda,,CLI,,N,,,2025/05/02,
3000000016793,1,Cliente Desligou,,CLI,,N,,,2025/05/02,
3000000016794,1,Caixa Postal,00:00:10,Cli,10000000259641,N,,,2025/05/02,
3000000016795,1,Caixa Postal,00:00:10,Cli,10000000259641,N,,,2025/05/02,
3000000016796,1,Cliente Desligou,,,,N,,,2025/05/02,
3000000016797,1,Cliente Desligou,00:01:54,,,N,,,2025/05/02,
3000000016798,1,Chamada Não Atendida,,CLI ,10000000259642,N,,,2025/05/02,
3000000016799,1,Chamada Não Atendida,,CLI ,10000000259642,N,,,2025/05/02,
3000000016800,1,Chamada Não Atendida,00:00:05,,,N,,,2025/05/02,
3000000016801,1,Chamada Não Atendida,00:00:09,,,N,,,2025/05/02,
3000000016802,1,Informação,00:04:37,,,N,,,2025/05/02,
3000000016803,1,Contato de Finalizacao do Protocolo,00:04:45,Cli,10000000259643,N,,,2025/05/02,
3000000016804,1,Ligação Muda,00:00:20,,,N,,,2025/05/02,
3000000016805,1,Ligação Muda,00:01:57,,,N,,,2025/05/02,
3000000016806,1,URA Pesquisa NPS,00:09:17,,10000000259644,S,Sim,8.0,2025/05/02,Email48442
3000000016807,1,Chamada Não Atendida,,,,N,,,2025/05/02,
3000000016808,1,Chamada Não Atendida,,,,N,,,2025/05/02,
3000000016809,1,Caixa Postal,00:00:03,,,N,,,2025/05/02,
3000000016810,1,Caixa Postal,00:00:04,,,N,,,2025/05/02,
3000000016811,1,Caixa Postal,,,,N,,,2025/05/02,
3000000016812,1,Informação,,,,N,,,2025/05/02,
3000000016813,1,Contato de Finalizacao do Protocolo,00:00:35,,,N,,,2025/05/02,
3000000016814,1,Caixa Postal,00:00:06,cli,10000000259605,N,,,2025/05/02,
3000000016815,1,Caixa Postal,00:00:02,cli,,N,,,2025/05/02,
3000000016816,1,Chamada Não Atendida,00:01:16,CLI ,,N,,,2025/05/02,
3000000016817,1,Caixa Postal,00:00:01,,,N,,,2025/05/02,
3000000016818,1,Informação,00:06:47,,,N,,,2025/05/02,
3000000016819,1,Informação,00:00:13,,,N,,,2025/05/02,
3000000016820,1,Chamada Não Atendida,,CLI ,10000000259645,N,,,2025/05/02,
3000000016821,1,Caixa Postal,,,,N,,,2025/05/02,
3000000016822,1,Chamada Não Atendida,00:00:07,,,N,,,2025/05/02,
3000000016823,1,Chamada Não Atendida,,,,N,,,2025/05/02,
3000000016824,1,Cliente Desligou,00:00:10,,,N,,,2025/05/02,
3000000016825,1,Ligação Muda,00:00:19,,,N,,,2025/05/02,
3000000016826,1,URA Pesquisa NPS,00:07:10,CLI,10000000259646,S,Sim,10.0,2025/05/02,Email11179
3000000016827,1,Cliente Desligou,00:00:16,,,N,,,2025/05/02,
3000000016828,1,Cliente Desligou,00:00:16,,,N,,,2025/05/02,
3000000016829,1,Informação,,Cliente,,N,,,2025/05/02,
3000000016830,1,Caixa Postal,,CLI,10000000259647,N,,,2025/05/02,
3000000016831,1,Caixa Postal,00:00:05,,10000000259648,N,,,2025/05/02,
3000000016832,1,Informação,00:04:04,CLI,,N,,,2025/05/02,
3000000016833,1,URA Pesquisa NPS,00:00:54,CLI,10000000259649,S,,,2025/05/02,Email4194
3000000016834,1,Não Atende,00:00:04,CLI,10000000258004,N,,,2025/05/02,
3000000016835,1,URA Pesquisa NPS,00:01:08,CLI,10000000259650,S,Sim,9.0,2025/05/02,Email364
3000000016836,1,Informação,00:15:17,cli,,N,,,2025/05/02,
3000000016837,1,Informação,00:00:10,CLI,,N,,,2025/05/02,
3000000016838,1,Informação,,Cli,,N,,,2025/05/02,
3000000016839,1,Informação,,cli,10000000258285,N,,,2025/05/02,
3000000016840,1,Caixa Postal,00:00:01,cli,,N,,,2025/05/02,
3000000016841,1,Caixa Postal,00:00:16,cli,,N,,,2025/05/02,
3000000016842,1,Chamada Não Atendida,00:00:04,,,N,,,2025/05/02,
3000000016843,1,Chamada Não Atendida,,,,N,,,2025/05/02,
3000000016844,1,Caixa Postal,00:00:12,Cli,10000000259651,N,,,2025/05/02,
3000000016845,1,Informação,00:00:01,,,N,,,2025/05/02,
3000000016846,1,Informação,00:00:01,,,N,,,2025/05/02,
3000000016847,1,Informação,00:00:01,,,N,,,2025/05/02,
3000000016848,1,Cliente Desligou,00:00:02,,,N,,,2025/05/02,
3000000016849,1,Cliente Desligou,00:00:02,,,N,,,2025/05/02,
3000000016850,1,Informação,00:00:17,,,N,,,2025/05/02,
3000000016851,1,Chamada Não Atendida,,,,N,,,2025/05/02,
3000000016852,1,Não Atende,,Cliente,10000000259652,N,,,2025/05/02,
3000000016853,1,Chamada Não Atendida,,,,N,,,2025/05/02,
3000000016854,1,Caixa Postal,00:00:06,,,N,,,2025/05/02,
3000000016855,1,Caixa Postal,00:00:03,,,N,,,2025/05/02,
3000000016856,1,Informação,,,,N,,,2025/05/02,
3000000016857,1,Caixa Postal,00:00:05,CLI,10000000259653,N,,,2025/05/02,
3000000016858,1,Caixa Postal,00:00:05,CLI,10000000259653,N,,,2025/05/02,
3000000016859,1,Chamada Não Atendida,,Cli,,N,,,2025/05/02,
3000000016860,1,Chamada Não Atendida,,Cli,,N,,,2025/05/02,
3000000016861,1,Caixa Postal,00:00:05,CLI,10000000259647,N,,,2025/05/02,
3000000016862,1,Chamada Não Atendida,,Cli,,N,,,2025/05/02,
3000000016863,1,Chamada Não Atendida,,Cli,,N,,,2025/05/02,
3000000016864,1,Chamada Não Atendida,00:00:16,,,N,,,2025/05/02,
3000000016865,1,Chamada Não Atendida,,,,N,,,2025/05/02,
3000000016866,1,Ligação Muda,,CLI,10000000259611,N,,,2025/05/02,
3000000016867,1,Ligação Muda,,CLI,10000000259611,N,,,2025/05/02,
3000000016868,1,Não Atende,,Cliente,10000000259654,N,,,2025/05/02,
3000000016869,1,Caixa Postal,,,,N,,,2025/05/02,
3000000016870,1,Não Atende,,Cliente,10000000259655,N,,,2025/05/02,
