CALL ID,CALLS,DISPOSITION,TALK TIME,Devolutiva,Custom.Numero_CAP,Custom.Transfer_NPS,Custom.NPS_Solicitacao,Custom.NPS_Nota,DATE,Custom.Analista
3000000010083,1,Caixa Postal,00:00:03,,,N,,,2025/04/30,
3000000010084,1,Caixa Postal,,,,N,,,2025/04/30,
3000000010085,1,Cliente Desligou,00:00:22,,,N,,,2025/04/30,
3000000010086,1,Cliente Desligou,00:00:01,,,N,,,2025/04/30,
3000000010087,1,Cliente Desligou,00:00:01,,,N,,,2025/04/30,
3000000010088,1,Não Atende,,,,N,,,2025/04/30,
3000000010089,1,Caixa Postal,00:00:04,CLI,10000000257952,N,,,2025/04/30,
3000000010090,1,Ligação Muda,00:00:18,,,N,,,2025/04/30,
3000000010091,1,Chamada Não Atendida,,,,N,,,2025/04/30,
3000000010092,1,Chamada Não Atendida,,,,N,,,2025/04/30,
3000000010093,1,Chamada Não Atendida,,,,N,,,2025/04/30,
3000000010094,1,Chamada Não Atendida,,,,N,,,2025/04/30,
3000000010095,1,URA Pesquisa NPS,00:01:16,cli,10000000257953,S,,,2025/04/30,Email11179
3000000010096,1,Chamada Não Atendida,,,,N,,,2025/04/30,
3000000010097,1,Chamada Não Atendida,,,,N,,,2025/04/30,
3000000010098,1,Caixa Postal,00:00:05,,,N,,,2025/04/30,
3000000010099,1,Caixa Postal,00:00:05,,,N,,,2025/04/30,
3000000010100,1,URA Pesquisa NPS,00:01:30,,10000000257954,S,Sim,9.0,2025/04/30,Email48442
3000000010101,1,Caixa Postal,,CLI,,N,,,2025/04/30,
3000000010102,1,Caixa Postal,00:00:07,CLI,,N,,,2025/04/30,
3000000010103,1,Ligação Muda,00:00:17,CLI ,,N,,,2025/04/30,
3000000010104,1,URA Pesquisa NPS,00:05:43,CLI ,10000000257955,S,Sim,10.0,2025/04/30,Email4355
3000000010105,1,Caixa Postal,00:00:03,,,N,,,2025/04/30,
3000000010106,1,Caixa Postal,,,,N,,,2025/04/30,
3000000010107,1,Contato de Finalizacao do Protocolo,00:01:44,CLI ,,N,,,2025/04/30,
3000000010108,1,Contato de Finalizacao do Protocolo,00:00:38,,,N,,,2025/04/30,
3000000010109,1,Caixa Postal,,,,N,,,2025/04/30,
3000000010110,1,Caixa Postal,,,,N,,,2025/04/30,
3000000010111,1,Informação,,,,N,,,2025/04/30,
3000000010112,1,Caixa Postal,,,,N,,,2025/04/30,
3000000010113,1,Caixa Postal,,,,N,,,2025/04/30,
3000000010114,1,Caixa Postal,,,,N,,,2025/04/30,
3000000010115,1,Contato de Finalizacao do Protocolo,00:01:08,,,N,,,2025/04/30,
3000000010116,1,Caixa Postal,,,,N,,,2025/04/30,
3000000010117,1,Chamada Não Atendida,00:00:04,CLI,10000000257956,N,,,2025/04/30,
3000000010118,1,Chamada Não Atendida,00:00:03,CLI,10000000257956,N,,,2025/04/30,
3000000010119,1,URA Pesquisa NPS,00:00:44,Cli,10000000257957,S,Sim,8.0,2025/04/30,Email5371
3000000010120,1,URA Pesquisa NPS,00:00:44,,,S,,,2025/04/30,Email585
3000000010121,1,Caixa Postal,00:00:05,,,N,,,2025/04/30,
3000000010122,1,Caixa Postal,,,,N,,,2025/04/30,
3000000010123,1,Caixa Postal,,,,N,,,2025/04/30,
3000000010124,1,Informação,,,,N,,,2025/04/30,
3000000010125,1,Caixa Postal,,,,N,,,2025/04/30,
3000000010126,1,URA Pesquisa NPS,00:01:16,,,S,Sim,10.0,2025/04/30,Email585
3000000010127,1,Chamada Não Atendida,00:00:05,,,N,,,2025/04/30,
3000000010128,1,Chamada Não Atendida,,,,N,,,2025/04/30,
3000000010129,1,Chamada Não Atendida,,,,N,,,2025/04/30,
3000000010130,1,Chamada Não Atendida,,,,N,,,2025/04/30,
3000000010131,1,URA Pesquisa NPS,00:01:16,,,S,Sim,10.0,2025/04/30,Email585
3000000010132,1,URA Pesquisa NPS,00:03:41,CLI,10000000257958,S,Sim,10.0,2025/04/30,Email296
3000000010133,1,Caixa Postal,00:00:05,CLI,10000000257959,N,,,2025/04/30,
3000000010134,1,URA Pesquisa NPS,00:00:51,Cli,10000000257960,S,Sim,10.0,2025/04/30,Email5371
3000000010135,1,Informação,,cli,,N,,,2025/04/30,
3000000010136,1,Caixa Postal,,,,N,,,2025/04/30,
3000000010137,1,Chamada Não Atendida,00:00:05,,,N,,,2025/04/30,
3000000010138,1,Chamada Não Atendida,00:00:07,,,N,,,2025/04/30,
3000000010139,1,Caixa Postal,,CLI,10000000257961,N,,,2025/04/30,
3000000010140,1,Caixa Postal,00:00:01,Cli,10000000257962,N,,,2025/04/30,
3000000010141,1,Não Atende,,CLI,10000000257961,N,,,2025/04/30,
3000000010142,1,URA Pesquisa NPS,00:01:50,cli,10000000257963,S,,,2025/04/30,Email19156
3000000010143,1,Caixa Postal,00:00:01,,,N,,,2025/04/30,
3000000010144,1,Chamada Não Atendida,00:00:02,CLI,10000000257964,N,,,2025/04/30,
3000000010145,1,Chamada Não Atendida,00:00:02,CLI,10000000257964,N,,,2025/04/30,
3000000010146,1,Ocupado,,,,N,,,2025/04/30,
3000000010147,1,Ocupado,,,,N,,,2025/04/30,
3000000010148,1,Caixa Postal,00:00:03,,,N,,,2025/04/30,
3000000010149,1,Caixa Postal,00:00:00,,,N,,,2025/04/30,
3000000010150,1,Contato de Finalizacao do Protocolo,00:01:18,,,N,,,2025/04/30,
3000000010151,1,Caixa Postal,00:00:11,Cli,10000000257965,N,,,2025/04/30,
3000000010152,1,URA Pesquisa NPS,00:02:23,Cli,10000000257965,S,Sim,10.0,2025/04/30,Email1768
3000000010153,1,Caixa Postal,00:00:48,,,N,,,2025/04/30,
3000000010154,1,Caixa Postal,00:00:34,,,N,,,2025/04/30,
3000000010155,1,Caixa Postal,00:00:05,,,N,,,2025/04/30,
3000000010156,1,URA Pesquisa NPS,00:00:42,,,S,Sim,10.0,2025/04/30,Email585
3000000010157,1,Caixa Postal,00:00:00,,,N,,,2025/04/30,
3000000010158,1,Caixa Postal,00:00:04,,,N,,,2025/04/30,
3000000010159,1,Caixa Postal,00:00:13,Cli,10000000257966,N,,,2025/04/30,
3000000010160,1,Caixa Postal,00:00:10,Cli,10000000257966,N,,,2025/04/30,
3000000010161,1,Caixa Postal,,,,N,,,2025/04/30,
3000000010162,1,Caixa Postal,,,,N,,,2025/04/30,
3000000010163,1,Caixa Postal,,,,N,,,2025/04/30,
3000000010164,1,Caixa Postal,00:00:16,,,N,,,2025/04/30,
3000000010165,1,Caixa Postal,,Cli,,N,,,2025/04/30,
3000000010166,1,Caixa Postal,,Cli,,N,,,2025/04/30,
3000000010167,1,Caixa Postal,,,,N,,,2025/04/30,
3000000010168,1,Caixa Postal,,,,N,,,2025/04/30,
3000000010169,1,Caixa Postal,,,,N,,,2025/04/30,
3000000010170,1,Caixa Postal,00:00:02,,,N,,,2025/04/30,
3000000010171,1,Caixa Postal,00:00:02,,,N,,,2025/04/30,
3000000010172,1,Caixa Postal,00:00:03,CLI,10000000257967,N,,,2025/04/30,
3000000010173,1,URA Pesquisa NPS,00:01:07,Cli,10000000257968,S,Sim,9.0,2025/04/30,Email1768
3000000010174,1,URA Pesquisa NPS,00:00:37,Cliente,10000000257969,S,Sim,10.0,2025/04/30,Email8754
3000000010175,1,Contato de Finalizacao do Protocolo,00:00:43,Cli,,N,,,2025/04/30,
3000000010176,1,Informação,00:00:03,,,N,,,2025/04/30,
3000000010177,1,Contato de Finalizacao do Protocolo,,Cli,,N,,,2025/04/30,
3000000010178,1,Caixa Postal,00:00:02,Cli,,N,,,2025/04/30,
3000000010179,1,Caixa Postal,00:00:09,Cli,,N,,,2025/04/30,
3000000010180,1,URA Pesquisa NPS,00:01:20,,,S,,,2025/04/30,Email585
3000000010181,1,Informação,,,,N,,,2025/04/30,
3000000010182,1,Chamada Não Atendida,00:00:15,,,N,,,2025/04/30,
3000000010183,1,Chamada Não Atendida,00:00:04,DTM,,N,,,2025/04/30,
3000000010184,1,Caixa Postal,00:00:05,Cli,,N,,,2025/04/30,
3000000010185,1,Caixa Postal,00:00:11,Cli,,N,,,2025/04/30,
3000000010186,1,Caixa Postal,00:00:02,Cli,,N,,,2025/04/30,
3000000010187,1,Caixa Postal,,Cli,,N,,,2025/04/30,
3000000010188,1,Chamada Não Atendida,00:00:05,,,N,,,2025/04/30,
3000000010189,1,Caixa Postal,00:00:17,Cli,10000000257970,N,,,2025/04/30,
3000000010190,1,Chamada Não Atendida,00:00:03,,,N,,,2025/04/30,
3000000010191,1,Caixa Postal,00:00:06,Cli,10000000257970,N,,,2025/04/30,
3000000010192,1,Dados incorretos do cliente,00:00:56,,,N,,,2025/04/30,
3000000010193,1,Chamada Não Atendida,00:00:01,,,N,,,2025/04/30,
3000000010194,1,Informação,00:00:07,CLI,,N,,,2025/04/30,
3000000010195,1,Chamada Não Atendida,,,,N,,,2025/04/30,
3000000010196,1,Chamada Não Atendida,00:00:03,,,N,,,2025/04/30,
3000000010197,1,Chamada Não Atendida,,,,N,,,2025/04/30,
3000000010198,1,Informação,00:01:44,,,N,,,2025/04/30,
3000000010199,1,URA Pesquisa NPS,00:02:18,CLI,,S,Sim,10.0,2025/04/30,Email48444
3000000010200,1,Caixa Postal,00:00:03,,,N,,,2025/04/30,
3000000010201,1,Informação,00:00:28,,,N,,,2025/04/30,
3000000010202,1,URA Pesquisa NPS,00:01:58,CLI,10000000257971,S,,,2025/04/30,Email1615
3000000010203,1,Caixa Postal,,,,N,,,2025/04/30,
3000000010204,1,Caixa Postal,,,,N,,,2025/04/30,
3000000010205,1,Caixa Postal,00:00:01,CLI,10000000257972,N,,,2025/04/30,
3000000010206,1,Caixa Postal,00:00:03,CLI,10000000257972,N,,,2025/04/30,
3000000010207,1,Caixa Postal,,,,N,,,2025/04/30,
3000000010208,1,Caixa Postal,,,,N,,,2025/04/30,
3000000010209,1,URA Pesquisa NPS,00:00:44,Cli,10000000257973,S,,,2025/04/30,Email5371
3000000010210,1,Caixa Postal,,,,N,,,2025/04/30,
3000000010211,1,Caixa Postal,,,,N,,,2025/04/30,
3000000010212,1,Caixa Postal,,,,N,,,2025/04/30,
3000000010213,1,Protocolo Permanecera em Andamento,00:05:43,,,N,,,2025/04/30,
3000000010214,1,Caixa Postal,,CLI,10000000257974,N,,,2025/04/30,
3000000010215,1,Caixa Postal,00:00:04,,,N,,,2025/04/30,
3000000010216,1,Caixa Postal,,,,N,,,2025/04/30,
3000000010217,1,Cliente Desligou,00:00:11,,,N,,,2025/04/30,
3000000010218,1,Caixa Postal,00:00:05,,,N,,,2025/04/30,
3000000010219,1,Informação,,,,N,,,2025/04/30,
3000000010220,1,Caixa Postal,00:00:05,,,N,,,2025/04/30,
3000000010221,1,Contato de Finalizacao do Protocolo,00:06:21,,,N,,,2025/04/30,
3000000010222,1,Caixa Postal,00:00:04,,,N,,,2025/04/30,
3000000010223,1,URA Pesquisa NPS,00:00:57,,,S,Sim,9.0,2025/04/30,Email585
3000000010224,1,Não Atende,00:00:06,,10000000257975,N,,,2025/04/30,
3000000010225,1,URA Pesquisa NPS,00:01:24,Cli,10000000257976,S,Sim,8.0,2025/04/30,Email19156
3000000010226,1,Caixa Postal,00:00:03,Cli,,N,,,2025/04/30,
3000000010227,1,Caixa Postal,00:00:03,Cli,,N,,,2025/04/30,
3000000010228,1,Caixa Postal,00:00:09,Cli,10000000257977,N,,,2025/04/30,
3000000010229,1,Caixa Postal,00:00:01,Cli,10000000257977,N,,,2025/04/30,
3000000010230,1,Caixa Postal,00:00:03,,,N,,,2025/04/30,
3000000010231,1,Caixa Postal,00:00:02,,,N,,,2025/04/30,
3000000010232,1,Caixa Postal,,Cli,,N,,,2025/04/30,
3000000010233,1,URA Pesquisa NPS,00:00:49,,10000000257978,S,Sim,10.0,2025/04/30,Email48442
3000000010234,1,Caixa Postal,00:00:02,,,N,,,2025/04/30,
3000000010235,1,Caixa Postal,00:00:01,,,N,,,2025/04/30,
3000000010236,1,Chamada Não Atendida,,,,N,,,2025/04/30,
3000000010237,1,Chamada Não Atendida,,,,N,,,2025/04/30,
3000000010238,1,URA Pesquisa NPS,00:04:06,,,S,Sim,9.0,2025/04/30,Email48444
3000000010239,1,URA Pesquisa NPS,00:01:29,Cli,10000000257979,S,,,2025/04/30,Email585
3000000010240,1,URA Pesquisa NPS,00:01:09,,10000000257980,S,Sim,8.0,2025/04/30,Email48442
3000000010241,1,Cliente Desligou,00:00:17,,,N,,,2025/04/30,
3000000010242,1,URA Pesquisa NPS,00:00:45,,,S,Sim,7.0,2025/04/30,Email585
3000000010243,1,URA Pesquisa NPS,00:02:22,Cliente,10000000257981,S,Sim,10.0,2025/04/30,Email8754
3000000010244,1,Caixa Postal,,,,N,,,2025/04/30,
3000000010245,1,Caixa Postal,,,,N,,,2025/04/30,
3000000010246,1,URA Pesquisa NPS,00:00:47,CLI,10000000257982,S,Sim,9.0,2025/04/30,Email585
3000000010247,1,Cliente Desligou,00:00:05,,,N,,,2025/04/30,
3000000010248,1,URA Pesquisa NPS,00:01:17,,,S,Sim,10.0,2025/04/30,Email585
3000000010249,1,Caixa Postal,00:00:04,,,N,,,2025/04/30,
3000000010250,1,Caixa Postal,00:00:03,,,N,,,2025/04/30,
3000000010251,1,Caixa Postal,,Cliente,,N,,,2025/04/30,
3000000010252,1,Caixa Postal,00:00:03,Cliente,,N,,,2025/04/30,
3000000010253,1,Informação,,,,N,,,2025/04/30,
3000000010254,1,Caixa Postal,,cli,,N,,,2025/04/30,
3000000010255,1,Caixa Postal,00:00:04,cli,10000000257983,N,,,2025/04/30,
3000000010256,1,Caixa Postal,00:00:08,cli,10000000257983,N,,,2025/04/30,
3000000010257,1,Informação,,,,N,,,2025/04/29,
3000000010258,1,URA Pesquisa NPS,00:01:30,,,S,Sim,,2025/04/29,Email45
3000000010259,1,Informação,,,,N,,,2025/04/29,
3000000010260,1,Não Atende,00:00:05,,10000000257984,N,,,2025/04/29,
3000000010261,1,Caixa Postal,00:00:01,,,N,,,2025/04/29,
3000000010262,1,Caixa Postal,,Cli,10000000257985,N,,,2025/04/29,
3000000010263,1,Caixa Postal,,Cli,10000000257985,N,,,2025/04/29,
3000000010264,1,Caixa Postal,00:00:08,,,N,,,2025/04/29,
3000000010265,1,Caixa Postal,,,,N,,,2025/04/29,
3000000010266,1,Caixa Postal,00:00:02,,,N,,,2025/04/29,
3000000010267,1,Chamada Não Atendida,,Cli,10000000257986,N,,,2025/04/29,
3000000010268,1,Chamada Não Atendida,,Cli,10000000257986,N,,,2025/04/29,
3000000010269,1,Caixa Postal,00:00:05,,,N,,,2025/04/29,
3000000010270,1,URA Pesquisa NPS,00:02:15,,,S,Sim,10.0,2025/04/29,Email585
3000000010271,1,Não Atende,00:00:18,,10000000257984,N,,,2025/04/29,
3000000010272,1,Caixa Postal,,CLI,10000000257987,N,,,2025/04/29,
3000000010273,1,Ligação Muda,,CLI,,N,,,2025/04/29,
3000000010274,1,Ocupado,,CLI,10000000257988,N,,,2025/04/29,
3000000010275,1,Ocupado,,CLI,10000000257988,N,,,2025/04/29,
3000000010276,1,Ocupado,,CLI,,N,,,2025/04/29,
3000000010277,1,Ocupado,,CLI,10000000257988,N,,,2025/04/29,
3000000010278,1,Caixa Postal,,Cliente,,N,,,2025/04/29,
3000000010279,1,Chamada Não Atendida,00:00:06,,,N,,,2025/04/29,
3000000010280,1,Caixa Postal,,Cliente,,N,,,2025/04/29,
3000000010281,1,Chamada Não Atendida,00:00:03,,,N,,,2025/04/29,
3000000010282,1,URA Pesquisa NPS,00:03:02,,,S,Sim,10.0,2025/04/29,Email48444
3000000010283,1,Caixa Postal,,,,N,,,2025/04/29,
3000000010284,1,Caixa Postal,,,,N,,,2025/04/29,
3000000010285,1,Caixa Postal,,,,N,,,2025/04/29,
3000000010286,1,Caixa Postal,,,,N,,,2025/04/29,
3000000010287,1,Caixa Postal,,,,N,,,2025/04/29,
3000000010288,1,Caixa Postal,00:00:03,,,N,,,2025/04/29,
3000000010289,1,Caixa Postal,00:00:06,,,N,,,2025/04/29,
3000000010290,1,Chamada Não Atendida,00:00:06,Cli,10000000257986,N,,,2025/04/29,
3000000010291,1,Caixa Postal,,,,N,,,2025/04/29,
3000000010292,1,Caixa Postal,00:00:05,CLI,10000000257989,N,,,2025/04/29,
3000000010293,1,Caixa Postal,00:00:00,CLI ,,N,,,2025/04/29,
3000000010294,1,Caixa Postal,00:00:02,CLI ,,N,,,2025/04/29,
3000000010295,1,Caixa Postal,00:00:02,CLI ,,N,,,2025/04/29,
3000000010296,1,URA Pesquisa NPS,00:01:55,CLI,,S,Sim,10.0,2025/04/29,Email45
3000000010297,1,Caixa Postal,00:00:00,,,N,,,2025/04/29,
3000000010298,1,Caixa Postal,,,,N,,,2025/04/29,
3000000010299,1,Caixa Postal,00:00:06,,,N,,,2025/04/29,
3000000010300,1,Caixa Postal,00:00:04,,,N,,,2025/04/29,
3000000010301,1,URA Pesquisa NPS,00:14:46,Cli,10000000257990,S,Nao,,2025/04/29,Email1768
3000000010302,1,Caixa Postal,00:00:03,,,N,,,2025/04/29,
3000000010303,1,Caixa Postal,00:00:01,,,N,,,2025/04/29,
3000000010304,1,Caixa Postal,00:00:16,Cli,10000000257991,N,,,2025/04/29,
3000000010305,1,Caixa Postal,00:00:05,Cli,,N,,,2025/04/29,
3000000010306,1,Caixa Postal,00:00:10,Cli,10000000257992,N,,,2025/04/29,
3000000010307,1,Contato de Finalizacao do Protocolo,00:02:39,,10000000257991,N,,,2025/04/29,
3000000010308,1,URA Pesquisa NPS,00:01:37,Cliente,10000000257993,S,Sim,8.0,2025/04/29,Email8754
3000000010309,1,Caixa Postal,,Cli,10000000257991,N,,,2025/04/29,
3000000010310,1,Caixa Postal,00:00:08,,,N,,,2025/04/29,
3000000010311,1,Ocupado,,,,N,,,2025/04/29,
3000000010312,1,Contato de Finalizacao do Protocolo,00:02:07,,,N,,,2025/04/29,
3000000010313,1,Caixa Postal,00:00:10,CLI,10000000257994,N,,,2025/04/29,
3000000010314,1,URA Pesquisa NPS,00:00:47,,,S,Sim,10.0,2025/04/29,Email296
3000000010315,1,Informação,,cli,10000000257995,N,,,2025/04/29,
3000000010316,1,URA Pesquisa NPS,00:01:03,cli,10000000257995,S,Sim,9.0,2025/04/29,Email11179
3000000010317,1,Caixa Postal,00:00:06,Cli,10000000257996,N,,,2025/04/29,
3000000010318,1,Caixa Postal,00:00:06,Cli,10000000257996,N,,,2025/04/29,
3000000010319,1,Caixa Postal,,,,N,,,2025/04/29,
3000000010320,1,Caixa Postal,,,,N,,,2025/04/29,
3000000010321,1,Caixa Postal,00:00:01,,,N,,,2025/04/29,
3000000010322,1,Caixa Postal,,,,N,,,2025/04/29,
3000000010323,1,Caixa Postal,,,,N,,,2025/04/29,
3000000010324,1,Caixa Postal,,cli,10000000257997,N,,,2025/04/29,
3000000010325,1,Caixa Postal,00:00:05,,10000000257998,N,,,2025/04/29,
3000000010326,1,Informação,00:00:10,,,N,,,2025/04/29,
3000000010327,1,URA Pesquisa NPS,00:01:02,cli MARCELO FRANCISCO DE OLIVEIRA - CAP 4012487 ,,S,,,2025/04/29,Email585
3000000010328,1,URA Pesquisa NPS,00:02:25,,10000000257999,S,Sim,10.0,2025/04/29,Email48442
3000000010329,1,Caixa Postal,00:00:01,Cli,10000000257996,N,,,2025/04/29,
3000000010330,1,Chamada Não Atendida,,Cli,10000000257996,N,,,2025/04/29,
3000000010331,1,Chamada Não Atendida,00:00:04,,10000000258000,N,,,2025/04/29,
3000000010332,1,URA Pesquisa NPS,00:02:39,,10000000258000,S,,,2025/04/29,Email45
3000000010333,1,Informação,00:00:03,CLI,,N,,,2025/04/29,
3000000010334,1,Informação,00:00:14,CLI,,N,,,2025/04/29,
3000000010335,1,Caixa Postal,00:00:03,,,N,,,2025/04/29,
3000000010336,1,Caixa Postal,00:00:05,,,N,,,2025/04/29,
3000000010337,1,Caixa Postal,,,,N,,,2025/04/29,
3000000010338,1,Caixa Postal,00:00:02,,,N,,,2025/04/29,
3000000010339,1,Caixa Postal,,,,N,,,2025/04/29,
3000000010340,1,Chamada Não Atendida,00:00:04,,,N,,,2025/04/29,
3000000010341,1,Caixa Postal,00:00:13,Cli,,N,,,2025/04/29,
3000000010342,1,Caixa Postal,00:00:09,Cli,,N,,,2025/04/29,
3000000010343,1,Caixa Postal,,,,N,,,2025/04/29,
3000000010344,1,Caixa Postal,,,,N,,,2025/04/29,
3000000010345,1,URA Pesquisa NPS,00:02:04,,10000000258001,S,Sim,10.0,2025/04/29,Email45
3000000010346,1,Caixa Postal,,,,N,,,2025/04/29,
3000000010347,1,Caixa Postal,,,,N,,,2025/04/29,
3000000010348,1,Cliente Desligou,00:00:04,Cli,10000000258002,N,,,2025/04/29,
3000000010349,1,Contato de Finalizacao do Protocolo,00:03:07,Cli,,N,,,2025/04/29,
3000000010350,1,Informação,00:00:52,,,N,,,2025/04/29,
3000000010351,1,URA Pesquisa NPS,00:01:31,,10000000258003,S,Sim,10.0,2025/04/29,Email45
3000000010352,1,URA Pesquisa NPS,00:06:47,CLI,,S,Sim,10.0,2025/04/29,Email48444
3000000010353,1,Caixa Postal,,CLI,10000000258004,N,,,2025/04/29,
3000000010354,1,URA Pesquisa NPS,00:01:04,CLI,10000000258005,S,Sim,8.0,2025/04/29,Email11179
3000000010355,1,Chamada Não Atendida,00:00:06,CLI,10000000258006,N,,,2025/04/29,
3000000010356,1,Chamada Não Atendida,00:00:00,CLI,10000000258006,N,,,2025/04/29,
3000000010357,1,Chamada Não Atendida,,CLI,10000000258006,N,,,2025/04/29,
3000000010358,1,Chamada Não Atendida,,CLI,10000000258006,N,,,2025/04/29,
3000000010359,1,Informação,00:00:03,Cliente,,N,,,2025/04/29,
3000000010360,1,Informação,00:00:04,Cliente,,N,,,2025/04/29,
3000000010361,1,Caixa Postal,00:00:03,CLI,10000000258007,N,,,2025/04/29,
3000000010362,1,URA Pesquisa NPS,00:02:47,,,S,Sim,10.0,2025/04/29,Email48442
3000000010363,1,Informação,00:07:50,Cli,10000000258008,N,,,2025/04/29,
3000000010364,1,Ligação Muda,00:00:03,cli,,N,,,2025/04/29,
3000000010365,1,Não Atende,,CLI,10000000258009,N,,,2025/04/29,
3000000010366,1,Caixa Postal,00:00:03,,,N,,,2025/04/29,
3000000010367,1,URA Pesquisa NPS,00:04:10,,,S,,,2025/04/29,Email48444
3000000010368,1,Chamada Não Atendida,00:00:04,CLI ,10000000258010,N,,,2025/04/29,
3000000010369,1,Chamada Não Atendida,,CLI ,10000000258010,N,,,2025/04/29,
3000000010370,1,Caixa Postal,,,,N,,,2025/04/29,
3000000010371,1,Caixa Postal,,,,N,,,2025/04/29,
3000000010372,1,Caixa Postal,,,,N,,,2025/04/29,
3000000010373,1,Ocupado,,Cli,10000000258011,N,,,2025/04/29,
3000000010374,1,Ocupado,,Cli,10000000258011,N,,,2025/04/29,
3000000010375,1,URA Pesquisa NPS,00:00:46,,10000000258012,S,,,2025/04/29,Email48442
3000000010376,1,Chamada Não Atendida,00:00:01,Cli,10000000258013,N,,,2025/04/29,
3000000010377,1,Caixa Postal,00:00:04,CLI,,N,,,2025/04/29,
3000000010378,1,Caixa Postal,,,,N,,,2025/04/29,
3000000010379,1,Caixa Postal,00:00:03,,,N,,,2025/04/29,
3000000010380,1,Caixa Postal,00:00:15,CLI,,N,,,2025/04/29,
3000000010381,1,Caixa Postal,00:00:01,,,N,,,2025/04/29,
3000000010382,1,Caixa Postal,00:00:06,Cli,10000000258014,N,,,2025/04/29,
3000000010383,1,Caixa Postal,00:00:03,Cli,10000000258014,N,,,2025/04/29,
3000000010384,1,Caixa Postal,,,,N,,,2025/04/29,
3000000010385,1,Caixa Postal,00:00:05,Cli,10000000258015,N,,,2025/04/29,
3000000010386,1,Chamada Não Atendida,,CLI,10000000258016,N,,,2025/04/29,
3000000010387,1,URA Pesquisa NPS,00:07:00,Cli,,S,,,2025/04/29,Email19156
3000000010388,1,Caixa Postal,,,,N,,,2025/04/29,
3000000010389,1,Caixa Postal,,,,N,,,2025/04/29,
3000000010390,1,URA Pesquisa NPS,00:00:47,,,S,Sim,,2025/04/29,Email585
3000000010391,1,Caixa Postal,00:00:10,Cli,10000000258017,N,,,2025/04/29,
3000000010392,1,Caixa Postal,00:00:06,Cli,10000000258017,N,,,2025/04/29,
3000000010393,1,Caixa Postal,,,,N,,,2025/04/29,
3000000010394,1,Caixa Postal,,,,N,,,2025/04/29,
3000000010395,1,Caixa Postal,,,,N,,,2025/04/29,
3000000010396,1,Caixa Postal,,,,N,,,2025/04/29,
3000000010397,1,Ocupado,,cli MARCELO FRANCISCO DE OLIVEIRA - CAP 4012487 ,,N,,,2025/04/29,
3000000010398,1,Caixa Postal,,CLI ,,N,,,2025/04/29,
3000000010399,1,Caixa Postal,,CLI ,,N,,,2025/04/29,
3000000010400,1,Caixa Postal,,CLI ,,N,,,2025/04/29,
3000000010401,1,URA Pesquisa NPS,00:01:10,Cli,10000000258018,S,Sim,10.0,2025/04/29,Email1768
3000000010402,1,Caixa Postal,,CLI,10000000258019,N,,,2025/04/29,
3000000010403,1,Caixa Postal,,,,N,,,2025/04/29,
3000000010404,1,URA Pesquisa NPS,00:02:19,,,S,Sim,10.0,2025/04/29,Email48444
3000000010405,1,Informação,,cli,,N,,,2025/04/29,
3000000010406,1,Caixa Postal,,,,N,,,2025/04/29,
3000000010407,1,Caixa Postal,,,,N,,,2025/04/29,
3000000010408,1,Caixa Postal,,,,N,,,2025/04/29,
3000000010409,1,Informação,,,,N,,,2025/04/29,
3000000010410,1,Caixa Postal,,,,N,,,2025/04/29,
3000000010411,1,Caixa Postal,,,,N,,,2025/04/29,
3000000010412,1,Caixa Postal,00:00:03,,,N,,,2025/04/29,
3000000010413,1,Caixa Postal,00:00:00,,,N,,,2025/04/29,
3000000010414,1,Contato de Finalizacao do Protocolo,,,,N,,,2025/04/29,
3000000010415,1,Ligação Muda,,cli,10000000258020,N,,,2025/04/29,
3000000010416,1,Caixa Postal,,cli,,N,,,2025/04/29,
3000000010417,1,Contato de Finalizacao do Protocolo,00:00:03,cli,,N,,,2025/04/29,
3000000010418,1,Caixa Postal,00:00:06,,,N,,,2025/04/29,
3000000010419,1,Caixa Postal,,,,N,,,2025/04/29,
3000000010420,1,Caixa Postal,,CLI ,,N,,,2025/04/29,
3000000010421,1,Caixa Postal,,CLI ,,N,,,2025/04/29,
3000000010422,1,Caixa Postal,00:00:10,Cliente,10000000258021,N,,,2025/04/29,
3000000010423,1,Caixa Postal,00:00:04,Cliente,10000000258021,N,,,2025/04/29,
3000000010424,1,Chamada Não Atendida,00:00:04,Cli,10000000258022,N,,,2025/04/29,
3000000010425,1,Cliente Desligou,00:00:05,CLI,10000000258023,N,,,2025/04/29,
3000000010426,1,Caixa Postal,00:00:07,CLI,,N,,,2025/04/29,
3000000010427,1,Caixa Postal,00:00:13,CLI,10000000258023,N,,,2025/04/29,
3000000010428,1,Chamada Não Atendida,,Cli,10000000258022,N,,,2025/04/29,
3000000010429,1,URA Pesquisa NPS,00:04:15,CLI,10000000258024,S,Sim,10.0,2025/04/29,Email4355
3000000010430,1,Ocupado,,Cli,10000000258011,N,,,2025/04/29,
3000000010431,1,Caixa Postal,,Cli,10000000258025,N,,,2025/04/29,
3000000010432,1,Caixa Postal,,Cli,10000000258025,N,,,2025/04/29,
3000000010433,1,Caixa Postal,00:00:10,Cli,10000000258026,N,,,2025/04/29,
3000000010434,1,Caixa Postal,00:00:01,Cli,10000000258026,N,,,2025/04/29,
3000000010435,1,Caixa Postal,00:00:01,CLI,10000000258027,N,,,2025/04/29,
3000000010436,1,Protocolo Permanecera em Andamento,00:04:59,Cli,10000000258028,N,,,2025/04/29,
3000000010437,1,Caixa Postal,,cli,10000000258029,N,,,2025/04/29,
3000000010438,1,Caixa Postal,,cli,10000000258029,N,,,2025/04/29,
3000000010439,1,URA Pesquisa NPS,00:02:40,CLI,10000000258030,S,Sim,10.0,2025/04/29,Email4355
3000000010440,1,Caixa Postal,,,,N,,,2025/04/29,
3000000010441,1,Cliente Desligou,00:00:12,,,N,,,2025/04/29,
3000000010442,1,Caixa Postal,,,,N,,,2025/04/29,
3000000010443,1,Caixa Postal,,,,N,,,2025/04/29,
3000000010444,1,Caixa Postal,,,,N,,,2025/04/29,
3000000010445,1,URA Pesquisa NPS,00:02:49,Cli,10000000258031,S,,,2025/04/29,Email19156
3000000010446,1,Caixa Postal,,,,N,,,2025/04/29,
3000000010447,1,Caixa Postal,00:00:03,,,N,,,2025/04/29,
3000000010448,1,Caixa Postal,00:00:02,,,N,,,2025/04/29,
3000000010449,1,Caixa Postal,,,,N,,,2025/04/29,
3000000010450,1,URA Pesquisa NPS,00:13:54,Cli,10000000258032,S,Sim,10.0,2025/04/29,Email5371
3000000010451,1,Informação,00:00:02,,,N,,,2025/04/29,
3000000010452,1,Cliente Desligou,00:00:09,CLI,10000000258033,N,,,2025/04/29,
3000000010453,1,URA Pesquisa NPS,00:01:11,cli,10000000258034,S,,,2025/04/29,Email48439
3000000010454,1,Protocolo Permanecera em Andamento,00:05:02,,,N,,,2025/04/29,
3000000010455,1,URA Pesquisa NPS,00:00:51,Cli,10000000258035,S,Sim,,2025/04/29,Email585
3000000010456,1,Contato de Finalizacao do Protocolo,,Cli,,N,,,2025/04/29,
3000000010457,1,Cliente Desligou,,CLI,10000000258036,N,,,2025/04/29,
3000000010458,1,Caixa Postal,,,,N,,,2025/04/29,
3000000010459,1,URA Pesquisa NPS,00:01:02,Cli,,S,Sim,,2025/04/29,Email585
3000000010460,1,URA Pesquisa NPS,00:03:43,Cli,10000000258028,S,Sim,8.0,2025/04/29,Email1615
3000000010461,1,Informação,,,10000000258037,N,,,2025/04/29,
3000000010462,1,Caixa Postal,,,,N,,,2025/04/29,
3000000010463,1,Ligação Muda,,,10000000258037,N,,,2025/04/29,
3000000010464,1,Caixa Postal,,,,N,,,2025/04/29,
3000000010465,1,Caixa Postal,,,,N,,,2025/04/29,
3000000010466,1,Caixa Postal,,,,N,,,2025/04/29,
3000000010467,1,Informação,00:00:07,,,N,,,2025/04/29,
3000000010468,1,URA Pesquisa NPS,00:02:21,,10000000258037,S,Sim,10.0,2025/04/29,Email45
3000000010469,1,Informação,,,10000000258037,N,,,2025/04/29,
3000000010470,1,Informação,,,,N,,,2025/04/29,
3000000010471,1,Caixa Postal,00:00:03,,,N,,,2025/04/29,
3000000010472,1,Caixa Postal,00:00:06,,,N,,,2025/04/29,
3000000010473,1,Caixa Postal,,Cli,,N,,,2025/04/29,
3000000010474,1,Caixa Postal,,Cli,,N,,,2025/04/29,
3000000010475,1,Caixa Postal,,Cli,,N,,,2025/04/29,
3000000010476,1,Caixa Postal,,Cli,,N,,,2025/04/29,
3000000010477,1,Caixa Postal,,Cliente,10000000258038,N,,,2025/04/29,
3000000010478,1,Caixa Postal,,,,N,,,2025/04/29,
3000000010479,1,Caixa Postal,,,,N,,,2025/04/29,
3000000010480,1,Caixa Postal,00:00:04,,,N,,,2025/04/29,
3000000010481,1,Caixa Postal,00:00:06,,,N,,,2025/04/29,
3000000010482,1,Caixa Postal,,,,N,,,2025/04/29,
3000000010483,1,Caixa Postal,00:00:04,,,N,,,2025/04/29,
3000000010484,1,Caixa Postal,00:00:02,CLI,10000000258039,N,,,2025/04/29,
3000000010485,1,Caixa Postal,,CLI,10000000258039,N,,,2025/04/29,
3000000010486,1,Caixa Postal,,,,N,,,2025/04/29,
3000000010487,1,Caixa Postal,,,,N,,,2025/04/29,
3000000010488,1,Caixa Postal,00:00:05,CLI,10000000258040,N,,,2025/04/29,
3000000010489,1,Caixa Postal,00:00:04,CLI,10000000258040,N,,,2025/04/29,
3000000010490,1,Informação,,CLI,,N,,,2025/04/29,
3000000010491,1,Informação,00:00:14,CLI,,N,,,2025/04/29,
3000000010492,1,URA Pesquisa NPS,00:01:36,CLI,10000000258041,S,Sim,8.0,2025/04/29,Email288
3000000010493,1,Ligação Muda,,cli,10000000258042,N,,,2025/04/29,
3000000010494,1,Caixa Postal,00:00:09,cli,10000000258042,N,,,2025/04/29,
3000000010495,1,Caixa Postal,,cli,10000000258042,N,,,2025/04/29,
3000000010496,1,Caixa Postal,,cli,10000000258042,N,,,2025/04/29,
3000000010497,1,Caixa Postal,00:00:02,cli,10000000258042,N,,,2025/04/29,
3000000010498,1,Caixa Postal,00:00:10,,,N,,,2025/04/29,
3000000010499,1,Cliente Desligou,00:00:13,,,N,,,2025/04/29,
3000000010500,1,Cliente Desligou,00:00:06,,,N,,,2025/04/29,
3000000010501,1,Informação,,,,N,,,2025/04/29,
3000000010502,1,URA Pesquisa NPS,00:05:36,Cli,10000000258043,S,Sim,9.0,2025/04/29,Email1768
3000000010503,1,Caixa Postal,00:00:01,cli,10000000258044,N,,,2025/04/29,
3000000010504,1,Caixa Postal,,cli,10000000258044,N,,,2025/04/29,
3000000010505,1,URA Pesquisa NPS,00:02:05,CLI,10000000258045,S,Sim,10.0,2025/04/29,Email11179
3000000010506,1,Caixa Postal,,,,N,,,2025/04/29,
3000000010507,1,Caixa Postal,,,,N,,,2025/04/29,
3000000010508,1,Contato de Finalizacao do Protocolo,00:03:49,CLI,,N,,,2025/04/29,
3000000010509,1,Caixa Postal,00:00:10,,,N,,,2025/04/29,
3000000010510,1,Informação,,,,N,,,2025/04/29,
3000000010511,1,Sent To Voicemail,00:07:07,,10000000258046,S,Sim,10.0,2025/04/29,Email48442
3000000010512,1,Caixa Postal,,,,N,,,2025/04/28,
3000000010513,1,Caixa Postal,,,,N,,,2025/04/28,
3000000010514,1,Não Atende,00:00:20,,10000000258047,N,,,2025/04/28,
3000000010515,1,Contato de Finalizacao do Protocolo,00:01:30,cli,10000000258048,N,,,2025/04/28,
3000000010516,1,Caixa Postal,00:00:06,Cli,10000000258049,N,,,2025/04/28,
3000000010517,1,Caixa Postal,,CLI,,N,,,2025/04/28,
3000000010518,1,Caixa Postal,,CLI,10000000258050,N,,,2025/04/28,
3000000010519,1,Caixa Postal,,CLI,10000000258050,N,,,2025/04/28,
3000000010520,1,Caixa Postal,00:00:11,,,N,,,2025/04/28,
3000000010521,1,Caixa Postal,00:00:06,,,N,,,2025/04/28,
3000000010522,1,Caixa Postal,00:00:07,,,N,,,2025/04/28,
3000000010523,1,Caixa Postal,,,,N,,,2025/04/28,
3000000010524,1,URA Pesquisa NPS,00:01:03,,10000000258051,S,Sim,9.0,2025/04/28,Email48442
3000000010525,1,Caixa Postal,00:00:11,,,N,,,2025/04/28,
3000000010526,1,Caixa Postal,00:00:02,,,N,,,2025/04/28,
3000000010527,1,URA Pesquisa NPS,00:02:44,Cli,10000000258052,S,Sim,9.0,2025/04/28,Email5371
3000000010528,1,Caixa Postal,,,,N,,,2025/04/28,
3000000010529,1,Caixa Postal,,,,N,,,2025/04/28,
3000000010530,1,Informação,,,,N,,,2025/04/28,
3000000010531,1,Informação,00:00:02,,,N,,,2025/04/28,
3000000010532,1,Caixa Postal,00:00:09,Cli,10000000258053,N,,,2025/04/28,
3000000010533,1,Contato de Finalizacao do Protocolo,00:03:21,Cli,,N,,,2025/04/28,
3000000010534,1,Ligação Muda,00:00:19,,,N,,,2025/04/28,
3000000010535,1,Contato de Finalizacao do Protocolo,00:03:02,,,N,,,2025/04/28,
3000000010536,1,Não Atende,,,10000000258047,N,,,2025/04/28,
3000000010537,1,Informação,,,,N,,,2025/04/28,
3000000010538,1,Caixa Postal,,Cli,,N,,,2025/04/28,
3000000010539,1,Caixa Postal,00:00:05,,,N,,,2025/04/28,
3000000010540,1,Caixa Postal,00:00:04,,,N,,,2025/04/28,
3000000010541,1,Caixa Postal,00:00:06,,,N,,,2025/04/28,
3000000010542,1,Caixa Postal,00:00:06,,,N,,,2025/04/28,
3000000010543,1,Caixa Postal,00:00:01,Cli,10000000258054,N,,,2025/04/28,
3000000010544,1,Caixa Postal,00:00:10,Cli,10000000258055,N,,,2025/04/28,
3000000010545,1,Caixa Postal,00:00:10,Cli,10000000258054,N,,,2025/04/28,
3000000010546,1,Caixa Postal,00:00:04,Cli,10000000258056,N,,,2025/04/28,
3000000010547,1,Caixa Postal,00:00:07,CLI,10000000258057,N,,,2025/04/28,
3000000010548,1,Caixa Postal,00:00:06,Cli,,N,,,2025/04/28,
3000000010549,1,Caixa Postal,00:00:02,,,N,,,2025/04/28,
3000000010550,1,Caixa Postal,00:00:06,,,N,,,2025/04/28,
3000000010551,1,Caixa Postal,00:00:10,,,N,,,2025/04/28,
3000000010552,1,Caixa Postal,00:00:05,Cli,10000000258056,N,,,2025/04/28,
3000000010553,1,Caixa Postal,00:00:11,Cli,10000000258055,N,,,2025/04/28,
3000000010554,1,Caixa Postal,00:00:15,,,N,,,2025/04/28,
3000000010555,1,Caixa Postal,00:00:03,,,N,,,2025/04/28,
3000000010556,1,Não Atende,00:00:04,,10000000258058,N,,,2025/04/28,
3000000010557,1,Caixa Postal,00:00:02,CLI,,N,,,2025/04/28,
3000000010558,1,URA Pesquisa NPS,00:04:14,CLI,10000000258059,S,Sim,10.0,2025/04/28,Email48443
3000000010559,1,Caixa Postal,00:00:28,,,N,,,2025/04/28,
3000000010560,1,Caixa Postal,00:00:05,,,N,,,2025/04/28,
3000000010561,1,Chamada Não Atendida,00:00:00,Cli,10000000258060,N,,,2025/04/28,
3000000010562,1,Chamada Não Atendida,,Cli,10000000258060,N,,,2025/04/28,
3000000010563,1,Contato de Finalizacao do Protocolo,00:02:50,Cli,,N,,,2025/04/28,
3000000010564,1,Caixa Postal,,,,N,,,2025/04/28,
3000000010565,1,Caixa Postal,,,,N,,,2025/04/28,
3000000010566,1,Caixa Postal,00:00:05,CLI,,N,,,2025/04/28,
3000000010567,1,URA Pesquisa NPS,00:02:06,CLI,10000000258061,S,Sim,10.0,2025/04/28,Email4355
3000000010568,1,Chamada Não Atendida,,Cli,10000000258062,N,,,2025/04/28,
3000000010569,1,Chamada Não Atendida,,Cli,10000000258062,N,,,2025/04/28,
3000000010570,1,Caixa Postal,,Cli,10000000258062,N,,,2025/04/28,
3000000010571,1,Chamada Não Atendida,00:00:11,CLI,10000000258063,N,,,2025/04/28,
3000000010572,1,Caixa Postal,00:00:05,CLI,,N,,,2025/04/28,
3000000010573,1,Caixa Postal,00:00:03,,,N,,,2025/04/28,
3000000010574,1,Caixa Postal,00:00:03,,,N,,,2025/04/28,
3000000010575,1,Caixa Postal,,,,N,,,2025/04/28,
3000000010576,1,Caixa Postal,,,,N,,,2025/04/28,
3000000010577,1,Não Atende,00:00:04,,10000000258058,N,,,2025/04/28,
3000000010578,1,Caixa Postal,,Cli,10000000258064,N,,,2025/04/28,
3000000010579,1,URA Pesquisa NPS,00:01:07,cli,10000000258065,S,Sim,10.0,2025/04/28,Email48439
3000000010580,1,Caixa Postal,,Cli,,N,,,2025/04/28,
3000000010581,1,Caixa Postal,,,,N,,,2025/04/28,
3000000010582,1,Não Atende,,Cliente,10000000258066,N,,,2025/04/28,
3000000010583,1,Caixa Postal,,Cli,,N,,,2025/04/28,
3000000010584,1,Caixa Postal,,,,N,,,2025/04/28,
3000000010585,1,Caixa Postal,,,,N,,,2025/04/28,
3000000010586,1,Chamada Não Atendida,00:00:06,C,10000000258067,N,,,2025/04/28,
3000000010587,1,URA Pesquisa NPS,00:15:36,CLI,10000000258068,S,Sim,10.0,2025/04/28,Email288
3000000010588,1,Não Atende,,Cliente,10000000258066,N,,,2025/04/28,
3000000010589,1,Ligação Muda,00:00:27,,,N,,,2025/04/28,
3000000010590,1,Contato de Finalizacao do Protocolo,00:03:40,Cli,10000000258069,N,,,2025/04/28,
3000000010591,1,Caixa Postal,,,,N,,,2025/04/28,
3000000010592,1,Informação,,,,N,,,2025/04/28,
3000000010593,1,Caixa Postal,,CLI,10000000258050,N,,,2025/04/28,
3000000010594,1,Caixa Postal,,CLI,,N,,,2025/04/28,
3000000010595,1,Chamada Não Atendida,00:00:01,CLI,10000000258070,N,,,2025/04/28,
3000000010596,1,URA Pesquisa NPS,00:00:57,CLI,10000000258070,S,Sim,8.0,2025/04/28,Email296
3000000010597,1,Caixa Postal,,,,N,,,2025/04/28,
3000000010598,1,URA Pesquisa NPS,00:01:54,Cli,10000000258071,S,Sim,10.0,2025/04/28,Email1768
3000000010599,1,Caixa Postal,,,,N,,,2025/04/28,
3000000010600,1,Caixa Postal,00:00:04,,,N,,,2025/04/28,
3000000010601,1,Caixa Postal,,,,N,,,2025/04/28,
3000000010602,1,Caixa Postal,,,,N,,,2025/04/28,
3000000010603,1,Caixa Postal,,CLI,10000000258072,N,,,2025/04/28,
3000000010604,1,Caixa Postal,,,,N,,,2025/04/28,
3000000010605,1,Caixa Postal,,,,N,,,2025/04/28,
3000000010606,1,Caixa Postal,,Cli,,N,,,2025/04/28,
3000000010607,1,Informação,,,,N,,,2025/04/28,
3000000010608,1,Informação,,,,N,,,2025/04/28,
3000000010609,1,Contato de Finalizacao do Protocolo,00:00:02,,,N,,,2025/04/28,
3000000010610,1,Caixa Postal,00:00:09,,,N,,,2025/04/28,
3000000010611,1,Informação,00:00:04,,,N,,,2025/04/28,
3000000010612,1,Caixa Postal,00:00:05,,,N,,,2025/04/28,
3000000010613,1,Caixa Postal,,,,N,,,2025/04/28,
3000000010614,1,Caixa Postal,,CLI,,N,,,2025/04/28,
3000000010615,1,Caixa Postal,,CLI,,N,,,2025/04/28,
3000000010616,1,Caixa Postal,,,,N,,,2025/04/28,
3000000010617,1,Caixa Postal,,,,N,,,2025/04/28,
3000000010618,1,Chamada Não Atendida,00:00:03,CLI,10000000258073,N,,,2025/04/28,
3000000010619,1,Chamada Não Atendida,,CLI,,N,,,2025/04/28,
3000000010620,1,Caixa Postal,,,,N,,,2025/04/28,
3000000010621,1,Caixa Postal,,,,N,,,2025/04/28,
3000000010622,1,Caixa Postal,,,,N,,,2025/04/28,
3000000010623,1,URA Pesquisa NPS,00:05:25,C,10000000258074,S,Sim,1.0,2025/04/28,Email19156
3000000010624,1,Caixa Postal,,,,N,,,2025/04/28,
3000000010625,1,Caixa Postal,,,,N,,,2025/04/28,
3000000010626,1,URA Pesquisa NPS,00:01:31,CLI,10000000258075,S,Sim,10.0,2025/04/28,Email288
3000000010627,1,Caixa Postal,00:00:02,Cli,,N,,,2025/04/28,
3000000010628,1,Caixa Postal,,Cli,,N,,,2025/04/28,
3000000010629,1,Caixa Postal,00:00:02,cli,10000000258076,N,,,2025/04/28,
3000000010630,1,Caixa Postal,00:00:03,cli,10000000258077,N,,,2025/04/28,
3000000010631,1,URA Pesquisa NPS,00:03:45,cli,10000000258077,S,Sim,10.0,2025/04/28,Email48439
3000000010632,1,Caixa Postal,,,,N,,,2025/04/28,
3000000010633,1,URA Pesquisa NPS,00:00:49,Cli,10000000258078,S,,,2025/04/28,Email296
3000000010634,1,Caixa Postal,00:00:05,,,N,,,2025/04/28,
3000000010635,1,Caixa Postal,00:00:10,,,N,,,2025/04/28,
3000000010636,1,Caixa Postal,,,,N,,,2025/04/28,
3000000010637,1,Caixa Postal,00:00:08,,,N,,,2025/04/28,
3000000010638,1,Caixa Postal,,,,N,,,2025/04/28,
3000000010639,1,Informação,,,,N,,,2025/04/28,
3000000010640,1,Informação,,,,N,,,2025/04/28,
3000000010641,1,Informação,00:00:06,,,N,,,2025/04/28,
3000000010642,1,Caixa Postal,00:00:03,,,N,,,2025/04/28,
3000000010643,1,Caixa Postal,,,,N,,,2025/04/28,
3000000010644,1,Caixa Postal,,CLI,,N,,,2025/04/28,
3000000010645,1,Caixa Postal,,CLI,10000000258079,N,,,2025/04/28,
3000000010646,1,Informação,00:00:03,CLI,,N,,,2025/04/28,
3000000010647,1,Informação,,,,N,,,2025/04/28,
3000000010648,1,Informação,,,,N,,,2025/04/28,
3000000010649,1,Informação,,,,N,,,2025/04/28,
3000000010650,1,Caixa Postal,,CLI,,N,,,2025/04/28,
3000000010651,1,Informação,00:02:33,,,N,,,2025/04/28,
3000000010652,1,Caixa Postal,,CLI,10000000258080,N,,,2025/04/28,
3000000010653,1,Caixa Postal,,CLI,10000000258080,N,,,2025/04/28,
3000000010654,1,Contato de Finalizacao do Protocolo,00:00:52,cli,,N,,,2025/04/28,
3000000010655,1,Caixa Postal,00:00:10,,,N,,,2025/04/28,
3000000010656,1,Caixa Postal,00:00:03,,,N,,,2025/04/28,
3000000010657,1,Caixa Postal,00:00:19,CLI,,N,,,2025/04/28,
3000000010658,1,Caixa Postal,00:00:19,CLI,,N,,,2025/04/28,
3000000010659,1,Caixa Postal,00:00:11,,,N,,,2025/04/28,
3000000010660,1,Caixa Postal,00:00:02,,,N,,,2025/04/28,
3000000010661,1,Não Atende,,Cliente,10000000258081,N,,,2025/04/28,
3000000010662,1,Caixa Postal,,CLI,,N,,,2025/04/28,
3000000010663,1,Caixa Postal,,CLI,,N,,,2025/04/28,
3000000010664,1,Informação,,CLI,,N,,,2025/04/28,
3000000010665,1,Caixa Postal,,,,N,,,2025/04/28,
3000000010666,1,Cliente solicita novo contato,00:05:56,,,N,,,2025/04/28,
3000000010667,1,Caixa Postal,00:00:04,,,N,,,2025/04/28,
3000000010668,1,Informação,,,,N,,,2025/04/28,
3000000010669,1,Caixa Postal,00:00:17,,,N,,,2025/04/28,
3000000010670,1,Caixa Postal,00:00:10,CLI,,N,,,2025/04/28,
3000000010671,1,URA Pesquisa NPS,00:04:15,CLI,10000000258082,S,Sim,10.0,2025/04/28,Email4355
3000000010672,1,Caixa Postal,,Cliente,10000000258083,N,,,2025/04/28,
3000000010673,1,Caixa Postal,00:00:08,CLI,10000000258084,N,,,2025/04/28,
3000000010674,1,Chamada Não Atendida,,CLI ,10000000258085,N,,,2025/04/28,
3000000010675,1,Chamada Não Atendida,00:00:03,CLI ,10000000258085,N,,,2025/04/28,
3000000010676,1,URA Pesquisa NPS,00:05:42,CLI,10000000258086,S,Sim,9.0,2025/04/25,Email48443
3000000010677,1,Caixa Postal,00:00:04,,,N,,,2025/04/25,
3000000010678,1,Cliente Desligou,00:00:06,,,N,,,2025/04/25,
3000000010679,1,Não Atende,00:00:05,CLI,,N,,,2025/04/25,
3000000010680,1,Caixa Postal,00:00:12,,,N,,,2025/04/25,
3000000010681,1,Caixa Postal,00:00:12,Cli,10000000258087,N,,,2025/04/25,
3000000010682,1,Caixa Postal,00:00:15,Cli,10000000258087,N,,,2025/04/25,
3000000010683,1,Caixa Postal,00:00:10,,,N,,,2025/04/25,
3000000010684,1,Caixa Postal,00:00:07,,,N,,,2025/04/25,
3000000010685,1,URA Pesquisa NPS,00:02:34,Cli,10000000258088,S,Sim,10.0,2025/04/25,Email1615
3000000010686,1,Caixa Postal,00:00:02,,,N,,,2025/04/25,
3000000010687,1,Caixa Postal,00:00:03,,,N,,,2025/04/25,
3000000010688,1,URA Pesquisa NPS,00:02:20,,,S,,,2025/04/25,Email4355
3000000010689,1,Chamada Não Atendida,,Cliente,10000000258089,N,,,2025/04/25,
3000000010690,1,Chamada Não Atendida,,Cliente,10000000258089,N,,,2025/04/25,
3000000010691,1,Não Atende,00:02:15,,10000000258090,N,,,2025/04/25,
3000000010692,1,Chamada Não Atendida,,CLI,10000000258091,N,,,2025/04/25,
3000000010693,1,URA Pesquisa NPS,00:05:41,CLI,10000000258091,S,Sim,10.0,2025/04/25,Email296
3000000010694,1,URA Pesquisa NPS,00:03:39,CLI,10000000258092,S,,,2025/04/25,Email4355
3000000010695,1,Caixa Postal,00:00:08,Cli,10000000258087,N,,,2025/04/25,
3000000010696,1,Caixa Postal,00:00:18,Cli,10000000258087,N,,,2025/04/25,
3000000010697,1,Caixa Postal,00:00:06,,,N,,,2025/04/25,
3000000010698,1,Caixa Postal,,,,N,,,2025/04/25,
3000000010699,1,Caixa Postal,00:00:13,,,N,,,2025/04/25,
3000000010700,1,Informação,00:00:03,CLI,,N,,,2025/04/25,
3000000010701,1,URA Pesquisa NPS,00:01:05,CLI,10000000258093,S,Sim,9.0,2025/04/25,Email288
3000000010702,1,Chamada Não Atendida,00:00:16,CLI,10000000258094,N,,,2025/04/25,
3000000010703,1,Chamada Não Atendida,00:00:03,CLI,10000000258094,N,,,2025/04/25,
3000000010704,1,Caixa Postal,00:00:12,,,N,,,2025/04/25,
3000000010705,1,Caixa Postal,00:00:04,,,N,,,2025/04/25,
3000000010706,1,Caixa Postal,00:00:02,,,N,,,2025/04/25,
3000000010707,1,Caixa Postal,00:00:10,,,N,,,2025/04/25,
3000000010708,1,Não Atende,,CLI,10000000258095,N,,,2025/04/25,
3000000010709,1,Informação,00:01:15,,,N,,,2025/04/25,
3000000010710,1,Caixa Postal,00:00:07,,,N,,,2025/04/25,
3000000010711,1,Caixa Postal,00:00:04,,,N,,,2025/04/25,
3000000010712,1,Caixa Postal,00:00:03,,,N,,,2025/04/25,
3000000010713,1,URA Pesquisa NPS,00:01:20,,10000000258096,S,Sim,10.0,2025/04/25,Email48442
3000000010714,1,Caixa Postal,00:00:15,,,N,,,2025/04/25,
3000000010715,1,Caixa Postal,00:00:04,,,N,,,2025/04/25,
3000000010716,1,Caixa Postal,,,,N,,,2025/04/25,
3000000010717,1,Caixa Postal,,,,N,,,2025/04/25,
3000000010718,1,Caixa Postal,,,,N,,,2025/04/25,
3000000010719,1,Chamada Não Atendida,,,,N,,,2025/04/25,
3000000010720,1,Caixa Postal,00:00:06,,,N,,,2025/04/25,
3000000010721,1,Caixa Postal,,,,N,,,2025/04/25,
3000000010722,1,URA Pesquisa NPS,00:01:22,CLI,10000000258097,S,,,2025/04/25,Email296
3000000010723,1,URA Pesquisa NPS,00:02:47,CLI,10000000258098,S,Sim,7.0,2025/04/25,Email288
3000000010724,1,Caixa Postal,00:00:12,,,N,,,2025/04/25,
3000000010725,1,Caixa Postal,00:00:04,,,N,,,2025/04/25,
3000000010726,1,Informação,00:06:33,,,N,,,2025/04/25,
3000000010727,1,Ocupado,,CLI,10000000258099,N,,,2025/04/25,
3000000010728,1,URA Pesquisa NPS,00:06:41,Cli,10000000258100,S,,,2025/04/25,Email5371
3000000010729,1,Ocupado,,CLI,10000000258099,N,,,2025/04/25,
3000000010730,1,URA Pesquisa NPS,00:02:05,Cli,10000000258101,S,Sim,10.0,2025/04/25,Email1615
3000000010731,1,Chamada Não Atendida,,,,N,,,2025/04/25,
3000000010732,1,Chamada Não Atendida,00:00:03,,,N,,,2025/04/25,
3000000010733,1,Chamada Não Atendida,00:00:00,,,N,,,2025/04/25,
3000000010734,1,Caixa Postal,,,,N,,,2025/04/25,
3000000010735,1,Caixa Postal,,,,N,,,2025/04/25,
3000000010736,1,Chamada Não Atendida,00:00:06,,,N,,,2025/04/25,
3000000010737,1,Contato de Finalizacao do Protocolo,00:01:00,,,N,,,2025/04/25,
3000000010738,1,Ocupado,,CLI,10000000258102,N,,,2025/04/25,
3000000010739,1,Chamada Não Atendida,00:00:00,CLI,10000000258102,N,,,2025/04/25,
3000000010740,1,Chamada Não Atendida,00:00:01,CLI,10000000258102,N,,,2025/04/25,
3000000010741,1,Chamada Não Atendida,00:00:02,CLI,10000000258103,N,,,2025/04/25,
3000000010742,1,Chamada Não Atendida,00:00:04,,,N,,,2025/04/25,
3000000010743,1,Chamada Não Atendida,,,,N,,,2025/04/25,
3000000010744,1,Chamada Não Atendida,00:00:07,CLI,10000000258104,N,,,2025/04/25,
3000000010745,1,Chamada Não Atendida,00:00:00,CLI,10000000258104,N,,,2025/04/25,
3000000010746,1,Não Atende,,Cliente,10000000258105,N,,,2025/04/25,
3000000010747,1,Não Atende,,Cliente,10000000258105,N,,,2025/04/25,
3000000010748,1,Caixa Postal,00:00:04,CLI,,N,,,2025/04/25,
3000000010749,1,Caixa Postal,00:00:03,CLI,,N,,,2025/04/25,
3000000010750,1,Caixa Postal,00:00:05,,,N,,,2025/04/25,
3000000010751,1,Caixa Postal,,,,N,,,2025/04/25,
3000000010752,1,Caixa Postal,,,,N,,,2025/04/25,
3000000010753,1,Caixa Postal,,,,N,,,2025/04/25,
3000000010754,1,Caixa Postal,,,,N,,,2025/04/25,
3000000010755,1,Caixa Postal,,,,N,,,2025/04/25,
3000000010756,1,Caixa Postal,,,,N,,,2025/04/25,
3000000010757,1,Caixa Postal,00:00:04,,,N,,,2025/04/25,
3000000010758,1,Não Atende,,Cliente,10000000258105,N,,,2025/04/25,
3000000010759,1,Não Atende,,Cliente,10000000258105,N,,,2025/04/25,
3000000010760,1,URA Pesquisa NPS,00:01:07,,10000000258106,S,Sim,10.0,2025/04/25,Email48442
3000000010761,1,Cliente Desligou,00:00:05,cli,,N,,,2025/04/25,
3000000010762,1,Caixa Postal,,cli,,N,,,2025/04/25,
3000000010763,1,Chamada Não Atendida,00:00:05,CLI,10000000258107,N,,,2025/04/25,
3000000010764,1,Não Atende,00:00:00,Cliente,10000000258108,N,,,2025/04/25,
3000000010765,1,Dados incorretos do cliente,,Cliente,10000000258108,N,,,2025/04/25,
3000000010766,1,URA Pesquisa NPS,00:01:41,cli,10000000258109,S,Nao,10.0,2025/04/25,Email48439
3000000010767,1,URA Pesquisa NPS,00:01:13,Cli,10000000258110,S,Sim,10.0,2025/04/25,Email1615
3000000010768,1,Caixa Postal,,,,N,,,2025/04/25,
3000000010769,1,Caixa Postal,,,,N,,,2025/04/25,
3000000010770,1,Caixa Postal,00:00:09,Cli,10000000258111,N,,,2025/04/25,
3000000010771,1,Caixa Postal,00:00:03,Cli,10000000258111,N,,,2025/04/25,
3000000010772,1,Caixa Postal,,,,N,,,2025/04/25,
3000000010773,1,Caixa Postal,,,,N,,,2025/04/25,
3000000010774,1,Caixa Postal,,,,N,,,2025/04/25,
3000000010775,1,Caixa Postal,00:00:14,,,N,,,2025/04/25,
3000000010776,1,Caixa Postal,00:00:00,,,N,,,2025/04/25,
3000000010777,1,Caixa Postal,00:00:03,,,N,,,2025/04/25,
3000000010778,1,Caixa Postal,,,,N,,,2025/04/25,
3000000010779,1,Caixa Postal,,,,N,,,2025/04/25,
3000000010780,1,Caixa Postal,00:00:01,CLI,10000000258103,N,,,2025/04/25,
3000000010781,1,Caixa Postal,,,,N,,,2025/04/25,
3000000010782,1,Caixa Postal,00:00:12,,,N,,,2025/04/25,
3000000010783,1,Caixa Postal,,,,N,,,2025/04/25,
3000000010784,1,Caixa Postal,,,,N,,,2025/04/25,
3000000010785,1,Caixa Postal,00:00:05,,,N,,,2025/04/25,
3000000010786,1,Caixa Postal,,,,N,,,2025/04/25,
3000000010787,1,Caixa Postal,00:00:05,,,N,,,2025/04/25,
3000000010788,1,Caixa Postal,,,,N,,,2025/04/25,
3000000010789,1,Sent To Voicemail,00:01:51,cli,10000000258112,S,Sim,9.0,2025/04/25,Email48439
3000000010790,1,Informação,00:00:03,Cli,10000000258113,N,,,2025/04/25,
3000000010791,1,Informação,,Cli,,N,,,2025/04/25,
3000000010792,1,Caixa Postal,00:00:10,,,N,,,2025/04/25,
3000000010793,1,Caixa Postal,00:00:07,,,N,,,2025/04/25,
3000000010794,1,Caixa Postal,00:00:01,CLI,10000000258114,N,,,2025/04/25,
3000000010795,1,Caixa Postal,00:00:03,CLI,,N,,,2025/04/25,
3000000010796,1,Caixa Postal,,CLI,,N,,,2025/04/25,
3000000010797,1,Chamada Não Atendida,00:00:03,,,N,,,2025/04/25,
3000000010798,1,URA Pesquisa NPS,00:02:09,,,S,Sim,10.0,2025/04/25,Email48444
3000000010799,1,Informação,,Cliente,,N,,,2025/04/25,
3000000010800,1,URA Pesquisa NPS,00:02:04,,,S,Sim,10.0,2025/04/25,Email19156
3000000010801,1,URA Pesquisa NPS,00:06:03,CLI,10000000258115,S,Sim,10.0,2025/04/25,Email11179
3000000010802,1,Chamada Não Atendida,00:00:14,Cli,10000000258116,N,,,2025/04/25,
3000000010803,1,Chamada Não Atendida,00:00:04,Cli,10000000258116,N,,,2025/04/25,
3000000010804,1,Caixa Postal,,,,N,,,2025/04/25,
3000000010805,1,Chamada Não Atendida,,CLI,10000000258117,N,,,2025/04/25,
3000000010806,1,Caixa Postal,00:00:06,Cli,10000000258116,N,,,2025/04/25,
3000000010807,1,Caixa Postal,00:00:03,Cli,10000000258116,N,,,2025/04/25,
3000000010808,1,Não Atende,,CLI,10000000258118,N,,,2025/04/25,
3000000010809,1,Caixa Postal,00:00:04,,,N,,,2025/04/25,
3000000010810,1,Caixa Postal,,,,N,,,2025/04/25,
3000000010811,1,Caixa Postal,,CLI,10000000258119,N,,,2025/04/25,
3000000010812,1,Caixa Postal,00:00:01,Cli,10000000258120,N,,,2025/04/25,
3000000010813,1,Caixa Postal,00:00:06,Cli,10000000258120,N,,,2025/04/25,
3000000010814,1,Caixa Postal,00:00:05,CLI,10000000258121,N,,,2025/04/25,
3000000010815,1,Chamada Não Atendida,,,,N,,,2025/04/25,
3000000010816,1,Chamada Não Atendida,00:00:08,CLI ,10000000258122,N,,,2025/04/25,
3000000010817,1,Chamada Não Atendida,00:00:10,CLI,10000000258122,N,,,2025/04/25,
3000000010818,1,Informação,,Cli,,N,,,2025/04/25,
3000000010819,1,URA Pesquisa NPS,00:00:27,,,S,,,2025/04/25,Email5556
3000000010820,1,Informação,,Cli,,N,,,2025/04/25,
3000000010821,1,Informação,00:00:08,,,N,,,2025/04/25,
3000000010822,1,Caixa Postal,00:00:07,,,N,,,2025/04/25,
3000000010823,1,Caixa Postal,,,,N,,,2025/04/25,
3000000010824,1,Caixa Postal,00:00:08,,,N,,,2025/04/25,
3000000010825,1,Caixa Postal,00:00:02,CLI,,N,,,2025/04/25,
3000000010826,1,Caixa Postal,00:00:02,CLI,,N,,,2025/04/25,
3000000010827,1,Caixa Postal,,CLI,,N,,,2025/04/25,
3000000010828,1,URA Pesquisa NPS,00:02:44,CLI,10000000258123,S,Sim,9.0,2025/04/25,Email48443
3000000010829,1,Informação,,cli,,N,,,2025/04/25,
3000000010830,1,Informação,00:00:06,cli,,N,,,2025/04/25,
3000000010831,1,Informação,00:00:04,,,N,,,2025/04/25,
3000000010832,1,Informação,00:00:11,,,N,,,2025/04/25,
3000000010833,1,Informação,,Cli,,N,,,2025/04/25,
3000000010834,1,Agent Error,,,,N,,,2025/04/25,
3000000010835,1,Caixa Postal,00:00:08,,,N,,,2025/04/25,
3000000010836,1,URA Pesquisa NPS,00:01:47,,,S,,,2025/04/25,Email48444
3000000010837,1,Informação,,,,N,,,2025/04/25,
3000000010838,1,Caixa Postal,00:00:10,,,N,,,2025/04/25,
3000000010839,1,Caixa Postal,,,,N,,,2025/04/25,
3000000010840,1,Caixa Postal,00:00:18,Cli,10000000258055,N,,,2025/04/25,
3000000010841,1,Informação,00:00:03,,,N,,,2025/04/25,
3000000010842,1,Caixa Postal,00:00:09,Cli,,N,,,2025/04/25,
3000000010843,1,Informação,00:00:03,,,N,,,2025/04/25,
3000000010844,1,Não Atende,,Cliente,10000000258124,N,,,2025/04/25,
3000000010845,1,Caixa Postal,,CLI,10000000258119,N,,,2025/04/25,
3000000010846,1,Caixa Postal,,,,N,,,2025/04/25,
3000000010847,1,Caixa Postal,,,,N,,,2025/04/25,
3000000010848,1,Ligação Muda,,CLI,10000000258118,N,,,2025/04/25,
3000000010849,1,Cliente Desligou,00:00:05,CLI,10000000258118,N,,,2025/04/25,
3000000010850,1,URA Pesquisa NPS,00:01:02,CLI,10000000258118,S,Sim,10.0,2025/04/25,Email364
3000000010851,1,Informação,00:00:04,,,N,,,2025/04/25,
3000000010852,1,Informação,00:00:08,,,N,,,2025/04/25,
3000000010853,1,URA Pesquisa NPS,00:06:46,,10000000258125,S,Nao,10.0,2025/04/24,Email45
3000000010854,1,URA Pesquisa NPS,00:01:55,Cliente,10000000258126,S,Sim,9.0,2025/04/24,Email45
3000000010855,1,URA Pesquisa NPS,00:02:50,CLI,10000000258127,S,Sim,8.0,2025/04/24,Email288
3000000010856,1,Caixa Postal,00:00:06,,,N,,,2025/04/24,
3000000010857,1,Caixa Postal,00:00:02,,,N,,,2025/04/24,
3000000010858,1,Caixa Postal,00:00:28,CLI,10000000258128,N,,,2025/04/24,
3000000010859,1,Caixa Postal,00:00:06,CLI,,N,,,2025/04/24,
3000000010860,1,Chamada Não Atendida,,,,N,,,2025/04/24,
3000000010861,1,Chamada Não Atendida,,,,N,,,2025/04/24,
3000000010862,1,URA Pesquisa NPS,00:01:55,,,S,Sim,8.0,2025/04/24,Email48444
3000000010863,1,Cliente Desligou,00:00:12,CLI,,N,,,2025/04/24,
3000000010864,1,Cliente Desligou,00:00:14,CLI,,N,,,2025/04/24,
3000000010865,1,URA Pesquisa NPS,00:02:26,,10000000258129,S,Sim,9.0,2025/04/24,Email45
3000000010866,1,Não Atende,,cli,,N,,,2025/04/24,
3000000010867,1,URA Pesquisa NPS,00:01:29,CLI,10000000258130,S,Sim,10.0,2025/04/24,Email11179
3000000010868,1,Caixa Postal,,cli,,N,,,2025/04/24,
3000000010869,1,Caixa Postal,00:00:02,cli,10000000258131,N,,,2025/04/24,
3000000010870,1,Contato de Finalizacao do Protocolo,00:00:45,cli,10000000258131,S,,,2025/04/24,Email48439
3000000010871,1,Ligação Muda,,cli,10000000258132,N,,,2025/04/24,
3000000010872,1,Caixa Postal,00:00:06,cli,10000000258132,N,,,2025/04/24,
3000000010873,1,Caixa Postal,00:00:08,,,N,,,2025/04/24,
3000000010874,1,Caixa Postal,,,,N,,,2025/04/24,
3000000010875,1,URA Pesquisa NPS,00:07:12,Cli,10000000258133,S,Sim,8.0,2025/04/24,Email19156
3000000010876,1,Caixa Postal,,cli,10000000258134,N,,,2025/04/24,
3000000010877,1,Chamada Não Atendida,,CLI,10000000258135,N,,,2025/04/24,
3000000010878,1,URA Pesquisa NPS,00:00:47,cli,10000000258134,S,Sim,10.0,2025/04/24,Email48439
3000000010879,1,Chamada Não Atendida,,CLI,10000000258135,N,,,2025/04/24,
3000000010880,1,URA Pesquisa NPS,00:03:13,CLI,10000000258136,S,Sim,10.0,2025/04/24,Email4194
3000000010881,1,Caixa Postal,,Cli,10000000258137,N,,,2025/04/24,
3000000010882,1,Chamada Não Atendida,00:00:05,Cli,10000000258138,N,,,2025/04/24,
3000000010883,1,Caixa Postal,00:00:04,Cli,10000000258138,N,,,2025/04/24,
3000000010884,1,Informação,00:07:41,,,N,,,2025/04/24,
3000000010885,1,Chamada Não Atendida,00:00:06,,,N,,,2025/04/24,
3000000010886,1,Chamada Não Atendida,00:00:01,,,N,,,2025/04/24,
3000000010887,1,Chamada Não Atendida,,CLI ,10000000258139,N,,,2025/04/24,
3000000010888,1,URA Pesquisa NPS,00:09:37,CLI ,10000000258139,S,Sim,8.0,2025/04/24,Email372
3000000010889,1,Chamada Não Atendida,,CLI,10000000258140,N,,,2025/04/24,
3000000010890,1,Informação,,,,N,,,2025/04/24,
3000000010891,1,Contato de Finalizacao do Protocolo,00:03:12,CLI,10000000258068,N,,,2025/04/24,
3000000010892,1,Caixa Postal,00:00:12,CLI,10000000258141,N,,,2025/04/24,
3000000010893,1,Caixa Postal,00:00:06,CLI,,N,,,2025/04/24,
3000000010894,1,Chamada Não Atendida,00:00:04,CLI,10000000258142,N,,,2025/04/24,
3000000010895,1,Chamada Não Atendida,00:00:01,CLI,10000000258142,N,,,2025/04/24,
3000000010896,1,URA Pesquisa NPS,00:01:34,Cli,10000000258143,S,Sim,10.0,2025/04/24,Email19156
3000000010897,1,Caixa Postal,,,,N,,,2025/04/24,
3000000010898,1,Caixa Postal,,,,N,,,2025/04/24,
3000000010899,1,URA Pesquisa NPS,00:00:54,Cliente,10000000258144,S,,,2025/04/24,Email8754
3000000010900,1,Caixa Postal,,,,N,,,2025/04/24,
3000000010901,1,Caixa Postal,,,,N,,,2025/04/24,
3000000010902,1,Caixa Postal,,,,N,,,2025/04/24,
3000000010903,1,Caixa Postal,00:00:00,Cliente,10000000258145,N,,,2025/04/24,
3000000010904,1,Ligação Muda,,CLI,10000000258146,N,,,2025/04/24,
3000000010905,1,Ligação Muda,,CLI,10000000258146,N,,,2025/04/24,
3000000010906,1,Caixa Postal,00:00:08,CLI,10000000258147,N,,,2025/04/24,
3000000010907,1,Caixa Postal,,CLI,10000000258147,N,,,2025/04/24,
3000000010908,1,Caixa Postal,00:00:01,Cliente,10000000258148,N,,,2025/04/24,
3000000010909,1,Caixa Postal,00:00:01,Cliente,10000000258148,N,,,2025/04/24,
3000000010910,1,Caixa Postal,00:00:01,,,N,,,2025/04/24,
3000000010911,1,URA Pesquisa NPS,00:01:31,Cliente,10000000258149,S,Sim,7.0,2025/04/24,Email8754
3000000010912,1,Caixa Postal,,,,N,,,2025/04/24,
3000000010913,1,Caixa Postal,,,,N,,,2025/04/24,
3000000010914,1,Caixa Postal,,,,N,,,2025/04/24,
3000000010915,1,URA Pesquisa NPS,00:00:53,,,S,Sim,10.0,2025/04/24,Email48444
3000000010916,1,Caixa Postal,00:00:14,,,N,,,2025/04/24,
3000000010917,1,Sent To Voicemail,00:02:37,Cli,,S,Sim,1.0,2025/04/24,Email48444
3000000010918,1,Caixa Postal,00:02:03,,,N,,,2025/04/24,
3000000010919,1,Caixa Postal,,SAC,10000000258150,N,,,2025/04/24,
3000000010920,1,Caixa Postal,,SAC,10000000258150,N,,,2025/04/24,
3000000010921,1,URA Pesquisa NPS,00:13:21,CLI,10000000258151,S,Sim,10.0,2025/04/24,Email4355
3000000010922,1,Caixa Postal,00:00:04,,,N,,,2025/04/24,
3000000010923,1,Caixa Postal,00:00:03,,,N,,,2025/04/24,
3000000010924,1,Caixa Postal,00:26:15,,,N,,,2025/04/24,
3000000010925,1,Caixa Postal,00:00:04,CLI,10000000258152,N,,,2025/04/24,
3000000010926,1,Contato de Finalizacao do Protocolo,00:01:35,,,N,,,2025/04/24,
3000000010927,1,Sent To Voicemail,00:13:16,CLI,,S,Sim,10.0,2025/04/24,Email48444
3000000010928,1,Ligação Muda,,CLI,10000000258152,N,,,2025/04/24,
3000000010929,1,Informação,,,,N,,,2025/04/24,
3000000010930,1,Ligação Muda,,CLI,10000000258153,N,,,2025/04/24,
3000000010931,1,URA Pesquisa NPS,00:01:28,CLI,10000000258153,S,,,2025/04/24,Email11179
3000000010932,1,Chamada Não Atendida,,Cli,10000000258154,N,,,2025/04/24,
3000000010933,1,Chamada Não Atendida,,Cli,10000000258154,N,,,2025/04/24,
3000000010934,1,Caixa Postal,00:00:06,Cli,10000000258155,N,,,2025/04/24,
3000000010935,1,URA Pesquisa NPS,00:02:18,,,S,Sim,9.0,2025/04/24,Email5556
3000000010936,1,Chamada Não Atendida,00:00:13,,,N,,,2025/04/24,
3000000010937,1,Caixa Postal,00:00:00,cli,10000000258156,N,,,2025/04/24,
3000000010938,1,Caixa Postal,00:00:03,cli,10000000258156,N,,,2025/04/24,
3000000010939,1,Caixa Postal,00:00:04,cli,10000000258156,N,,,2025/04/24,
3000000010940,1,Caixa Postal,00:00:04,,,N,,,2025/04/24,
3000000010941,1,Contato de Finalizacao do Protocolo,00:04:42,Cli,10000000258157,N,,,2025/04/24,
3000000010942,1,URA Pesquisa NPS,00:03:18,Cli,10000000258158,S,Sim,1.0,2025/04/24,Email364
3000000010943,1,Ligação Muda,,,,N,,,2025/04/24,
3000000010944,1,Caixa Postal,00:00:10,,,N,,,2025/04/24,
3000000010945,1,Caixa Postal,,,,N,,,2025/04/24,
3000000010946,1,Caixa Postal,,Cli,10000000258154,N,,,2025/04/24,
3000000010947,1,Caixa Postal,,Cli,10000000258154,N,,,2025/04/24,
3000000010948,1,Caixa Postal,,,,N,,,2025/04/24,
3000000010949,1,Caixa Postal,00:00:06,cli,10000000258159,N,,,2025/04/24,
3000000010950,1,Cliente Desligou,00:00:02,cli,10000000258159,N,,,2025/04/24,
3000000010951,1,URA Pesquisa NPS,00:01:43,cli,10000000258159,S,Sim,10.0,2025/04/24,Email48439
3000000010952,1,Caixa Postal,,CLI,10000000258160,N,,,2025/04/24,
3000000010953,1,Informação,00:00:09,,,N,,,2025/04/24,
3000000010954,1,Chamada Não Atendida,00:00:43,CLI,10000000258161,N,,,2025/04/24,
3000000010955,1,Chamada Não Atendida,00:00:04,CLI,10000000258162,N,,,2025/04/24,
3000000010956,1,Informação,,,,N,,,2025/04/24,
3000000010957,1,Caixa Postal,00:00:04,CLI,,N,,,2025/04/24,
3000000010958,1,Caixa Postal,,Cli,10000000258163,N,,,2025/04/24,
3000000010959,1,URA Pesquisa NPS,00:00:52,,,S,Sim,10.0,2025/04/24,Email585
3000000010960,1,Informação,,,,N,,,2025/04/24,
3000000010961,1,Caixa Postal,00:00:06,Cli,10000000258155,N,,,2025/04/24,
3000000010962,1,URA Pesquisa NPS,00:08:34,,,S,Sim,10.0,2025/04/24,Email5556
3000000010963,1,Caixa Postal,00:00:06,,,N,,,2025/04/24,
3000000010964,1,Caixa Postal,00:00:10,CLI,10000000258155,N,,,2025/04/24,
3000000010965,1,Caixa Postal,00:00:05,Cli,10000000258155,N,,,2025/04/24,
3000000010966,1,Contato de Finalizacao do Protocolo,00:02:02,Cli,10000000258164,N,,,2025/04/24,
3000000010967,1,Ocupado,,Cli,10000000258165,N,,,2025/04/24,
3000000010968,1,Ocupado,,Cli,10000000258165,N,,,2025/04/24,
3000000010969,1,URA Pesquisa NPS,00:01:58,cli,10000000258166,S,Sim,10.0,2025/04/24,Email48438
3000000010970,1,Chamada Não Atendida,00:00:05,cli ,10000000258167,N,,,2025/04/24,
3000000010971,1,Chamada Não Atendida,00:00:04,cli ,10000000258167,N,,,2025/04/24,
3000000010972,1,Dados incorretos do cliente,,,,N,,,2025/04/24,
3000000010973,1,Dados incorretos do cliente,,,,N,,,2025/04/24,
3000000010974,1,Caixa Postal,,,,N,,,2025/04/24,
3000000010975,1,Caixa Postal,,,,N,,,2025/04/24,
3000000010976,1,Caixa Postal,,,,N,,,2025/04/24,
3000000010977,1,Caixa Postal,,,,N,,,2025/04/24,
3000000010978,1,Caixa Postal,,,,N,,,2025/04/24,
3000000010979,1,Caixa Postal,,,,N,,,2025/04/24,
3000000010980,1,Caixa Postal,,,,N,,,2025/04/24,
3000000010981,1,Responsavel ausente,00:01:01,,,N,,,2025/04/24,
3000000010982,1,Caixa Postal,00:00:01,,,N,,,2025/04/24,
3000000010983,1,Cliente Desligou,00:00:05,,,N,,,2025/04/24,
3000000010984,1,URA Pesquisa NPS,00:03:41,,,S,,,2025/04/24,Email48444
3000000010985,1,Dados incorretos do cliente,,,,N,,,2025/04/23,
3000000010986,1,Caixa Postal,,,,N,,,2025/04/23,
3000000010987,1,Informação,00:00:01,cli,,N,,,2025/04/23,
3000000010988,1,Caixa Postal,00:00:07,,,N,,,2025/04/23,
3000000010989,1,Caixa Postal,00:00:01,,,N,,,2025/04/23,
3000000010990,1,Caixa Postal,,,,N,,,2025/04/23,
3000000010991,1,Informação,00:02:17,CLI,,N,,,2025/04/23,
3000000010992,1,Informação,00:00:04,,,N,,,2025/04/23,
3000000010993,1,Caixa Postal,00:00:05,Cli,10000000258168,N,,,2025/04/23,
3000000010994,1,Caixa Postal,,Cli,,N,,,2025/04/23,
3000000010995,1,Caixa Postal,00:00:03,CLI ,10000000258169,N,,,2025/04/23,
3000000010996,1,Caixa Postal,00:00:04,CLI ,10000000258169,N,,,2025/04/23,
3000000010997,1,Caixa Postal,,CLI ,10000000258170,N,,,2025/04/23,
3000000010998,1,Cliente Desligou,00:00:01,CLI,10000000258171,N,,,2025/04/23,
3000000010999,1,Caixa Postal,00:00:03,CLI,10000000258171,N,,,2025/04/23,
3000000011000,1,Chamada Não Atendida,,CLI,10000000258170,N,,,2025/04/23,
3000000011001,1,Ocupado,,Cli,10000000258172,N,,,2025/04/23,
3000000011002,1,Ocupado,,Cli,10000000258172,N,,,2025/04/23,
3000000011003,1,Ocupado,,Cli,10000000258172,N,,,2025/04/23,
3000000011004,1,Caixa Postal,,,,N,,,2025/04/23,
3000000011005,1,Ocupado,,,,N,,,2025/04/23,
3000000011006,1,Ocupado,,,,N,,,2025/04/23,
3000000011007,1,Responsavel ausente,00:00:34,Cli,10000000258173,N,,,2025/04/23,
3000000011008,1,Caixa Postal,,Cli,,N,,,2025/04/23,
3000000011009,1,Caixa Postal,00:00:02,,,N,,,2025/04/23,
3000000011010,1,Caixa Postal,00:00:01,,,N,,,2025/04/23,
3000000011011,1,Cliente Desligou,00:09:54,Cliente,10000000258174,N,,,2025/04/23,
3000000011012,1,Caixa Postal,00:00:03,,,N,,,2025/04/23,
3000000011013,1,Caixa Postal,00:00:03,,,N,,,2025/04/23,
3000000011014,1,Caixa Postal,00:00:02,,,N,,,2025/04/23,
3000000011015,1,Responsavel ausente,00:01:22,Cli,10000000258173,N,,,2025/04/23,
3000000011016,1,Caixa Postal,00:00:07,CLI,10000000258171,N,,,2025/04/23,
3000000011017,1,Caixa Postal,,,,N,,,2025/04/23,
3000000011018,1,Ligação Muda,00:00:25,,,N,,,2025/04/23,
3000000011019,1,URA Pesquisa NPS,00:01:54,,,S,Sim,10.0,2025/04/23,Email48444
3000000011020,1,Caixa Postal,00:00:03,cli,10000000258175,N,,,2025/04/23,
3000000011021,1,URA Pesquisa NPS,00:01:22,cli,10000000258175,S,Sim,9.0,2025/04/23,Email48438
3000000011022,1,URA Pesquisa NPS,00:03:20,Cliente,10000000258176,S,Sim,9.0,2025/04/23,Email8754
3000000011023,1,Ligação Muda,,Cli,10000000258177,N,,,2025/04/23,
3000000011024,1,Ligação Muda,00:00:10,Cli,10000000258177,N,,,2025/04/23,
3000000011025,1,Caixa Postal,00:00:10,Cli,10000000258177,N,,,2025/04/23,
3000000011026,1,Informação,,,,N,,,2025/04/23,
3000000011027,1,Caixa Postal,,,,N,,,2025/04/23,
3000000011028,1,Caixa Postal,,cli,10000000258178,N,,,2025/04/23,
3000000011029,1,Caixa Postal,00:00:03,cli,10000000258178,N,,,2025/04/23,
3000000011030,1,Caixa Postal,00:00:04,,,N,,,2025/04/23,
3000000011031,1,Caixa Postal,00:00:09,,,N,,,2025/04/23,
3000000011032,1,Caixa Postal,00:00:00,,,N,,,2025/04/23,
3000000011033,1,Caixa Postal,,,,N,,,2025/04/23,
3000000011034,1,Caixa Postal,,,,N,,,2025/04/23,
3000000011035,1,Ocupado,,CLI,10000000258179,N,,,2025/04/23,
3000000011036,1,Chamada Não Atendida,00:00:05,,,N,,,2025/04/23,
3000000011037,1,Ligação Muda,00:00:13,,,N,,,2025/04/23,
3000000011038,1,Chamada Não Atendida,00:00:03,,,N,,,2025/04/23,
3000000011039,1,Chamada Não Atendida,00:00:00,,,N,,,2025/04/23,
3000000011040,1,Caixa Postal,00:00:04,CLI,10000000258180,N,,,2025/04/23,
3000000011041,1,Ligação Muda,00:00:07,,,N,,,2025/04/23,
3000000011042,1,Caixa Postal,00:00:00,,,N,,,2025/04/23,
3000000011043,1,Caixa Postal,00:00:00,,,N,,,2025/04/23,
3000000011044,1,Caixa Postal,,,,N,,,2025/04/23,
3000000011045,1,URA Pesquisa NPS,00:06:58,CLI,10000000258180,S,Sim,10.0,2025/04/23,Email19156
3000000011046,1,Ligação Muda,,cli,,N,,,2025/04/23,
3000000011047,1,URA Pesquisa NPS,00:06:05,Cliente,10000000258181,S,Sim,10.0,2025/04/23,Email48438
3000000011048,1,Caixa Postal,,,,N,,,2025/04/23,
3000000011049,1,Caixa Postal,,,,N,,,2025/04/23,
3000000011050,1,Informação,,,,N,,,2025/04/23,
3000000011051,1,Informação,,,,N,,,2025/04/23,
3000000011052,1,Informação,,cli,,N,,,2025/04/23,
3000000011053,1,Informação,,,,N,,,2025/04/23,
3000000011054,1,URA Pesquisa NPS,00:04:16,Cli,10000000258173,S,Sim,10.0,2025/04/23,Email1615
3000000011055,1,URA Pesquisa NPS,00:00:52,Cliente,10000000258182,S,Sim,10.0,2025/04/23,Email8754
3000000011056,1,Ligação Muda,00:00:07,,10000000258183,N,,,2025/04/23,
3000000011057,1,Caixa Postal,00:00:01,CLI,10000000258184,N,,,2025/04/23,
3000000011058,1,Caixa Postal,,CLI,10000000258184,N,,,2025/04/23,
3000000011059,1,Caixa Postal,,,,N,,,2025/04/23,
3000000011060,1,Caixa Postal,00:00:02,CLI,,N,,,2025/04/23,
3000000011061,1,Caixa Postal,00:00:01,CLI,,N,,,2025/04/23,
3000000011062,1,Caixa Postal,,CLI,,N,,,2025/04/23,
3000000011063,1,Caixa Postal,,,,N,,,2025/04/23,
3000000011064,1,Caixa Postal,00:00:07,,,N,,,2025/04/23,
3000000011065,1,Caixa Postal,00:00:06,,,N,,,2025/04/23,
3000000011066,1,Caixa Postal,00:00:04,,,N,,,2025/04/23,
3000000011067,1,Caixa Postal,00:00:03,,,N,,,2025/04/23,
3000000011068,1,Informação,,,,N,,,2025/04/23,
3000000011069,1,Caixa Postal,00:00:04,CLI,10000000258084,N,,,2025/04/23,
3000000011070,1,Caixa Postal,00:00:00,,,N,,,2025/04/23,
3000000011071,1,Caixa Postal,00:00:07,,,N,,,2025/04/23,
3000000011072,1,URA Pesquisa NPS,00:01:16,cli,10000000258185,S,Sim,10.0,2025/04/23,Email48443
3000000011073,1,Caixa Postal,00:00:01,,,N,,,2025/04/23,
3000000011074,1,Caixa Postal,00:00:05,,,N,,,2025/04/23,
3000000011075,1,Chamada Não Atendida,00:00:04,CLI,,N,,,2025/04/23,
3000000011076,1,Chamada Não Atendida,,CLI,,N,,,2025/04/23,
3000000011077,1,Chamada Não Atendida,,Cli,10000000258186,N,,,2025/04/23,
3000000011078,1,Caixa Postal,00:00:07,Cli,,N,,,2025/04/23,
3000000011079,1,Informação,00:00:52,Cli,,N,,,2025/04/23,
3000000011080,1,Caixa Postal,00:00:16,Cli,10000000258187,N,,,2025/04/23,
3000000011081,1,Caixa Postal,00:00:13,Cli,10000000258187,N,,,2025/04/23,
3000000011082,1,Caixa Postal,00:00:10,Cli,10000000258188,N,,,2025/04/23,
3000000011083,1,Caixa Postal,00:00:05,Cli,10000000258188,N,,,2025/04/23,
3000000011084,1,Caixa Postal,00:00:03,Cli,10000000258189,N,,,2025/04/23,
3000000011085,1,Caixa Postal,00:00:06,Cli,10000000258188,N,,,2025/04/23,
3000000011086,1,Informação,00:02:03,,,N,,,2025/04/23,
3000000011087,1,Caixa Postal,00:00:04,,,N,,,2025/04/23,
3000000011088,1,Caixa Postal,00:00:04,CLI,10000000258084,N,,,2025/04/23,
3000000011089,1,Ligação Muda,,Cliente,10000000258190,N,,,2025/04/23,
3000000011090,1,Caixa Postal,00:00:04,CLI,10000000258084,N,,,2025/04/23,
3000000011091,1,Responsavel ausente,00:00:07,Cliente,10000000258190,N,,,2025/04/23,
3000000011092,1,Informação,00:05:39,CLI,10000000258191,S,Sim,,2025/04/23,Email4194
3000000011093,1,Caixa Postal,00:00:05,cli,10000000258192,N,,,2025/04/23,
3000000011094,1,Caixa Postal,,,,N,,,2025/04/23,
3000000011095,1,Caixa Postal,00:00:01,,,N,,,2025/04/23,
3000000011096,1,Caixa Postal,00:00:04,CLI,,N,,,2025/04/23,
3000000011097,1,Caixa Postal,00:00:02,,,N,,,2025/04/23,
3000000011098,1,Chamada Não Atendida,00:00:01,,,N,,,2025/04/23,
3000000011099,1,Chamada Não Atendida,00:00:03,,,N,,,2025/04/23,
3000000011100,1,Chamada Não Atendida,00:00:20,,,N,,,2025/04/23,
3000000011101,1,Chamada Não Atendida,00:00:07,,,N,,,2025/04/23,
3000000011102,1,Chamada Não Atendida,,,,N,,,2025/04/23,
3000000011103,1,Caixa Postal,,,,N,,,2025/04/23,
3000000011104,1,Caixa Postal,00:00:03,,,N,,,2025/04/23,
3000000011105,1,Contato de Finalizacao do Protocolo,00:05:51,CLI,10000000258193,N,,,2025/04/23,
3000000011106,1,Caixa Postal,00:00:02,,,N,,,2025/04/23,
3000000011107,1,Caixa Postal,00:00:10,,,N,,,2025/04/23,
3000000011108,1,Caixa Postal,,CLI,10000000258194,N,,,2025/04/23,
3000000011109,1,Caixa Postal,00:00:04,,,N,,,2025/04/23,
3000000011110,1,Dados incorretos do cliente,00:00:46,,,N,,,2025/04/23,
3000000011111,1,Caixa Postal,,,,N,,,2025/04/23,
3000000011112,1,Caixa Postal,,,,N,,,2025/04/23,
3000000011113,1,Caixa Postal,00:00:04,,,N,,,2025/04/23,
3000000011114,1,Caixa Postal,00:00:08,,,N,,,2025/04/23,
3000000011115,1,Responsavel ausente,00:02:00,CLI,,N,,,2025/04/23,
3000000011116,1,Caixa Postal,00:00:09,CLI,,N,,,2025/04/23,
3000000011117,1,Caixa Postal,00:00:04,CLI,,N,,,2025/04/23,
3000000011118,1,Caixa Postal,00:00:13,,,N,,,2025/04/23,
3000000011119,1,Cliente Desligou,00:00:38,,,N,,,2025/04/23,
3000000011120,1,Contato de Finalizacao do Protocolo,00:00:54,,,N,,,2025/04/23,
3000000011121,1,URA Pesquisa NPS,00:01:19,Cliente,10000000258195,S,Sim,10.0,2025/04/23,Email8754
3000000011122,1,Caixa Postal,00:00:05,cli,10000000258196,N,,,2025/04/23,
3000000011123,1,Caixa Postal,00:00:01,cli,10000000258196,N,,,2025/04/23,
3000000011124,1,Caixa Postal,,,,N,,,2025/04/23,
3000000011125,1,Caixa Postal,,,,N,,,2025/04/23,
3000000011126,1,Caixa Postal,00:00:02,,,N,,,2025/04/23,
3000000011127,1,Caixa Postal,00:00:16,,,N,,,2025/04/23,
3000000011128,1,URA Pesquisa NPS,00:01:06,,10000000258197,S,,,2025/04/22,Email45
3000000011129,1,Caixa Postal,00:00:07,,,N,,,2025/04/22,
3000000011130,1,Caixa Postal,00:00:02,,,N,,,2025/04/22,
3000000011131,1,Caixa Postal,,,,N,,,2025/04/22,
3000000011132,1,URA Pesquisa NPS,00:01:55,CLI,10000000258198,S,Sim,10.0,2025/04/22,Email288
3000000011133,1,Caixa Postal,,,,N,,,2025/04/22,
3000000011134,1,Ocupado,,,,N,,,2025/04/22,
3000000011135,1,URA Pesquisa NPS,00:03:13,Cli,10000000258199,S,Sim,10.0,2025/04/22,Email19156
3000000011136,1,Caixa Postal,00:00:05,CLI,,N,,,2025/04/22,
3000000011137,1,Caixa Postal,00:00:10,CLI,,N,,,2025/04/22,
3000000011138,1,Caixa Postal,00:00:10,CLI,,N,,,2025/04/22,
3000000011139,1,Ligação Muda,00:00:13,,,N,,,2025/04/22,
3000000011140,1,Ligação Muda,00:00:13,,,N,,,2025/04/22,
3000000011141,1,Caixa Postal,00:00:03,,,N,,,2025/04/22,
3000000011142,1,Caixa Postal,00:00:12,,,N,,,2025/04/22,
3000000011143,1,Caixa Postal,,,,N,,,2025/04/22,
3000000011144,1,URA Pesquisa NPS,00:02:45,CLI,10000000258200,S,Sim,10.0,2025/04/22,Email11179
3000000011145,1,URA Pesquisa NPS,00:04:01,Cli,10000000258201,S,,,2025/04/22,Email48443
3000000011146,1,URA Pesquisa NPS,00:01:08,CLI,10000000258202,S,Sim,10.0,2025/04/22,Email45
3000000011147,1,Informação,,,,N,,,2025/04/22,
3000000011148,1,Ligação Muda,00:00:08,CLI ,,N,,,2025/04/22,
3000000011149,1,Informação,00:00:05,CLI ,,N,,,2025/04/22,
3000000011150,1,Caixa Postal,00:00:00,CLI ,,N,,,2025/04/22,
3000000011151,1,Caixa Postal,00:00:04,Cli,10000000258203,N,,,2025/04/22,
3000000011152,1,Informação,00:00:06,cli,,N,,,2025/04/22,
3000000011153,1,Informação,00:00:04,cli,,N,,,2025/04/22,
3000000011154,1,URA Pesquisa NPS,00:02:28,Cli,10000000258204,S,,,2025/04/22,Email19156
3000000011155,1,Caixa Postal,00:00:03,Cli,10000000258204,N,,,2025/04/22,
3000000011156,1,URA Pesquisa NPS,00:05:24,CLI,10000000258205,S,,,2025/04/22,Email4194
3000000011157,1,Caixa Postal,00:00:05,Cli,10000000258206,N,,,2025/04/22,
3000000011158,1,Caixa Postal,00:00:05,Cli,10000000258204,N,,,2025/04/22,
3000000011159,1,Caixa Postal,,,,N,,,2025/04/22,
3000000011160,1,Caixa Postal,,,,N,,,2025/04/22,
3000000011161,1,Caixa Postal,,,,N,,,2025/04/22,
3000000011162,1,Informação,,cli,,N,,,2025/04/22,
3000000011163,1,Caixa Postal,00:00:02,CLI,,N,,,2025/04/22,
3000000011164,1,Caixa Postal,,CLI,,N,,,2025/04/22,
3000000011165,1,Caixa Postal,00:00:00,CLI,,N,,,2025/04/22,
3000000011166,1,URA Pesquisa NPS,00:01:23,,10000000258207,S,Sim,10.0,2025/04/22,Email48442
3000000011167,1,Caixa Postal,00:00:02,,,N,,,2025/04/22,
3000000011168,1,Caixa Postal,00:00:02,,,N,,,2025/04/22,
3000000011169,1,Cliente Desligou,00:03:42,Cli,10000000258208,N,,,2025/04/22,
3000000011170,1,Caixa Postal,,,,N,,,2025/04/22,
3000000011171,1,Caixa Postal,,,,N,,,2025/04/22,
3000000011172,1,Caixa Postal,00:00:02,,,N,,,2025/04/22,
3000000011173,1,Caixa Postal,,CLI,10000000258209,N,,,2025/04/22,
3000000011174,1,URA Pesquisa NPS,00:04:26,CLI,10000000258209,S,Sim,9.0,2025/04/22,Email19156
3000000011175,1,Ligação Muda,00:00:21,,,N,,,2025/04/22,
3000000011176,1,Caixa Postal,,CLI,,N,,,2025/04/22,
3000000011177,1,Caixa Postal,00:00:16,Cli,10000000258210,N,,,2025/04/22,
3000000011178,1,Caixa Postal,,,,N,,,2025/04/22,
3000000011179,1,Caixa Postal,00:00:19,Cli,10000000258210,N,,,2025/04/22,
3000000011180,1,Chamada Não Atendida,00:00:02,CLI ,10000000258211,N,,,2025/04/22,
3000000011181,1,Caixa Postal,00:00:11,CLI,,N,,,2025/04/22,
3000000011182,1,URA Pesquisa NPS,00:01:08,4006197,10000000258212,S,Sim,10.0,2025/04/22,Email288
3000000011183,1,URA Pesquisa NPS,00:03:44,4005731,10000000258212,S,Sim,10.0,2025/04/22,Email288
3000000011184,1,Chamada Não Atendida,,CLI ,10000000258213,N,,,2025/04/22,
3000000011185,1,Chamada Não Atendida,,CLI ,10000000258213,N,,,2025/04/22,
3000000011186,1,Chamada Não Atendida,,CLI ,10000000258214,N,,,2025/04/22,
3000000011187,1,Não Atende,00:00:23,CLI,,N,,,2025/04/22,
3000000011188,1,Ligação Muda,00:00:42,CLI,,N,,,2025/04/22,
3000000011189,1,Contato de Finalizacao do Protocolo,00:02:13,CLI,,N,,,2025/04/22,
3000000011190,1,Caixa Postal,00:00:10,CLI,,N,,,2025/04/22,
3000000011191,1,Caixa Postal,00:00:09,CLI,,N,,,2025/04/22,
3000000011192,1,Caixa Postal,00:00:01,CLI,,N,,,2025/04/22,
3000000011193,1,Caixa Postal,00:00:10,CLI,,N,,,2025/04/22,
3000000011194,1,Caixa Postal,,CLI,,N,,,2025/04/22,
3000000011195,1,Caixa Postal,00:00:03,CLI ,10000000258215,N,,,2025/04/22,
3000000011196,1,Caixa Postal,00:00:04,CLI ,10000000258215,N,,,2025/04/22,
3000000011197,1,Informação,00:04:49,,,N,,,2025/04/22,
3000000011198,1,Caixa Postal,00:00:05,Cli,10000000258216,N,,,2025/04/22,
3000000011199,1,Caixa Postal,00:00:00,Cli,10000000258199,N,,,2025/04/22,
3000000011200,1,Agent Error,,,,N,,,2025/04/22,
3000000011201,1,Chamada Não Atendida,,CLI ,10000000258213,N,,,2025/04/22,
3000000011202,1,URA Pesquisa NPS,00:06:26,,,S,Sim,10.0,2025/04/22,Email45
3000000011203,1,Chamada Não Atendida,,Cli,10000000258217,N,,,2025/04/22,
3000000011204,1,Chamada Não Atendida,,Cli,10000000258217,N,,,2025/04/22,
3000000011205,1,URA Pesquisa NPS,00:05:05,Cli,10000000258218,S,Sim,4.0,2025/04/22,Email1615
3000000011206,1,Caixa Postal,,Cli,,N,,,2025/04/22,
3000000011207,1,Caixa Postal,00:00:07,,,N,,,2025/04/22,
3000000011208,1,Caixa Postal,,,,N,,,2025/04/22,
3000000011209,1,URA Pesquisa NPS,00:05:30,CLI ,10000000258215,S,Sim,,2025/04/22,Email372
3000000011210,1,Caixa Postal,,,,N,,,2025/04/22,
3000000011211,1,Caixa Postal,,,,N,,,2025/04/22,
3000000011212,1,Caixa Postal,00:00:05,,,N,,,2025/04/22,
3000000011213,1,Caixa Postal,00:00:04,,,N,,,2025/04/22,
3000000011214,1,Caixa Postal,,,,N,,,2025/04/22,
3000000011215,1,Caixa Postal,00:00:06,Cli,10000000258210,N,,,2025/04/22,
3000000011216,1,Caixa Postal,,Cli,10000000258210,N,,,2025/04/22,
3000000011217,1,Caixa Postal,,Cli,10000000258219,N,,,2025/04/22,
3000000011218,1,Caixa Postal,,Cli,10000000258219,N,,,2025/04/22,
3000000011219,1,Caixa Postal,00:00:10,CLI,,N,,,2025/04/22,
3000000011220,1,Informação,00:00:59,Cli,10000000258169,N,,,2025/04/22,
3000000011221,1,Caixa Postal,,,,N,,,2025/04/22,
3000000011222,1,Caixa Postal,,,,N,,,2025/04/22,
3000000011223,1,Caixa Postal,,,,N,,,2025/04/22,
3000000011224,1,URA Pesquisa NPS,00:02:19,Cli,,S,Sim,0.0,2025/04/22,Email585
3000000011225,1,Caixa Postal,,Cli,,N,,,2025/04/22,
3000000011226,1,Caixa Postal,00:00:43,CLI,,N,,,2025/04/22,
3000000011227,1,URA Pesquisa NPS,00:00:03,Cli,,S,,,2025/04/22,Email585
3000000011228,1,Informação,00:00:03,,,N,,,2025/04/22,
3000000011229,1,Informação,00:00:24,,,N,,,2025/04/22,
3000000011230,1,Caixa Postal,00:00:10,Cli,10000000258220,N,,,2025/04/22,
3000000011231,1,Caixa Postal,,CLI,10000000258221,N,,,2025/04/22,
3000000011232,1,Caixa Postal,00:00:02,,,N,,,2025/04/22,
3000000011233,1,Caixa Postal,00:00:06,,,N,,,2025/04/22,
3000000011234,1,Não Atende,00:00:07,,10000000258222,N,,,2025/04/22,
3000000011235,1,URA Pesquisa NPS,00:02:10,,,S,Sim,10.0,2025/04/22,Email45
3000000011236,1,URA Pesquisa NPS,00:01:39,Cli,10000000258223,S,Sim,8.0,2025/04/22,Email1615
3000000011237,1,Caixa Postal,00:00:06,Cli,10000000258224,N,,,2025/04/22,
3000000011238,1,Caixa Postal,,,,N,,,2025/04/22,
3000000011239,1,Caixa Postal,,,,N,,,2025/04/22,
3000000011240,1,Caixa Postal,00:00:02,,,N,,,2025/04/22,
3000000011241,1,Caixa Postal,,,,N,,,2025/04/22,
3000000011242,1,Caixa Postal,00:00:03,CLI ,10000000258225,N,,,2025/04/22,
3000000011243,1,Caixa Postal,00:00:04,CLI ,10000000258169,N,,,2025/04/22,
3000000011244,1,Caixa Postal,00:00:06,CLI ,10000000258169,N,,,2025/04/22,
3000000011245,1,Caixa Postal,00:00:03,,,N,,,2025/04/22,
3000000011246,1,Caixa Postal,00:00:06,,,N,,,2025/04/22,
3000000011247,1,Caixa Postal,,,,N,,,2025/04/22,
3000000011248,1,Caixa Postal,,,,N,,,2025/04/22,
3000000011249,1,Caixa Postal,,,,N,,,2025/04/22,
3000000011250,1,Informação,,,,N,,,2025/04/22,
3000000011251,1,Caixa Postal,00:00:03,CLI,10000000258226,N,,,2025/04/22,
3000000011252,1,Caixa Postal,,,,N,,,2025/04/22,
3000000011253,1,Caixa Postal,,,,N,,,2025/04/22,
3000000011254,1,Caixa Postal,,,,N,,,2025/04/22,
3000000011255,1,Caixa Postal,,Cli,,N,,,2025/04/22,
3000000011256,1,Caixa Postal,,Cli,,N,,,2025/04/22,
3000000011257,1,Caixa Postal,,CLI,10000000258227,N,,,2025/04/22,
3000000011258,1,Caixa Postal,00:00:07,Cli,10000000258228,N,,,2025/04/22,
3000000011259,1,Não Atende,,CLI ,,N,,,2025/04/17,
3000000011260,1,Não Atende,,CLI,10000000258229,N,,,2025/04/17,
3000000011261,1,Chamada Não Atendida,00:00:06,,,N,,,2025/04/17,
3000000011262,1,Cliente Desligou,00:00:07,,,N,,,2025/04/17,
3000000011263,1,URA Pesquisa NPS,00:01:02,CLI,,S,Sim,10.0,2025/04/17,Email48444
3000000011264,1,Não Atende,00:00:02,Cliente,10000000258230,N,,,2025/04/17,
3000000011265,1,Ocupado,,CLI ,,N,,,2025/04/17,
3000000011266,1,Chamada Não Atendida,00:00:02,CLI ,10000000258231,N,,,2025/04/17,
3000000011267,1,Chamada Não Atendida,00:00:02,CLI ,10000000258231,N,,,2025/04/17,
3000000011268,1,Não Atende,,CLI,10000000258229,N,,,2025/04/17,
3000000011269,1,URA Pesquisa NPS,00:02:38,CLI ,10000000258232,S,Sim,10.0,2025/04/17,Email372
3000000011270,1,URA Pesquisa NPS,00:10:40,CLI,10000000258233,S,Sim,10.0,2025/04/17,Email11179
3000000011271,1,Caixa Postal,00:00:26,Cli,10000000258234,N,,,2025/04/17,
3000000011272,1,Caixa Postal,00:00:08,Cli,10000000258234,N,,,2025/04/17,
3000000011273,1,Não Atende,00:00:03,Cliente,10000000258235,N,,,2025/04/17,
3000000011274,1,Caixa Postal,00:00:04,cli,10000000258236,N,,,2025/04/17,
3000000011275,1,Caixa Postal,00:00:06,cli,,N,,,2025/04/17,
3000000011276,1,Caixa Postal,,,,N,,,2025/04/17,
3000000011277,1,Caixa Postal,00:00:00,,,N,,,2025/04/17,
3000000011278,1,Chamada Não Atendida,,Cli,10000000258237,N,,,2025/04/17,
3000000011279,1,Chamada Não Atendida,,Cli,10000000258237,N,,,2025/04/17,
3000000011280,1,Agent Error,00:09:55,,,N,,,2025/04/17,
3000000011281,1,URA Pesquisa NPS,00:01:59,CLI,10000000258233,S,,,2025/04/17,Email45
3000000011282,1,URA Pesquisa NPS,00:07:46,Cli,10000000258238,S,,,2025/04/17,Email19156
3000000011283,1,Informação,00:03:23,,,N,,,2025/04/17,
3000000011284,1,Informação,00:13:51,CLI,10000000258239,N,,,2025/04/17,
3000000011285,1,URA Pesquisa NPS,00:13:09,,,S,,,2025/04/17,Email48438
3000000011286,1,Chamada Não Atendida,,Cli,10000000258237,N,,,2025/04/17,
3000000011287,1,Chamada Não Atendida,,Cli,10000000258237,N,,,2025/04/17,
3000000011288,1,Não Atende,00:00:01,CLI,10000000258240,N,,,2025/04/17,
3000000011289,1,Caixa Postal,,,,N,,,2025/04/17,
3000000011290,1,Sent To Voicemail,00:11:53,CLI,10000000258239,S,Sim,10.0,2025/04/17,Email11179
3000000011291,1,Caixa Postal,,Cli,10000000258241,N,,,2025/04/17,
3000000011292,1,Caixa Postal,00:00:09,CLI,10000000258240,N,,,2025/04/17,
3000000011293,1,URA Pesquisa NPS,00:01:57,Cli,10000000258237,S,Sim,10.0,2025/04/17,Email1768
3000000011294,1,Ligação Muda,,CLI,10000000258242,N,,,2025/04/17,
3000000011295,1,URA Pesquisa NPS,00:05:11,CLI,10000000258242,S,Sim,10.0,2025/04/17,Email11179
3000000011296,1,Ligação Muda,00:00:09,Cli,,N,,,2025/04/17,
3000000011297,1,Contato de Finalizacao do Protocolo,00:00:47,Cli,,N,,,2025/04/17,
3000000011298,1,Contato de Finalizacao do Protocolo,00:01:35,Cli,,N,,,2025/04/17,
3000000011299,1,Caixa Postal,,,,N,,,2025/04/17,
3000000011300,1,URA Pesquisa NPS,00:02:14,,,S,Sim,,2025/04/17,Email48444
3000000011301,1,Contato de Finalizacao do Protocolo,00:00:37,Cli,,N,,,2025/04/17,
3000000011302,1,Caixa Postal,,,,N,,,2025/04/17,
3000000011303,1,Ligação Muda,00:00:34,Cli,,N,,,2025/04/17,
3000000011304,1,Caixa Postal,00:00:03,Cli,,N,,,2025/04/17,
3000000011305,1,Caixa Postal,00:00:08,Cli,10000000258243,N,,,2025/04/17,
3000000011306,1,Ligação Muda,,,10000000258129,N,,,2025/04/17,
3000000011307,1,Não Atende,00:00:06,,,N,,,2025/04/17,
3000000011308,1,Caixa Postal,,,,N,,,2025/04/17,
3000000011309,1,Caixa Postal,,,,N,,,2025/04/17,
3000000011310,1,Cliente Desligou,00:00:08,,,N,,,2025/04/17,
3000000011311,1,Informação,00:03:42,,,N,,,2025/04/17,
3000000011312,1,URA Pesquisa NPS,00:00:39,,,S,Sim,10.0,2025/04/17,Email5556
3000000011313,1,Informação,00:03:12,,,N,,,2025/04/17,
3000000011314,1,Caixa Postal,,,,N,,,2025/04/17,
3000000011315,1,Informação,00:03:55,CLI,,N,,,2025/04/17,
3000000011316,1,Chamada Não Atendida,00:00:04,CLI,10000000258244,N,,,2025/04/17,
3000000011317,1,Chamada Não Atendida,,CLI,,N,,,2025/04/17,
3000000011318,1,Caixa Postal,00:00:04,,10000000258129,N,,,2025/04/17,
3000000011319,1,URA Pesquisa NPS,00:00:34,CLI,10000000258239,S,Sim,10.0,2025/04/17,Email364
3000000011320,1,Caixa Postal,,,,N,,,2025/04/17,
3000000011321,1,Informação,00:00:10,,,N,,,2025/04/17,
3000000011322,1,URA Pesquisa NPS,00:02:32,Cli,10000000258245,S,Sim,10.0,2025/04/17,Email19156
3000000011323,1,Informação,,,,N,,,2025/04/17,
3000000011324,1,Informação,,,,N,,,2025/04/17,
3000000011325,1,Informação,,Cli,,N,,,2025/04/17,
3000000011326,1,Caixa Postal,,Cli,,N,,,2025/04/17,
3000000011327,1,Caixa Postal,,,,N,,,2025/04/17,
3000000011328,1,Caixa Postal,,,,N,,,2025/04/17,
3000000011329,1,URA Pesquisa NPS,00:02:41,CLI,10000000258246,S,Sim,10.0,2025/04/17,Email11179
3000000011330,1,URA Pesquisa NPS,00:02:04,Cli,10000000258247,S,,,2025/04/17,Email5371
3000000011331,1,Cliente Desligou,00:00:20,Cli,,N,,,2025/04/17,
3000000011332,1,Informação,,,,N,,,2025/04/17,
3000000011333,1,Informação,00:00:04,,,N,,,2025/04/17,
3000000011334,1,Contato de Finalizacao do Protocolo,00:00:06,,,N,,,2025/04/17,
3000000011335,1,URA Pesquisa NPS,00:01:19,CLI,10000000258248,S,Sim,10.0,2025/04/17,Email48438
3000000011336,1,URA Pesquisa NPS,00:05:33,cli,10000000258249,S,,,2025/04/17,Email48438
3000000011337,1,Não Atende,,CLI ,10000000258250,N,,,2025/04/16,
3000000011338,1,Caixa Postal,00:00:04,CLI,,N,,,2025/04/16,
3000000011339,1,Cliente Desligou,00:00:01,CLI,10000000258251,N,,,2025/04/16,
3000000011340,1,Cliente Desligou,00:00:00,CLI,10000000258251,N,,,2025/04/16,
3000000011341,1,Informação,00:00:02,CLI,,N,,,2025/04/16,
3000000011342,1,Informação,00:00:02,CLI,,N,,,2025/04/16,
3000000011343,1,Informação,,,,N,,,2025/04/16,
3000000011344,1,URA Pesquisa NPS,00:02:46,,,S,Sim,10.0,2025/04/16,Email5556
3000000011345,1,Cliente Desligou,,CLI,,N,,,2025/04/16,
3000000011346,1,Cliente Desligou,,CLI,10000000258252,N,,,2025/04/16,
3000000011347,1,URA Pesquisa NPS,00:00:56,,10000000258253,S,Sim,2.0,2025/04/16,Email48442
3000000011348,1,Caixa Postal,00:00:14,cli,10000000258254,N,,,2025/04/16,
3000000011349,1,Caixa Postal,00:00:10,cli,10000000258254,N,,,2025/04/16,
3000000011350,1,Chamada Não Atendida,00:00:15,cli,,N,,,2025/04/16,
3000000011351,1,Cliente solicita novo contato,00:00:32,cli,,N,,,2025/04/16,
3000000011352,1,Informação,,,,N,,,2025/04/16,
3000000011353,1,Informação,00:00:06,,,N,,,2025/04/16,
3000000011354,1,Caixa Postal,00:00:03,Cliente,10000000258255,N,,,2025/04/16,
3000000011355,1,Caixa Postal,00:00:01,Cliente,10000000258255,N,,,2025/04/16,
3000000011356,1,Caixa Postal,00:00:03,cli,,N,,,2025/04/16,
3000000011357,1,Caixa Postal,,cli,,N,,,2025/04/16,
3000000011358,1,Caixa Postal,,,,N,,,2025/04/16,
3000000011359,1,Informação,00:00:05,cli,,N,,,2025/04/16,
3000000011360,1,Caixa Postal,,Cli,,N,,,2025/04/16,
3000000011361,1,Chamada Não Atendida,00:00:18,cli,,N,,,2025/04/16,
3000000011362,1,Informação,00:00:02,Cli,,N,,,2025/04/16,
3000000011363,1,URA Pesquisa NPS,00:02:20,Cli,,S,Sim,10.0,2025/04/16,Email5556
3000000011364,1,Não Atende,,,10000000258256,N,,,2025/04/16,
3000000011365,1,Informação,00:00:06,,,N,,,2025/04/16,
3000000011366,1,Informação,00:00:04,,,N,,,2025/04/16,
3000000011367,1,Atendimento exclusivo por email,00:00:04,CLI ,10000000258257,N,,,2025/04/16,
3000000011368,1,Caixa Postal,,,,N,,,2025/04/16,
3000000011369,1,Caixa Postal,,,,N,,,2025/04/16,
3000000011370,1,Cliente Desligou,00:00:05,,,N,,,2025/04/16,
3000000011371,1,Caixa Postal,,,,N,,,2025/04/16,
3000000011372,1,Caixa Postal,00:00:17,,,N,,,2025/04/16,
3000000011373,1,Caixa Postal,00:00:02,Cliente,10000000258255,N,,,2025/04/16,
3000000011374,1,Caixa Postal,00:00:04,Cliente,10000000258255,N,,,2025/04/16,
3000000011375,1,URA Pesquisa NPS,00:01:37,CLI,10000000258258,S,,,2025/04/16,Email296
3000000011376,1,Caixa Postal,00:00:06,CLI ,10000000258257,N,,,2025/04/16,
3000000011377,1,Chamada Não Atendida,00:00:01,CLI,10000000258259,N,,,2025/04/16,
3000000011378,1,URA Pesquisa NPS,00:00:39,CLI,10000000258259,S,Sim,10.0,2025/04/16,Email296
3000000011379,1,URA Pesquisa NPS,00:01:32,,10000000258260,S,Sim,,2025/04/16,Email48442
3000000011380,1,Ligação Muda,,,10000000258261,N,,,2025/04/16,
3000000011381,1,Informação,00:03:11,cli,10000000258236,N,,,2025/04/16,
3000000011382,1,Informação,00:00:01,CLI,,N,,,2025/04/16,
3000000011383,1,Não Atende,,,,N,,,2025/04/16,
3000000011384,1,Responsavel ausente,00:00:28,CLI,10000000258262,N,,,2025/04/16,
3000000011385,1,Não Atende,,,,N,,,2025/04/16,
3000000011386,1,Chamada Não Atendida,,,,N,,,2025/04/16,
3000000011387,1,Chamada Não Atendida,,,,N,,,2025/04/16,
3000000011388,1,Cliente Desligou,00:00:08,,,N,,,2025/04/16,
3000000011389,1,URA Pesquisa NPS,00:01:30,,,S,,,2025/04/16,Email48444
3000000011390,1,URA Pesquisa NPS,00:01:57,CLI,10000000258263,S,Sim,10.0,2025/04/16,Email4355
3000000011391,1,Não Atende,,Cliente,10000000258264,N,,,2025/04/16,
3000000011392,1,Caixa Postal,00:00:05,CLI,10000000258265,N,,,2025/04/16,
3000000011393,1,Contato de Finalizacao do Protocolo,00:00:53,cli,,N,,,2025/04/16,
3000000011394,1,Caixa Postal,00:00:16,cli,,N,,,2025/04/16,
3000000011395,1,Informação,,CLI,,N,,,2025/04/16,
3000000011396,1,Chamada Não Atendida,00:00:07,,,N,,,2025/04/16,
3000000011397,1,Chamada Não Atendida,00:00:04,,,N,,,2025/04/16,
3000000011398,1,URA Pesquisa NPS,00:02:14,,,S,Sim,10.0,2025/04/16,Email5556
3000000011399,1,Caixa Postal,00:01:42,Cli,,N,,,2025/04/16,
3000000011400,1,Caixa Postal,00:00:37,Cli,,N,,,2025/04/16,
3000000011401,1,Caixa Postal,00:00:05,,,N,,,2025/04/16,
3000000011402,1,Caixa Postal,00:00:04,,,N,,,2025/04/16,
3000000011403,1,URA Pesquisa NPS,00:01:01,,,S,,,2025/04/16,Email48444
3000000011404,1,Informação,00:00:09,CLI,,N,,,2025/04/16,
3000000011405,1,URA Pesquisa NPS,00:01:57,CLI,10000000258266,S,Sim,10.0,2025/04/16,Email288
3000000011406,1,Chamada Não Atendida,00:00:04,Cliente,,N,,,2025/04/16,
3000000011407,1,Chamada Não Atendida,00:00:03,Cliente,,N,,,2025/04/16,
3000000011408,1,Chamada Não Atendida,,,,N,,,2025/04/16,
3000000011409,1,Caixa Postal,00:00:04,CLI,10000000258267,N,,,2025/04/16,
3000000011410,1,Informação,00:04:33,CLI,10000000258239,N,,,2025/04/16,
3000000011411,1,Informação,,,,N,,,2025/04/16,
3000000011412,1,URA Pesquisa NPS,00:01:04,,,S,Sim,10.0,2025/04/16,Email48444
3000000011413,1,Informação,00:00:05,,,N,,,2025/04/16,
3000000011414,1,Caixa Postal,,cli,10000000258268,N,,,2025/04/16,
3000000011415,1,Caixa Postal,,CLI,10000000258269,N,,,2025/04/16,
3000000011416,1,Caixa Postal,00:00:08,,,N,,,2025/04/16,
3000000011417,1,Chamada Não Atendida,,CLI ,10000000258270,N,,,2025/04/16,
3000000011418,1,Caixa Postal,,,,N,,,2025/04/16,
3000000011419,1,Cliente Desligou,00:16:29,CLI ,10000000258270,N,,,2025/04/16,
3000000011420,1,Caixa Postal,00:00:03,Cliente,10000000258271,N,,,2025/04/16,
3000000011421,1,Caixa Postal,00:00:01,Cliente,10000000258271,N,,,2025/04/16,
3000000011422,1,Caixa Postal,00:00:01,CLI,10000000258272,N,,,2025/04/16,
3000000011423,1,Chamada Não Atendida,,CLI ,10000000258270,N,,,2025/04/16,
3000000011424,1,URA Pesquisa NPS,00:02:56,CLI ,10000000258270,S,Sim,10.0,2025/04/16,Email372
3000000011425,1,Caixa Postal,00:00:04,,,N,,,2025/04/16,
3000000011426,1,Caixa Postal,00:00:01,,,N,,,2025/04/16,
3000000011427,1,Chamada Não Atendida,00:00:04,,,N,,,2025/04/16,
3000000011428,1,Chamada Não Atendida,,,,N,,,2025/04/16,
3000000011429,1,Chamada Não Atendida,,,,N,,,2025/04/16,
3000000011430,1,Ocupado,,,,N,,,2025/04/16,
3000000011431,1,Informação,00:02:15,,,N,,,2025/04/16,
3000000011432,1,Cliente Desligou,00:01:16,,,N,,,2025/04/16,
3000000011433,1,Cliente Desligou,00:00:03,,,N,,,2025/04/16,
3000000011434,1,Dados incorretos do cliente,,cli,,N,,,2025/04/16,
3000000011435,1,Caixa Postal,00:00:13,cli,,N,,,2025/04/16,
3000000011436,1,URA Pesquisa NPS,00:02:10,CLI,,S,Sim,10.0,2025/04/16,Email48444
3000000011437,1,Caixa Postal,,,,N,,,2025/04/16,
3000000011438,1,Caixa Postal,,,,N,,,2025/04/16,
3000000011439,1,Caixa Postal,,,,N,,,2025/04/16,
3000000011440,1,Informação,00:00:09,CLI,,N,,,2025/04/16,
3000000011441,1,Caixa Postal,00:00:03,Cliente,10000000258271,N,,,2025/04/16,
3000000011442,1,Caixa Postal,00:00:03,Cliente,10000000258271,N,,,2025/04/16,
3000000011443,1,Caixa Postal,,CLI,10000000258273,N,,,2025/04/16,
3000000011444,1,URA Pesquisa NPS,00:05:47,CLI,10000000258273,S,Sim,10.0,2025/04/16,Email364
3000000011445,1,Chamada Não Atendida,00:00:04,CLI,10000000258274,N,,,2025/04/16,
3000000011446,1,Chamada Não Atendida,00:00:07,CLI,10000000258274,N,,,2025/04/16,
3000000011447,1,Chamada Não Atendida,00:00:02,CLI ,10000000258275,N,,,2025/04/16,
3000000011448,1,Chamada Não Atendida,,CLI ,10000000258275,N,,,2025/04/16,
3000000011449,1,Caixa Postal,,,,N,,,2025/04/16,
3000000011450,1,Caixa Postal,,,,N,,,2025/04/16,
3000000011451,1,URA Pesquisa NPS,00:01:05,CLI ,10000000258270,S,,,2025/04/16,Email372
3000000011452,1,URA Pesquisa NPS,00:02:32,CLI ,10000000258169,S,Sim,10.0,2025/04/16,Email372
3000000011453,1,URA Pesquisa NPS,00:08:47,Cli,10000000258276,S,Sim,10.0,2025/04/16,Email11179
3000000011454,1,URA Pesquisa NPS,00:02:25,Cli,10000000258277,S,Sim,10.0,2025/04/16,Email5371
3000000011455,1,Caixa Postal,,CLI ,,N,,,2025/04/16,
3000000011456,1,URA Pesquisa NPS,00:03:41,CLI,10000000258278,S,Sim,10.0,2025/04/16,Email4355
3000000011457,1,Caixa Postal,00:00:05,,10000000258279,N,,,2025/04/15,
3000000011458,1,URA Pesquisa NPS,00:03:07,Cli,10000000258280,S,Sim,10.0,2025/04/15,Email11179
3000000011459,1,Chamada Não Atendida,,,,N,,,2025/04/15,
3000000011460,1,Chamada Não Atendida,,,,N,,,2025/04/15,
3000000011461,1,Caixa Postal,,CLI,10000000258281,N,,,2025/04/15,
3000000011462,1,Caixa Postal,00:00:12,cli,10000000258282,N,,,2025/04/15,
3000000011463,1,Caixa Postal,,,,N,,,2025/04/15,
3000000011464,1,Dados incorretos do cliente,00:00:40,,,N,,,2025/04/15,
3000000011465,1,Caixa Postal,00:00:06,Cli,,N,,,2025/04/15,
3000000011466,1,Contato de Finalizacao do Protocolo,00:03:51,CLI,10000000258283,N,,,2025/04/15,
3000000011467,1,Chamada Não Atendida,00:00:04,CLI,10000000258284,N,,,2025/04/15,
3000000011468,1,Chamada Não Atendida,,CLI,10000000258284,N,,,2025/04/15,
3000000011469,1,Caixa Postal,00:00:04,,,N,,,2025/04/15,
3000000011470,1,Caixa Postal,00:00:09,,,N,,,2025/04/15,
3000000011471,1,Cliente Desligou,00:01:25,,,N,,,2025/04/15,
3000000011472,1,Caixa Postal,,,,N,,,2025/04/15,
3000000011473,1,Contato de Finalizacao do Protocolo,00:03:01,cli,10000000258285,N,,,2025/04/15,
3000000011474,1,Informação,,,,N,,,2025/04/15,
3000000011475,1,Informação,,,,N,,,2025/04/15,
3000000011476,1,Caixa Postal,00:00:07,,,N,,,2025/04/15,
3000000011477,1,Caixa Postal,,cli,,N,,,2025/04/15,
3000000011478,1,URA Pesquisa NPS,00:02:05,CLI,10000000258286,S,Sim,8.0,2025/04/15,Email48438
3000000011479,1,Caixa Postal,00:00:05,,10000000258287,N,,,2025/04/15,
3000000011480,1,Contato de Finalizacao do Protocolo,00:01:58,,,N,,,2025/04/15,
3000000011481,1,Cliente Desligou,00:00:00,CLI,10000000258288,N,,,2025/04/15,
3000000011482,1,Responsavel ausente,00:00:30,Cli,10000000258289,N,,,2025/04/15,
3000000011483,1,Chamada Não Atendida,00:01:06,Cli,,N,,,2025/04/15,
3000000011484,1,Caixa Postal,00:00:07,Cli,10000000258290,N,,,2025/04/15,
3000000011485,1,Caixa Postal,00:00:04,Cli,10000000258290,N,,,2025/04/15,
3000000011486,1,URA Pesquisa NPS,00:01:24,CLI,10000000258291,S,,,2025/04/15,Email296
3000000011487,1,Cliente Desligou,00:00:01,CLI,,N,,,2025/04/15,
3000000011488,1,Caixa Postal,00:00:02,,,N,,,2025/04/15,
3000000011489,1,URA Pesquisa NPS,00:02:07,cli,10000000258292,S,,,2025/04/15,Email48438
3000000011490,1,Informação,00:00:05,,,N,,,2025/04/15,
3000000011491,1,Contato de Finalizacao do Protocolo,00:01:19,,,S,,,2025/04/15,Email48444
3000000011492,1,Caixa Postal,00:00:04,,,N,,,2025/04/15,
3000000011493,1,Caixa Postal,,,,N,,,2025/04/15,
3000000011494,1,URA Pesquisa NPS,00:02:05,cli,10000000258293,S,Sim,10.0,2025/04/15,Email4355
3000000011495,1,Ligação Muda,00:00:52,cli ,10000000258294,N,,,2025/04/15,
3000000011496,1,Contato de Finalizacao do Protocolo,00:02:02,cli ,10000000258294,N,,,2025/04/15,
3000000011497,1,Chamada Não Atendida,00:00:08,CLI,10000000258295,N,,,2025/04/15,
3000000011498,1,Chamada Não Atendida,00:00:01,CLI,10000000258295,N,,,2025/04/15,
3000000011499,1,Ocupado,,CLI,,N,,,2025/04/15,
3000000011500,1,Caixa Postal,,CLI,,N,,,2025/04/15,
3000000011501,1,URA Pesquisa NPS,00:01:28,CLI,10000000258296,S,Sim,10.0,2025/04/15,Email296
3000000011502,1,Informação,,cli,10000000258297,N,,,2025/04/15,
3000000011503,1,Caixa Postal,00:00:01,cli,10000000258297,N,,,2025/04/15,
3000000011504,1,Caixa Postal,,cli,10000000258297,N,,,2025/04/15,
3000000011505,1,Não Atende,,CLI,10000000258298,N,,,2025/04/15,
3000000011506,1,Informação,00:00:31,cli,,N,,,2025/04/15,
3000000011507,1,URA Pesquisa NPS,00:03:29,Cli,10000000258299,S,,,2025/04/15,Email19156
3000000011508,1,Informação,00:00:04,cli,,N,,,2025/04/15,
3000000011509,1,Informação,00:00:12,cli,,N,,,2025/04/15,
3000000011510,1,URA Pesquisa NPS,00:01:19,cli,10000000258300,S,Sim,10.0,2025/04/15,Email288
3000000011511,1,URA Pesquisa NPS,00:02:04,Cli,,S,Sim,10.0,2025/04/15,Email5556
3000000011512,1,Caixa Postal,00:00:05,Cli,10000000258301,N,,,2025/04/15,
3000000011513,1,Caixa Postal,00:00:11,CLI,10000000258302,N,,,2025/04/15,
3000000011514,1,Caixa Postal,,CLI,10000000258303,N,,,2025/04/15,
3000000011515,1,URA Pesquisa NPS,00:01:04,CLI,10000000258304,S,Sim,7.0,2025/04/15,Email11179
3000000011516,1,Informação,00:01:23,CLI,10000000258303,N,,,2025/04/15,
3000000011517,1,Não Atende,,CLI,10000000258305,N,,,2025/04/15,
3000000011518,1,URA Pesquisa NPS,00:02:43,CLI,10000000258305,S,Sim,10.0,2025/04/15,Email11179
3000000011519,1,Contato de Finalizacao do Protocolo,00:01:14,,,N,,,2025/04/15,
3000000011520,1,Caixa Postal,00:00:06,,,N,,,2025/04/15,
3000000011521,1,URA Pesquisa NPS,00:03:51,cli,10000000258306,S,,,2025/04/15,Email48438
3000000011522,1,Caixa Postal,00:00:10,CLI,10000000258307,N,,,2025/04/15,
3000000011523,1,Caixa Postal,00:00:06,,,N,,,2025/04/15,
3000000011524,1,Caixa Postal,00:00:10,CLI,,N,,,2025/04/15,
3000000011525,1,Caixa Postal,00:00:06,CLI,,N,,,2025/04/15,
3000000011526,1,Caixa Postal,00:01:50,CLI,10000000258308,N,,,2025/04/15,
3000000011527,1,Informação,,,,N,,,2025/04/15,
3000000011528,1,Caixa Postal,,Cliente,10000000258145,N,,,2025/04/15,
3000000011529,1,Caixa Postal,,CLI,10000000258146,N,,,2025/04/15,
3000000011530,1,Caixa Postal,,,,N,,,2025/04/15,
3000000011531,1,Contato de Finalizacao do Protocolo,00:02:16,,,N,,,2025/04/15,
3000000011532,1,Informação,,Cli,,N,,,2025/04/15,
3000000011533,1,Caixa Postal,00:00:03,CLI,10000000258309,N,,,2025/04/15,
3000000011534,1,Contato de Finalizacao do Protocolo,00:02:58,,,N,,,2025/04/15,
3000000011535,1,Caixa Postal,,cli ,,N,,,2025/04/15,
3000000011536,1,Caixa Postal,00:00:04,,,N,,,2025/04/15,
3000000011537,1,Caixa Postal,00:00:01,,,N,,,2025/04/15,
3000000011538,1,Caixa Postal,00:00:11,,,N,,,2025/04/15,
3000000011539,1,Caixa Postal,00:00:05,,,N,,,2025/04/15,
3000000011540,1,Caixa Postal,00:00:03,,,N,,,2025/04/15,
3000000011541,1,Caixa Postal,00:00:08,cli,10000000258310,N,,,2025/04/15,
3000000011542,1,Caixa Postal,,cli,10000000258310,N,,,2025/04/15,
3000000011543,1,Informação,,,,N,,,2025/04/15,
3000000011544,1,Não Atende,,,10000000258311,N,,,2025/04/15,
3000000011545,1,Informação,00:01:15,,,N,,,2025/04/15,
3000000011546,1,Informação,00:00:00,,,N,,,2025/04/15,
3000000011547,1,Informação,00:00:02,,,N,,,2025/04/15,
3000000011548,1,Caixa Postal,00:00:03,,,N,,,2025/04/15,
3000000011549,1,Caixa Postal,00:00:04,,,N,,,2025/04/15,
3000000011550,1,Chamada Não Atendida,00:00:05,cli ,,N,,,2025/04/15,
3000000011551,1,Caixa Postal,,,,N,,,2025/04/15,
3000000011552,1,Caixa Postal,00:00:10,Cli,10000000258312,N,,,2025/04/15,
3000000011553,1,Caixa Postal,00:00:09,Cli,10000000258312,N,,,2025/04/15,
3000000011554,1,Caixa Postal,00:00:08,Cli,10000000258312,N,,,2025/04/15,
3000000011555,1,Informação,,CLI,10000000258313,N,,,2025/04/15,
3000000011556,1,Informação,00:00:23,CLI,10000000258313,N,,,2025/04/15,
3000000011557,1,Contato de Finalizacao do Protocolo,00:44:43,CLI,10000000258314,N,,,2025/04/15,
3000000011558,1,Informação,00:02:31,,,N,,,2025/04/15,
3000000011559,1,Chamada Não Atendida,,CLI ,10000000258250,N,,,2025/04/15,
3000000011560,1,Chamada Não Atendida,,CLI ,10000000258250,N,,,2025/04/15,
3000000011561,1,Abandon,00:03:02,cli,10000000258315,S,,,2025/04/15,Email48439
3000000011562,1,Informação,,,,N,,,2025/04/15,
3000000011563,1,Informação,00:00:06,,,N,,,2025/04/15,
3000000011564,1,Caixa Postal,,,,N,,,2025/04/15,
3000000011565,1,Informação,,,,N,,,2025/04/15,
3000000011566,1,Informação,,,,N,,,2025/04/15,
3000000011567,1,Caixa Postal,,,,N,,,2025/04/15,
3000000011568,1,Caixa Postal,,,,N,,,2025/04/15,
3000000011569,1,Caixa Postal,,,,N,,,2025/04/15,
3000000011570,1,Informação,,,,N,,,2025/04/15,
3000000011571,1,URA Pesquisa NPS,00:02:26,CLI,10000000258316,S,Sim,10.0,2025/04/15,Email11179
3000000011572,1,Contato de Finalizacao do Protocolo,00:01:11,cli,10000000258048,N,,,2025/04/15,
3000000011573,1,Informação,00:00:02,,,N,,,2025/04/14,
3000000011574,1,Informação,00:00:21,cli ,,N,,,2025/04/14,
3000000011575,1,Informação,00:00:30,cli ,,N,,,2025/04/14,
3000000011576,1,Informação,00:00:03,CLI,,N,,,2025/04/14,
3000000011577,1,Informação,00:00:30,CLI,,N,,,2025/04/14,
3000000011578,1,Caixa Postal,00:00:06,Cli,10000000258317,N,,,2025/04/14,
3000000011579,1,Caixa Postal,00:00:09,cli,10000000258318,N,,,2025/04/14,
3000000011580,1,Caixa Postal,,Cli,10000000258319,N,,,2025/04/14,
3000000011581,1,Caixa Postal,00:00:08,Cli,10000000258319,N,,,2025/04/14,
3000000011582,1,URA Pesquisa NPS,00:08:36,Cli,10000000258320,S,Sim,10.0,2025/04/14,Email5371
3000000011583,1,Chamada Não Atendida,,CLI ,10000000258321,N,,,2025/04/14,
3000000011584,1,URA Pesquisa NPS,00:06:45,CLI ,10000000258321,S,Sim,10.0,2025/04/14,Email372
3000000011585,1,Caixa Postal,00:00:05,Cliente,10000000258322,N,,,2025/04/14,
3000000011586,1,Responsavel ausente,00:00:36,Cliente,10000000258322,N,,,2025/04/14,
3000000011587,1,URA Pesquisa NPS,00:01:54,,,S,,,2025/04/14,Email48444
3000000011588,1,Informação,00:00:02,CLI,,N,,,2025/04/14,
3000000011589,1,Caixa Postal,,CLI,,N,,,2025/04/14,
3000000011590,1,Informação,00:00:17,CLI,,N,,,2025/04/14,
3000000011591,1,URA Pesquisa NPS,00:01:59,CLI,10000000258323,S,Sim,10.0,2025/04/14,Email4355
3000000011592,1,URA Pesquisa NPS,00:05:53,CLI,10000000258324,S,Sim,10.0,2025/04/14,Email288
3000000011593,1,URA Pesquisa NPS,00:00:41,CLI,,S,Sim,0.0,2025/04/14,Email5556
3000000011594,1,Informação,,,,N,,,2025/04/14,
3000000011595,1,Informação,00:00:02,,,N,,,2025/04/14,
3000000011596,1,Consulta Status,00:00:05,,,N,,,2025/04/14,
3000000011597,1,Caixa Postal,00:00:29,,,N,,,2025/04/14,
3000000011598,1,Caixa Postal,00:00:03,CLI,10000000258288,N,,,2025/04/14,
3000000011599,1,Ligação Muda,,,,N,,,2025/04/14,
3000000011600,1,Caixa Postal,,Cliente,10000000258325,N,,,2025/04/14,
3000000011601,1,URA Pesquisa NPS,00:01:06,,,S,,,2025/04/14,Email48444
3000000011602,1,Informação,00:00:02,,,N,,,2025/04/14,
3000000011603,1,Cliente Desligou,00:00:05,Cli,10000000258326,N,,,2025/04/14,
3000000011604,1,Caixa Postal,,Cli,10000000258326,N,,,2025/04/14,
3000000011605,1,Caixa Postal,,Cli,10000000258326,N,,,2025/04/14,
3000000011606,1,Chamada Não Atendida,00:00:07,CLI,10000000258327,N,,,2025/04/14,
3000000011607,1,Chamada Não Atendida,,CLI,,N,,,2025/04/14,
3000000011608,1,Chamada Não Atendida,00:00:05,CLI,10000000258328,N,,,2025/04/14,
3000000011609,1,Caixa Postal,,Cliente,10000000258325,N,,,2025/04/14,
3000000011610,1,Chamada Não Atendida,00:00:08,CLI,10000000258329,N,,,2025/04/14,
3000000011611,1,Ligação Muda,,,10000000258330,N,,,2025/04/14,
3000000011612,1,Não Atende,00:00:05,,,N,,,2025/04/14,
3000000011613,1,Caixa Postal,00:00:08,Cli,10000000258331,N,,,2025/04/14,
3000000011614,1,URA Pesquisa NPS,00:03:31,Cli,10000000258331,S,,,2025/04/14,Email1615
3000000011615,1,Caixa Postal,00:18:09,,,N,,,2025/04/14,
3000000011616,1,URA Pesquisa NPS,00:00:34,cli,10000000258332,S,Sim,9.0,2025/04/14,Email48438
3000000011617,1,Informação,00:01:31,,,N,,,2025/04/14,
3000000011618,1,Chamada Não Atendida,00:00:04,,,N,,,2025/04/14,
3000000011619,1,Ocupado,,CLI,10000000258333,N,,,2025/04/14,
3000000011620,1,Ocupado,,CLI,10000000258333,N,,,2025/04/14,
3000000011621,1,Informação,00:00:05,cli,,N,,,2025/04/14,
3000000011622,1,Informação,,cli,,N,,,2025/04/14,
3000000011623,1,Chamada Não Atendida,00:00:04,,,N,,,2025/04/14,
3000000011624,1,Informação,00:02:44,cli,10000000258334,N,,,2025/04/14,
3000000011625,1,URA Pesquisa NPS,00:00:50,Cli,10000000258335,S,Sim,8.0,2025/04/14,Email4355
3000000011626,1,Caixa Postal,00:00:12,cli,10000000258336,N,,,2025/04/14,
3000000011627,1,Caixa Postal,00:00:03,cli,,N,,,2025/04/14,
3000000011628,1,Contato de Finalizacao do Protocolo,00:01:13,,,N,,,2025/04/14,
3000000011629,1,Caixa Postal,,Cli,10000000258337,N,,,2025/04/14,
3000000011630,1,URA Pesquisa NPS,00:01:39,Cli,10000000258337,S,,,2025/04/14,Email19156
3000000011631,1,Caixa Postal,00:00:04,cli,10000000258338,N,,,2025/04/14,
3000000011632,1,Informação,,,,N,,,2025/04/14,
3000000011633,1,Caixa Postal,,cli,10000000258338,N,,,2025/04/14,
3000000011634,1,URA Pesquisa NPS,00:01:05,,,S,Sim,10.0,2025/04/14,Email5556
3000000011635,1,Caixa Postal,,,,N,,,2025/04/14,
3000000011636,1,Caixa Postal,00:00:10,,,N,,,2025/04/14,
3000000011637,1,Ligação Muda,,,10000000258339,N,,,2025/04/14,
3000000011638,1,Informação,00:00:02,,,N,,,2025/04/14,
3000000011639,1,Abandon,00:10:30,CLI,10000000258340,S,,,2025/04/14,Email19156
3000000011640,1,URA Pesquisa NPS,00:02:06,Cli,10000000258341,S,,,2025/04/14,Email48438
3000000011641,1,Informação,00:01:56,,,N,,,2025/04/14,
3000000011642,1,Informação,00:02:33,,,N,,,2025/04/14,
3000000011643,1,Chamada Não Atendida,,CLI,10000000258342,N,,,2025/04/14,
3000000011644,1,Informação,,CLI,,N,,,2025/04/14,
3000000011645,1,Informação,,CLI,,N,,,2025/04/14,
3000000011646,1,Caixa Postal,00:00:06,CLI,,N,,,2025/04/14,
3000000011647,1,Caixa Postal,00:00:17,CLI,10000000258343,N,,,2025/04/14,
3000000011648,1,Responsavel ausente,00:01:02,CLI,,N,,,2025/04/14,
3000000011649,1,Caixa Postal,00:00:09,CLI,,N,,,2025/04/14,
3000000011650,1,Consulta Status,00:00:10,Cli,,N,,,2025/04/14,
3000000011651,1,Caixa Postal,00:00:09,Cli,10000000258344,N,,,2025/04/14,
3000000011652,1,Chamada Não Atendida,00:00:02,CLI ,10000000258345,N,,,2025/04/14,
3000000011653,1,Dados incorretos do cliente,00:00:13,CLI ,10000000258345,N,,,2025/04/14,
3000000011654,1,URA Pesquisa NPS,00:00:53,,,S,,,2025/04/14,Email48439
3000000011655,1,Informação,00:00:05,,,N,,,2025/04/14,
3000000011656,1,Caixa Postal,00:00:06,Cli,10000000258346,N,,,2025/04/14,
3000000011657,1,Contato de Finalizacao do Protocolo,00:01:05,Cli,,N,,,2025/04/14,
3000000011658,1,Caixa Postal,00:00:04,CLI,10000000258347,N,,,2025/04/14,
3000000011659,1,Informação,00:00:07,CLI,,N,,,2025/04/14,
3000000011660,1,Caixa Postal,00:00:06,CLI,,N,,,2025/04/14,
3000000011661,1,URA Pesquisa NPS,00:01:15,Cli,10000000258348,S,Sim,9.0,2025/04/14,Email1768
3000000011662,1,URA Pesquisa NPS,00:00:51,Cli,10000000258349,S,,,2025/04/14,Email5371
3000000011663,1,URA Pesquisa NPS,00:00:55,Cli,10000000258350,S,Sim,10.0,2025/04/14,Email1768
3000000011664,1,Caixa Postal,00:00:05,,,N,,,2025/04/14,
3000000011665,1,Caixa Postal,00:00:06,,,N,,,2025/04/14,
3000000011666,1,Não Atende,00:00:04,,10000000258351,N,,,2025/04/14,
3000000011667,1,Caixa Postal,00:00:07,Cli,10000000258352,N,,,2025/04/14,
3000000011668,1,Caixa Postal,,Cli,10000000258352,N,,,2025/04/14,
3000000011669,1,Informação,00:00:05,,,N,,,2025/04/14,
3000000011670,1,Caixa Postal,,,,N,,,2025/04/14,
3000000011671,1,Caixa Postal,00:00:04,Cli,10000000258344,N,,,2025/04/14,
3000000011672,1,Caixa Postal,00:00:03,,,N,,,2025/04/14,
3000000011673,1,Caixa Postal,00:00:03,,,N,,,2025/04/14,
3000000011674,1,Informação,,,,N,,,2025/04/14,
3000000011675,1,Informação,,,,N,,,2025/04/14,
3000000011676,1,URA Pesquisa NPS,00:01:08,CLI,10000000258353,S,Sim,10.0,2025/04/14,Email11179
3000000011677,1,Caixa Postal,,,,N,,,2025/04/14,
3000000011678,1,Informação,00:00:02,,,N,,,2025/04/14,
3000000011679,1,Informação,,Cliente,,N,,,2025/04/14,
3000000011680,1,Informação,,Cliente,,N,,,2025/04/14,
3000000011681,1,Chamada Não Atendida,00:00:08,,,N,,,2025/04/14,
3000000011682,1,URA Pesquisa NPS,00:01:38,,,S,Sim,8.0,2025/04/14,Email5556
3000000011683,1,URA Pesquisa NPS,00:09:30,,,S,,,2025/04/14,Email19156
3000000011684,1,Dados incorretos do cliente,,,,N,,,2025/04/14,
3000000011685,1,Contato de Finalizacao do Protocolo,00:43:12,,,N,,,2025/04/14,
3000000011686,1,Caixa Postal,00:00:04,CLI,10000000258354,N,,,2025/04/14,
3000000011687,1,Caixa Postal,,CLI,10000000258354,N,,,2025/04/14,
3000000011688,1,URA Pesquisa NPS,00:03:07,CLI,10000000258355,S,Sim,9.0,2025/04/14,Email45
3000000011689,1,Chamada Não Atendida,00:00:01,CLI,10000000258356,N,,,2025/04/14,
3000000011690,1,Chamada Não Atendida,,CLI,10000000258356,N,,,2025/04/14,
3000000011691,1,Informação,00:00:08,cli,,N,,,2025/04/14,
3000000011692,1,Caixa Postal,,,,N,,,2025/04/14,
3000000011693,1,URA Pesquisa NPS,00:02:11,CLI,10000000258357,S,Sim,10.0,2025/04/14,Email19156
3000000011694,1,Caixa Postal,,CLI,10000000258324,N,,,2025/04/14,
3000000011695,1,Informação,00:00:02,,,N,,,2025/04/14,
3000000011696,1,Chamada Não Atendida,00:00:04,,,N,,,2025/04/14,
3000000011697,1,Chamada Não Atendida,00:00:01,,,N,,,2025/04/14,
3000000011698,1,Chamada Não Atendida,,,,N,,,2025/04/14,
3000000011699,1,Contato de Finalizacao do Protocolo,00:00:54,,,N,,,2025/04/14,
3000000011700,1,Informação,,,,N,,,2025/04/14,
3000000011701,1,URA Pesquisa NPS,00:00:55,CLI,,S,Sim,10.0,2025/04/14,Email48444
3000000011702,1,Caixa Postal,00:00:08,,,N,,,2025/04/14,
3000000011703,1,Caixa Postal,00:00:06,CLI,,N,,,2025/04/14,
3000000011704,1,Chamada Não Atendida,,CLI ,10000000258358,N,,,2025/04/14,
3000000011705,1,Chamada Não Atendida,,CLI,10000000258359,N,,,2025/04/14,
3000000011706,1,Chamada Não Atendida,,CLI ,10000000258358,N,,,2025/04/14,
3000000011707,1,Chamada Não Atendida,,CLI ,10000000258358,N,,,2025/04/14,
3000000011708,1,Caixa Postal,00:00:05,Cli,10000000258360,N,,,2025/04/11,
3000000011709,1,Caixa Postal,00:00:05,Cli,10000000258361,N,,,2025/04/11,
3000000011710,1,Caixa Postal,,Cli,10000000258362,N,,,2025/04/11,
3000000011711,1,Informação,,cli,,N,,,2025/04/11,
3000000011712,1,Caixa Postal,00:00:04,CLI,10000000258363,N,,,2025/04/11,
3000000011713,1,URA Pesquisa NPS,00:05:39,Cli,10000000258364,S,Sim,10.0,2025/04/11,Email5371
3000000011714,1,Ligação Muda,00:00:08,,10000000258365,N,,,2025/04/11,
3000000011715,1,Informação,,,,N,,,2025/04/11,
3000000011716,1,Sent To Voicemail,00:03:54,Cliente,10000000258366,S,Sim,10.0,2025/04/11,Email4355
3000000011717,1,Sent To Voicemail,00:01:10,cli,10000000258367,S,Sim,10.0,2025/04/11,Email48439
3000000011718,1,Caixa Postal,,Cli,10000000258362,N,,,2025/04/11,
3000000011719,1,Chamada Não Atendida,00:00:07,,,N,,,2025/04/11,
3000000011720,1,Chamada Não Atendida,,,,N,,,2025/04/11,
3000000011721,1,Informação,,,,N,,,2025/04/11,
3000000011722,1,Caixa Postal,,CLI,10000000258368,N,,,2025/04/11,
3000000011723,1,Ocupado,,cli,10000000258369,N,,,2025/04/11,
3000000011724,1,Ligação Muda,,CLI,,N,,,2025/04/11,
3000000011725,1,Caixa Postal,00:00:07,CLI,,N,,,2025/04/11,
3000000011726,1,Caixa Postal,00:00:01,,,N,,,2025/04/11,
3000000011727,1,Caixa Postal,00:00:03,CLI,,N,,,2025/04/11,
3000000011728,1,URA Pesquisa NPS,00:05:16,CLI,,S,,,2025/04/11,Email5556
3000000011729,1,URA Pesquisa NPS,00:01:16,CLI,10000000258370,S,Sim,10.0,2025/04/11,Email296
3000000011730,1,Informação,,,,N,,,2025/04/11,
3000000011731,1,Chamada Não Atendida,00:00:04,CLI,10000000258371,N,,,2025/04/11,
3000000011732,1,Caixa Postal,,,,N,,,2025/04/11,
3000000011733,1,URA Pesquisa NPS,00:00:52,CLI,10000000258371,S,Sim,10.0,2025/04/11,Email296
3000000011734,1,Caixa Postal,,,,N,,,2025/04/11,
3000000011735,1,Caixa Postal,00:00:03,,,N,,,2025/04/11,
3000000011736,1,Caixa Postal,00:00:02,,,N,,,2025/04/11,
3000000011737,1,Informação,00:02:23,,,N,,,2025/04/11,
3000000011738,1,Chamada Não Atendida,,Cli,10000000258372,N,,,2025/04/11,
3000000011739,1,Protocolo Permanecera em Andamento,00:06:49,Cli,10000000258372,N,,,2025/04/11,
3000000011740,1,Não Atende,,cli,10000000258373,N,,,2025/04/11,
3000000011741,1,Informação,00:00:17,cli,10000000258374,N,,,2025/04/11,
3000000011742,1,Caixa Postal,00:00:05,,,N,,,2025/04/11,
3000000011743,1,Caixa Postal,,,,N,,,2025/04/11,
3000000011744,1,Informação,00:00:37,Cliente,,N,,,2025/04/11,
3000000011745,1,Informação,,Cliente,,N,,,2025/04/11,
3000000011746,1,Informação,00:01:51,Cliente,10000000258375,N,,,2025/04/11,
3000000011747,1,URA Pesquisa NPS,00:16:52,CLI ,10000000258376,S,Sim,10.0,2025/04/11,Email48443
3000000011748,1,Contato de Finalizacao do Protocolo,00:08:38,CLI,10000000258377,N,,,2025/04/11,
3000000011749,1,Contato de Finalizacao do Protocolo,00:06:55,,,N,,,2025/04/11,
3000000011750,1,Não Atende,,Cliente,10000000258378,N,,,2025/04/11,
3000000011751,1,Caixa Postal,00:00:08,,,N,,,2025/04/11,
3000000011752,1,Informação,00:00:14,,,N,,,2025/04/11,
3000000011753,1,Caixa Postal,00:00:05,,,N,,,2025/04/11,
3000000011754,1,Não Atende,,,,N,,,2025/04/11,
3000000011755,1,Informação,00:00:03,,,N,,,2025/04/11,
3000000011756,1,Não Atende,,CLIENTE,10000000258379,N,,,2025/04/11,
3000000011757,1,Caixa Postal,00:00:05,,,N,,,2025/04/11,
3000000011758,1,Caixa Postal,,,,N,,,2025/04/11,
3000000011759,1,URA Pesquisa NPS,00:02:13,Cliente,10000000258378,S,Sim,10.0,2025/04/11,Email8754
3000000011760,1,URA Pesquisa NPS,00:06:40,Cli,10000000258380,S,Sim,10.0,2025/04/11,Email5371
3000000011761,1,Não Atende,,cli,10000000258381,N,,,2025/04/11,
3000000011762,1,URA Pesquisa NPS,00:02:42,CLI,10000000258382,S,Sim,10.0,2025/04/11,Email11179
3000000011763,1,Chamada Não Atendida,,CLI,10000000258383,N,,,2025/04/11,
3000000011764,1,Ocupado,,CLI,10000000258383,N,,,2025/04/11,
3000000011765,1,Informação,00:00:02,,,N,,,2025/04/11,
3000000011766,1,Informação,00:00:03,,,N,,,2025/04/11,
3000000011767,1,Informação,,,,N,,,2025/04/11,
3000000011768,1,Informação,00:00:08,,,N,,,2025/04/11,
3000000011769,1,URA Pesquisa NPS,00:02:31,CLI,10000000258384,S,Sim,9.0,2025/04/11,Email4355
3000000011770,1,Caixa Postal,,Cli,10000000258385,N,,,2025/04/11,
3000000011771,1,Caixa Postal,,Cli,,N,,,2025/04/11,
3000000011772,1,Caixa Postal,,Cli,,N,,,2025/04/11,
3000000011773,1,Caixa Postal,,Cli,,N,,,2025/04/11,
3000000011774,1,URA Pesquisa NPS,00:05:08,Cli,10000000258386,S,,,2025/04/11,Email1768
3000000011775,1,Caixa Postal,00:00:06,,10000000258387,N,,,2025/04/11,
3000000011776,1,Caixa Postal,00:00:00,,,N,,,2025/04/11,
3000000011777,1,Caixa Postal,00:00:04,Cli,,N,,,2025/04/11,
3000000011778,1,Caixa Postal,,,,N,,,2025/04/11,
3000000011779,1,Caixa Postal,00:00:12,CLI,10000000258265,N,,,2025/04/11,
3000000011780,1,Informação,,,,N,,,2025/04/11,
3000000011781,1,Caixa Postal,00:00:05,,,N,,,2025/04/11,
3000000011782,1,Caixa Postal,00:00:04,,,N,,,2025/04/11,
3000000011783,1,Caixa Postal,,,,N,,,2025/04/11,
3000000011784,1,Caixa Postal,00:00:10,Cliente,10000000258322,N,,,2025/04/11,
3000000011785,1,URA Pesquisa NPS,00:02:04,CLI,,S,Sim,9.0,2025/04/11,Email48444
3000000011786,1,Caixa Postal,00:00:03,Cliente,10000000258322,N,,,2025/04/11,
3000000011787,1,Caixa Postal,00:00:03,Cliente,,N,,,2025/04/11,
3000000011788,1,Caixa Postal,,,,N,,,2025/04/11,
3000000011789,1,Caixa Postal,,,,N,,,2025/04/11,
3000000011790,1,Caixa Postal,00:00:01,cli,,N,,,2025/04/11,
3000000011791,1,Caixa Postal,00:00:04,cli,,N,,,2025/04/11,
3000000011792,1,Caixa Postal,,,,N,,,2025/04/11,
3000000011793,1,URA Pesquisa NPS,00:02:11,cli,10000000258388,S,,,2025/04/11,Email48443
3000000011794,1,Chamada Não Atendida,,CLI,10000000258389,N,,,2025/04/11,
3000000011795,1,Agent Error,00:01:37,,,N,,,2025/04/11,
3000000011796,1,Caixa Postal,,,,N,,,2025/04/11,
3000000011797,1,Sent To Voicemail,00:00:54,CLI,10000000258390,S,Sim,10.0,2025/04/11,Email296
3000000011798,1,Informação,00:01:00,,,N,,,2025/04/11,
3000000011799,1,Informação,00:00:04,CLI,,N,,,2025/04/11,
3000000011800,1,Chamada Não Atendida,00:00:04,CLI,10000000258391,N,,,2025/04/11,
3000000011801,1,URA Pesquisa NPS,00:15:30,Cli,10000000258392,S,Sim,10.0,2025/04/11,Email1615
3000000011802,1,URA Pesquisa NPS,00:09:57,Cli,10000000258393,S,Sim,9.0,2025/04/11,Email5371
3000000011803,1,Caixa Postal,,,,N,,,2025/04/11,
3000000011804,1,Caixa Postal,00:00:03,,,N,,,2025/04/11,
3000000011805,1,Caixa Postal,00:00:24,,,N,,,2025/04/11,
3000000011806,1,Caixa Postal,,,,N,,,2025/04/11,
3000000011807,1,URA Pesquisa NPS,00:07:20,Cli,10000000258394,S,Sim,10.0,2025/04/11,Email1615
3000000011808,1,URA Pesquisa NPS,00:01:19,cli,10000000258395,S,Sim,10.0,2025/04/11,Email48443
3000000011809,1,URA Pesquisa NPS,00:02:47,Cli,10000000258393,S,Sim,10.0,2025/04/11,Email5371
3000000011810,1,URA Pesquisa NPS,00:02:47,CLI,10000000258396,S,Sim,10.0,2025/04/11,Email288
3000000011811,1,Caixa Postal,00:00:24,Cli,10000000258397,N,,,2025/04/11,
3000000011812,1,Informação,,,,N,,,2025/04/11,
3000000011813,1,Caixa Postal,00:00:15,Cli,10000000258397,N,,,2025/04/11,
3000000011814,1,Caixa Postal,,cli,10000000258398,N,,,2025/04/11,
3000000011815,1,Ligação Muda,,cli,,N,,,2025/04/11,
3000000011816,1,Caixa Postal,,CLI,,N,,,2025/04/11,
3000000011817,1,Cliente Desligou,00:00:07,,,N,,,2025/04/11,
3000000011818,1,Caixa Postal,00:00:05,Cli,,N,,,2025/04/11,
3000000011819,1,Caixa Postal,,Cli,,N,,,2025/04/11,
3000000011820,1,Informação,,,,N,,,2025/04/11,
3000000011821,1,Informação,,Cli,,N,,,2025/04/11,
3000000011822,1,Informação,,Cli,,N,,,2025/04/11,
3000000011823,1,Informação,,,,N,,,2025/04/11,
3000000011824,1,URA Pesquisa NPS,00:01:53,cli,10000000258399,S,Sim,10.0,2025/04/10,Email48443
3000000011825,1,Caixa Postal,,,,N,,,2025/04/10,
3000000011826,1,Caixa Postal,00:00:04,cli,10000000258400,N,,,2025/04/10,
3000000011827,1,Caixa Postal,,,,N,,,2025/04/10,
3000000011828,1,Caixa Postal,00:00:02,cli,10000000258401,N,,,2025/04/10,
3000000011829,1,Caixa Postal,00:00:04,CLI ,10000000258402,N,,,2025/04/10,
3000000011830,1,Caixa Postal,00:00:06,CLI ,10000000258402,N,,,2025/04/10,
3000000011831,1,Caixa Postal,00:00:05,CLI ,10000000258403,N,,,2025/04/10,
3000000011832,1,Cliente Desligou,00:00:06,CLI ,10000000258403,N,,,2025/04/10,
3000000011833,1,URA Pesquisa NPS,00:01:32,Cli,10000000258404,S,,,2025/04/10,Email19156
3000000011834,1,URA Pesquisa NPS,00:02:52,Cli,10000000258405,S,Sim,8.0,2025/04/10,Email1615
3000000011835,1,Caixa Postal,,,,N,,,2025/04/10,
3000000011836,1,Informação,00:02:07,,,N,,,2025/04/10,
3000000011837,1,Caixa Postal,,,,N,,,2025/04/10,
3000000011838,1,Caixa Postal,,,,N,,,2025/04/10,
3000000011839,1,Caixa Postal,,,,N,,,2025/04/10,
3000000011840,1,Caixa Postal,00:00:03,CLI ,,N,,,2025/04/10,
3000000011841,1,Caixa Postal,00:00:06,CLI ,10000000258402,N,,,2025/04/10,
3000000011842,1,Informação,00:00:57,CLI ,10000000258403,N,,,2025/04/10,
3000000011843,1,URA Pesquisa NPS,00:01:24,Cli,10000000258406,S,Sim,,2025/04/10,Email1615
3000000011844,1,URA Pesquisa NPS,00:01:31,CLl,10000000258407,S,Sim,10.0,2025/04/10,Email19156
3000000011845,1,Caixa Postal,,Cli,10000000258408,N,,,2025/04/10,
3000000011846,1,Caixa Postal,,Cli,10000000258408,N,,,2025/04/10,
3000000011847,1,Atendimento exclusivo por email,,,,N,,,2025/04/10,
3000000011848,1,Ligação Muda,,,10000000258409,N,,,2025/04/10,
3000000011849,1,Agent Error,00:01:01,,,N,,,2025/04/10,
3000000011850,1,Caixa Postal,00:00:06,,,N,,,2025/04/10,
3000000011851,1,URA Pesquisa NPS,00:04:19,cli,10000000258410,S,Sim,10.0,2025/04/10,Email48443
3000000011852,1,Não Atende,,,10000000258411,N,,,2025/04/10,
3000000011853,1,Não Atende,,cli,10000000258412,N,,,2025/04/10,
3000000011854,1,Caixa Postal,,,,N,,,2025/04/10,
3000000011855,1,Não Atende,00:00:03,,,N,,,2025/04/10,
3000000011856,1,URA Pesquisa NPS,00:02:56,cli,10000000258400,S,Sim,10.0,2025/04/10,Email48438
3000000011857,1,Não Atende,00:00:05,Cliente,10000000258413,N,,,2025/04/10,
3000000011858,1,Caixa Postal,00:00:01,cli,10000000258401,N,,,2025/04/10,
3000000011859,1,Ocupado,,CLI,,N,,,2025/04/10,
3000000011860,1,Caixa Postal,,cli,10000000258401,N,,,2025/04/10,
3000000011861,1,Ocupado,,CLI,,N,,,2025/04/10,
3000000011862,1,Caixa Postal,,CLI,,N,,,2025/04/10,
3000000011863,1,Caixa Postal,00:00:03,CLI,10000000258414,N,,,2025/04/10,
3000000011864,1,Caixa Postal,,Cliente,,N,,,2025/04/10,
3000000011865,1,Informação,00:01:01,cli,10000000258415,N,,,2025/04/10,
3000000011866,1,Caixa Postal,,Cli,,N,,,2025/04/10,
3000000011867,1,Informação,00:02:30,Cli,,N,,,2025/04/10,
3000000011868,1,Ligação Muda,,Cliente,,N,,,2025/04/10,
3000000011869,1,Informação,00:01:49,,,N,,,2025/04/10,
3000000011870,1,Caixa Postal,00:00:03,CLI,10000000258416,N,,,2025/04/10,
3000000011871,1,Caixa Postal,00:00:03,CLI,10000000258416,N,,,2025/04/10,
3000000011872,1,Informação,,Cli,,N,,,2025/04/10,
3000000011873,1,Caixa Postal,00:00:04,Cli,10000000258417,N,,,2025/04/10,
3000000011874,1,Informação,00:10:52,,,N,,,2025/04/10,
3000000011875,1,URA Pesquisa NPS,00:01:16,CLI,10000000258418,S,Sim,10.0,2025/04/10,Email4355
3000000011876,1,Informação,00:00:02,,,N,,,2025/04/10,
3000000011877,1,Caixa Postal,00:00:05,,,N,,,2025/04/10,
3000000011878,1,Caixa Postal,00:00:04,,,N,,,2025/04/10,
3000000011879,1,Chamada Não Atendida,00:00:09,CLI,10000000258419,N,,,2025/04/10,
3000000011880,1,Chamada Não Atendida,00:00:00,CLI,10000000258419,N,,,2025/04/10,
3000000011881,1,Caixa Postal,00:00:02,,,N,,,2025/04/10,
3000000011882,1,Caixa Postal,,,,N,,,2025/04/10,
3000000011883,1,Caixa Postal,,,,N,,,2025/04/10,
3000000011884,1,Chamada Não Atendida,00:00:04,CLI,10000000258420,N,,,2025/04/10,
3000000011885,1,URA Pesquisa NPS,00:01:01,CLI,10000000258420,S,Sim,,2025/04/10,Email296
3000000011886,1,Informação,,cli,10000000258421,N,,,2025/04/10,
3000000011887,1,Caixa Postal,,,,N,,,2025/04/10,
3000000011888,1,Caixa Postal,,,,N,,,2025/04/10,
3000000011889,1,Informação,,cli,10000000258422,N,,,2025/04/10,
3000000011890,1,Informação,,cli,10000000258422,N,,,2025/04/10,
3000000011891,1,Contato de Finalizacao do Protocolo,00:03:17,CLI,10000000258423,N,,,2025/04/10,
3000000011892,1,Caixa Postal,,,,N,,,2025/04/10,
3000000011893,1,Caixa Postal,00:00:02,,,N,,,2025/04/10,
3000000011894,1,URA Pesquisa NPS,00:06:25,CLI ,10000000258424,S,Sim,10.0,2025/04/10,Email48443
3000000011895,1,Caixa Postal,00:00:04,,,N,,,2025/04/10,
3000000011896,1,Caixa Postal,,,,N,,,2025/04/10,
3000000011897,1,Caixa Postal,,,,N,,,2025/04/10,
3000000011898,1,URA Pesquisa NPS,00:01:56,CLI,10000000258425,S,Sim,10.0,2025/04/10,Email48443
3000000011899,1,URA Pesquisa NPS,00:00:46,Cli,10000000258426,S,Sim,10.0,2025/04/10,Email5371
3000000011900,1,Chamada Não Atendida,00:00:06,,,N,,,2025/04/10,
3000000011901,1,Chamada Não Atendida,00:00:04,,,N,,,2025/04/10,
3000000011902,1,Caixa Postal,,,,N,,,2025/04/10,
3000000011903,1,Informação,,,,N,,,2025/04/10,
3000000011904,1,Caixa Postal,00:00:03,,,N,,,2025/04/10,
3000000011905,1,Caixa Postal,,,,N,,,2025/04/10,
3000000011906,1,Caixa Postal,00:00:03,,,N,,,2025/04/10,
3000000011907,1,Caixa Postal,,,,N,,,2025/04/10,
3000000011908,1,Cliente Desligou,00:00:01,Cliente,10000000258427,N,,,2025/04/10,
3000000011909,1,Chamada Não Atendida,00:00:04,,,N,,,2025/04/10,
3000000011910,1,Chamada Não Atendida,,,,N,,,2025/04/10,
3000000011911,1,Informação,,CLI,10000000258428,N,,,2025/04/10,
3000000011912,1,Caixa Postal,00:00:05,CLI,10000000258428,N,,,2025/04/10,
3000000011913,1,Caixa Postal,,CLI,10000000258428,N,,,2025/04/10,
3000000011914,1,Informação,,CLI,10000000258428,N,,,2025/04/10,
3000000011915,1,Caixa Postal,00:00:06,CLI,10000000258429,N,,,2025/04/10,
3000000011916,1,Caixa Postal,,CLI,,N,,,2025/04/10,
3000000011917,1,Caixa Postal,,CLI,,N,,,2025/04/10,
3000000011918,1,Caixa Postal,00:00:08,,,N,,,2025/04/10,
3000000011919,1,Caixa Postal,00:00:01,,,N,,,2025/04/10,
3000000011920,1,Caixa Postal,00:02:17,Cli,10000000258430,N,,,2025/04/10,
3000000011921,1,Caixa Postal,,,,N,,,2025/04/10,
3000000011922,1,Informação,,Cli,,N,,,2025/04/10,
3000000011923,1,Caixa Postal,00:00:04,,,N,,,2025/04/10,
3000000011924,1,Caixa Postal,00:00:02,,,N,,,2025/04/10,
3000000011925,1,Caixa Postal,00:00:08,cli,,N,,,2025/04/10,
3000000011926,1,Caixa Postal,00:00:03,,,N,,,2025/04/10,
3000000011927,1,Caixa Postal,00:00:03,,,N,,,2025/04/10,
3000000011928,1,Informação,00:00:19,CLI,10000000258431,N,,,2025/04/10,
3000000011929,1,Caixa Postal,00:00:06,Cli,10000000258432,N,,,2025/04/10,
3000000011930,1,Caixa Postal,00:00:01,Cli,10000000258432,N,,,2025/04/10,
3000000011931,1,Caixa Postal,00:00:06,CLI,10000000258433,N,,,2025/04/10,
3000000011932,1,Caixa Postal,00:00:03,,,N,,,2025/04/10,
3000000011933,1,Chamada Não Atendida,,CLI,10000000258434,N,,,2025/04/10,
3000000011934,1,Caixa Postal,,,,N,,,2025/04/10,
3000000011935,1,Chamada Não Atendida,,CLI,10000000258434,N,,,2025/04/10,
3000000011936,1,URA Pesquisa NPS,00:05:18,cli,10000000258435,S,,,2025/04/10,Email48438
3000000011937,1,Caixa Postal,,,,N,,,2025/04/10,
3000000011938,1,Contato de Finalizacao do Protocolo,00:00:56,Cli,,N,,,2025/04/10,
3000000011939,1,Caixa Postal,,,,N,,,2025/04/10,
3000000011940,1,Caixa Postal,,Cli,10000000258436,N,,,2025/04/10,
3000000011941,1,Caixa Postal,,Cli,10000000258436,N,,,2025/04/10,
3000000011942,1,Informação,,,,N,,,2025/04/10,
3000000011943,1,Caixa Postal,00:00:01,,,N,,,2025/04/10,
3000000011944,1,Caixa Postal,00:00:06,,,N,,,2025/04/10,
3000000011945,1,Caixa Postal,,,,N,,,2025/04/10,
3000000011946,1,Informação,,,,N,,,2025/04/10,
3000000011947,1,Caixa Postal,00:00:04,,,N,,,2025/04/10,
3000000011948,1,Chamada Não Atendida,00:00:02,,,N,,,2025/04/10,
3000000011949,1,Caixa Postal,00:00:01,,,N,,,2025/04/10,
3000000011950,1,Informação,,,,N,,,2025/04/10,
3000000011951,1,URA Pesquisa NPS,00:01:00,cli,10000000258437,S,Sim,10.0,2025/04/10,Email48438
3000000011952,1,Informação,,,,N,,,2025/04/10,
3000000011953,1,Informação,,,,N,,,2025/04/10,
3000000011954,1,Caixa Postal,,,,N,,,2025/04/10,
3000000011955,1,URA Pesquisa NPS,00:05:53,cli,10000000258438,S,Sim,10.0,2025/04/10,Email48438
3000000011956,1,Caixa Postal,00:00:03,,,N,,,2025/04/10,
3000000011957,1,Caixa Postal,00:00:05,,,N,,,2025/04/10,
3000000011958,1,Informação,,,,N,,,2025/04/10,
3000000011959,1,Caixa Postal,,,,N,,,2025/04/10,
3000000011960,1,Caixa Postal,,,,N,,,2025/04/10,
3000000011961,1,Caixa Postal,,CLI,10000000258439,N,,,2025/04/10,
3000000011962,1,Caixa Postal,00:00:03,,,N,,,2025/04/10,
3000000011963,1,Caixa Postal,00:00:03,,,N,,,2025/04/10,
3000000011964,1,Informação,00:00:02,,,N,,,2025/04/10,
3000000011965,1,Caixa Postal,00:00:01,,,N,,,2025/04/10,
3000000011966,1,Caixa Postal,,,,N,,,2025/04/10,
3000000011967,1,Caixa Postal,00:00:00,,,N,,,2025/04/10,
3000000011968,1,Caixa Postal,00:00:38,cli,10000000258440,N,,,2025/04/10,
3000000011969,1,URA Pesquisa NPS,00:01:18,,,S,Sim,10.0,2025/04/10,Email48444
3000000011970,1,Caixa Postal,00:00:04,,,N,,,2025/04/10,
3000000011971,1,Informação,00:01:21,CLI,10000000258441,N,,,2025/04/10,
3000000011972,1,URA Pesquisa NPS,00:00:57,cli ,,S,Sim,10.0,2025/04/10,Email5556
3000000011973,1,URA Pesquisa NPS,00:02:38,cli ,10000000258442,S,Sim,,2025/04/10,Email48443
3000000011974,1,Caixa Postal,,CLI,10000000258443,N,,,2025/04/10,
3000000011975,1,Contato de Finalizacao do Protocolo,,Cli,10000000258444,N,,,2025/04/10,
3000000011976,1,Caixa Postal,00:00:03,cli,10000000258445,N,,,2025/04/10,
3000000011977,1,Caixa Postal,00:00:33,cli,10000000258445,N,,,2025/04/10,
3000000011978,1,Caixa Postal,00:00:01,,,N,,,2025/04/10,
3000000011979,1,Informação,00:00:00,,,N,,,2025/04/10,
3000000011980,1,Caixa Postal,00:00:03,cli,10000000258446,N,,,2025/04/10,
3000000011981,1,Informação,00:00:24,cli,10000000258446,N,,,2025/04/10,
3000000011982,1,Caixa Postal,00:00:03,,,N,,,2025/04/10,
3000000011983,1,Caixa Postal,00:00:04,,,N,,,2025/04/10,
3000000011984,1,Caixa Postal,00:00:04,,,N,,,2025/04/10,
3000000011985,1,Informação,00:00:05,,,N,,,2025/04/10,
3000000011986,1,Informação,00:00:02,,,N,,,2025/04/10,
3000000011987,1,Caixa Postal,,cli,10000000258447,N,,,2025/04/10,
3000000011988,1,Informação,00:00:08,CLI,,N,,,2025/04/10,
3000000011989,1,Informação,,Cli,,N,,,2025/04/10,
3000000011990,1,Informação,00:00:04,Cli,10000000258448,N,,,2025/04/10,
3000000011991,1,Informação,00:00:04,Cli,,N,,,2025/04/10,
3000000011992,1,URA Pesquisa NPS,00:01:10,CLI,10000000258449,S,,,2025/04/10,Email48443
3000000011993,1,Informação,00:00:02,,,N,,,2025/04/10,
3000000011994,1,URA Pesquisa NPS,00:05:51,,,S,,,2025/04/10,Email5556
3000000011995,1,Caixa Postal,00:00:01,,10000000258450,N,,,2025/04/09,
3000000011996,1,Não Atende,00:00:08,,10000000258451,N,,,2025/04/09,
3000000011997,1,URA Pesquisa NPS,00:01:39,,10000000258452,S,Sim,10.0,2025/04/09,Email45
3000000011998,1,Caixa Postal,00:00:05,CLI ,,N,,,2025/04/09,
3000000011999,1,URA Pesquisa NPS,00:01:18,CLI ,,S,Sim,10.0,2025/04/09,Email48444
3000000012000,1,Caixa Postal,00:00:24,Cli,10000000258453,N,,,2025/04/09,
3000000012001,1,Caixa Postal,,Cli,10000000258453,N,,,2025/04/09,
3000000012002,1,Chamada Não Atendida,00:00:09,,,N,,,2025/04/09,
3000000012003,1,URA Pesquisa NPS,00:01:01,,,S,Sim,10.0,2025/04/09,Email48444
3000000012004,1,Não Atende,,Cliente,10000000258454,N,,,2025/04/09,
3000000012005,1,URA Pesquisa NPS,00:00:42,,10000000258455,S,Sim,10.0,2025/04/09,Email45
3000000012006,1,Caixa Postal,00:00:07,,,N,,,2025/04/09,
3000000012007,1,Caixa Postal,00:00:00,,,N,,,2025/04/09,
3000000012008,1,Caixa Postal,00:00:05,,,N,,,2025/04/09,
3000000012009,1,Informação,,,,N,,,2025/04/09,
3000000012010,1,Informação,,,,N,,,2025/04/09,
3000000012011,1,Informação,00:00:05,,,N,,,2025/04/09,
3000000012012,1,URA Pesquisa NPS,00:00:35,,,S,,,2025/04/09,Email5556
3000000012013,1,Contato de Finalizacao do Protocolo,,Cli,10000000258456,N,,,2025/04/09,
3000000012014,1,Caixa Postal,,,,N,,,2025/04/09,
3000000012015,1,Caixa Postal,,,,N,,,2025/04/09,
3000000012016,1,Caixa Postal,00:00:04,,,N,,,2025/04/09,
3000000012017,1,Informação,,,,N,,,2025/04/09,
3000000012018,1,Informação,,,,N,,,2025/04/09,
3000000012019,1,Informação,,,,N,,,2025/04/09,
3000000012020,1,Informação,,,,N,,,2025/04/09,
3000000012021,1,Não Atende,00:00:07,,,N,,,2025/04/09,
3000000012022,1,Caixa Postal,00:00:10,,10000000258457,N,,,2025/04/09,
3000000012023,1,Informação,,,,N,,,2025/04/09,
3000000012024,1,Informação,,,,N,,,2025/04/09,
3000000012025,1,Informação,00:00:05,,,N,,,2025/04/09,
3000000012026,1,Informação,,,,N,,,2025/04/09,
3000000012027,1,Caixa Postal,00:00:01,,10000000258450,N,,,2025/04/09,
3000000012028,1,Caixa Postal,00:00:10,Cli,10000000258458,N,,,2025/04/09,
3000000012029,1,Agent Error,00:04:21,,,N,,,2025/04/09,
3000000012030,1,Cliente Desligou,00:02:05,Cli,10000000258458,N,,,2025/04/09,
3000000012031,1,Cliente Desligou,00:01:08,Cli,10000000258459,N,,,2025/04/09,
3000000012032,1,Contato de Finalizacao do Protocolo,00:04:08,Cli,,N,,,2025/04/09,
3000000012033,1,Caixa Postal,00:00:08,CLI ,,N,,,2025/04/09,
3000000012034,1,Contato de Finalizacao do Protocolo,00:03:08,CLI ,,N,,,2025/04/09,
3000000012035,1,Caixa Postal,00:00:04,cli,10000000258460,N,,,2025/04/09,
3000000012036,1,Caixa Postal,00:00:03,cli,,N,,,2025/04/09,
3000000012037,1,URA Pesquisa NPS,00:00:50,CLI,10000000258461,S,Sim,9.0,2025/04/09,Email296
3000000012038,1,Caixa Postal,00:00:07,cli MARCELO FRANCISCO DE OLIVEIRA - CAP 4012487 ,10000000258462,N,,,2025/04/09,
3000000012039,1,Informação,00:00:08,CLI,,N,,,2025/04/09,
3000000012040,1,Informação,,CLI,10000000258463,N,,,2025/04/09,
3000000012041,1,URA Pesquisa NPS,00:00:55,CLI ,,S,Sim,10.0,2025/04/09,Email19156
3000000012042,1,Caixa Postal,,Cliente,10000000258464,N,,,2025/04/09,
3000000012043,1,URA Pesquisa NPS,00:03:40,Cli,10000000258465,S,Sim,10.0,2025/04/09,Email1615
3000000012044,1,Chamada Não Atendida,,,,N,,,2025/04/09,
3000000012045,1,Caixa Postal,,,,N,,,2025/04/09,
3000000012046,1,Caixa Postal,,,,N,,,2025/04/09,
3000000012047,1,URA Pesquisa NPS,00:02:44,CLI,,S,Sim,10.0,2025/04/09,Email48444
3000000012048,1,Contato de Finalizacao do Protocolo,00:01:53,cli,10000000258466,N,,,2025/04/09,
3000000012049,1,Caixa Postal,,Cliente,10000000258467,N,,,2025/04/09,
3000000012050,1,Não Atende,,Cliente,10000000258468,N,,,2025/04/09,
3000000012051,1,Não Atende,00:00:18,Cliente,10000000258468,N,,,2025/04/09,
3000000012052,1,Caixa Postal,00:00:06,Cliente,10000000258469,N,,,2025/04/09,
3000000012053,1,Informação,00:00:05,Cliente,10000000258375,N,,,2025/04/09,
3000000012054,1,Informação,00:00:02,Cliente,,N,,,2025/04/09,
3000000012055,1,Caixa Postal,00:00:07,,,N,,,2025/04/09,
3000000012056,1,Caixa Postal,00:00:04,,,N,,,2025/04/09,
3000000012057,1,URA Pesquisa NPS,00:00:32,CLI,,S,,,2025/04/09,Email5556
3000000012058,1,URA Pesquisa NPS,00:01:16,cli,10000000258470,S,Sim,9.0,2025/04/09,Email48438
3000000012059,1,Caixa Postal,00:00:16,Cli,10000000258453,N,,,2025/04/09,
3000000012060,1,Caixa Postal,,Cli,,N,,,2025/04/09,
3000000012061,1,Não Atende,00:00:05,,10000000258471,N,,,2025/04/09,
3000000012062,1,URA Pesquisa NPS,00:06:10,,10000000258471,S,,,2025/04/09,Email45
3000000012063,1,Não Atende,00:02:42,,,N,,,2025/04/09,
3000000012064,1,Informação,00:05:06,,,N,,,2025/04/09,
3000000012065,1,Não Atende,00:00:03,cli,,N,,,2025/04/09,
3000000012066,1,Ocupado,,cli,10000000258472,N,,,2025/04/09,
3000000012067,1,Informação,00:00:32,,,N,,,2025/04/09,
3000000012068,1,URA Pesquisa NPS,00:00:46,Cli,10000000258473,S,Sim,,2025/04/09,Email296
3000000012069,1,Caixa Postal,00:00:12,,,N,,,2025/04/09,
3000000012070,1,Contato de Finalizacao do Protocolo,00:00:43,cli,10000000258474,N,,,2025/04/09,
3000000012071,1,Caixa Postal,00:00:03,cli,10000000258474,N,,,2025/04/09,
3000000012072,1,Contato de Finalizacao do Protocolo,00:01:20,cli,10000000258474,N,,,2025/04/09,
3000000012073,1,URA Pesquisa NPS,00:01:02,CLI,10000000258475,S,Sim,10.0,2025/04/09,Email296
3000000012074,1,URA Pesquisa NPS,00:01:30,cli,10000000258476,S,Sim,10.0,2025/04/09,Email45
3000000012075,1,Informação,,,,N,,,2025/04/09,
3000000012076,1,URA Pesquisa NPS,00:01:10,Cliente,10000000258477,S,Sim,10.0,2025/04/09,Email8754
3000000012077,1,Caixa Postal,00:00:17,,,N,,,2025/04/09,
3000000012078,1,Caixa Postal,00:00:04,,,N,,,2025/04/09,
3000000012079,1,Caixa Postal,00:00:02,cli,10000000258478,N,,,2025/04/09,
3000000012080,1,Caixa Postal,00:01:49,cli,10000000258478,N,,,2025/04/09,
3000000012081,1,Informação,00:04:26,,,N,,,2025/04/09,
3000000012082,1,Chamada Não Atendida,,Cli,10000000258479,N,,,2025/04/09,
3000000012083,1,Caixa Postal,,Cliente,10000000258480,N,,,2025/04/09,
3000000012084,1,Caixa Postal,00:00:01,Cliente,,N,,,2025/04/09,
3000000012085,1,Informação,00:00:00,CLI,,N,,,2025/04/09,
3000000012086,1,URA Pesquisa NPS,00:03:20,CLI,,S,,,2025/04/09,Email5556
3000000012087,1,Caixa Postal,00:00:00,cli,10000000258481,N,,,2025/04/09,
3000000012088,1,Caixa Postal,,cli,10000000258481,N,,,2025/04/09,
3000000012089,1,URA Pesquisa NPS,00:00:13,cli,,S,,,2025/04/09,Email48439
3000000012090,1,URA Pesquisa NPS,00:02:29,CLI,10000000258482,S,Sim,8.0,2025/04/09,Email4194
3000000012091,1,Caixa Postal,,,,N,,,2025/04/09,
3000000012092,1,Caixa Postal,,,,N,,,2025/04/09,
3000000012093,1,Informação,00:00:04,cli,,N,,,2025/04/09,
3000000012094,1,URA Pesquisa NPS,00:01:12,cli,10000000258483,S,Sim,9.0,2025/04/09,Email48443
3000000012095,1,Informação,00:04:59,CLI,,N,,,2025/04/09,
3000000012096,1,Caixa Postal,00:00:03,Cli,,N,,,2025/04/09,
3000000012097,1,Protocolo Permanecera em Andamento,00:02:49,Cli,,N,,,2025/04/09,
3000000012098,1,Caixa Postal,00:00:01,,,N,,,2025/04/09,
3000000012099,1,URA Pesquisa NPS,00:02:57,,10000000258484,S,Sim,7.0,2025/04/09,Email45
3000000012100,1,Informação,00:04:04,,,N,,,2025/04/09,
3000000012101,1,Ocupado,,cli,10000000258485,N,,,2025/04/09,
3000000012102,1,Ocupado,,cli,10000000258485,N,,,2025/04/09,
3000000012103,1,Caixa Postal,,cli,10000000258481,N,,,2025/04/09,
3000000012104,1,Caixa Postal,,cli,10000000258481,N,,,2025/04/09,
3000000012105,1,Chamada Não Atendida,00:00:01,CLI,10000000258486,N,,,2025/04/09,
3000000012106,1,Caixa Postal,00:00:07,cli,10000000258487,N,,,2025/04/09,
3000000012107,1,URA Pesquisa NPS,00:01:45,cli,10000000258487,S,Sim,10.0,2025/04/09,Email48438
3000000012108,1,URA Pesquisa NPS,00:03:08,Cli,10000000258488,S,Sim,10.0,2025/04/09,Email19156
3000000012109,1,Caixa Postal,00:00:03,CLI,10000000258489,N,,,2025/04/09,
3000000012110,1,Chamada Não Atendida,,CLI,10000000258489,N,,,2025/04/09,
3000000012111,1,Caixa Postal,,CLI,10000000258490,N,,,2025/04/09,
3000000012112,1,Chamada Não Atendida,,CLI,10000000258490,N,,,2025/04/09,
3000000012113,1,Ligação Muda,,CLI,10000000258491,N,,,2025/04/09,
3000000012114,1,Ligação Muda,,CLI,10000000258491,N,,,2025/04/09,
3000000012115,1,Protocolo Permanecera em Andamento,00:01:14,CLI,10000000258491,N,,,2025/04/09,
3000000012116,1,Caixa Postal,00:00:00,Cli,10000000258492,N,,,2025/04/09,
3000000012117,1,Informação,,cli,10000000258493,N,,,2025/04/09,
3000000012118,1,Caixa Postal,00:00:07,cli,10000000258493,N,,,2025/04/09,
3000000012119,1,URA Pesquisa NPS,00:02:27,Cli,10000000258494,S,Sim,10.0,2025/04/09,Email5371
3000000012120,1,Não Atende,00:00:59,,,N,,,2025/04/09,
3000000012121,1,Caixa Postal,,CLI,10000000258495,N,,,2025/04/09,
3000000012122,1,Caixa Postal,00:00:00,CLI,10000000258489,N,,,2025/04/09,
3000000012123,1,Contato de Finalizacao do Protocolo,00:07:32,Cli,10000000258394,N,,,2025/04/09,
3000000012124,1,Caixa Postal,,cli,,N,,,2025/04/09,
3000000012125,1,Informação,,cli,,N,,,2025/04/09,
3000000012126,1,Informação,00:00:01,,,N,,,2025/04/09,
3000000012127,1,Caixa Postal,,Cliente,,N,,,2025/04/09,
3000000012128,1,Informação,00:00:00,,,N,,,2025/04/09,
3000000012129,1,Caixa Postal,00:00:20,,,N,,,2025/04/09,
3000000012130,1,Caixa Postal,,Cliente,,N,,,2025/04/09,
3000000012131,1,Caixa Postal,,Cliente,,N,,,2025/04/09,
3000000012132,1,Caixa Postal,00:00:02,Cli,10000000258496,N,,,2025/04/09,
3000000012133,1,Sent To Voicemail,00:29:17,Cliente,10000000258467,S,Sim,10.0,2025/04/09,Email4355
3000000012134,1,Caixa Postal,00:00:06,Cli,10000000258496,N,,,2025/04/09,
3000000012135,1,Caixa Postal,00:00:06,Cli,10000000258496,N,,,2025/04/09,
3000000012136,1,Caixa Postal,00:00:01,Cli,10000000258496,N,,,2025/04/09,
3000000012137,1,URA Pesquisa NPS,00:01:10,CLI,10000000258497,S,Sim,9.0,2025/04/09,Email296
3000000012138,1,Caixa Postal,,Cli,10000000258498,N,,,2025/04/09,
3000000012139,1,Ocupado,,Cli,10000000258499,N,,,2025/04/09,
3000000012140,1,Sent To Voicemail,00:02:39,Cli,10000000258500,S,Sim,1.0,2025/04/09,Email5371
3000000012141,1,Informação,00:00:06,,,N,,,2025/04/09,
3000000012142,1,URA Pesquisa NPS,00:02:28,,,S,Sim,10.0,2025/04/09,Email5556
3000000012143,1,Informação,00:00:10,CLI,,N,,,2025/04/09,
3000000012144,1,URA Pesquisa NPS,00:03:12,Cli,10000000258501,S,Sim,10.0,2025/04/09,Email1768
3000000012145,1,Caixa Postal,,CLI,,N,,,2025/04/09,
3000000012146,1,URA Pesquisa NPS,00:05:14,CLI,10000000258502,S,Sim,10.0,2025/04/09,Email48443
3000000012147,1,Caixa Postal,00:00:03,Cliente,10000000258480,N,,,2025/04/09,
3000000012148,1,Caixa Postal,00:00:03,Cliente,10000000258480,N,,,2025/04/09,
3000000012149,1,Caixa Postal,00:00:02,,,N,,,2025/04/09,
3000000012150,1,Caixa Postal,00:00:03,,,N,,,2025/04/09,
3000000012151,1,URA Pesquisa NPS,00:05:12,Cli,10000000258503,S,Sim,9.0,2025/04/09,Email5371
3000000012152,1,Dados incorretos do cliente,,Cliente,10000000258504,N,,,2025/04/09,
3000000012153,1,Contato de Finalizacao do Protocolo,00:29:12,,,N,,,2025/04/09,
3000000012154,1,Dados incorretos do cliente,,Cliente,10000000258504,N,,,2025/04/09,
3000000012155,1,Caixa Postal,00:00:00,CLI,10000000258505,N,,,2025/04/09,
3000000012156,1,Caixa Postal,00:00:05,,,N,,,2025/04/09,
3000000012157,1,Caixa Postal,00:00:01,,,N,,,2025/04/09,
3000000012158,1,Caixa Postal,00:00:01,cli,10000000258412,N,,,2025/04/09,
3000000012159,1,Cliente Desligou,00:00:13,,,N,,,2025/04/09,
3000000012160,1,Caixa Postal,,cli,10000000258412,N,,,2025/04/09,
3000000012161,1,Informação,00:00:22,Cli,,N,,,2025/04/09,
3000000012162,1,Informação,,,,N,,,2025/04/09,
3000000012163,1,Caixa Postal,00:00:03,,,N,,,2025/04/09,
3000000012164,1,Caixa Postal,00:00:00,,,N,,,2025/04/09,
3000000012165,1,Caixa Postal,00:00:02,CLI ,,N,,,2025/04/09,
3000000012166,1,Caixa Postal,00:00:08,CLI ,,N,,,2025/04/09,
3000000012167,1,Informação,,,,N,,,2025/04/09,
3000000012168,1,Caixa Postal,00:00:03,CLI ,,N,,,2025/04/08,
3000000012169,1,Caixa Postal,,CLI ,,N,,,2025/04/08,
3000000012170,1,Informação,,CLI ,,N,,,2025/04/08,
3000000012171,1,Informação,00:07:58,CLI,,N,,,2025/04/08,
3000000012172,1,Caixa Postal,,,,N,,,2025/04/08,
3000000012173,1,Caixa Postal,,,,N,,,2025/04/08,
3000000012174,1,URA Pesquisa NPS,00:00:57,CLI,10000000258506,S,,,2025/04/08,Email4355
3000000012175,1,Chamada Não Atendida,,CLI ,,N,,,2025/04/08,
3000000012176,1,Caixa Postal,,,,N,,,2025/04/08,
3000000012177,1,URA Pesquisa NPS,00:01:13,CLI,10000000258170,S,,,2025/04/08,Email296
3000000012178,1,Caixa Postal,00:00:06,CLI,,N,,,2025/04/08,
3000000012179,1,URA Pesquisa NPS,00:13:29,CLI,10000000258507,S,Nao,2.0,2025/04/08,Email48443
3000000012180,1,Caixa Postal,,CLI,,N,,,2025/04/08,
3000000012181,1,Caixa Postal,,,,N,,,2025/04/08,
3000000012182,1,Caixa Postal,,,,N,,,2025/04/08,
3000000012183,1,Caixa Postal,00:00:02,,,N,,,2025/04/08,
3000000012184,1,Caixa Postal,,,,N,,,2025/04/08,
3000000012185,1,Não Atende,,Cliente,10000000258508,N,,,2025/04/08,
3000000012186,1,Caixa Postal,00:00:00,cli,,N,,,2025/04/08,
3000000012187,1,Caixa Postal,,cli,,N,,,2025/04/08,
3000000012188,1,Caixa Postal,00:00:02,cli,,N,,,2025/04/08,
3000000012189,1,Caixa Postal,,cli,,N,,,2025/04/08,
3000000012190,1,Caixa Postal,,,,N,,,2025/04/08,
3000000012191,1,Chamada Não Atendida,,,,N,,,2025/04/08,
3000000012192,1,URA Pesquisa NPS,00:11:01,CLI,10000000258509,S,Sim,10.0,2025/04/08,Email329
3000000012193,1,Chamada Não Atendida,,,,N,,,2025/04/08,
3000000012194,1,Caixa Postal,,,,N,,,2025/04/08,
3000000012195,1,Caixa Postal,,CLI,,N,,,2025/04/08,
3000000012196,1,URA Pesquisa NPS,00:02:04,CLI,10000000258510,S,Sim,10.0,2025/04/08,Email4355
3000000012197,1,URA Pesquisa NPS,00:02:18,,10000000258511,S,Sim,10.0,2025/04/08,Email45
3000000012198,1,Caixa Postal,,,,N,,,2025/04/08,
3000000012199,1,Informação,00:06:05,,,N,,,2025/04/08,
3000000012200,1,Caixa Postal,00:00:08,,,N,,,2025/04/08,
3000000012201,1,Caixa Postal,00:00:05,,,N,,,2025/04/08,
3000000012202,1,Caixa Postal,00:00:01,CLI ,10000000258512,N,,,2025/04/08,
3000000012203,1,Caixa Postal,00:00:05,,,N,,,2025/04/08,
3000000012204,1,Caixa Postal,,,,N,,,2025/04/08,
3000000012205,1,Caixa Postal,00:00:03,,,N,,,2025/04/08,
3000000012206,1,Informação,,,,N,,,2025/04/08,
3000000012207,1,URA Pesquisa NPS,00:00:43,,10000000258513,S,Sim,10.0,2025/04/08,Email45
3000000012208,1,Contato de Finalizacao do Protocolo,00:01:44,,,N,,,2025/04/08,
3000000012209,1,Caixa Postal,00:00:03,,,N,,,2025/04/08,
3000000012210,1,Caixa Postal,00:00:04,CLI,10000000258514,N,,,2025/04/08,
3000000012211,1,Sent To Voicemail,00:30:06,CLI,10000000258515,S,Sim,10.0,2025/04/08,Email4355
3000000012212,1,Informação,,cli,,N,,,2025/04/08,
3000000012213,1,Chamada Não Atendida,,,,N,,,2025/04/08,
3000000012214,1,Contato de Finalizacao do Protocolo,00:01:32,,,N,,,2025/04/08,
3000000012215,1,Chamada Não Atendida,,,,N,,,2025/04/08,
3000000012216,1,Chamada Não Atendida,,,,N,,,2025/04/08,
3000000012217,1,Caixa Postal,00:00:11,,,N,,,2025/04/08,
3000000012218,1,Informação,00:01:03,,,N,,,2025/04/08,
3000000012219,1,URA Pesquisa NPS,00:01:43,Cli,10000000258516,S,,,2025/04/08,Email5371
3000000012220,1,Caixa Postal,00:00:07,Cli,10000000258517,N,,,2025/04/08,
3000000012221,1,Caixa Postal,00:00:07,,,N,,,2025/04/08,
3000000012222,1,Caixa Postal,00:00:02,,,N,,,2025/04/08,
3000000012223,1,Caixa Postal,00:00:04,,,N,,,2025/04/08,
3000000012224,1,Contato de Finalizacao do Protocolo,00:04:25,Cliente,,N,,,2025/04/08,
3000000012225,1,Informação,,CLI,,N,,,2025/04/08,
3000000012226,1,Caixa Postal,,,,N,,,2025/04/08,
3000000012227,1,Informação,,CLI,,N,,,2025/04/08,
3000000012228,1,Informação,,CLI,,N,,,2025/04/08,
3000000012229,1,Chamada Não Atendida,00:00:06,CLI,10000000258518,N,,,2025/04/08,
3000000012230,1,Chamada Não Atendida,,CLI,,N,,,2025/04/08,
3000000012231,1,Caixa Postal,00:01:48,cli,,N,,,2025/04/08,
3000000012232,1,Caixa Postal,00:00:03,,,N,,,2025/04/08,
3000000012233,1,Caixa Postal,00:00:04,,,N,,,2025/04/08,
3000000012234,1,Caixa Postal,,CLI,10000000258519,N,,,2025/04/08,
3000000012235,1,Caixa Postal,00:00:06,,,N,,,2025/04/08,
3000000012236,1,Chamada Não Atendida,00:00:04,CLI,10000000258520,N,,,2025/04/08,
3000000012237,1,Chamada Não Atendida,00:00:00,CLI,10000000258520,N,,,2025/04/08,
3000000012238,1,URA Pesquisa NPS,00:00:52,CLI,10000000258521,S,,,2025/04/08,Email364
3000000012239,1,Caixa Postal,00:00:05,cli ,,N,,,2025/04/08,
3000000012240,1,Informação,00:00:01,,,N,,,2025/04/08,
3000000012241,1,Caixa Postal,00:00:10,cli ,,N,,,2025/04/08,
3000000012242,1,URA Pesquisa NPS,00:03:18,CLI,10000000258522,S,Sim,10.0,2025/04/08,Email4194
3000000012243,1,Informação,00:01:24,,,N,,,2025/04/08,
3000000012244,1,Chamada Não Atendida,00:00:04,,,N,,,2025/04/08,
3000000012245,1,Chamada Não Atendida,00:00:05,,,N,,,2025/04/08,
3000000012246,1,Chamada Não Atendida,,,,N,,,2025/04/08,
3000000012247,1,Caixa Postal,00:00:09,,,N,,,2025/04/08,
3000000012248,1,Caixa Postal,,,,N,,,2025/04/08,
3000000012249,1,Caixa Postal,,,,N,,,2025/04/08,
3000000012250,1,Caixa Postal,00:00:07,CLI,,N,,,2025/04/08,
3000000012251,1,Caixa Postal,00:00:13,,,N,,,2025/04/08,
3000000012252,1,Informação,,Cliente,,N,,,2025/04/08,
3000000012253,1,Caixa Postal,00:00:05,CLI,10000000258523,N,,,2025/04/08,
3000000012254,1,Caixa Postal,00:00:10,Cli,,N,,,2025/04/08,
3000000012255,1,Chamada Não Atendida,,,,N,,,2025/04/08,
3000000012256,1,Ligação Muda,,CLI,10000000258523,N,,,2025/04/08,
3000000012257,1,URA Pesquisa NPS,00:01:40,CLI,10000000258524,S,Sim,10.0,2025/04/08,Email288
3000000012258,1,Caixa Postal,00:00:04,Cli,10000000258525,N,,,2025/04/08,
3000000012259,1,Caixa Postal,00:00:08,Cli,10000000258525,N,,,2025/04/08,
3000000012260,1,Informação,00:00:03,CLI,,N,,,2025/04/08,
3000000012261,1,Caixa Postal,,CLI ,,N,,,2025/04/08,
3000000012262,1,Caixa Postal,,CLI ,,N,,,2025/04/08,
3000000012263,1,Informação,00:00:21,,,N,,,2025/04/08,
3000000012264,1,Informação,,cli,,N,,,2025/04/08,
3000000012265,1,URA Pesquisa NPS,00:09:26,cli,10000000258526,S,Sim,10.0,2025/04/08,Email5556
3000000012266,1,URA Pesquisa NPS,00:01:04,CLI,10000000258527,S,Sim,10.0,2025/04/08,Email4355
3000000012267,1,Caixa Postal,,Cli,10000000258528,N,,,2025/04/08,
3000000012268,1,Cliente Desligou,00:02:26,Cli,10000000258528,N,,,2025/04/08,
3000000012269,1,Ligação Muda,00:00:13,Cliente,,N,,,2025/04/08,
3000000012270,1,Protocolo Permanecera em Andamento,00:15:31,Cliente,,N,,,2025/04/08,
3000000012271,1,Informação,00:00:02,,,N,,,2025/04/08,
3000000012272,1,URA Pesquisa NPS,00:05:06,Cli,10000000258529,S,,,2025/04/08,Email5371
3000000012273,1,Ocupado,,SAC,10000000258530,N,,,2025/04/08,
3000000012274,1,URA Pesquisa NPS,00:03:20,SAC,10000000258530,S,Sim,10.0,2025/04/08,Email1615
3000000012275,1,Informação,00:06:33,Cli,10000000258531,N,,,2025/04/08,
3000000012276,1,Caixa Postal,,CLI,,N,,,2025/04/08,
3000000012277,1,Informação,,Cliente,,N,,,2025/04/08,
3000000012278,1,Caixa Postal,00:00:18,Cliente,,N,,,2025/04/08,
3000000012279,1,URA Pesquisa NPS,00:14:31,Cliente,10000000258532,S,Sim,10.0,2025/04/08,Email48443
3000000012280,1,Informação,,,,N,,,2025/04/08,
3000000012281,1,Agent Error,00:09:10,,,N,,,2025/04/08,
3000000012282,1,Caixa Postal,,,,N,,,2025/04/08,
3000000012283,1,Caixa Postal,00:00:05,CLI,,N,,,2025/04/08,
3000000012284,1,Cliente solicita novo contato,00:03:21,CLI,10000000258533,N,,,2025/04/08,
3000000012285,1,Chamada Não Atendida,,,,N,,,2025/04/08,
3000000012286,1,Chamada Não Atendida,,,,N,,,2025/04/08,
3000000012287,1,Caixa Postal,00:00:04,,,N,,,2025/04/08,
3000000012288,1,Contato de Finalizacao do Protocolo,00:00:42,,,N,,,2025/04/08,
3000000012289,1,Caixa Postal,,,,N,,,2025/04/08,
3000000012290,1,Caixa Postal,,,,N,,,2025/04/08,
3000000012291,1,Protocolo Permanecera em Andamento,00:02:51,CLI,,N,,,2025/04/08,
3000000012292,1,URA Pesquisa NPS,00:14:00,Cli,10000000258534,S,Nao,8.0,2025/04/08,Email19156
3000000012293,1,Contato de Finalizacao do Protocolo,00:14:31,CLI,,N,,,2025/04/08,
3000000012294,1,Caixa Postal,00:00:11,CLI,,N,,,2025/04/08,
3000000012295,1,Informação,00:01:09,CLI,,N,,,2025/04/08,
3000000012296,1,URA Pesquisa NPS,00:01:24,CLI,10000000258535,S,Sim,0.0,2025/04/08,Email48443
3000000012297,1,Não Atende,,Cliente,10000000258469,N,,,2025/04/08,
3000000012298,1,Informação,,,,N,,,2025/04/08,
3000000012299,1,Informação,00:00:02,,,N,,,2025/04/08,
3000000012300,1,URA Pesquisa NPS,00:00:58,Cliente,10000000258536,S,,,2025/04/07,Email8754
3000000012301,1,Caixa Postal,00:00:03,Cli,,N,,,2025/04/07,
3000000012302,1,Caixa Postal,,Cli,,N,,,2025/04/07,
3000000012303,1,Informação,00:04:01,Cli,,N,,,2025/04/07,
3000000012304,1,Chamada Não Atendida,00:00:08,,,N,,,2025/04/07,
3000000012305,1,Chamada Não Atendida,00:00:05,,,N,,,2025/04/07,
3000000012306,1,Caixa Postal,,,,N,,,2025/04/07,
3000000012307,1,Informação,,,,N,,,2025/04/07,
3000000012308,1,Caixa Postal,,,,N,,,2025/04/07,
3000000012309,1,Ligação Muda,00:00:04,Cli,,N,,,2025/04/07,
3000000012310,1,Informação,00:02:06,Cli,,N,,,2025/04/07,
3000000012311,1,Chamada Não Atendida,00:00:02,CLI,10000000258537,N,,,2025/04/07,
3000000012312,1,Chamada Não Atendida,,CLI,10000000258537,N,,,2025/04/07,
3000000012313,1,Chamada Não Atendida,,CLI,10000000258537,N,,,2025/04/07,
3000000012314,1,Protocolo Permanecera em Andamento,00:01:58,,,N,,,2025/04/07,
3000000012315,1,Caixa Postal,,,,N,,,2025/04/07,
3000000012316,1,Caixa Postal,,,,N,,,2025/04/07,
3000000012317,1,Informação,00:00:07,CLI,,N,,,2025/04/07,
3000000012318,1,URA Pesquisa NPS,00:00:54,CLI,10000000258538,S,Sim,10.0,2025/04/07,Email288
3000000012319,1,Chamada Não Atendida,00:00:05,,,N,,,2025/04/07,
3000000012320,1,Chamada Não Atendida,00:00:00,,,N,,,2025/04/07,
3000000012321,1,Chamada Não Atendida,00:00:04,,,N,,,2025/04/07,
3000000012322,1,Chamada Não Atendida,00:00:03,,,N,,,2025/04/07,
3000000012323,1,URA Pesquisa NPS,00:02:10,CLI,10000000258539,S,Sim,10.0,2025/04/07,Email288
3000000012324,1,Responsavel ausente,00:00:26,Cliente,10000000258540,N,,,2025/04/07,
3000000012325,1,Não Atende,,Cliente,10000000258540,N,,,2025/04/07,
3000000012326,1,URA Pesquisa NPS,00:00:39,CLI,10000000258541,S,Sim,10.0,2025/04/07,Email296
3000000012327,1,Chamada Não Atendida,,CLI ,10000000258512,N,,,2025/04/07,
3000000012328,1,Chamada Não Atendida,,CLI ,10000000258512,N,,,2025/04/07,
3000000012329,1,Chamada Não Atendida,,CLI ,10000000258542,N,,,2025/04/07,
3000000012330,1,Chamada Não Atendida,,CLI ,10000000258542,N,,,2025/04/07,
3000000012331,1,Chamada Não Atendida,,CLI ,10000000258542,N,,,2025/04/07,
3000000012332,1,Caixa Postal,00:00:03,Cliente,10000000258543,N,,,2025/04/07,
3000000012333,1,Caixa Postal,,Cliente,10000000258543,N,,,2025/04/07,
3000000012334,1,Dados incorretos do cliente,,Cliente,10000000258543,N,,,2025/04/07,
3000000012335,1,Caixa Postal,00:00:00,,,N,,,2025/04/07,
3000000012336,1,Caixa Postal,,,,N,,,2025/04/07,
3000000012337,1,Atendimento em Dia_Hora especifico,00:00:00,,,N,,,2025/04/07,
3000000012338,1,Caixa Postal,00:00:06,,,N,,,2025/04/07,
3000000012339,1,Caixa Postal,,,,N,,,2025/04/07,
3000000012340,1,Caixa Postal,00:00:07,,,N,,,2025/04/07,
3000000012341,1,Atendimento em Dia_Hora especifico,00:00:03,,,N,,,2025/04/07,
3000000012342,1,URA Pesquisa NPS,00:02:07,cli,10000000258544,S,Sim,10.0,2025/04/07,Email288
3000000012343,1,Caixa Postal,,,,N,,,2025/04/07,
3000000012344,1,URA Pesquisa NPS,00:00:59,CLI,10000000258545,S,,,2025/04/07,Email296
3000000012345,1,Chamada Não Atendida,,CLI ,10000000258546,N,,,2025/04/07,
3000000012346,1,Chamada Não Atendida,,CLI ,10000000258546,N,,,2025/04/07,
3000000012347,1,Chamada Não Atendida,,CLI ,10000000258546,N,,,2025/04/07,
3000000012348,1,Caixa Postal,00:00:04,,,N,,,2025/04/07,
3000000012349,1,Caixa Postal,,,,N,,,2025/04/07,
3000000012350,1,Cliente Desligou,00:01:03,Cliente,10000000258543,N,,,2025/04/07,
3000000012351,1,Não Atende,00:00:15,,10000000258547,N,,,2025/04/07,
3000000012352,1,Não Atende,00:00:13,,,N,,,2025/04/07,
3000000012353,1,Cliente Desligou,00:00:46,,,N,,,2025/04/07,
3000000012354,1,URA Pesquisa NPS,00:01:04,,,S,Sim,10.0,2025/04/07,Email48444
3000000012355,1,URA Pesquisa NPS,00:05:21,CLI,10000000258548,S,Sim,10.0,2025/04/07,Email48443
3000000012356,1,Caixa Postal,,Cliente,10000000258549,N,,,2025/04/07,
3000000012357,1,Informação,00:00:19,,,N,,,2025/04/07,
3000000012358,1,Não Atende,00:00:08,,10000000258547,N,,,2025/04/07,
3000000012359,1,Cliente Desligou,,Cliente,10000000258549,N,,,2025/04/07,
3000000012360,1,Informação,,cli,,N,,,2025/04/07,
3000000012361,1,Contato de Finalizacao do Protocolo,00:06:02,,,N,,,2025/04/07,
3000000012362,1,Chamada Não Atendida,00:00:07,Cli,10000000258550,N,,,2025/04/07,
3000000012363,1,URA Pesquisa NPS,00:00:43,Cli,,S,Sim,,2025/04/07,Email296
3000000012364,1,Ligação Muda,,cli,10000000258551,N,,,2025/04/07,
3000000012365,1,URA Pesquisa NPS,00:00:59,cli,10000000258551,S,,,2025/04/07,Email48439
3000000012366,1,Caixa Postal,00:00:03,,,N,,,2025/04/07,
3000000012367,1,Caixa Postal,00:00:04,,,N,,,2025/04/07,
3000000012368,1,Caixa Postal,00:00:05,,,N,,,2025/04/07,
3000000012369,1,Informação,00:05:18,,,N,,,2025/04/07,
3000000012370,1,Caixa Postal,,,,N,,,2025/04/07,
3000000012371,1,Caixa Postal,,,,N,,,2025/04/07,
3000000012372,1,Caixa Postal,,Cli,10000000258552,N,,,2025/04/07,
3000000012373,1,Informação,,,,N,,,2025/04/07,
3000000012374,1,URA Pesquisa NPS,00:00:35,CLI,10000000258553,S,Sim,10.0,2025/04/07,Email296
3000000012375,1,Caixa Postal,,Cli,10000000258552,N,,,2025/04/07,
3000000012376,1,Informação,00:00:15,CLI,10000000258554,N,,,2025/04/07,
3000000012377,1,URA Pesquisa NPS,00:01:27,cli,10000000258555,S,Sim,9.0,2025/04/07,Email48443
3000000012378,1,Sent To Voicemail,00:01:51,,10000000258556,S,Sim,10.0,2025/04/07,Email48442
3000000012379,1,Caixa Postal,00:00:06,,,N,,,2025/04/07,
3000000012380,1,Caixa Postal,00:00:09,,,N,,,2025/04/07,
3000000012381,1,Caixa Postal,,Cli,10000000258552,N,,,2025/04/07,
3000000012382,1,Consulta Status,,Cli,10000000258552,N,,,2025/04/07,
3000000012383,1,Caixa Postal,,Cli,10000000258552,N,,,2025/04/07,
3000000012384,1,Caixa Postal,00:00:00,CLI,10000000258557,N,,,2025/04/07,
3000000012385,1,Caixa Postal,,,,N,,,2025/04/07,
3000000012386,1,Chamada Não Atendida,00:00:05,Cli,10000000258346,N,,,2025/04/07,
3000000012387,1,Caixa Postal,00:00:09,Cli,,N,,,2025/04/07,
3000000012388,1,Chamada Não Atendida,00:00:05,Cli,10000000258346,N,,,2025/04/07,
3000000012389,1,Caixa Postal,00:00:04,,,N,,,2025/04/07,
3000000012390,1,Caixa Postal,,CLI,,N,,,2025/04/07,
3000000012391,1,Caixa Postal,,CLI,,N,,,2025/04/07,
3000000012392,1,Caixa Postal,00:00:10,CLI,,N,,,2025/04/07,
3000000012393,1,Informação,,,,N,,,2025/04/07,
3000000012394,1,Informação,00:00:06,,,N,,,2025/04/07,
3000000012395,1,URA Pesquisa NPS,00:02:08,Cli,10000000258558,S,,,2025/04/07,Email1615
3000000012396,1,Caixa Postal,00:00:04,cli,,N,,,2025/04/07,
3000000012397,1,Caixa Postal,,cli,,N,,,2025/04/07,
3000000012398,1,Não Atende,,Cliente,10000000258559,N,,,2025/04/07,
3000000012399,1,Ocupado,,Cliente,10000000258560,N,,,2025/04/07,
3000000012400,1,URA Pesquisa NPS,00:01:35,cli,10000000258561,S,Sim,10.0,2025/04/07,Email48443
3000000012401,1,URA Pesquisa NPS,00:00:33,CLI,10000000258562,S,,,2025/04/07,Email8754
3000000012402,1,Caixa Postal,00:00:10,,,N,,,2025/04/07,
3000000012403,1,Chamada Não Atendida,00:00:06,CLI,10000000258563,N,,,2025/04/07,
3000000012404,1,Chamada Não Atendida,,CLI,10000000258563,N,,,2025/04/07,
3000000012405,1,Ligação Muda,,CLI,10000000258564,N,,,2025/04/07,
3000000012406,1,Caixa Postal,00:00:09,Cli,10000000258565,N,,,2025/04/07,
3000000012407,1,Caixa Postal,00:00:05,,,N,,,2025/04/07,
3000000012408,1,Contato de Finalizacao do Protocolo,00:02:50,cli,10000000258440,N,,,2025/04/07,
3000000012409,1,Caixa Postal,00:00:09,Cli,10000000258565,N,,,2025/04/07,
3000000012410,1,Ligação Muda,,CLI,10000000258564,N,,,2025/04/07,
3000000012411,1,Contato de Finalizacao do Protocolo,00:00:52,,,N,,,2025/04/07,
3000000012412,1,Caixa Postal,,CLI,10000000258566,N,,,2025/04/07,
3000000012413,1,Caixa Postal,,,,N,,,2025/04/07,
3000000012414,1,Caixa Postal,,,,N,,,2025/04/07,
3000000012415,1,Informação,,,,N,,,2025/04/07,
3000000012416,1,URA Pesquisa NPS,00:01:09,CLI,10000000258567,S,Sim,10.0,2025/04/07,Email288
3000000012417,1,Informação,00:00:00,,,N,,,2025/04/07,
3000000012418,1,Contato de Finalizacao do Protocolo,00:04:01,,,N,,,2025/04/07,
3000000012419,1,Não Atende,,Cliente,10000000258568,N,,,2025/04/07,
3000000012420,1,Caixa Postal,00:00:09,Cliente,10000000258568,N,,,2025/04/07,
3000000012421,1,Informação,,,,N,,,2025/04/07,
3000000012422,1,Informação,00:00:03,,,N,,,2025/04/07,
3000000012423,1,Informação,,,,N,,,2025/04/07,
3000000012424,1,Caixa Postal,,Cli,,N,,,2025/04/07,
3000000012425,1,Caixa Postal,,Cli,,N,,,2025/04/07,
3000000012426,1,Não Atende,,Cliente,10000000258569,N,,,2025/04/07,
3000000012427,1,Informação,00:00:19,Cliente,,N,,,2025/04/07,
3000000012428,1,Caixa Postal,,Cliente,,N,,,2025/04/07,
3000000012429,1,Caixa Postal,,Cliente,,N,,,2025/04/07,
3000000012430,1,Caixa Postal,,Cliente,,N,,,2025/04/07,
3000000012431,1,Caixa Postal,,Cliente,,N,,,2025/04/07,
3000000012432,1,Caixa Postal,00:00:08,Cliente,,N,,,2025/04/07,
3000000012433,1,Caixa Postal,,CLI,10000000258570,N,,,2025/04/07,
3000000012434,1,Ligação Muda,,CLI,10000000258570,N,,,2025/04/07,
3000000012435,1,Ligação Muda,,CLI,10000000258570,N,,,2025/04/07,
3000000012436,1,Caixa Postal,00:00:01,CLI,10000000258570,N,,,2025/04/07,
3000000012437,1,Caixa Postal,,CLI,10000000258570,N,,,2025/04/07,
3000000012438,1,Caixa Postal,,cli,,N,,,2025/04/07,
3000000012439,1,URA Pesquisa NPS,00:01:28,cli,10000000258571,S,Sim,10.0,2025/04/07,Email48443
3000000012440,1,Caixa Postal,00:00:01,CLI ,,N,,,2025/04/07,
3000000012441,1,Caixa Postal,,CLI ,,N,,,2025/04/07,
3000000012442,1,Informação,00:00:02,,,N,,,2025/04/07,
3000000012443,1,URA Pesquisa NPS,00:01:29,,,S,Sim,,2025/04/07,Email5556
3000000012444,1,Caixa Postal,00:00:06,,,N,,,2025/04/07,
3000000012445,1,Caixa Postal,,Cliente,10000000258572,N,,,2025/04/07,
3000000012446,1,Caixa Postal,00:00:03,Cliente,10000000258572,N,,,2025/04/07,
3000000012447,1,Ligação Muda,00:00:21,,10000000258573,N,,,2025/04/07,
3000000012448,1,Responsavel ausente,00:00:50,Cli,10000000258574,N,,,2025/04/07,
3000000012449,1,Informação,,CLI,,N,,,2025/04/07,
3000000012450,1,Caixa Postal,00:00:14,,,N,,,2025/04/07,
3000000012451,1,Informação,,CLI,,N,,,2025/04/07,
3000000012452,1,Informação,,,,N,,,2025/04/07,
3000000012453,1,Caixa Postal,00:00:14,CLI,,N,,,2025/04/07,
3000000012454,1,URA Pesquisa NPS,00:01:26,CLI,10000000258575,S,Sim,10.0,2025/04/07,Email48443
3000000012455,1,Caixa Postal,00:00:05,Cli,10000000258576,N,,,2025/04/07,
3000000012456,1,Informação,,,,N,,,2025/04/07,
3000000012457,1,Ligação Muda,,cli ,10000000258577,N,,,2025/04/07,
3000000012458,1,Caixa Postal,00:00:04,cli ,10000000258577,N,,,2025/04/07,
3000000012459,1,Caixa Postal,00:00:03,cli ,10000000258577,N,,,2025/04/07,
3000000012460,1,URA Pesquisa NPS,00:01:23,cli,10000000258578,S,Sim,9.0,2025/04/07,Email48443
3000000012461,1,Caixa Postal,00:00:04,,,N,,,2025/04/07,
3000000012462,1,Caixa Postal,00:00:05,,,N,,,2025/04/07,
3000000012463,1,Sent To Voicemail,00:04:36,cli,10000000258579,S,Sim,1.0,2025/04/07,Email288
3000000012464,1,Informação,,CLI,,N,,,2025/04/07,
3000000012465,1,Informação,,CLI,,N,,,2025/04/07,
3000000012466,1,Informação,,CLI,,N,,,2025/04/07,
3000000012467,1,Caixa Postal,00:00:03,,,N,,,2025/04/07,
3000000012468,1,Caixa Postal,00:00:08,CLI,10000000258580,N,,,2025/04/07,
3000000012469,1,Caixa Postal,00:00:01,Cliente,10000000258572,N,,,2025/04/07,
3000000012470,1,URA Pesquisa NPS,00:01:28,CLI,10000000258580,S,Sim,7.0,2025/04/07,Email4355
3000000012471,1,Contato de Finalizacao do Protocolo,00:02:31,,,N,,,2025/04/07,
3000000012472,1,Caixa Postal,00:00:05,,,N,,,2025/04/07,
3000000012473,1,Responsavel ausente,00:01:57,,,N,,,2025/04/07,
3000000012474,1,Caixa Postal,00:00:13,CLI,10000000258506,N,,,2025/04/07,
3000000012475,1,Responsavel ausente,00:01:24,CLI,10000000258506,N,,,2025/04/07,
3000000012476,1,Caixa Postal,00:00:06,Cli,10000000258581,N,,,2025/04/04,
3000000012477,1,Caixa Postal,00:00:05,Cli,10000000258581,N,,,2025/04/04,
3000000012478,1,Consulta Status,00:00:03,CLI ,,N,,,2025/04/04,
3000000012479,1,Caixa Postal,00:00:06,,,N,,,2025/04/04,
3000000012480,1,Consulta Status,00:00:10,,,N,,,2025/04/04,
3000000012481,1,Caixa Postal,00:00:05,,,N,,,2025/04/04,
3000000012482,1,URA Pesquisa NPS,00:04:26,CLI,10000000258582,S,Sim,10.0,2025/04/04,Email4194
3000000012483,1,Contato de Finalizacao do Protocolo,00:01:53,,,N,,,2025/04/04,
3000000012484,1,Informação,00:00:06,,,N,,,2025/04/04,
3000000012485,1,Caixa Postal,,,,N,,,2025/04/04,
3000000012486,1,URA Pesquisa NPS,00:01:24,CLI,10000000258583,S,Sim,10.0,2025/04/04,Email4194
3000000012487,1,Caixa Postal,00:04:12,,,N,,,2025/04/04,
3000000012488,1,Informação,00:00:05,,,N,,,2025/04/04,
3000000012489,1,Informação,,,,N,,,2025/04/04,
3000000012490,1,Informação,,,,N,,,2025/04/04,
3000000012491,1,Não Atende,,Cliente,10000000258584,N,,,2025/04/04,
3000000012492,1,Não Atende,,Cliente,10000000258584,N,,,2025/04/04,
3000000012493,1,URA Pesquisa NPS,00:01:08,,10000000258585,S,Sim,10.0,2025/04/04,Email19156
3000000012494,1,Protocolo Permanecera em Andamento,00:02:17,Cli,10000000258586,N,,,2025/04/04,
3000000012495,1,Protocolo Permanecera em Andamento,00:04:31,Cli,10000000258586,N,,,2025/04/04,
3000000012496,1,Protocolo Permanecera em Andamento,00:09:52,Cli,10000000258586,N,,,2025/04/04,
3000000012497,1,Não Atende,,Cliente,10000000258587,N,,,2025/04/04,
3000000012498,1,Informação,,,,N,,,2025/04/04,
3000000012499,1,Informação,00:00:13,cli,,N,,,2025/04/04,
3000000012500,1,Caixa Postal,00:00:12,,,N,,,2025/04/04,
3000000012501,1,URA Pesquisa NPS,00:04:41,cli,10000000258588,S,Sim,10.0,2025/04/04,Email288
3000000012502,1,URA Pesquisa NPS,00:01:35,CLI ,10000000258589,S,Sim,10.0,2025/04/04,Email48443
3000000012503,1,Informação,00:00:03,,,N,,,2025/04/04,
3000000012504,1,Caixa Postal,00:00:10,,,N,,,2025/04/04,
3000000012505,1,Caixa Postal,00:00:09,,,N,,,2025/04/04,
3000000012506,1,Caixa Postal,00:00:07,,,N,,,2025/04/04,
3000000012507,1,Informação,00:00:05,Cliente,,N,,,2025/04/04,
3000000012508,1,Caixa Postal,00:00:03,,,N,,,2025/04/04,
3000000012509,1,Caixa Postal,00:00:03,,,N,,,2025/04/04,
3000000012510,1,Caixa Postal,00:00:02,,,N,,,2025/04/04,
3000000012511,1,Informação,00:00:06,,,N,,,2025/04/04,
3000000012512,1,Sent To Voicemail,00:00:50,CLI,10000000258590,S,Sim,9.0,2025/04/04,Email296
3000000012513,1,Chamada Não Atendida,,cli,10000000258591,N,,,2025/04/04,
3000000012514,1,Chamada Não Atendida,,cli,10000000258591,N,,,2025/04/04,
3000000012515,1,Ocupado,,,,N,,,2025/04/04,
3000000012516,1,URA Pesquisa NPS,00:02:23,,,S,Sim,10.0,2025/04/04,Email48444
3000000012517,1,Informação,,,,N,,,2025/04/04,
3000000012518,1,Informação,00:00:03,,,N,,,2025/04/04,
3000000012519,1,Informação,00:00:05,,,N,,,2025/04/04,
3000000012520,1,Contato de Finalizacao do Protocolo,00:02:30,Cli,10000000258592,N,,,2025/04/04,
3000000012521,1,Informação,00:00:02,,,N,,,2025/04/04,
3000000012522,1,URA Pesquisa NPS,00:01:39,Cli,10000000258592,S,Sim,10.0,2025/04/04,Email19156
3000000012523,1,Caixa Postal,00:00:13,CLI,10000000258537,N,,,2025/04/04,
3000000012524,1,Informação,,,,N,,,2025/04/04,
3000000012525,1,URA Pesquisa NPS,00:01:59,Cliente,10000000258593,S,Sim,,2025/04/04,Email8754
3000000012526,1,Informação,00:10:15,Cli,,N,,,2025/04/04,
3000000012527,1,Chamada Não Atendida,,CLI,10000000258594,N,,,2025/04/04,
3000000012528,1,Cliente Desligou,00:00:06,CLI,10000000258594,N,,,2025/04/04,
3000000012529,1,Cliente Desligou,,CLI,10000000258594,N,,,2025/04/04,
3000000012530,1,Não Atende,00:00:01,Cliente,10000000258595,N,,,2025/04/04,
3000000012531,1,Caixa Postal,00:00:15,,,N,,,2025/04/04,
3000000012532,1,Caixa Postal,00:00:06,,,N,,,2025/04/04,
3000000012533,1,Informação,,Cli,,N,,,2025/04/04,
3000000012534,1,Informação,,Cli,,N,,,2025/04/04,
3000000012535,1,Cliente Desligou,00:00:33,,,N,,,2025/04/04,
3000000012536,1,Ocupado,,Cli,10000000258596,N,,,2025/04/04,
3000000012537,1,Cliente Desligou,00:02:04,Cli,,N,,,2025/04/04,
3000000012538,1,Informação,00:01:17,,,N,,,2025/04/04,
3000000012539,1,Caixa Postal,,,,N,,,2025/04/04,
3000000012540,1,Caixa Postal,,,,N,,,2025/04/04,
3000000012541,1,Chamada Não Atendida,,CLI ,10000000258597,N,,,2025/04/04,
3000000012542,1,Chamada Não Atendida,,CLI ,10000000258597,N,,,2025/04/04,
3000000012543,1,Contato de Finalizacao do Protocolo,00:04:07,,,N,,,2025/04/04,
3000000012544,1,URA Pesquisa NPS,00:01:16,CLI,,S,Sim,10.0,2025/04/04,Email296
3000000012545,1,URA Pesquisa NPS,00:00:59,Cli,10000000258385,S,Sim,1.0,2025/04/04,Email1768
3000000012546,1,Caixa Postal,,CLi ,10000000258598,N,,,2025/04/04,
3000000012547,1,Caixa Postal,,CLi ,10000000258598,N,,,2025/04/04,
3000000012548,1,URA Pesquisa NPS,00:02:50,CLI,10000000258599,S,,,2025/04/04,Email288
3000000012549,1,Caixa Postal,00:00:02,Cli,,N,,,2025/04/04,
3000000012550,1,URA Pesquisa NPS,00:02:06,Cli,10000000258600,S,,,2025/04/04,Email48443
3000000012551,1,Caixa Postal,00:00:04,CLI,10000000258601,N,,,2025/04/04,
3000000012552,1,Informação,00:04:47,,,N,,,2025/04/04,
3000000012553,1,URA Pesquisa NPS,00:01:33,,,S,Sim,9.0,2025/04/04,Email48444
3000000012554,1,Caixa Postal,,CLI,10000000258602,N,,,2025/04/04,
3000000012555,1,Caixa Postal,00:00:04,,,N,,,2025/04/04,
3000000012556,1,Caixa Postal,,,,N,,,2025/04/04,
3000000012557,1,Caixa Postal,,CLI,10000000258602,N,,,2025/04/04,
3000000012558,1,Informação,00:00:45,CLI,10000000258602,N,,,2025/04/04,
3000000012559,1,Caixa Postal,,CLI,10000000258603,N,,,2025/04/04,
3000000012560,1,Não Atende,,Cliente,10000000258604,N,,,2025/04/04,
3000000012561,1,Informação,00:04:58,CLI,10000000258605,N,,,2025/04/04,
3000000012562,1,Caixa Postal,00:00:05,Cliente,,N,,,2025/04/04,
3000000012563,1,Chamada Não Atendida,00:00:09,Cliente,,N,,,2025/04/04,
3000000012564,1,Ocupado,,,10000000258606,N,,,2025/04/04,
3000000012565,1,Caixa Postal,00:00:03,,,N,,,2025/04/04,
3000000012566,1,Chamada Não Atendida,00:00:03,Cliente,,N,,,2025/04/04,
3000000012567,1,Informação,00:01:14,,,N,,,2025/04/04,
3000000012568,1,Caixa Postal,00:00:04,Cliente,10000000258607,N,,,2025/04/04,
3000000012569,1,URA Pesquisa NPS,00:00:53,Cliente,10000000258607,S,,,2025/04/04,Email8754
3000000012570,1,Caixa Postal,00:00:00,CLI,10000000258608,N,,,2025/04/04,
3000000012571,1,Caixa Postal,,CLI,10000000258608,N,,,2025/04/04,
3000000012572,1,Caixa Postal,,CLI,10000000258608,N,,,2025/04/04,
3000000012573,1,Cliente Desligou,00:00:06,CLI,10000000258609,N,,,2025/04/04,
3000000012574,1,Caixa Postal,,CLI,,N,,,2025/04/04,
3000000012575,1,Caixa Postal,00:00:01,CLI,,N,,,2025/04/04,
3000000012576,1,Caixa Postal,,CLI,,N,,,2025/04/04,
3000000012577,1,Caixa Postal,,CLI,,N,,,2025/04/04,
3000000012578,1,Chamada Não Atendida,,,,N,,,2025/04/04,
3000000012579,1,Caixa Postal,,,,N,,,2025/04/04,
3000000012580,1,Caixa Postal,,,,N,,,2025/04/04,
3000000012581,1,Caixa Postal,,,,N,,,2025/04/04,
3000000012582,1,Caixa Postal,,,,N,,,2025/04/04,
3000000012583,1,Caixa Postal,00:00:08,Cliente,,N,,,2025/04/04,
3000000012584,1,Caixa Postal,00:00:06,Cliente,,N,,,2025/04/04,
3000000012585,1,URA Pesquisa NPS,00:01:13,Cliente,10000000258610,S,Sim,8.0,2025/04/04,Email8754
3000000012586,1,URA Pesquisa NPS,00:01:07,Cli,10000000258611,S,Sim,5.0,2025/04/04,Email1615
3000000012587,1,Informação,00:00:18,,,N,,,2025/04/04,
3000000012588,1,Caixa Postal,00:00:05,,,N,,,2025/04/04,
3000000012589,1,URA Pesquisa NPS,00:02:22,,10000000258612,S,Sim,10.0,2025/04/04,Email48442
3000000012590,1,Chamada Não Atendida,00:00:09,,,N,,,2025/04/04,
3000000012591,1,Informação,00:01:26,Cli,,N,,,2025/04/04,
3000000012592,1,Chamada Não Atendida,00:00:16,,,N,,,2025/04/04,
3000000012593,1,Caixa Postal,00:00:05,,,N,,,2025/04/04,
3000000012594,1,Caixa Postal,,CLI,10000000258613,N,,,2025/04/04,
3000000012595,1,URA Pesquisa NPS,00:01:17,,,S,,,2025/04/04,Email48444
3000000012596,1,Caixa Postal,,CLI,10000000258603,N,,,2025/04/04,
3000000012597,1,Informação,00:00:02,,,N,,,2025/04/04,
3000000012598,1,Caixa Postal,00:00:06,,,N,,,2025/04/04,
3000000012599,1,Caixa Postal,00:00:03,,,N,,,2025/04/04,
3000000012600,1,Caixa Postal,00:00:04,cli,,N,,,2025/04/04,
3000000012601,1,Caixa Postal,00:00:04,,,N,,,2025/04/04,
3000000012602,1,Chamada Não Atendida,,,,N,,,2025/04/04,
3000000012603,1,Chamada Não Atendida,00:00:04,,,N,,,2025/04/04,
3000000012604,1,Caixa Postal,00:00:01,CLI,,N,,,2025/04/04,
3000000012605,1,Informação,,,,N,,,2025/04/04,
3000000012606,1,Informação,00:02:35,,,N,,,2025/04/04,
3000000012607,1,Caixa Postal,,Cliente,10000000258536,N,,,2025/04/04,
3000000012608,1,URA Pesquisa NPS,00:02:27,,,S,,,2025/04/04,Email5556
3000000012609,1,Caixa Postal,00:00:04,,,N,,,2025/04/04,
3000000012610,1,Caixa Postal,,,,N,,,2025/04/04,
3000000012611,1,Consulta Status,00:00:06,cli,10000000258614,N,,,2025/04/04,
3000000012612,1,Caixa Postal,00:00:06,CLI,10000000258613,N,,,2025/04/04,
3000000012613,1,Informação,00:01:00,CLI,,N,,,2025/04/04,
3000000012614,1,Caixa Postal,00:00:01,CLI ,,N,,,2025/04/04,
3000000012615,1,Caixa Postal,,CLI ,,N,,,2025/04/04,
3000000012616,1,Caixa Postal,,,,N,,,2025/04/03,
3000000012617,1,Caixa Postal,00:00:03,,,N,,,2025/04/03,
3000000012618,1,Caixa Postal,00:00:09,,,N,,,2025/04/03,
3000000012619,1,Chamada Não Atendida,,,,N,,,2025/04/03,
3000000012620,1,Caixa Postal,00:00:08,Cliente,10000000258615,N,,,2025/04/03,
3000000012621,1,Chamada Não Atendida,00:00:01,CLI,10000000258616,N,,,2025/04/03,
3000000012622,1,Chamada Não Atendida,,CLI,10000000258616,N,,,2025/04/03,
3000000012623,1,Informação,,,,N,,,2025/04/03,
3000000012624,1,Informação,00:00:14,CLI,,N,,,2025/04/03,
3000000012625,1,Informação,00:00:01,CLI,,N,,,2025/04/03,
3000000012626,1,Informação,00:00:22,CLI,,N,,,2025/04/03,
3000000012627,1,Dados incorretos do cliente,,Cliente,10000000258617,N,,,2025/04/03,
3000000012628,1,Caixa Postal,00:00:06,Cliente,10000000258617,N,,,2025/04/03,
3000000012629,1,Cliente Desligou,00:00:12,Cli,10000000258618,N,,,2025/04/03,
3000000012630,1,URA Pesquisa NPS,00:02:26,Cli,10000000258618,S,,,2025/04/03,Email1615
3000000012631,1,Caixa Postal,00:00:04,Cli,10000000258619,N,,,2025/04/03,
3000000012632,1,Caixa Postal,00:00:06,Cli,10000000258619,N,,,2025/04/03,
3000000012633,1,Caixa Postal,00:00:05,CLI,,N,,,2025/04/03,
3000000012634,1,URA Pesquisa NPS,00:01:03,CLI,10000000258620,S,Sim,10.0,2025/04/03,Email4355
3000000012635,1,Chamada Não Atendida,00:00:11,CLI,10000000258621,N,,,2025/04/03,
3000000012636,1,Chamada Não Atendida,,,,N,,,2025/04/03,
3000000012637,1,Chamada Não Atendida,,CLI,,N,,,2025/04/03,
3000000012638,1,Informação,00:00:06,CLI,,N,,,2025/04/03,
3000000012639,1,URA Pesquisa NPS,00:03:01,CLI,10000000258622,S,,,2025/04/03,Email288
3000000012640,1,Caixa Postal,,Cli,10000000258623,N,,,2025/04/03,
3000000012641,1,Caixa Postal,,Cli,10000000258623,N,,,2025/04/03,
3000000012642,1,Dados incorretos do cliente,,Cli,10000000258623,N,,,2025/04/03,
3000000012643,1,Caixa Postal,00:00:03,Cli,10000000258623,N,,,2025/04/03,
3000000012644,1,Caixa Postal,00:00:04,CLI,10000000258583,N,,,2025/04/03,
3000000012645,1,Caixa Postal,00:00:01,CLI,10000000258583,N,,,2025/04/03,
3000000012646,1,Informação,00:00:02,CLI,,N,,,2025/04/03,
3000000012647,1,Informação,00:00:03,CLI,,N,,,2025/04/03,
3000000012648,1,Informação,,,,N,,,2025/04/03,
3000000012649,1,Caixa Postal,00:00:07,CLI,10000000258624,N,,,2025/04/03,
3000000012650,1,Caixa Postal,00:00:13,cli,10000000258625,N,,,2025/04/03,
3000000012651,1,Contato de Finalizacao do Protocolo,00:00:35,cli,10000000258625,N,,,2025/04/03,
3000000012652,1,Informação,00:00:05,,,N,,,2025/04/03,
3000000012653,1,Caixa Postal,00:00:04,CLI,10000000258624,N,,,2025/04/03,
3000000012654,1,Sent To Voicemail,00:07:00,CLI,10000000258626,S,Sim,10.0,2025/04/03,Email4194
3000000012655,1,Caixa Postal,00:00:10,Cli,10000000258627,N,,,2025/04/03,
3000000012656,1,Contato de Finalizacao do Protocolo,00:04:52,Cli,,N,,,2025/04/03,
3000000012657,1,URA Pesquisa NPS,00:01:34,CLI,10000000258628,S,Sim,10.0,2025/04/03,Email48443
3000000012658,1,Informação,00:00:24,,10000000258629,N,,,2025/04/03,
3000000012659,1,Informação,00:00:03,,,N,,,2025/04/03,
3000000012660,1,Informação,,,,N,,,2025/04/03,
3000000012661,1,Ligação Muda,,,10000000258629,N,,,2025/04/03,
3000000012662,1,Contato de Finalizacao do Protocolo,00:01:07,,,N,,,2025/04/03,
3000000012663,1,Caixa Postal,00:00:03,CLI,10000000258624,N,,,2025/04/03,
3000000012664,1,Informação,00:00:04,,,N,,,2025/04/03,
3000000012665,1,Informação,00:09:59,,,N,,,2025/04/03,
3000000012666,1,Caixa Postal,00:00:01,CLI,10000000258630,N,,,2025/04/03,
3000000012667,1,Ocupado,,Cli,10000000258631,N,,,2025/04/03,
3000000012668,1,Ocupado,,Cli,10000000258631,N,,,2025/04/03,
3000000012669,1,Informação,00:04:15,CLI ,10000000258632,N,,,2025/04/03,
3000000012670,1,Caixa Postal,00:00:10,Cli,10000000258633,N,,,2025/04/03,
3000000012671,1,Caixa Postal,00:00:05,Cli,10000000258633,N,,,2025/04/03,
3000000012672,1,Informação,,,,N,,,2025/04/03,
3000000012673,1,Caixa Postal,00:00:06,CLI ,10000000258634,N,,,2025/04/03,
3000000012674,1,Caixa Postal,00:00:02,CLI ,,N,,,2025/04/03,
3000000012675,1,Caixa Postal,00:00:12,,,N,,,2025/04/03,
3000000012676,1,Caixa Postal,00:00:02,,,N,,,2025/04/03,
3000000012677,1,Caixa Postal,00:00:09,,,N,,,2025/04/03,
3000000012678,1,URA Pesquisa NPS,00:06:47,cli,10000000258635,S,Sim,9.0,2025/04/03,Email5371
3000000012679,1,Chamada Não Atendida,,Cli,10000000258631,N,,,2025/04/03,
3000000012680,1,Caixa Postal,00:00:04,Cli,10000000258631,N,,,2025/04/03,
3000000012681,1,Caixa Postal,00:00:10,,,N,,,2025/04/03,
3000000012682,1,Caixa Postal,00:00:20,Cli,10000000258636,N,,,2025/04/03,
3000000012683,1,Caixa Postal,00:00:11,Cli,10000000258636,N,,,2025/04/03,
3000000012684,1,Informação,00:00:08,,,N,,,2025/04/03,
3000000012685,1,Informação,,,,N,,,2025/04/03,
3000000012686,1,Caixa Postal,,,,N,,,2025/04/03,
3000000012687,1,Caixa Postal,,,,N,,,2025/04/03,
3000000012688,1,Cliente Desligou,00:00:13,Cli,10000000258633,N,,,2025/04/03,
3000000012689,1,Cliente Desligou,00:00:09,Cli,10000000258633,N,,,2025/04/03,
3000000012690,1,Caixa Postal,00:00:01,,,N,,,2025/04/03,
3000000012691,1,Caixa Postal,00:00:01,,,N,,,2025/04/03,
3000000012692,1,Cliente Desligou,00:00:01,,,N,,,2025/04/03,
3000000012693,1,Dados incorretos do cliente,,,,N,,,2025/04/03,
3000000012694,1,Cliente Desligou,00:00:01,,,N,,,2025/04/03,
3000000012695,1,Caixa Postal,,,,N,,,2025/04/03,
3000000012696,1,URA Pesquisa NPS,00:01:10,CLI,,S,,,2025/04/03,Email5556
3000000012697,1,Sent To Voicemail,00:01:25,CLI,10000000258637,S,Sim,10.0,2025/04/03,Email329
3000000012698,1,Informação,00:00:07,,,N,,,2025/04/03,
3000000012699,1,Caixa Postal,,,,N,,,2025/04/03,
3000000012700,1,Caixa Postal,00:00:12,,,N,,,2025/04/03,
3000000012701,1,Caixa Postal,,,,N,,,2025/04/03,
3000000012702,1,Caixa Postal,00:00:05,,,N,,,2025/04/03,
3000000012703,1,Informação,,CLI,,N,,,2025/04/03,
3000000012704,1,Caixa Postal,,,,N,,,2025/04/03,
3000000012705,1,Ocupado,,,,N,,,2025/04/03,
3000000012706,1,Ocupado,,,,N,,,2025/04/03,
3000000012707,1,Informação,,CLI,,N,,,2025/04/03,
3000000012708,1,Informação,,CLI,,N,,,2025/04/03,
3000000012709,1,Informação,,CLI,,N,,,2025/04/03,
3000000012710,1,Caixa Postal,00:00:10,CLI,,N,,,2025/04/03,
3000000012711,1,Caixa Postal,00:00:10,CLI,,N,,,2025/04/03,
3000000012712,1,Contato de Finalizacao do Protocolo,00:03:34,CLI,,N,,,2025/04/03,
3000000012713,1,URA Pesquisa NPS,00:05:34,Cli,10000000258638,S,,,2025/04/03,Email19156
3000000012714,1,Caixa Postal,00:00:51,,,N,,,2025/04/03,
3000000012715,1,Caixa Postal,00:00:10,,,N,,,2025/04/03,
3000000012716,1,Caixa Postal,,,,N,,,2025/04/03,
3000000012717,1,Não Atende,00:00:10,,,N,,,2025/04/03,
3000000012718,1,Informação,00:00:00,,,N,,,2025/04/03,
3000000012719,1,Contato de Finalizacao do Protocolo,00:01:59,CLI,,N,,,2025/04/03,
3000000012720,1,Informação,00:01:39,cli ,,N,,,2025/04/03,
3000000012721,1,Caixa Postal,,Cli,10000000258623,N,,,2025/04/03,
3000000012722,1,Caixa Postal,00:00:16,Cli,10000000258623,N,,,2025/04/03,
3000000012723,1,Caixa Postal,00:00:04,,,N,,,2025/04/03,
3000000012724,1,Caixa Postal,00:00:06,,,N,,,2025/04/03,
3000000012725,1,URA Pesquisa NPS,00:02:06,CLI,10000000258639,S,Sim,10.0,2025/04/03,Email4355
3000000012726,1,Chamada Não Atendida,,Cli,10000000258640,N,,,2025/04/03,
3000000012727,1,Chamada Não Atendida,,Cli,10000000258640,N,,,2025/04/03,
3000000012728,1,Sent To Voicemail,00:00:47,CLI ,10000000258641,S,Sim,9.0,2025/04/03,Email372
3000000012729,1,Caixa Postal,,CLI,10000000258642,N,,,2025/04/03,
3000000012730,1,Caixa Postal,00:00:10,,,N,,,2025/04/03,
3000000012731,1,URA Pesquisa NPS,00:02:07,,10000000258643,S,Sim,10.0,2025/04/03,Email48442
3000000012732,1,Caixa Postal,00:00:23,,,N,,,2025/04/03,
3000000012733,1,Caixa Postal,,CLI,10000000258644,N,,,2025/04/03,
3000000012734,1,Chamada Não Atendida,00:00:02,CLI ,10000000258645,N,,,2025/04/03,
3000000012735,1,URA Pesquisa NPS,00:00:47,CLI ,10000000258645,S,Sim,,2025/04/03,Email372
3000000012736,1,Chamada Não Atendida,,CLI ,10000000258646,N,,,2025/04/03,
3000000012737,1,Chamada Não Atendida,,CLI ,10000000258646,N,,,2025/04/03,
3000000012738,1,Chamada Não Atendida,00:00:02,CLI ,10000000258647,N,,,2025/04/03,
3000000012739,1,Chamada Não Atendida,,CLI ,10000000258647,N,,,2025/04/03,
3000000012740,1,Informação,00:01:03,CLI,10000000258648,N,,,2025/04/03,
3000000012741,1,Caixa Postal,00:00:02,,,N,,,2025/04/03,
3000000012742,1,Caixa Postal,00:00:00,,,N,,,2025/04/03,
3000000012743,1,Informação,00:03:07,Cli,10000000258649,N,,,2025/04/03,
3000000012744,1,URA Pesquisa NPS,00:00:47,CLI,10000000258650,S,Sim,1.0,2025/04/03,Email364
3000000012745,1,Caixa Postal,00:00:03,Cli,,N,,,2025/04/03,
3000000012746,1,Não Atende,,,,N,,,2025/04/03,
3000000012747,1,Caixa Postal,00:00:11,Cli,,N,,,2025/04/03,
3000000012748,1,Caixa Postal,00:00:06,,,N,,,2025/04/03,
3000000012749,1,Caixa Postal,00:00:03,,,N,,,2025/04/03,
3000000012750,1,Informação,00:00:00,,,N,,,2025/04/03,
3000000012751,1,Informação,00:00:08,,,N,,,2025/04/03,
3000000012752,1,Informação,00:00:03,,,N,,,2025/04/03,
3000000012753,1,Caixa Postal,00:00:13,,,N,,,2025/04/03,
3000000012754,1,Caixa Postal,00:00:05,,,N,,,2025/04/03,
3000000012755,1,URA Pesquisa NPS,00:01:39,CLI,10000000258644,S,Sim,9.0,2025/04/03,Email372
3000000012756,1,Caixa Postal,00:00:05,,,N,,,2025/04/03,
3000000012757,1,Contato de Finalizacao do Protocolo,00:01:12,Cli,10000000258651,N,,,2025/04/03,
3000000012758,1,Caixa Postal,00:00:03,Cliente,10000000258652,N,,,2025/04/03,
3000000012759,1,Dados incorretos do cliente,,Cliente,10000000258652,N,,,2025/04/03,
3000000012760,1,Cliente Desligou,00:00:01,,,N,,,2025/04/03,
3000000012761,1,Cliente Desligou,00:00:01,,,N,,,2025/04/03,
3000000012762,1,Cliente Desligou,00:00:14,,,N,,,2025/04/03,
3000000012763,1,Caixa Postal,,CLI ,10000000258647,N,,,2025/04/03,
3000000012764,1,Caixa Postal,,CLI ,10000000258647,N,,,2025/04/03,
3000000012765,1,Caixa Postal,00:00:03,,,N,,,2025/04/03,
3000000012766,1,Caixa Postal,00:00:10,cli,,N,,,2025/04/03,
3000000012767,1,Ligação Muda,00:00:17,Cli,10000000258653,N,,,2025/04/03,
3000000012768,1,Contato de Finalizacao do Protocolo,00:05:21,Cli,10000000258653,N,,,2025/04/03,
3000000012769,1,Caixa Postal,00:00:05,,,N,,,2025/04/03,
3000000012770,1,URA Pesquisa NPS,00:02:11,CLI,10000000258654,S,Sim,9.0,2025/04/03,Email364
3000000012771,1,Informação,00:00:10,,,N,,,2025/04/03,
3000000012772,1,Informação,00:00:10,,,N,,,2025/04/03,
3000000012773,1,URA Pesquisa NPS,00:01:49,CLI,,S,Sim,10.0,2025/04/03,Email5556
3000000012774,1,Caixa Postal,00:00:03,,,N,,,2025/04/03,
3000000012775,1,Caixa Postal,00:00:04,,,N,,,2025/04/03,
3000000012776,1,Caixa Postal,00:00:17,CLI,,N,,,2025/04/03,
3000000012777,1,URA Pesquisa NPS,00:01:40,CLI,10000000258655,S,Sim,10.0,2025/04/03,Email4355
3000000012778,1,URA Pesquisa NPS,00:02:46,,,S,Sim,10.0,2025/04/03,Email5556
3000000012779,1,Caixa Postal,,,,N,,,2025/04/03,
3000000012780,1,Caixa Postal,,,,N,,,2025/04/03,
3000000012781,1,URA Pesquisa NPS,00:00:14,,,S,,,2025/04/03,Email48444
3000000012782,1,URA Pesquisa NPS,00:05:26,Cli,10000000258656,S,,,2025/04/03,Email1768
3000000012783,1,Cliente Desligou,00:00:21,Cli,,N,,,2025/04/03,
3000000012784,1,URA Pesquisa NPS,00:11:00,Cli,10000000258657,S,,,2025/04/03,Email19156
3000000012785,1,Caixa Postal,,CLI,10000000258658,N,,,2025/04/03,
3000000012786,1,Caixa Postal,00:00:06,,,N,,,2025/04/03,
3000000012787,1,Caixa Postal,00:00:04,,,N,,,2025/04/03,
3000000012788,1,Ocupado,,,,N,,,2025/04/03,
3000000012789,1,Ocupado,,,,N,,,2025/04/03,
3000000012790,1,Caixa Postal,00:00:10,,,N,,,2025/04/03,
3000000012791,1,Caixa Postal,00:00:10,,,N,,,2025/04/03,
3000000012792,1,Chamada Não Atendida,,CLI ,10000000258659,N,,,2025/04/03,
3000000012793,1,URA Pesquisa NPS,00:00:53,CLI ,10000000258659,S,Sim,10.0,2025/04/03,Email372
3000000012794,1,Informação,,,,N,,,2025/04/03,
3000000012795,1,Informação,,,,N,,,2025/04/03,
3000000012796,1,Informação,,,,N,,,2025/04/03,
3000000012797,1,Chamada Não Atendida,,CLI ,10000000258660,N,,,2025/04/03,
3000000012798,1,Informação,,,,N,,,2025/04/03,
3000000012799,1,Chamada Não Atendida,,CLI ,10000000258660,N,,,2025/04/03,
3000000012800,1,Informação,,,,N,,,2025/04/03,
3000000012801,1,Informação,00:00:19,,,N,,,2025/04/03,
3000000012802,1,Informação,00:03:08,,,N,,,2025/04/03,
3000000012803,1,Sent To Voicemail,00:12:56,Cli,10000000258661,S,Sim,10.0,2025/04/03,Email288
3000000012804,1,Agent Error,00:00:09,,,N,,,2025/04/03,
3000000012805,1,URA Pesquisa NPS,00:10:06,,,S,Sim,10.0,2025/04/03,Email5556
3000000012806,1,Cliente Desligou,00:00:17,,,N,,,2025/04/03,
3000000012807,1,Cliente Desligou,,,,N,,,2025/04/03,
3000000012808,1,Chamada Não Atendida,00:00:03,CLI,10000000258662,N,,,2025/04/03,
3000000012809,1,Chamada Não Atendida,,CLI,10000000258662,N,,,2025/04/03,
3000000012810,1,Caixa Postal,00:00:02,,,N,,,2025/04/03,
3000000012811,1,Chamada Não Atendida,00:00:06,,,N,,,2025/04/03,
3000000012812,1,Informação,00:02:20,cli,,N,,,2025/04/03,
3000000012813,1,Caixa Postal,00:00:04,CLI,10000000258663,N,,,2025/04/03,
3000000012814,1,Caixa Postal,00:00:03,CLI,,N,,,2025/04/03,
3000000012815,1,Caixa Postal,,,,N,,,2025/04/03,
3000000012816,1,URA Pesquisa NPS,00:00:53,CLI,10000000258663,S,Sim,10.0,2025/04/03,Email4355
3000000012817,1,URA Pesquisa NPS,00:01:02,CLI,,S,,,2025/04/03,Email5556
3000000012818,1,Informação,00:00:01,cli,,N,,,2025/04/03,
3000000012819,1,Contato de Finalizacao do Protocolo,00:01:15,CLI ,,N,,,2025/04/03,
3000000012820,1,Caixa Postal,,,,N,,,2025/04/02,
3000000012821,1,Caixa Postal,,,10000000258664,N,,,2025/04/02,
3000000012822,1,URA Pesquisa NPS,00:02:06,CLI,10000000258665,S,Sim,9.0,2025/04/02,Email45
3000000012823,1,Chamada Não Atendida,00:00:07,Cli,10000000258666,N,,,2025/04/02,
3000000012824,1,Cliente Desligou,00:00:19,Cli,10000000258666,N,,,2025/04/02,
3000000012825,1,Caixa Postal,00:00:05,Cli,10000000258667,N,,,2025/04/02,
3000000012826,1,Caixa Postal,00:00:07,Cli,,N,,,2025/04/02,
3000000012827,1,Ocupado,,Cli,,N,,,2025/04/02,
3000000012828,1,Ocupado,,Cli,,N,,,2025/04/02,
3000000012829,1,Caixa Postal,,,,N,,,2025/04/02,
3000000012830,1,Contato de Finalizacao do Protocolo,00:02:14,Cli,,N,,,2025/04/02,
3000000012831,1,Caixa Postal,00:00:02,Cli,10000000258668,N,,,2025/04/02,
3000000012832,1,Chamada Não Atendida,00:00:10,Cli,10000000258668,N,,,2025/04/02,
3000000012833,1,Caixa Postal,00:00:07,,10000000258669,N,,,2025/04/02,
3000000012834,1,Caixa Postal,00:00:03,,,N,,,2025/04/02,
3000000012835,1,Caixa Postal,00:00:10,Cli,,N,,,2025/04/02,
3000000012836,1,Caixa Postal,00:00:08,Cli,10000000258670,N,,,2025/04/02,
3000000012837,1,Caixa Postal,,Cli,,N,,,2025/04/02,
3000000012838,1,Caixa Postal,00:00:06,Cli,,N,,,2025/04/02,
3000000012839,1,Caixa Postal,00:00:11,Cli,,N,,,2025/04/02,
3000000012840,1,Caixa Postal,00:00:18,Cli,10000000258671,N,,,2025/04/02,
3000000012841,1,Sent To Voicemail,00:07:11,CLI,10000000258671,S,Sim,10.0,2025/04/02,Email4355
3000000012842,1,Caixa Postal,00:00:13,Cli,10000000258668,N,,,2025/04/02,
3000000012843,1,Protocolo Permanecera em Andamento,00:08:44,Cli,10000000258668,N,,,2025/04/02,
3000000012844,1,Caixa Postal,00:00:04,Cliente,10000000258672,N,,,2025/04/02,
3000000012845,1,Não Atende,,Cliente,10000000258673,N,,,2025/04/02,
3000000012846,1,Não Atende,,Cliente,10000000258673,N,,,2025/04/02,
3000000012847,1,Não Atende,,Cliente,10000000258673,N,,,2025/04/02,
3000000012848,1,Caixa Postal,00:00:14,,,N,,,2025/04/02,
3000000012849,1,Informação,00:00:03,,,N,,,2025/04/02,
3000000012850,1,Informação,,,,N,,,2025/04/02,
3000000012851,1,Caixa Postal,00:00:02,,,N,,,2025/04/02,
3000000012852,1,Caixa Postal,00:00:02,,,N,,,2025/04/02,
3000000012853,1,Caixa Postal,,,,N,,,2025/04/02,
3000000012854,1,Caixa Postal,00:00:04,Cli,,N,,,2025/04/02,
3000000012855,1,Caixa Postal,00:00:05,,,N,,,2025/04/02,
3000000012856,1,Caixa Postal,,CLI,,N,,,2025/04/02,
3000000012857,1,Caixa Postal,,CLI,,N,,,2025/04/02,
3000000012858,1,Caixa Postal,,CLI,,N,,,2025/04/02,
3000000012859,1,Caixa Postal,,CLI,,N,,,2025/04/02,
3000000012860,1,Caixa Postal,,,,N,,,2025/04/02,
3000000012861,1,Não Atende,00:00:06,Cli,10000000258674,N,,,2025/04/02,
3000000012862,1,Caixa Postal,,,,N,,,2025/04/02,
3000000012863,1,Caixa Postal,,,,N,,,2025/04/02,
3000000012864,1,Caixa Postal,00:00:05,,,N,,,2025/04/02,
3000000012865,1,Informação,,CLI ,,N,,,2025/04/02,
3000000012866,1,Ligação Muda,,Cli,10000000258675,N,,,2025/04/02,
3000000012867,1,Caixa Postal,00:00:06,Cli,10000000258675,N,,,2025/04/02,
3000000012868,1,Caixa Postal,,Cli,10000000258675,N,,,2025/04/02,
3000000012869,1,Informação,,CLI,,N,,,2025/04/02,
3000000012870,1,Informação,,,,N,,,2025/04/02,
3000000012871,1,Informação,,,,N,,,2025/04/02,
3000000012872,1,URA Pesquisa NPS,00:04:07,CLI ,10000000258676,S,Sim,10.0,2025/04/02,Email372
3000000012873,1,Informação,,,,N,,,2025/04/02,
3000000012874,1,Informação,,,,N,,,2025/04/02,
3000000012875,1,Informação,,,,N,,,2025/04/02,
3000000012876,1,Informação,,,,N,,,2025/04/02,
3000000012877,1,Caixa Postal,00:00:04,Cli,10000000258677,N,,,2025/04/02,
3000000012878,1,Informação,,,,N,,,2025/04/02,
3000000012879,1,Contato de Finalizacao do Protocolo,00:02:55,CLI,10000000258098,N,,,2025/04/02,
3000000012880,1,Informação,00:00:05,,,N,,,2025/04/02,
3000000012881,1,Informação,,,,N,,,2025/04/02,
3000000012882,1,URA Pesquisa NPS,00:06:05,Cli,10000000258678,S,Sim,9.0,2025/04/02,Email1615
3000000012883,1,Contato de Finalizacao do Protocolo,00:03:38,Cli,,N,,,2025/04/02,
3000000012884,1,Informação,,,,N,,,2025/04/02,
3000000012885,1,Informação,,CLI,,N,,,2025/04/02,
3000000012886,1,URA Pesquisa NPS,00:01:31,CLI,10000000258679,S,Sim,8.0,2025/04/02,Email296
3000000012887,1,Caixa Postal,00:00:11,Cli,10000000258670,N,,,2025/04/02,
3000000012888,1,Informação,,cli,,N,,,2025/04/02,
3000000012889,1,Informação,,cli,,N,,,2025/04/02,
3000000012890,1,Sent To Voicemail,00:01:47,cli,10000000258680,S,Sim,8.0,2025/04/02,Email288
3000000012891,1,Caixa Postal,,,,N,,,2025/04/02,
3000000012892,1,Contato de Finalizacao do Protocolo,00:01:23,CLI,10000000258681,N,,,2025/04/02,
3000000012893,1,Informação,00:00:10,Cli,,N,,,2025/04/02,
3000000012894,1,Informação,00:00:33,,,N,,,2025/04/02,
3000000012895,1,Informação,,Cli,,N,,,2025/04/02,
3000000012896,1,Informação,,CLI ,,N,,,2025/04/02,
3000000012897,1,Cliente Desligou,00:00:04,Cliente,10000000258682,N,,,2025/04/02,
3000000012898,1,Caixa Postal,,CLI,10000000258683,N,,,2025/04/02,
3000000012899,1,URA Pesquisa NPS,00:01:21,CLI,10000000258683,S,Sim,9.0,2025/04/02,Email329
3000000012900,1,Chamada Não Atendida,,CLI,10000000258684,N,,,2025/04/02,
3000000012901,1,Chamada Não Atendida,00:00:05,CLI,10000000258684,N,,,2025/04/02,
3000000012902,1,Informação,00:00:03,,,N,,,2025/04/02,
3000000012903,1,Informação,,,,N,,,2025/04/02,
3000000012904,1,URA Pesquisa NPS,00:00:45,,,S,,,2025/04/02,Email5556
3000000012905,1,Contato de Finalizacao do Protocolo,00:01:24,,,N,,,2025/04/02,
3000000012906,1,Caixa Postal,,,,N,,,2025/04/02,
3000000012907,1,Caixa Postal,00:00:10,,,N,,,2025/04/02,
3000000012908,1,Caixa Postal,,,,N,,,2025/04/02,
3000000012909,1,Caixa Postal,00:00:04,,,N,,,2025/04/02,
3000000012910,1,Não Atende,,Cliente,10000000258682,N,,,2025/04/02,
3000000012911,1,Caixa Postal,,Cliente,,N,,,2025/04/02,
3000000012912,1,Caixa Postal,00:00:10,Cli,10000000258685,N,,,2025/04/02,
3000000012913,1,Caixa Postal,00:00:03,Cli,,N,,,2025/04/02,
3000000012914,1,Informação,00:00:03,,,N,,,2025/04/02,
3000000012915,1,Informação,,,,N,,,2025/04/02,
3000000012916,1,Informação,,cli,,N,,,2025/04/02,
3000000012917,1,Informação,,cli,,N,,,2025/04/02,
3000000012918,1,Informação,,cli,,N,,,2025/04/02,
3000000012919,1,Informação,00:00:06,,,N,,,2025/04/02,
3000000012920,1,URA Pesquisa NPS,00:04:13,Cli,10000000258686,S,Sim,10.0,2025/04/02,Email1615
3000000012921,1,URA Pesquisa NPS,00:03:23,CLI,10000000258687,S,Sim,9.0,2025/04/02,Email48443
3000000012922,1,Chamada Não Atendida,00:00:01,Cli,10000000258688,N,,,2025/04/02,
3000000012923,1,Chamada Não Atendida,,Cli,10000000258688,N,,,2025/04/02,
3000000012924,1,Informação,,,,N,,,2025/04/02,
3000000012925,1,URA Pesquisa NPS,00:02:14,,10000000258689,S,,,2025/04/02,Email48442
3000000012926,1,Caixa Postal,00:02:35,cli,10000000258690,N,,,2025/04/02,
3000000012927,1,Informação,,,,N,,,2025/04/02,
3000000012928,1,Protocolo Permanecera em Andamento,00:02:00,Cliente,10000000258691,N,,,2025/04/02,
3000000012929,1,Informação,,,,N,,,2025/04/02,
3000000012930,1,URA Pesquisa NPS,00:00:45,CLI,10000000258692,S,Sim,10.0,2025/04/02,Email5556
3000000012931,1,Informação,,,,N,,,2025/04/02,
3000000012932,1,URA Pesquisa NPS,00:01:05,Cliente,10000000258691,S,,,2025/04/02,Email8754
3000000012933,1,Informação,00:00:10,,,N,,,2025/04/02,
3000000012934,1,URA Pesquisa NPS,00:00:48,Cli,10000000258693,S,Sim,10.0,2025/04/02,Email5556
3000000012935,1,Caixa Postal,,CLI ,10000000258694,N,,,2025/04/02,
3000000012936,1,Caixa Postal,,CLI,10000000258694,N,,,2025/04/02,
3000000012937,1,Informação,00:01:15,Cli,,N,,,2025/04/02,
3000000012938,1,URA Pesquisa NPS,00:00:56,CLI,10000000258695,S,Sim,10.0,2025/04/02,Email364
3000000012939,1,Chamada Não Atendida,,,,N,,,2025/04/02,
3000000012940,1,Informação,00:02:27,Cli,,N,,,2025/04/02,
3000000012941,1,Caixa Postal,,Cli,10000000258696,N,,,2025/04/02,
3000000012942,1,URA Pesquisa NPS,00:02:26,Cli,10000000258696,S,Sim,10.0,2025/04/02,Email1615
3000000012943,1,Caixa Postal,,CLI,10000000258697,N,,,2025/04/02,
3000000012944,1,Ligação Muda,00:00:34,CLI,,N,,,2025/04/02,
3000000012945,1,Informação,00:00:09,Cli,,N,,,2025/04/02,
3000000012946,1,Informação,00:04:11,Cli,,N,,,2025/04/02,
3000000012947,1,Informação,,,,N,,,2025/04/02,
3000000012948,1,Informação,,,,N,,,2025/04/02,
3000000012949,1,Informação,00:00:05,,,N,,,2025/04/02,
3000000012950,1,Caixa Postal,00:00:06,,,N,,,2025/04/02,
3000000012951,1,Caixa Postal,,CLI,10000000258698,N,,,2025/04/02,
3000000012952,1,Caixa Postal,00:00:04,CLI,10000000258698,N,,,2025/04/02,
3000000012953,1,URA Pesquisa NPS,00:01:09,CLI,10000000258698,S,Sim,9.0,2025/04/02,Email48439
3000000012954,1,Informação,,,,N,,,2025/04/02,
3000000012955,1,Informação,00:05:05,Cli,,N,,,2025/04/02,
3000000012956,1,Caixa Postal,00:00:00,CLI,,N,,,2025/04/02,
3000000012957,1,URA Pesquisa NPS,00:07:47,CLI,10000000258699,S,Sim,9.0,2025/04/02,Email4355
3000000012958,1,Informação,,,,N,,,2025/04/02,
3000000012959,1,Informação,,,,N,,,2025/04/02,
3000000012960,1,Caixa Postal,00:00:06,Cliente,10000000258615,N,,,2025/04/02,
3000000012961,1,Informação,,,,N,,,2025/04/02,
3000000012962,1,Caixa Postal,,,,N,,,2025/04/02,
3000000012963,1,Caixa Postal,,,,N,,,2025/04/02,
3000000012964,1,Caixa Postal,,,,N,,,2025/04/02,
3000000012965,1,Caixa Postal,00:00:03,Cliente,10000000258617,N,,,2025/04/02,
3000000012966,1,Dados incorretos do cliente,,Cliente,10000000258617,N,,,2025/04/02,
3000000012967,1,Informação,00:00:00,Cliente,,N,,,2025/04/02,
3000000012968,1,Ocupado,,Cli,10000000258700,N,,,2025/04/02,
3000000012969,1,Caixa Postal,,Cli,10000000258700,N,,,2025/04/02,
3000000012970,1,Caixa Postal,00:00:04,,,N,,,2025/04/02,
3000000012971,1,Caixa Postal,,,,N,,,2025/04/02,
3000000012972,1,Contato de Finalizacao do Protocolo,00:04:53,,10000000258701,N,,,2025/04/02,
3000000012973,1,URA Pesquisa NPS,00:01:22,,10000000258702,S,Sim,10.0,2025/04/01,Email45
3000000012974,1,Não Atende,,Cliente,10000000258703,N,,,2025/04/01,
3000000012975,1,Informação,00:00:01,,,N,,,2025/04/01,
3000000012976,1,Informação,00:00:13,cli,,N,,,2025/04/01,
3000000012977,1,Informação,,,,N,,,2025/04/01,
3000000012978,1,Informação,00:01:48,cli,,N,,,2025/04/01,
3000000012979,1,Ligação Muda,00:00:05,CLI,10000000258704,N,,,2025/04/01,
3000000012980,1,Chamada Não Atendida,,CLI,10000000258705,N,,,2025/04/01,
3000000012981,1,Chamada Não Atendida,,CLI,10000000258705,N,,,2025/04/01,
3000000012982,1,URA Pesquisa NPS,00:00:39,CLI,10000000258506,S,Sim,10.0,2025/04/01,Email296
3000000012983,1,Informação,,,,N,,,2025/04/01,
3000000012984,1,Caixa Postal,,,10000000258706,N,,,2025/04/01,
3000000012985,1,Caixa Postal,,,,N,,,2025/04/01,
3000000012986,1,URA Pesquisa NPS,00:00:11,cli,,S,,,2025/04/01,Email48439
3000000012987,1,Caixa Postal,,CLI,10000000258704,N,,,2025/04/01,
3000000012988,1,Ligação Muda,,CLI,,N,,,2025/04/01,
3000000012989,1,Não Atende,,Cliente,10000000258703,N,,,2025/04/01,
3000000012990,1,Informação,00:00:03,,,N,,,2025/04/01,
3000000012991,1,Caixa Postal,00:00:06,,,N,,,2025/04/01,
3000000012992,1,Cliente Desligou,00:00:12,,10000000258707,N,,,2025/04/01,
3000000012993,1,URA Pesquisa NPS,00:00:44,,10000000258707,S,Sim,10.0,2025/04/01,Email45
3000000012994,1,Chamada Não Atendida,,CLI,10000000258708,N,,,2025/04/01,
3000000012995,1,Informação,,,,N,,,2025/04/01,
3000000012996,1,URA Pesquisa NPS,00:03:37,CLI,10000000258709,S,Sim,,2025/04/01,Email48443
3000000012997,1,Caixa Postal,,,,N,,,2025/04/01,
3000000012998,1,Ligação Muda,00:00:23,CLI,10000000258626,N,,,2025/04/01,
3000000012999,1,URA Pesquisa NPS,00:05:50,cli,10000000258710,S,Sim,10.0,2025/04/01,Email19156
3000000013000,1,URA Pesquisa NPS,00:01:38,,,S,Sim,10.0,2025/04/01,Email5556
3000000013001,1,Caixa Postal,00:00:00,,,N,,,2025/04/01,
3000000013002,1,Caixa Postal,,,,N,,,2025/04/01,
3000000013003,1,Caixa Postal,,,,N,,,2025/04/01,
3000000013004,1,Caixa Postal,,,,N,,,2025/04/01,
3000000013005,1,Caixa Postal,,,,N,,,2025/04/01,
3000000013006,1,Caixa Postal,,,,N,,,2025/04/01,
3000000013007,1,URA Pesquisa NPS,00:02:20,Cli,10000000258711,S,Sim,10.0,2025/04/01,Email19156
3000000013008,1,Caixa Postal,00:00:06,cli,,N,,,2025/04/01,
3000000013009,1,Caixa Postal,,,,N,,,2025/04/01,
3000000013010,1,Caixa Postal,00:00:05,,,N,,,2025/04/01,
3000000013011,1,Caixa Postal,00:00:07,,,N,,,2025/04/01,
3000000013012,1,Caixa Postal,,,,N,,,2025/04/01,
3000000013013,1,Informação,00:00:03,,,N,,,2025/04/01,
3000000013014,1,Informação,00:00:03,,,N,,,2025/04/01,
3000000013015,1,Caixa Postal,00:00:10,Cli,10000000258712,N,,,2025/04/01,
3000000013016,1,Contato de Finalizacao do Protocolo,00:01:03,Cli,10000000258712,N,,,2025/04/01,
3000000013017,1,Caixa Postal,00:00:07,Cli,10000000258712,N,,,2025/04/01,
3000000013018,1,URA Pesquisa NPS,00:04:00,Cli,10000000258712,S,Sim,10.0,2025/04/01,Email19156
3000000013019,1,URA Pesquisa NPS,00:01:33,CLI,10000000258713,S,Sim,10.0,2025/04/01,Email288
3000000013020,1,Caixa Postal,00:00:03,Cli,,N,,,2025/04/01,
3000000013021,1,Ocupado,,,,N,,,2025/04/01,
3000000013022,1,Ocupado,,,,N,,,2025/04/01,
3000000013023,1,Caixa Postal,00:00:08,Cli,10000000258714,N,,,2025/04/01,
3000000013024,1,Ocupado,,,,N,,,2025/04/01,
3000000013025,1,URA Pesquisa NPS,00:08:16,CLI ,10000000258715,S,Sim,9.0,2025/04/01,Email4355
3000000013026,1,Abandon,00:01:02,Cli,10000000258716,S,,,2025/04/01,Email19156
3000000013027,1,URA Pesquisa NPS,00:01:41,Cliente,,S,Sim,10.0,2025/04/01,Email5556
3000000013028,1,URA Pesquisa NPS,00:01:31,CLI,10000000258717,S,Sim,1.0,2025/04/01,Email4355
3000000013029,1,Caixa Postal,,CLI,,N,,,2025/04/01,
3000000013030,1,Caixa Postal,,CLI,10000000258718,N,,,2025/04/01,
3000000013031,1,Caixa Postal,00:00:04,cli,10000000258719,N,,,2025/04/01,
3000000013032,1,Caixa Postal,,CLI,,N,,,2025/04/01,
3000000013033,1,Caixa Postal,00:00:03,CLI,,N,,,2025/04/01,
3000000013034,1,Ligação Muda,,CLI,10000000258720,N,,,2025/04/01,
3000000013035,1,Ligação Muda,,CLI,10000000258720,N,,,2025/04/01,
3000000013036,1,Caixa Postal,00:00:02,Cli,,N,,,2025/04/01,
3000000013037,1,Caixa Postal,00:00:00,Cli,,N,,,2025/04/01,
3000000013038,1,Caixa Postal,00:00:02,Cli,,N,,,2025/04/01,
3000000013039,1,Caixa Postal,,Cli,,N,,,2025/04/01,
3000000013040,1,Caixa Postal,,Cli,,N,,,2025/04/01,
3000000013041,1,URA Pesquisa NPS,00:01:32,Cli,10000000258721,S,Sim,5.0,2025/04/01,Email1768
3000000013042,1,Caixa Postal,00:00:04,CLI,10000000258537,N,,,2025/04/01,
3000000013043,1,Informação,00:00:05,,,N,,,2025/04/01,
3000000013044,1,Informação,00:00:07,,,N,,,2025/04/01,
3000000013045,1,Caixa Postal,,,,N,,,2025/04/01,
3000000013046,1,Caixa Postal,,,,N,,,2025/04/01,
3000000013047,1,Chamada Não Atendida,00:00:03,CLI,10000000258722,N,,,2025/04/01,
3000000013048,1,URA Pesquisa NPS,00:00:35,CLI,10000000258722,S,,,2025/04/01,Email296
3000000013049,1,Caixa Postal,,,,N,,,2025/04/01,
3000000013050,1,Informação,00:00:02,,,N,,,2025/04/01,
3000000013051,1,Caixa Postal,00:00:04,,,N,,,2025/04/01,
3000000013052,1,Caixa Postal,00:00:03,,,N,,,2025/04/01,
3000000013053,1,Informação,00:01:57,,,N,,,2025/04/01,
3000000013054,1,Caixa Postal,00:00:10,Cli,10000000258723,N,,,2025/04/01,
3000000013055,1,Caixa Postal,00:00:00,Cli,10000000258723,N,,,2025/04/01,
3000000013056,1,URA Pesquisa NPS,00:03:00,cli,10000000258724,S,Sim,,2025/04/01,Email48443
3000000013057,1,Caixa Postal,00:00:05,,,N,,,2025/04/01,
3000000013058,1,Caixa Postal,00:00:03,,,N,,,2025/04/01,
3000000013059,1,Caixa Postal,,CLI,,N,,,2025/04/01,
3000000013060,1,Caixa Postal,,CLI ,,N,,,2025/04/01,
3000000013061,1,Caixa Postal,,CLI ,,N,,,2025/04/01,
3000000013062,1,Caixa Postal,,CLI ,,N,,,2025/04/01,
3000000013063,1,Protocolo Permanecera em Andamento,00:02:09,Cli,10000000258725,N,,,2025/04/01,
3000000013064,1,Caixa Postal,,,,N,,,2025/04/01,
3000000013065,1,Caixa Postal,00:00:04,,,N,,,2025/04/01,
3000000013066,1,Caixa Postal,00:00:03,,,N,,,2025/04/01,
3000000013067,1,Informação,00:02:03,CLI ,,N,,,2025/04/01,
3000000013068,1,Chamada Não Atendida,,CLI ,10000000258726,N,,,2025/04/01,
3000000013069,1,Chamada Não Atendida,,CLI ,10000000258726,N,,,2025/04/01,
3000000013070,1,Caixa Postal,,CLI,10000000258727,N,,,2025/04/01,
3000000013071,1,Caixa Postal,00:00:10,CLI,,N,,,2025/04/01,
3000000013072,1,URA Pesquisa NPS,00:04:35,CLI,10000000258728,S,Sim,10.0,2025/04/01,Email4355
3000000013073,1,Caixa Postal,00:00:04,Cliente,10000000258230,N,,,2025/04/01,
3000000013074,1,Caixa Postal,00:00:03,,,N,,,2025/04/01,
3000000013075,1,Informação,00:03:43,,,N,,,2025/04/01,
3000000013076,1,URA Pesquisa NPS,00:01:33,CLI,10000000258729,S,Sim,9.0,2025/04/01,Email288
3000000013077,1,Caixa Postal,00:00:03,CLI,10000000258730,N,,,2025/04/01,
3000000013078,1,Caixa Postal,,CLI,10000000258730,N,,,2025/04/01,
3000000013079,1,Chamada Não Atendida,,CLI ,10000000258731,N,,,2025/04/01,
3000000013080,1,Chamada Não Atendida,,CLI ,10000000258731,N,,,2025/04/01,
3000000013081,1,Ligação Muda,,CLI,10000000258732,N,,,2025/04/01,
3000000013082,1,URA Pesquisa NPS,00:01:15,Cli,10000000258733,S,Sim,10.0,2025/04/01,Email5371
3000000013083,1,URA Pesquisa NPS,00:06:09,Cli,10000000258667,S,,,2025/04/01,Email19156
3000000013084,1,URA Pesquisa NPS,00:04:57,Cli,10000000258734,S,Sim,9.0,2025/04/01,Email45
3000000013085,1,Caixa Postal,00:00:02,,,N,,,2025/04/01,
3000000013086,1,Caixa Postal,00:00:03,,,N,,,2025/04/01,
3000000013087,1,Caixa Postal,00:00:00,,,N,,,2025/04/01,
3000000013088,1,Protocolo Permanecera em Andamento,00:11:14,Cli,,N,,,2025/04/01,
3000000013089,1,Caixa Postal,00:00:00,,,N,,,2025/04/01,
3000000013090,1,Não Atende,,CLI,10000000258732,N,,,2025/04/01,
3000000013091,1,Caixa Postal,,CLI,,N,,,2025/04/01,
3000000013092,1,Caixa Postal,,CLI,,N,,,2025/04/01,
3000000013093,1,URA Pesquisa NPS,00:01:20,CLI,10000000258735,S,,,2025/04/01,Email48443
3000000013094,1,Informação,,,,N,,,2025/04/01,
3000000013095,1,Caixa Postal,,,,N,,,2025/04/01,
3000000013096,1,Caixa Postal,00:00:04,,,N,,,2025/04/01,
3000000013097,1,URA Pesquisa NPS,00:14:13,CLI,10000000258736,S,Sim,10.0,2025/04/01,Email48443
3000000013098,1,URA Pesquisa NPS,00:03:18,CLI,10000000258737,S,Sim,5.0,2025/04/01,Email5371
3000000013099,1,Caixa Postal,00:00:10,CLI,,N,,,2025/04/01,
3000000013100,1,URA Pesquisa NPS,00:01:44,,,S,Sim,10.0,2025/04/01,Email48442
3000000013101,1,Caixa Postal,00:00:11,,,N,,,2025/04/01,
3000000013102,1,Caixa Postal,00:00:10,cli,10000000258680,N,,,2025/04/01,
3000000013103,1,Caixa Postal,,cli,10000000258680,N,,,2025/04/01,
3000000013104,1,Caixa Postal,00:00:10,,,N,,,2025/04/01,
3000000013105,1,Caixa Postal,00:02:29,CLI,10000000258738,N,,,2025/04/01,
3000000013106,1,Informação,00:00:06,,,N,,,2025/04/01,
3000000013107,1,Informação,00:00:06,,,N,,,2025/04/01,
3000000013108,1,URA Pesquisa NPS,00:00:54,Cli,10000000258739,S,Sim,10.0,2025/04/01,Email4355
