CALL ID,CALLS,DISPOSITION,TALK TIME,Devolutiva,Custom.Numero_CAP,Custom.Transfer_NPS,Custom.NPS_Solicitacao,Custom.NPS_Nota,DATE,Custom.Analista
300000001,1,Informação,00:00:13,Cliente,,N,,,2024/09/30,
300000002,1,Informação,00:00:10,Cliente,,N,,,2024/09/30,
300000003,1,Caixa Postal,00:00:08,CLI,,N,,,2024/09/30,
300000004,1,Caixa Postal,,CLI,,N,,,2024/09/30,
300000005,1,Ocupado,,VE,,N,,,2024/09/30,
300000006,1,Ocupado,,VE,,N,,,2024/09/30,
300000007,1,URA Pesquisa NPS,00:04:37,CLI,,S,Sim,10.0,2024/09/30,Email5556
300000008,1,Caixa Postal,00:00:07,VE,,N,,,2024/09/30,
300000009,1,Informação,00:00:08,Cli,,N,,,2024/09/30,
3000000010,1,Informação,,Cli,,N,,,2024/09/30,
3000000011,1,Não Atende,,Cliente,,N,,,2024/09/30,
3000000012,1,URA Pesquisa NPS,00:02:29,Cli,,S,Sim,10.0,2024/09/30,Email1615
3000000013,1,Caixa Postal,00:00:01,CLI,,N,,,2024/09/30,
3000000014,1,Caixa Postal,00:00:05,CLI,,N,,,2024/09/30,
3000000015,1,Ocupado,,VE,,N,,,2024/09/30,
3000000016,1,Ocupado,,VE,,N,,,2024/09/30,
3000000017,1,Caixa Postal,00:00:08,VE,,N,,,2024/09/30,
3000000018,1,Informação,00:00:05,Cliente,,N,,,2024/09/30,
3000000019,1,Informação,,Cliente,,N,,,2024/09/30,
3000000020,1,Ligação Muda,,VE,,N,,,2024/09/30,
3000000021,1,Contato de Finalizacao do Protocolo,00:01:32,VE,,N,,,2024/09/30,
3000000022,1,Chamada Não Atendida,,CLI,,N,,,2024/09/30,
3000000023,1,Sent To Voicemail,00:08:55,CLI,,S,Nao,7.0,2024/09/30,Email296
3000000024,1,Contato de Finalizacao do Protocolo,00:02:11,VE,,N,,,2024/09/30,
3000000025,1,Informação,00:00:07,Cliente,,N,,,2024/09/30,
3000000026,1,Informação,00:01:44,Cliente,,N,,,2024/09/30,
3000000027,1,Ocupado,,Cliente,,N,,,2024/09/30,
3000000028,1,Caixa Postal,00:00:07,Cli,,N,,,2024/09/30,
3000000029,1,Informação,00:00:20,Cli,,N,,,2024/09/30,
3000000030,1,Informação,00:00:15,Cli,,N,,,2024/09/30,
3000000031,1,Protocolo Permanecera em Andamento,00:02:03,VE,,N,,,2024/09/30,
3000000032,1,Dados incorretos do cliente,,Cli,,N,,,2024/09/30,
3000000033,1,URA Pesquisa NPS,00:04:14,cli,,S,Sim,10.0,2024/09/30,Email48438
3000000034,1,Caixa Postal,00:00:11,Cli,,N,,,2024/09/30,
3000000035,1,Caixa Postal,00:00:09,Cli,,N,,,2024/09/30,
3000000036,1,URA Pesquisa NPS,00:01:00,Cli,,S,Sim,9.0,2024/09/30,Email48439
3000000037,1,Não Atende,,Cliente,,N,,,2024/09/30,
3000000038,1,Caixa Postal,00:00:07,Cli,,N,,,2024/09/30,
3000000039,1,Caixa Postal,00:00:10,Cli,,N,,,2024/09/30,
3000000040,1,Caixa Postal,00:00:07,Cli,,N,,,2024/09/30,
3000000041,1,Informação,,Cli,,N,,,2024/09/30,
3000000042,1,URA Pesquisa NPS,00:00:33,cli,,S,Sim,10.0,2024/09/30,Email296
3000000043,1,Informação,00:00:03,Vendedor,,N,,,2024/09/30,
3000000044,1,Informação,00:00:04,Vendedor,,N,,,2024/09/30,
3000000045,1,URA Pesquisa NPS,00:02:17,CLI,,S,,,2024/09/30,Email296
3000000046,1,Não Atende,,Cliente,,N,,,2024/09/30,
3000000047,1,Informação,00:00:13,Cli,,N,,,2024/09/30,
3000000048,1,Informação,00:04:07,Cli,,N,,,2024/09/30,
3000000049,1,Caixa Postal,00:00:10,VE,,N,,,2024/09/30,
3000000050,1,URA Pesquisa NPS,00:00:40,VE,,S,Sim,10.0,2024/09/30,Email296
3000000051,1,URA Pesquisa NPS,00:00:43,Cliente,,S,Sim,10.0,2024/09/30,Email8754
3000000052,1,Chamada Não Atendida,00:00:03,VE,,N,,,2024/09/30,
3000000053,1,Chamada Não Atendida,,VE,,N,,,2024/09/30,
3000000054,1,Chamada Não Atendida,00:00:06,VE,,N,,,2024/09/30,
3000000055,1,URA Pesquisa NPS,00:02:24,VE,,S,Sim,10.0,2024/09/30,Email296
3000000056,1,Caixa Postal,,CLI,,N,,,2024/09/30,
3000000057,1,Não Atende,,Cliente,,N,,,2024/09/30,
3000000058,1,Chamada Não Atendida,,,,N,,,2024/09/30,
3000000059,1,Caixa Postal,00:00:10,Cli,,N,,,2024/09/30,
3000000060,1,Informação,,VE,,N,,,2024/09/30,
3000000061,1,Não Atende,,Cliente ,,N,,,2024/09/30,
3000000062,1,Atendimento em Dia_Hora especifico,00:01:07,Cli,,N,,,2024/09/30,
3000000063,1,Ocupado,,Cli,,N,,,2024/09/30,
3000000064,1,Caixa Postal,00:00:49,VE,,N,,,2024/09/30,
3000000065,1,Informação,00:00:02,VE,,N,,,2024/09/30,
3000000066,1,Informação,,VE,,N,,,2024/09/30,
3000000067,1,Informação,,VE,,N,,,2024/09/30,
3000000068,1,Caixa Postal,,Cli,,N,,,2024/09/30,
3000000069,1,URA Pesquisa NPS,00:03:09,Cli,,S,Sim,9.0,2024/09/30,Email1768
3000000070,1,Caixa Postal,00:00:01,VE,,N,,,2024/09/30,
3000000071,1,Caixa Postal,,VE,,N,,,2024/09/30,
3000000072,1,Contato de Finalizacao do Protocolo,00:04:03,VE,,N,,,2024/09/30,
3000000073,1,Chamada Não Atendida,00:00:07,VE,,N,,,2024/09/30,
3000000074,1,Chamada Não Atendida,,VE,,N,,,2024/09/30,
3000000075,1,Protocolo Permanecera em Andamento,00:10:08,VE,,N,,,2024/09/30,
3000000076,1,Informação,00:02:22,Cli,,N,,,2024/09/30,
3000000077,1,URA Pesquisa NPS,00:01:11,Cli,,S,,,2024/09/30,Email296
3000000078,1,URA Pesquisa NPS,00:04:45,VE,,S,Sim,10.0,2024/09/30,Email5371
3000000079,1,URA Pesquisa NPS,00:01:46,cli,,S,Sim,8.0,2024/09/30,Email48438
3000000080,1,Não Atende,,Cli,,N,,,2024/09/30,
3000000081,1,Ocupado,,Cli,,N,,,2024/09/30,
3000000082,1,Caixa Postal,00:00:05,Vendedor,,N,,,2024/09/30,
3000000083,1,Não Atende,,Vendedor,,N,,,2024/09/30,
3000000084,1,Informação,00:03:03,Cliente,,N,,,2024/09/30,
3000000085,1,URA Pesquisa NPS,00:04:22,VE,,S,Sim,10.0,2024/09/30,Email5371
3000000086,1,Informação,00:01:00,Cli,,S,,,2024/09/30,Email5556
3000000087,1,URA Pesquisa NPS,00:02:15,Cliente ,,S,Sim,10.0,2024/09/30,Email48438
3000000088,1,Caixa Postal,00:00:05,cli,,N,,,2024/09/30,
3000000089,1,Caixa Postal,00:00:03,cli,,N,,,2024/09/30,
3000000090,1,Informação,00:00:05,VE,,N,,,2024/09/30,
3000000091,1,Caixa Postal,00:00:03,Cliente,,N,,,2024/09/30,
3000000092,1,Dados incorretos do cliente,,Cliente,,N,,,2024/09/30,
3000000093,1,Informação,,VE,,N,,,2024/09/30,
3000000094,1,Sent To Voicemail,00:02:57,VE,,S,Sim,10.0,2024/09/30,Email296
3000000095,1,Não Atende,,Cliente,,N,,,2024/09/30,
3000000096,1,Chamada Não Atendida,00:00:06,VE,,N,,,2024/09/30,
3000000097,1,Chamada Não Atendida,00:00:16,VE,,N,,,2024/09/30,
3000000098,1,Caixa Postal,00:00:04,Cli,,N,,,2024/09/30,
3000000099,1,Abandon,00:04:24,Cli,,S,,,2024/09/30,Email1615
30000000100,1,Caixa Postal,,,,N,,,2024/09/30,
30000000101,1,Caixa Postal,00:00:09,Cli,,N,,,2024/09/30,
30000000102,1,URA Pesquisa NPS,00:02:03,VE,,S,,,2024/09/30,Email1768
30000000103,1,URA Pesquisa NPS,00:00:49,VE,,S,,,2024/09/30,Email5371
30000000104,1,Não Atende,,Cliente,,N,,,2024/09/30,
30000000105,1,Chamada Não Atendida,,VE,,N,,,2024/09/30,
30000000106,1,Caixa Postal,00:00:01,VE,,N,,,2024/09/30,
30000000107,1,URA Pesquisa NPS,00:01:54,CLI,,S,Sim,10.0,2024/09/30,Email48440
30000000108,1,Chamada Não Atendida,00:00:08,VE,,N,,,2024/09/30,
30000000109,1,Caixa Postal,00:00:03,CLI,,N,,,2024/09/30,
30000000110,1,Caixa Postal,,,,N,,,2024/09/30,
30000000111,1,Informação,00:07:47,Cliente,,N,,,2024/09/30,
30000000112,1,Informação,,,,N,,,2024/09/30,
30000000113,1,Informação,00:00:02,,,N,,,2024/09/30,
30000000114,1,URA Pesquisa NPS,00:01:44,cli,,S,Sim,8.0,2024/09/30,Email48440
30000000115,1,Caixa Postal,,cli,,N,,,2024/09/30,
30000000116,1,Caixa Postal,00:00:11,,,N,,,2024/09/30,
30000000117,1,Contato de Finalizacao do Protocolo,00:23:24,,,N,,,2024/09/30,
30000000118,1,Caixa Postal,00:00:04,cli,,N,,,2024/09/30,
30000000119,1,URA Pesquisa NPS,00:01:28,Cli,,S,Sim,10.0,2024/09/27,Email1615
30000000120,1,URA Pesquisa NPS,00:13:40,Cli,,S,Sim,10.0,2024/09/27,Email1615
30000000121,1,Sent To Voicemail,00:03:25,VE,,S,Sim,10.0,2024/09/27,Email296
30000000122,1,Caixa Postal,00:11:12,Cli,,N,,,2024/09/27,
30000000123,1,URA Pesquisa NPS,00:01:02,Cli,,S,,,2024/09/27,Email48441
30000000124,1,Caixa Postal,00:00:02,CLI,,N,,,2024/09/27,
30000000125,1,Caixa Postal,00:00:02,CLI,,N,,,2024/09/27,
30000000126,1,Informação,,VE,,N,,,2024/09/27,
30000000127,1,Caixa Postal,00:00:01,CLI,,N,,,2024/09/27,
30000000128,1,Caixa Postal,,Cli,,N,,,2024/09/27,
30000000129,1,URA Pesquisa NPS,00:03:40,Cli,,S,Sim,,2024/09/27,Email1615
30000000130,1,Não Atende,,Cli,,N,,,2024/09/27,
30000000131,1,Chamada Não Atendida,,CLI,,N,,,2024/09/27,
30000000132,1,Chamada Não Atendida,,Cli,,N,,,2024/09/27,
30000000133,1,URA Pesquisa NPS,00:00:46,cli,,S,Sim,0.0,2024/09/27,Email48439
30000000134,1,Caixa Postal,00:00:06,,,N,,,2024/09/27,
30000000135,1,Caixa Postal,00:00:01,clie,,N,,,2024/09/27,
30000000136,1,URA Pesquisa NPS,00:00:46,VE,,S,,,2024/09/27,Email296
30000000137,1,Caixa Postal,,Cliente,,N,,,2024/09/27,
30000000138,1,Caixa Postal,00:00:03,,,N,,,2024/09/27,
30000000139,1,Caixa Postal,00:00:07,Cli,,N,,,2024/09/27,
30000000140,1,Informação,,CLI,,N,,,2024/09/27,
30000000141,1,Informação,,Cli,,N,,,2024/09/27,
30000000142,1,Caixa Postal,00:00:09,Cliente,,N,,,2024/09/27,
30000000143,1,Caixa Postal,00:00:02,Cliente,,N,,,2024/09/27,
30000000144,1,Informação,00:00:11,Cli,,N,,,2024/09/27,
30000000145,1,URA Pesquisa NPS,00:01:58,Cli,,S,Sim,10.0,2024/09/27,Email288
30000000146,1,Caixa Postal,,Cli,,N,,,2024/09/27,
30000000147,1,Caixa Postal,00:00:06,Cli,,N,,,2024/09/27,
30000000148,1,Caixa Postal,00:00:09,Cli,,N,,,2024/09/27,
30000000149,1,Chamada Não Atendida,,VE,,N,,,2024/09/27,
30000000150,1,Caixa Postal,00:01:14,,,N,,,2024/09/27,
30000000151,1,Não Atende,,Cliente ,,N,,,2024/09/27,
30000000152,1,Chamada Não Atendida,00:00:03,VE,,N,,,2024/09/27,
30000000153,1,Chamada Não Atendida,00:00:01,VE,,N,,,2024/09/27,
30000000154,1,URA Pesquisa NPS,00:00:35,CLI,,S,,,2024/09/27,Email48441
30000000155,1,Caixa Postal,00:00:01,CLI,,N,,,2024/09/27,
30000000156,1,Caixa Postal,,CLI,,N,,,2024/09/27,
30000000157,1,Caixa Postal,00:00:00,CLI,,N,,,2024/09/27,
30000000158,1,Não Atende,,Cliente,,N,,,2024/09/27,
30000000159,1,Não Atende,,Cliente,,N,,,2024/09/27,
30000000160,1,Informação,00:00:02,,,N,,,2024/09/27,
30000000161,1,Informação,00:02:12,clie,,N,,,2024/09/27,
30000000162,1,Não Atende,,Cliente,,N,,,2024/09/27,
30000000163,1,URA Pesquisa NPS,00:00:43,Cli,,S,Sim,10.0,2024/09/27,Email5371
30000000164,1,Informação,,,,N,,,2024/09/27,
30000000165,1,Caixa Postal,,VE,,N,,,2024/09/27,
30000000166,1,Caixa Postal,,VE,,N,,,2024/09/27,
30000000167,1,Caixa Postal,00:00:01,Cli,,N,,,2024/09/27,
30000000168,1,Caixa Postal,,Cli,,N,,,2024/09/27,
30000000169,1,Caixa Postal,,CLI ,,N,,,2024/09/27,
30000000170,1,Caixa Postal,,Cliente,,N,,,2024/09/27,
30000000171,1,Caixa Postal,00:00:04,Cliente,,N,,,2024/09/27,
30000000172,1,URA Pesquisa NPS,00:01:00,VE,,S,,,2024/09/27,Email1768
30000000173,1,Informação,,,,N,,,2024/09/27,
30000000174,1,Não Atende,,Cliente,,N,,,2024/09/27,
30000000175,1,Informação,,VE,,N,,,2024/09/27,
30000000176,1,Sent To Voicemail,00:02:17,CLI,,S,Sim,10.0,2024/09/27,Email19156
30000000177,1,Caixa Postal,00:00:07,CLI,,N,,,2024/09/27,
30000000178,1,Informação,00:00:10,VE,,N,,,2024/09/27,
30000000179,1,Informação,,CLI,,N,,,2024/09/27,
30000000180,1,Informação,00:03:49,Cli,,N,,,2024/09/27,
30000000181,1,Caixa Postal,,VE,,N,,,2024/09/27,
30000000182,1,Caixa Postal,,Cli,,N,,,2024/09/27,
30000000183,1,Caixa Postal,00:00:05,VE,,N,,,2024/09/27,
30000000184,1,Chamada Não Atendida,,VE,,N,,,2024/09/27,
30000000185,1,URA Pesquisa NPS,00:00:51,VE,,S,Sim,,2024/09/27,Email48440
30000000186,1,URA Pesquisa NPS,00:03:01,VE,,S,Sim,10.0,2024/09/27,Email5371
30000000187,1,Informação,,CLI,,N,,,2024/09/27,
30000000188,1,URA Pesquisa NPS,00:00:38,VE,,S,Sim,1.0,2024/09/27,Email296
30000000189,1,URA Pesquisa NPS,00:00:56,clie,,S,,,2024/09/27,Email5556
30000000190,1,Caixa Postal,00:00:03,ve,,N,,,2024/09/27,
30000000191,1,URA Pesquisa NPS,00:03:08,VE,,S,Sim,10.0,2024/09/27,Email296
30000000192,1,Caixa Postal,00:00:01,Cliente,,N,,,2024/09/27,
30000000193,1,Caixa Postal,,Cliente,,N,,,2024/09/27,
30000000194,1,Informação,,VE,,N,,,2024/09/27,
30000000195,1,Informação,,VE,,N,,,2024/09/27,
30000000196,1,Chamada Não Atendida,00:00:11,Cli,,N,,,2024/09/27,
30000000197,1,URA Pesquisa NPS,00:02:45,Cli,,S,,,2024/09/27,Email1768
30000000198,1,Chamada Não Atendida,,VE,,N,,,2024/09/27,
30000000199,1,Caixa Postal,,Cli,,N,,,2024/09/27,
30000000200,1,Caixa Postal,00:00:04,Cliente,,N,,,2024/09/27,
30000000201,1,Caixa Postal,00:00:07,Cliente,,N,,,2024/09/27,
30000000202,1,URA Pesquisa NPS,00:00:35,VE,,S,Sim,10.0,2024/09/27,Email296
30000000203,1,URA Pesquisa NPS,00:02:08,cli,,S,Sim,10.0,2024/09/27,Email5556
30000000204,1,Sent To Voicemail,00:00:49,VE,,S,Sim,10.0,2024/09/27,Email296
30000000205,1,URA Pesquisa NPS,00:01:13,cli,,S,Sim,10.0,2024/09/27,Email5556
30000000206,1,URA Pesquisa NPS,00:03:07,Cliente,,S,,,2024/09/27,Email4355
30000000207,1,URA Pesquisa NPS,00:01:05,CLI,,S,,,2024/09/27,Email296
30000000208,1,Não Atende,,Cliente,,N,,,2024/09/27,
30000000209,1,Caixa Postal,00:00:27,cli,,N,,,2024/09/27,
30000000210,1,Caixa Postal,00:00:01,CLI,,N,,,2024/09/27,
30000000211,1,Ocupado,,Cli,,N,,,2024/09/27,
30000000212,1,URA Pesquisa NPS,00:03:04,Cli,,S,,,2024/09/27,Email48441
30000000213,1,Informação,00:00:53,Cli,,N,,,2024/09/27,
30000000214,1,Caixa Postal,00:00:11,Cliente,,N,,,2024/09/27,
30000000215,1,Ocupado,00:00:19,Cli,,N,,,2024/09/27,
30000000216,1,URA Pesquisa NPS,00:01:26,Cli,,S,Sim,9.0,2024/09/27,Email288
30000000217,1,Informação,,ve,,N,,,2024/09/27,
30000000218,1,URA Pesquisa NPS,00:03:49,Cli,,S,Sim,10.0,2024/09/27,Email5371
30000000219,1,Informação,00:00:11,CLI,,N,,,2024/09/27,
30000000220,1,Informação,00:00:01,CLI,,N,,,2024/09/27,
30000000221,1,Informação,00:00:01,CLI,,N,,,2024/09/27,
30000000222,1,Ocupado,,VE,,N,,,2024/09/27,
30000000223,1,Caixa Postal,,VE,,N,,,2024/09/27,
30000000224,1,URA Pesquisa NPS,00:04:06,cli,,S,Sim,10.0,2024/09/27,Email48440
30000000225,1,Caixa Postal,,,,N,,,2024/09/27,
30000000226,1,Caixa Postal,00:19:03,Cli,,N,,,2024/09/27,
30000000227,1,Caixa Postal,00:00:04,VE,,N,,,2024/09/27,
30000000228,1,Não Atende,00:00:02,Cliente,,N,,,2024/09/27,
30000000229,1,URA Pesquisa NPS,00:03:06,Cli,,S,Sim,9.0,2024/09/27,Email296
30000000230,1,Informação,,cli,,N,,,2024/09/27,
30000000231,1,Informação,,cli,,N,,,2024/09/27,
30000000232,1,Caixa Postal,,cli,,N,,,2024/09/27,
30000000233,1,Chamada Não Atendida,00:00:12,cli,,N,,,2024/09/27,
30000000234,1,Caixa Postal,00:00:05,CLI,,N,,,2024/09/27,
30000000235,1,Caixa Postal,,CLI,,N,,,2024/09/27,
30000000236,1,Chamada Não Atendida,,CLI,,N,,,2024/09/27,
30000000237,1,Chamada Não Atendida,,CLI,,N,,,2024/09/27,
30000000238,1,Chamada Não Atendida,,CLI,,N,,,2024/09/27,
30000000239,1,Informação,00:01:14,,,N,,,2024/09/27,
30000000240,1,Caixa Postal,00:00:03,cli,,N,,,2024/09/27,
30000000241,1,URA Pesquisa NPS,00:05:39,CLI,,S,,,2024/09/27,Email19156
30000000242,1,Não Atende,,Cliente ,,N,,,2024/09/27,
30000000243,1,Caixa Postal,00:00:02,Cliente,,N,,,2024/09/27,
30000000244,1,Caixa Postal,00:00:04,CLI,,N,,,2024/09/27,
30000000245,1,Caixa Postal,,CLI,,N,,,2024/09/27,
30000000246,1,URA Pesquisa NPS,00:01:22,,,S,,,2024/09/27,Email48442
30000000247,1,Contato de Finalizacao do Protocolo,00:03:29,Cli,,N,,,2024/09/27,
30000000248,1,Chamada Não Atendida,00:00:01,VE,,N,,,2024/09/27,
30000000249,1,URA Pesquisa NPS,00:01:11,CLI,,S,Sim,10.0,2024/09/27,Email296
30000000250,1,Chamada Não Atendida,00:00:04,ve,,N,,,2024/09/27,
30000000251,1,Não Atende,,Cliente,,N,,,2024/09/27,
30000000252,1,Chamada Não Atendida,,ve,,N,,,2024/09/27,
30000000253,1,Caixa Postal,,cli,,N,,,2024/09/27,
30000000254,1,Caixa Postal,00:00:03,cli,,N,,,2024/09/27,
30000000255,1,Caixa Postal,,cli,,N,,,2024/09/27,
30000000256,1,Não Atende,,Cliente,,N,,,2024/09/27,
30000000257,1,URA Pesquisa NPS,00:02:02,Ve,,S,Sim,10.0,2024/09/27,Email48442
30000000258,1,Não Atende,,Cliente,,N,,,2024/09/27,
30000000259,1,Não Atende,,Cliente,,N,,,2024/09/27,
30000000260,1,Chamada Não Atendida,,VE,,N,,,2024/09/27,
30000000261,1,URA Pesquisa NPS,00:01:32,CLI,,S,Sim,10.0,2024/09/27,Email48441
30000000262,1,Caixa Postal,00:00:03,cli,,N,,,2024/09/27,
30000000263,1,Chamada Não Atendida,00:00:01,VE,,N,,,2024/09/27,
30000000264,1,Chamada Não Atendida,00:00:01,VE,,N,,,2024/09/27,
30000000265,1,Caixa Postal,00:00:00,CLI,,N,,,2024/09/27,
30000000266,1,URA Pesquisa NPS,00:01:09,CLI,,S,Sim,,2024/09/27,Email48441
30000000267,1,URA Pesquisa NPS,00:01:09,CLI,,S,Sim,10.0,2024/09/27,Email48441
30000000268,1,Chamada Não Atendida,00:00:04,VE,,N,,,2024/09/27,
30000000269,1,Chamada Não Atendida,,VE,,N,,,2024/09/27,
30000000270,1,URA Pesquisa NPS,00:02:01,cli,,S,Sim,10.0,2024/09/27,Email296
30000000271,1,Chamada Não Atendida,,VE,,N,,,2024/09/27,
30000000272,1,Agent Error,00:03:27,VE,,N,,,2024/09/27,
30000000273,1,Caixa Postal,00:00:01,VE,,N,,,2024/09/27,
30000000274,1,Caixa Postal,00:00:01,VE,,N,,,2024/09/27,
30000000275,1,Caixa Postal,00:00:05,Cli,,N,,,2024/09/27,
30000000276,1,Não Atende,,Cliente,,N,,,2024/09/27,
30000000277,1,Protocolo Permanecera em Andamento,00:05:06,Cli,,N,,,2024/09/27,
30000000278,1,Caixa Postal,,Vendedor,,N,,,2024/09/27,
30000000279,1,Sent To Voicemail,00:10:48,VE,,S,Sim,10.0,2024/09/27,Email1768
30000000280,1,Cliente Desligou,00:01:06,Vendedor,,N,,,2024/09/27,
30000000281,1,Sent To Voicemail,00:00:59,Vendedor,,S,Sim,10.0,2024/09/27,Email364
30000000282,1,Não Atende,,Cliente,,N,,,2024/09/27,
30000000283,1,Caixa Postal,00:00:01,cli,,N,,,2024/09/27,
30000000284,1,URA Pesquisa NPS,00:03:20,VE,,S,Sim,10.0,2024/09/27,Email48440
30000000285,1,Caixa Postal,00:00:01,,,N,,,2024/09/27,
30000000286,1,Caixa Postal,00:00:04,cli,,N,,,2024/09/27,
30000000287,1,Informação,00:04:39,Cliente ,,N,,,2024/09/27,
30000000288,1,Caixa Postal,00:00:02,Cliente,,N,,,2024/09/27,
30000000289,1,URA Pesquisa NPS,00:01:07,cli,,S,Sim,9.0,2024/09/27,Email48439
30000000290,1,Caixa Postal,,,,N,,,2024/09/27,
30000000291,1,URA Pesquisa NPS,00:00:50,cli,,S,Sim,10.0,2024/09/27,Email48442
30000000292,1,Ligação Muda,,CLI,,N,,,2024/09/27,
30000000293,1,Caixa Postal,00:00:05,CLI,,N,,,2024/09/27,
30000000294,1,Caixa Postal,00:00:07,Cli,,N,,,2024/09/26,
30000000295,1,Caixa Postal,00:00:05,Cli,,N,,,2024/09/26,
30000000296,1,Informação,,cli,,N,,,2024/09/26,
30000000297,1,Informação,,cli,,N,,,2024/09/26,
30000000298,1,Informação,,cli,,N,,,2024/09/26,
30000000299,1,URA Pesquisa NPS,00:01:13,cli,,S,Sim,8.0,2024/09/26,Email48438
30000000300,1,URA Pesquisa NPS,00:01:08,VE,,S,Sim,10.0,2024/09/26,Email296
30000000301,1,Caixa Postal,00:00:03,cli,,N,,,2024/09/26,
30000000302,1,Informação,00:00:02,Cliente,,N,,,2024/09/26,
30000000303,1,Informação,00:00:05,Cliente,,N,,,2024/09/26,
30000000304,1,URA Pesquisa NPS,00:01:32,Cli,,S,,,2024/09/26,Email19156
30000000305,1,URA Pesquisa NPS,00:01:09,CLI,,S,Nao,0.0,2024/09/26,Email296
30000000306,1,Ocupado,,cli,,N,,,2024/09/26,
30000000307,1,Informação,00:00:15,cli,,N,,,2024/09/26,
30000000308,1,Ligação Muda,00:00:17,,,N,,,2024/09/26,
30000000309,1,Cliente Desligou,00:00:10,,,N,,,2024/09/26,
30000000310,1,Caixa Postal,00:00:04,CLI,,N,,,2024/09/26,
30000000311,1,Caixa Postal,00:00:02,CLI,,N,,,2024/09/26,
30000000312,1,Chamada Não Atendida,00:00:01,VE,,N,,,2024/09/26,
30000000313,1,Chamada Não Atendida,,VE,,N,,,2024/09/26,
30000000314,1,Ligação Muda,,CLI,,N,,,2024/09/26,
30000000315,1,URA Pesquisa NPS,00:01:44,CLI,,S,Sim,9.0,2024/09/26,Email48441
30000000316,1,Caixa Postal,,cli,,N,,,2024/09/26,
30000000317,1,Caixa Postal,,cli,,N,,,2024/09/26,
30000000318,1,URA Pesquisa NPS,00:02:21,CLI,,S,Sim,10.0,2024/09/26,Email48441
30000000319,1,Contato de Finalizacao do Protocolo,00:01:16,cli,,N,,,2024/09/26,
30000000320,1,Caixa Postal,,Cli,,N,,,2024/09/26,
30000000321,1,Caixa Postal,00:00:06,Cli,,N,,,2024/09/26,
30000000322,1,Ligação Muda,,Cli,,N,,,2024/09/26,
30000000323,1,Caixa Postal,,Cli,,N,,,2024/09/26,
30000000324,1,Caixa Postal,,Cli,,N,,,2024/09/26,
30000000325,1,Chamada Não Atendida,00:00:03,VE,,N,,,2024/09/26,
30000000326,1,Caixa Postal,,VE,,N,,,2024/09/26,
30000000327,1,Caixa Postal,00:00:03,Cli,,N,,,2024/09/26,
30000000328,1,Caixa Postal,00:00:11,Cli,,N,,,2024/09/26,
30000000329,1,Não Atende,,Cliente ,,N,,,2024/09/26,
30000000330,1,Caixa Postal,,Cliente ,,N,,,2024/09/26,
30000000331,1,Informação,00:00:10,Cliente,,N,,,2024/09/26,
30000000332,1,Caixa Postal,00:00:22,,,N,,,2024/09/26,
30000000333,1,Informação,00:00:09,Cliente,,N,,,2024/09/26,
30000000334,1,Informação,,Cliente,,N,,,2024/09/26,
30000000335,1,Caixa Postal,00:00:03,CLI,,N,,,2024/09/26,
30000000336,1,Informação,00:00:02,Cliente,,N,,,2024/09/26,
30000000337,1,Informação,00:00:07,Cliente,,N,,,2024/09/26,
30000000338,1,Ligação Muda,,CLI,,N,,,2024/09/26,
30000000339,1,Caixa Postal,,Cli,,N,,,2024/09/26,
30000000340,1,Caixa Postal,,Cli,,N,,,2024/09/26,
30000000341,1,Informação,00:07:03,Cli,,S,,,2024/09/26,Email288
30000000342,1,URA Pesquisa NPS,00:01:52,cli,,S,,,2024/09/26,Email48438
30000000343,1,URA Pesquisa NPS,00:01:30,cli,,S,Sim,10.0,2024/09/26,Email48438
30000000344,1,Caixa Postal,00:00:05,Cli,,N,,,2024/09/26,
30000000345,1,Caixa Postal,00:00:10,CIi,,N,,,2024/09/26,
30000000346,1,Caixa Postal,00:00:01,CIi,,N,,,2024/09/26,
30000000347,1,Informação,,VE,,N,,,2024/09/26,
30000000348,1,URA Pesquisa NPS,00:00:58,Ve,,S,Sim,10.0,2024/09/26,Email288
30000000349,1,Caixa Postal,00:00:03,cli,,N,,,2024/09/26,
30000000350,1,Caixa Postal,,cli,,N,,,2024/09/26,
30000000351,1,Contato de Finalizacao do Protocolo,00:00:50,Cli,,N,,,2024/09/26,
30000000352,1,URA Pesquisa NPS,00:02:20,VE,,S,Nao,7.0,2024/09/26,Email296
30000000353,1,Informação,00:00:02,cli,,N,,,2024/09/26,
30000000354,1,URA Pesquisa NPS,00:01:01,Cliente ,,S,Sim,,2024/09/26,Email8754
30000000355,1,URA Pesquisa NPS,00:00:42,VE,,S,Sim,10.0,2024/09/26,Email5556
30000000356,1,URA Pesquisa NPS,00:01:56,ve,,S,Sim,10.0,2024/09/26,Email5556
30000000357,1,Caixa Postal,00:00:04,Cli,,N,,,2024/09/26,
30000000358,1,URA Pesquisa NPS,00:01:35,CLI,,S,Sim,10.0,2024/09/26,Email48441
30000000359,1,Caixa Postal,00:00:02,Cli,,N,,,2024/09/26,
30000000360,1,Caixa Postal,00:00:04,CLI,,N,,,2024/09/26,
30000000361,1,Chamada Não Atendida,,CLI,,N,,,2024/09/26,
30000000362,1,Caixa Postal,00:00:04,CLI,,N,,,2024/09/26,
30000000363,1,Informação,,CLI,,N,,,2024/09/26,
30000000364,1,Caixa Postal,,CLI,,N,,,2024/09/26,
30000000365,1,Caixa Postal,,CLI,,N,,,2024/09/26,
30000000366,1,Caixa Postal,,VE,,N,,,2024/09/26,
30000000367,1,Sent To Voicemail,00:13:51,Cli,,S,Sim,7.0,2024/09/26,Email5556
30000000368,1,Chamada Não Atendida,00:00:04,VE,,N,,,2024/09/26,
30000000369,1,Chamada Não Atendida,,VE,,N,,,2024/09/26,
30000000370,1,Caixa Postal,,CLI,,N,,,2024/09/26,
30000000371,1,Caixa Postal,,CLI,,N,,,2024/09/26,
30000000372,1,Protocolo Permanecera em Andamento,00:02:04,VE,,N,,,2024/09/26,
30000000373,1,Caixa Postal,,cli,,N,,,2024/09/26,
30000000374,1,Caixa Postal,,cli,,N,,,2024/09/26,
30000000375,1,Protocolo Permanecera em Andamento,00:11:11,Cliente,,N,,,2024/09/26,
30000000376,1,Informação,,cli,,N,,,2024/09/26,
30000000377,1,URA Pesquisa NPS,00:05:57,Cli,,S,Nao,9.0,2024/09/26,Email4355
30000000378,1,URA Pesquisa NPS,00:05:55,VE,,S,Sim,10.0,2024/09/26,Email5371
30000000379,1,Informação,00:12:23,VE,,N,,,2024/09/26,
30000000380,1,URA Pesquisa NPS,00:02:33,Cli,,S,,,2024/09/26,Email19156
30000000381,1,URA Pesquisa NPS,00:03:01,cli,,S,Sim,9.0,2024/09/26,Email48440
30000000382,1,Caixa Postal,00:00:03,VE,,N,,,2024/09/26,
30000000383,1,URA Pesquisa NPS,00:00:50,Cli,,S,Sim,10.0,2024/09/26,Email288
30000000384,1,Informação,00:00:19,CLI,,N,,,2024/09/26,
30000000385,1,Caixa Postal,00:00:02,VE,,N,,,2024/09/26,
30000000386,1,URA Pesquisa NPS,00:00:58,Cliente,,S,Sim,10.0,2024/09/26,Email8754
30000000387,1,Informação,00:00:46,CLI,,N,,,2024/09/26,
30000000388,1,URA Pesquisa NPS,00:00:58,CLI,,S,,,2024/09/26,Email288
30000000389,1,Caixa Postal,,Cli,,N,,,2024/09/26,
30000000390,1,Não Atende,,VE,,N,,,2024/09/26,
30000000391,1,Caixa Postal,00:00:05,Cli,,N,,,2024/09/26,
30000000392,1,Não Atende,,Cli,,N,,,2024/09/26,
30000000393,1,Caixa Postal,00:00:09,Cli,,N,,,2024/09/26,
30000000394,1,Caixa Postal,00:00:06,Cli,,N,,,2024/09/26,
30000000395,1,Contato de Finalizacao do Protocolo,00:01:35,Cli,,N,,,2024/09/26,
30000000396,1,URA Pesquisa NPS,00:02:09,VE,,S,Sim,10.0,2024/09/26,Email296
30000000397,1,Informação,00:05:54,,,N,,,2024/09/26,
30000000398,1,Caixa Postal,00:00:01,cli,,N,,,2024/09/26,
30000000399,1,Caixa Postal,00:00:04,VE,,N,,,2024/09/26,
30000000400,1,URA Pesquisa NPS,00:02:11,Cli,,S,Sim,9.0,2024/09/26,Email19156
30000000401,1,Chamada Não Atendida,,VE,,N,,,2024/09/26,
30000000402,1,Chamada Não Atendida,,VE,,N,,,2024/09/26,
30000000403,1,Informação,,CLI,,N,,,2024/09/26,
30000000404,1,Informação,,VE,,N,,,2024/09/26,
30000000405,1,URA Pesquisa NPS,00:05:52,Cli,,S,,,2024/09/26,Email13137
30000000406,1,Informação,00:00:06,cli,,N,,,2024/09/26,
30000000407,1,Caixa Postal,,VE,,N,,,2024/09/26,
30000000408,1,URA Pesquisa NPS,00:02:58,VE,,S,Sim,10.0,2024/09/26,Email5371
30000000409,1,Contato de Finalizacao do Protocolo,00:02:22,VE,,N,,,2024/09/26,
30000000410,1,Informação,,Clie,,N,,,2024/09/26,
30000000411,1,Informação,,Clie,,N,,,2024/09/26,
30000000412,1,URA Pesquisa NPS,00:01:39,Clie,,S,,,2024/09/26,Email48440
30000000413,1,Caixa Postal,00:00:05,Cli,,N,,,2024/09/26,
30000000414,1,Caixa Postal,00:00:04,VE,,N,,,2024/09/26,
30000000415,1,Ocupado,,Cliente,,N,,,2024/09/26,
30000000416,1,Caixa Postal,,Cliente,,N,,,2024/09/26,
30000000417,1,URA Pesquisa NPS,00:01:08,VE,,S,Sim,1.0,2024/09/26,Email5371
30000000418,1,URA Pesquisa NPS,00:00:52,Cli,,S,Sim,9.0,2024/09/26,Email5556
30000000419,1,URA Pesquisa NPS,00:02:45,Cli,,S,Sim,9.0,2024/09/26,Email5556
30000000420,1,URA Pesquisa NPS,00:11:04,cli,,S,Sim,10.0,2024/09/26,Email296
30000000421,1,Cliente Desligou,00:00:10,CLI,,N,,,2024/09/26,
30000000422,1,Caixa Postal,,VE,,N,,,2024/09/26,
30000000423,1,Contato de Finalizacao do Protocolo,00:03:04,CLI,,S,,,2024/09/26,Email4194
30000000424,1,Não Atende,,Cliente ,,N,,,2024/09/26,
30000000425,1,Dados incorretos do cliente,,Cliente ,,N,,,2024/09/26,
30000000426,1,Informação,00:00:10,Cliente,,N,,,2024/09/26,
30000000427,1,Informação,00:00:01,Cliente,,N,,,2024/09/26,
30000000428,1,Sent To Voicemail,00:00:41,ve,,S,Sim,10.0,2024/09/26,Email5556
30000000429,1,Caixa Postal,00:00:04,VE,,N,,,2024/09/26,
30000000430,1,Caixa Postal,00:00:14,cli,,N,,,2024/09/26,
30000000431,1,URA Pesquisa NPS,00:02:20,Cli,,S,Sim,9.0,2024/09/26,Email5556
30000000432,1,Caixa Postal,,CLI,,N,,,2024/09/26,
30000000433,1,Caixa Postal,,CLI,,N,,,2024/09/26,
30000000434,1,URA Pesquisa NPS,00:10:38,VE,,S,Sim,10.0,2024/09/26,Email5556
30000000435,1,Ligação Muda,,CLI,,N,,,2024/09/26,
30000000436,1,Caixa Postal,00:00:04,CLI,,N,,,2024/09/26,
30000000437,1,Chamada Não Atendida,,CLI,,N,,,2024/09/26,
30000000438,1,Informação,,Cli,,N,,,2024/09/26,
30000000439,1,Informação,,Cli,,N,,,2024/09/26,
30000000440,1,Não Atende,,Cliente ,,N,,,2024/09/26,
30000000441,1,Informação,00:00:03,CLI,,N,,,2024/09/26,
30000000442,1,Informação,,VE,,N,,,2024/09/26,
30000000443,1,Informação,,clie,,N,,,2024/09/26,
30000000444,1,Informação,00:00:02,,,N,,,2024/09/26,
30000000445,1,Caixa Postal,,cli,,N,,,2024/09/26,
30000000446,1,Caixa Postal,00:00:04,,,N,,,2024/09/25,
30000000447,1,Caixa Postal,00:00:01,VE,,N,,,2024/09/25,
30000000448,1,Caixa Postal,,VE,,N,,,2024/09/25,
30000000449,1,Informação,00:00:14,cliente ,,N,,,2024/09/25,
30000000450,1,Informação,00:00:17,cliente ,,N,,,2024/09/25,
30000000451,1,Ocupado,,VE,,N,,,2024/09/25,
30000000452,1,Ocupado,,VE,,N,,,2024/09/25,
30000000453,1,URA Pesquisa NPS,00:02:37,Cliente,,S,Sim,,2024/09/25,Email1615
30000000454,1,Informação,00:04:17,,,N,,,2024/09/25,
30000000455,1,Ocupado,,VE,,N,,,2024/09/25,
30000000456,1,Ocupado,,cliente ,,N,,,2024/09/25,
30000000457,1,Ocupado,,VE,,N,,,2024/09/25,
30000000458,1,Caixa Postal,00:00:09,CLI,,N,,,2024/09/25,
30000000459,1,URA Pesquisa NPS,00:01:16,Cli,,S,,,2024/09/25,Email4355
30000000460,1,Informação,00:00:15,Cliente ,,N,,,2024/09/25,
30000000461,1,Informação,00:00:11,Cliente ,,N,,,2024/09/25,
30000000462,1,Informação,00:00:48,Cliente ,,N,,,2024/09/25,
30000000463,1,Informação,,cli,,N,,,2024/09/25,
30000000464,1,URA Pesquisa NPS,00:02:25,Cli,,S,Sim,,2024/09/25,Email5371
30000000465,1,Sent To Voicemail,00:01:32,cli,,S,Sim,1.0,2024/09/25,Email48440
30000000466,1,Caixa Postal,,CLI,,N,,,2024/09/25,
30000000467,1,Caixa Postal,00:00:08,Cliente,,N,,,2024/09/25,
30000000468,1,Caixa Postal,00:00:05,Cliente,,N,,,2024/09/25,
30000000469,1,Caixa Postal,,Cliente,,N,,,2024/09/25,
30000000470,1,Caixa Postal,00:00:04,CLI,,N,,,2024/09/25,
30000000471,1,URA Pesquisa NPS,00:02:50,Cliente ,,S,Sim,9.0,2024/09/25,Email1615
30000000472,1,Caixa Postal,00:00:04,Cliente ,,N,,,2024/09/25,
30000000473,1,Caixa Postal,00:00:07,,,N,,,2024/09/25,
30000000474,1,Caixa Postal,,,,N,,,2024/09/25,
30000000475,1,Caixa Postal,00:00:04,CLI,,N,,,2024/09/25,
30000000476,1,Não Atende,,Cliente ,,N,,,2024/09/25,
30000000477,1,Ligação Muda,00:00:31,CLI,,N,,,2024/09/25,
30000000478,1,URA Pesquisa NPS,00:02:06,CLI,,S,Sim,8.0,2024/09/25,Email11179
30000000479,1,Caixa Postal,00:00:06,VE,,N,,,2024/09/25,
30000000480,1,Ligação Muda,,cli,,N,,,2024/09/25,
30000000481,1,Caixa Postal,00:00:04,VE,,N,,,2024/09/25,
30000000482,1,Caixa Postal,,,,N,,,2024/09/25,
30000000483,1,Caixa Postal,00:00:02,,,N,,,2024/09/25,
30000000484,1,Informação,00:03:53,Cliente,,N,,,2024/09/25,
30000000485,1,URA Pesquisa NPS,00:02:28,Cli,,S,,,2024/09/25,Email48441
30000000486,1,Não Atende,,cliente ,,N,,,2024/09/25,
30000000487,1,Caixa Postal,,Cli,,N,,,2024/09/25,
30000000488,1,URA Pesquisa NPS,00:02:04,CLI,,S,Sim,10.0,2024/09/25,Email296
30000000489,1,Ocupado,,CLI,,N,,,2024/09/25,
30000000490,1,Ocupado,,CLI,,N,,,2024/09/25,
30000000491,1,Informação,00:01:57,,,N,,,2024/09/25,
30000000492,1,URA Pesquisa NPS,00:06:48,VE,,S,Sim,1.0,2024/09/25,Email19156
30000000493,1,Caixa Postal,00:00:01,VE,,N,,,2024/09/25,
30000000494,1,Chamada Não Atendida,00:00:00,VE,,N,,,2024/09/25,
30000000495,1,Chamada Não Atendida,,VE,,N,,,2024/09/25,
30000000496,1,Chamada Não Atendida,,VE,,N,,,2024/09/25,
30000000497,1,Cliente Desligou,00:00:08,CLI,,N,,,2024/09/25,
30000000498,1,Contato de Finalizacao do Protocolo,00:03:43,CLI,,S,,,2024/09/25,Email4194
30000000499,1,URA Pesquisa NPS,00:01:36,Cli,,S,Sim,,2024/09/25,Email1768
30000000500,1,Informação,,VE,,N,,,2024/09/25,
30000000501,1,Informação,,,,N,,,2024/09/25,
30000000502,1,URA Pesquisa NPS,00:04:12,Cli,,S,,,2024/09/25,Email19156
30000000503,1,Caixa Postal,,VE,,N,,,2024/09/25,
30000000504,1,Cliente Desligou,00:00:01,Cli,,N,,,2024/09/25,
30000000505,1,Não Atende,,Cliente ,,N,,,2024/09/25,
30000000506,1,Não Atende,,Cliente ,,N,,,2024/09/25,
30000000507,1,Ligação Muda,00:00:24,Cli,,N,,,2024/09/25,
30000000508,1,Caixa Postal,00:00:03,VE,,N,,,2024/09/25,
30000000509,1,URA Pesquisa NPS,00:02:01,Cliente. ,,S,Sim,10.0,2024/09/25,Email8754
30000000510,1,Caixa Postal,00:00:04,CLI,,N,,,2024/09/25,
30000000511,1,Caixa Postal,00:00:02,Cliente ,,N,,,2024/09/25,
30000000512,1,Protocolo Permanecera em Andamento,00:02:55,VE,,N,,,2024/09/25,
30000000513,1,Informação,00:00:05,,,N,,,2024/09/25,
30000000514,1,Informação,00:00:05,,,N,,,2024/09/25,
30000000515,1,Informação,00:00:00,,,N,,,2024/09/25,
30000000516,1,Informação,00:03:40,VE,,N,,,2024/09/25,
30000000517,1,Não Atende,,CLI,,N,,,2024/09/25,
30000000518,1,Caixa Postal,,,,N,,,2024/09/25,
30000000519,1,Informação,00:01:16,,,N,,,2024/09/25,
30000000520,1,Informação,00:07:14,Cli,,N,,,2024/09/25,
30000000521,1,Informação,00:02:56,Cli,,N,,,2024/09/25,
30000000522,1,Caixa Postal,00:00:10,Cli,,N,,,2024/09/25,
30000000523,1,Caixa Postal,00:00:04,Cli,,N,,,2024/09/25,
30000000524,1,Ocupado,,Cliente ,,N,,,2024/09/25,
30000000525,1,Ocupado,,Cliente ,,N,,,2024/09/25,
30000000526,1,URA Pesquisa NPS,00:02:30,VE,,S,Sim,10.0,2024/09/25,Email296
30000000527,1,Caixa Postal,,,,N,,,2024/09/25,
30000000528,1,Caixa Postal,00:00:00,,,N,,,2024/09/25,
30000000529,1,URA Pesquisa NPS,00:00:43,ve,,S,Sim,10.0,2024/09/25,Email5556
30000000530,1,Não Atende,,VE,,N,,,2024/09/25,
30000000531,1,Não Atende,,VE,,N,,,2024/09/25,
30000000532,1,Contato de Finalizacao do Protocolo,00:04:15,VE,,N,,,2024/09/25,
30000000533,1,Sent To Voicemail,00:02:42,Outros,,S,Sim,10.0,2024/09/25,Email8754
30000000534,1,URA Pesquisa NPS,00:00:47,VE,,S,Sim,10.0,2024/09/25,Email5556
30000000535,1,Informação,00:04:15,cli,,N,,,2024/09/25,
30000000536,1,Caixa Postal,00:00:03,,,N,,,2024/09/25,
30000000537,1,Caixa Postal,,,,N,,,2024/09/25,
30000000538,1,Caixa Postal,00:00:04,,,N,,,2024/09/25,
30000000539,1,URA Pesquisa NPS,00:00:55,cli,,S,Sim,10.0,2024/09/25,Email48439
30000000540,1,Informação,,Cli,,N,,,2024/09/25,
30000000541,1,Informação,00:00:09,VE,,N,,,2024/09/24,
30000000542,1,Informação,00:01:10,cli,,N,,,2024/09/24,
30000000543,1,URA Pesquisa NPS,00:06:14,,,S,Sim,10.0,2024/09/24,Email4355
30000000544,1,Não Atende,00:00:01,cliente ,,N,,,2024/09/24,
30000000545,1,Informação,,cli,,N,,,2024/09/24,
30000000546,1,Informação,00:03:40,cli,,N,,,2024/09/24,
30000000547,1,Caixa Postal,,VE,,N,,,2024/09/24,
30000000548,1,Informação,00:02:44,cli,,N,,,2024/09/24,
30000000549,1,Caixa Postal,00:00:07,,,N,,,2024/09/24,
30000000550,1,Não Atende,,,,N,,,2024/09/24,
30000000551,1,Caixa Postal,,VE,,N,,,2024/09/24,
30000000552,1,URA Pesquisa NPS,00:00:36,VE,,S,Sim,10.0,2024/09/24,Email296
30000000553,1,URA Pesquisa NPS,00:02:02,VE,,S,Sim,10.0,2024/09/24,Email48441
30000000554,1,Caixa Postal,,cli,,N,,,2024/09/24,
30000000555,1,Chamada Não Atendida,00:00:11,VE,,N,,,2024/09/24,
30000000556,1,Chamada Não Atendida,,VE,,N,,,2024/09/24,
30000000557,1,URA Pesquisa NPS,00:01:21,CLI,,S,Sim,10.0,2024/09/24,Email296
30000000558,1,Caixa Postal,00:00:04,Cli,,N,,,2024/09/24,
30000000559,1,Informação,00:04:39,Cli,,N,,,2024/09/24,
30000000560,1,Informação,00:00:48,cli,,N,,,2024/09/24,
30000000561,1,Cliente Desligou,00:00:15,CLI,,N,,,2024/09/24,
30000000562,1,Chamada Não Atendida,,CLI,,N,,,2024/09/24,
30000000563,1,Caixa Postal,00:00:11,cli,,N,,,2024/09/24,
30000000564,1,Caixa Postal,00:00:16,cli,,N,,,2024/09/24,
30000000565,1,URA Pesquisa NPS,00:04:01,VE,,S,Sim,10.0,2024/09/24,Email296
30000000566,1,Ligação Muda,00:00:22,VE,,N,,,2024/09/24,
30000000567,1,Informação,00:01:02,cli,,N,,,2024/09/24,
30000000568,1,Sent To Voicemail,00:00:53,VE,,S,Sim,1.0,2024/09/24,Email5371
30000000569,1,Caixa Postal,00:00:05,cli,,N,,,2024/09/24,
30000000570,1,Informação,,VE,,N,,,2024/09/24,
30000000571,1,Caixa Postal,00:00:05,cli,,N,,,2024/09/24,
30000000572,1,Caixa Postal,00:00:03,Cli,,N,,,2024/09/24,
30000000573,1,URA Pesquisa NPS,00:03:27,Cli,,S,,,2024/09/24,Email4355
30000000574,1,Cliente Desligou,00:00:10,Cliente,,N,,,2024/09/24,
30000000575,1,URA Pesquisa NPS,00:02:16,Cliente,,S,Sim,8.0,2024/09/24,Email1615
30000000576,1,Não Atende,,CLI,,N,,,2024/09/24,
30000000577,1,Caixa Postal,,,,N,,,2024/09/24,
30000000578,1,URA Pesquisa NPS,00:01:12,VE,,S,Sim,9.0,2024/09/24,Email5371
30000000579,1,Caixa Postal,00:00:10,VE,,N,,,2024/09/24,
30000000580,1,Informação,00:01:54,cli,,N,,,2024/09/24,
30000000581,1,URA Pesquisa NPS,00:01:40,cli,,S,Sim,10.0,2024/09/24,Email48440
30000000582,1,Caixa Postal,00:00:05,VE,,N,,,2024/09/24,
30000000583,1,Chamada Não Atendida,,VE,,N,,,2024/09/24,
30000000584,1,URA Pesquisa NPS,00:01:02,CLI,,S,Sim,10.0,2024/09/24,Email48440
30000000585,1,Caixa Postal,00:00:03,Cli,,N,,,2024/09/24,
30000000586,1,URA Pesquisa NPS,00:00:52,VE,,S,,,2024/09/24,Email296
30000000587,1,Caixa Postal,00:00:00,cliente ,,N,,,2024/09/24,
30000000588,1,Caixa Postal,00:00:03,cliente ,,N,,,2024/09/24,
30000000589,1,Caixa Postal,00:00:04,cliente ,,N,,,2024/09/24,
30000000590,1,Caixa Postal,00:00:00,Cli,,N,,,2024/09/24,
30000000591,1,Caixa Postal,00:00:05,VE,,N,,,2024/09/24,
30000000592,1,URA Pesquisa NPS,00:01:53,Cli,,S,Sim,10.0,2024/09/24,Email1768
30000000593,1,Caixa Postal,00:00:07,CLI,,N,,,2024/09/24,
30000000594,1,Informação,00:00:06,Cliente,,N,,,2024/09/24,
30000000595,1,Caixa Postal,00:00:02,Cliente,,N,,,2024/09/24,
30000000596,1,Informação,00:01:33,cli,,N,,,2024/09/24,
30000000597,1,Consulta Status,00:00:00,Cliente,,N,,,2024/09/24,
30000000598,1,Chamada Não Atendida,00:00:06,VE,,N,,,2024/09/24,
30000000599,1,Contato de Finalizacao do Protocolo,00:02:43,CLI,,S,,,2024/09/24,Email4194
30000000600,1,URA Pesquisa NPS,00:01:53,VE,,S,Sim,10.0,2024/09/24,Email296
30000000601,1,Informação,,VE,,N,,,2024/09/24,
30000000602,1,Informação,00:01:46,cliente ,,N,,,2024/09/24,
30000000603,1,Consulta Status,00:00:04,Cli,,N,,,2024/09/24,
30000000604,1,Chamada Não Atendida,00:00:01,CLI,,N,,,2024/09/24,
30000000605,1,URA Pesquisa NPS,00:00:56,CLI,,S,,,2024/09/24,Email296
30000000606,1,Chamada Não Atendida,,VE,,N,,,2024/09/24,
30000000607,1,Informação,,Reclamação de produtos Engemix,,N,,,2024/09/24,
30000000608,1,Informação,00:00:20,Reclamação de produtos Engemix,,N,,,2024/09/24,
30000000609,1,Informação,00:00:13,Reclamação de produtos Engemix,,N,,,2024/09/24,
30000000610,1,Informação,00:05:32,Reclamação de produtos Engemix,,N,,,2024/09/24,
30000000611,1,Informação,00:06:30,CLI,,N,,,2024/09/24,
30000000612,1,Informação,,,,N,,,2024/09/24,
30000000613,1,Informação,00:00:07,,,N,,,2024/09/24,
30000000614,1,Informação,,,,N,,,2024/09/24,
30000000615,1,Informação,00:00:10,CLI,,N,,,2024/09/24,
30000000616,1,Contato de Finalizacao do Protocolo,00:00:30,VE,,N,,,2024/09/24,
30000000617,1,Informação,00:01:25,VE,,N,,,2024/09/24,
30000000618,1,URA Pesquisa NPS,00:00:31,VE,,S,Sim,10.0,2024/09/24,Email48438
30000000619,1,URA Pesquisa NPS,00:00:51,VE,,S,Sim,10.0,2024/09/24,Email48438
30000000620,1,URA Pesquisa NPS,00:00:49,Cli,,S,Sim,10.0,2024/09/24,Email13137
30000000621,1,Informação,,cli,,N,,,2024/09/24,
30000000622,1,Caixa Postal,00:00:15,cli,,N,,,2024/09/24,
30000000623,1,URA Pesquisa NPS,00:02:28,VE,,S,,,2024/09/24,Email4355
30000000624,1,Informação,,CLI,,N,,,2024/09/24,
30000000625,1,URA Pesquisa NPS,00:04:59,cliente ,,S,,,2024/09/24,Email48438
30000000626,1,Caixa Postal,00:00:05,,,N,,,2024/09/24,
30000000627,1,Não Atende,,cliente ,,N,,,2024/09/24,
30000000628,1,Não Atende,,Cliente ,,N,,,2024/09/24,
30000000629,1,Informação,,Cliente,,N,,,2024/09/24,
30000000630,1,Caixa Postal,00:00:05,CLI,,N,,,2024/09/24,
30000000631,1,Informação,00:00:10,VE,,N,,,2024/09/24,
30000000632,1,Informação,00:01:39,VE,,N,,,2024/09/24,
30000000633,1,Caixa Postal,00:00:03,Cli,,N,,,2024/09/24,
30000000634,1,Informação,00:00:23,VE,,N,,,2024/09/24,
30000000635,1,Informação,00:00:12,VE,,N,,,2024/09/24,
30000000636,1,Informação,00:05:00,VE,,N,,,2024/09/24,
30000000637,1,Caixa Postal,00:00:07,Cli,,N,,,2024/09/24,
30000000638,1,Sent To Voicemail,00:00:47,cli,,S,Sim,10.0,2024/09/24,Email48441
30000000639,1,Informação,00:00:08,cli,,N,,,2024/09/24,
30000000640,1,Caixa Postal,,Cliente ,,N,,,2024/09/24,
30000000641,1,Informação,00:00:03,cli,,N,,,2024/09/24,
30000000642,1,Não Atende,,Cliente ,,N,,,2024/09/24,
30000000643,1,Caixa Postal,00:00:06,Cliente,,N,,,2024/09/24,
30000000644,1,Caixa Postal,,Cli,,N,,,2024/09/24,
30000000645,1,Caixa Postal,00:00:06,CLI,,N,,,2024/09/24,
30000000646,1,Caixa Postal,,CLI,,N,,,2024/09/24,
30000000647,1,Não Atende,,,,N,,,2024/09/24,
30000000648,1,Caixa Postal,,Cli,,N,,,2024/09/24,
30000000649,1,Informação,00:00:03,Cliente ,,N,,,2024/09/24,
30000000650,1,Informação,,Cliente ,,N,,,2024/09/24,
30000000651,1,Caixa Postal,,CLI,,N,,,2024/09/24,
30000000652,1,Caixa Postal,,CLI,,N,,,2024/09/24,
30000000653,1,URA Pesquisa NPS,00:02:28,VE,,S,,,2024/09/24,Email5371
30000000654,1,Ocupado,,Cliente ,,N,,,2024/09/24,
30000000655,1,Caixa Postal,00:00:05,CLI,,N,,,2024/09/24,
30000000656,1,Caixa Postal,00:00:04,CLI,,N,,,2024/09/24,
30000000657,1,URA Pesquisa NPS,00:02:17,CLI,,S,,,2024/09/24,Email48439
30000000658,1,Informação,00:01:32,Ve,,N,,,2024/09/24,
30000000659,1,Informação,00:00:15,Cliente,,N,,,2024/09/24,
30000000660,1,Informação,00:00:16,Cliente,,N,,,2024/09/24,
30000000661,1,Informação,00:00:08,Cliente,,N,,,2024/09/24,
30000000662,1,Não Atende,,Cliente ,,N,,,2024/09/24,
30000000663,1,URA Pesquisa NPS,00:01:42,VE,,S,Sim,10.0,2024/09/24,Email5556
30000000664,1,Caixa Postal,,Cliente ,,N,,,2024/09/24,
30000000665,1,Caixa Postal,00:00:10,VE,,N,,,2024/09/24,
30000000666,1,URA Pesquisa NPS,00:01:36,VE,,S,Sim,10.0,2024/09/24,Email4355
30000000667,1,Chamada Não Atendida,00:00:02,VE,,N,,,2024/09/24,
30000000668,1,Chamada Não Atendida,,VE,,N,,,2024/09/24,
30000000669,1,Não Atende,,VE,,N,,,2024/09/24,
30000000670,1,Não Atende,,VE,,N,,,2024/09/24,
30000000671,1,Caixa Postal,00:00:03,cli,,N,,,2024/09/23,
30000000672,1,Caixa Postal,,cli,,N,,,2024/09/23,
30000000673,1,URA Pesquisa NPS,00:06:48,Ve,,S,Sim,10.0,2024/09/23,Email5371
30000000674,1,URA Pesquisa NPS,00:00:40,VE,,S,Sim,10.0,2024/09/23,Email48439
30000000675,1,Não Atende,,Cliente ,,N,,,2024/09/23,
30000000676,1,Informação,00:03:48,cliente ,,N,,,2024/09/23,
30000000677,1,Informação,00:03:26,cli,,N,,,2024/09/23,
30000000678,1,Cliente solicita novo contato,00:03:25,CLI,,N,,,2024/09/23,
30000000679,1,Informação,00:01:40,Cli,,N,,,2024/09/23,
30000000680,1,Caixa Postal,00:00:10,cli,,N,,,2024/09/23,
30000000681,1,Informação,,,,N,,,2024/09/23,
30000000682,1,Informação,00:00:36,,,N,,,2024/09/23,
30000000683,1,Responsavel ausente,00:02:16,Cliente ,,N,,,2024/09/23,
30000000684,1,Caixa Postal,00:00:09,CLI,,N,,,2024/09/23,
30000000685,1,Caixa Postal,00:00:03,CLI,,N,,,2024/09/23,
30000000686,1,Caixa Postal,00:00:03,,,N,,,2024/09/23,
30000000687,1,Caixa Postal,00:00:19,Cliente,,N,,,2024/09/23,
30000000688,1,Caixa Postal,00:00:10,Cliente,,N,,,2024/09/23,
30000000689,1,Ocupado,,Cli,,N,,,2024/09/23,
30000000690,1,URA Pesquisa NPS,00:01:50,Cli,,S,Sim,10.0,2024/09/23,Email48441
30000000691,1,Caixa Postal,00:00:00,Cli,,N,,,2024/09/23,
30000000692,1,Caixa Postal,00:00:09,Cli,,N,,,2024/09/23,
30000000693,1,Caixa Postal,,Ve,,N,,,2024/09/23,
30000000694,1,URA Pesquisa NPS,00:01:23,Cli,,S,,,2024/09/23,Email48438
30000000695,1,URA Pesquisa NPS,00:00:41,VE,,S,Sim,9.0,2024/09/23,Email296
30000000696,1,Informação,,,,N,,,2024/09/23,
30000000697,1,Informação,00:00:00,,,N,,,2024/09/23,
30000000698,1,Caixa Postal,,cli,,N,,,2024/09/23,
30000000699,1,Caixa Postal,00:00:04,,,N,,,2024/09/23,
30000000700,1,Caixa Postal,00:00:02,cli,,N,,,2024/09/23,
30000000701,1,URA Pesquisa NPS,00:02:02,cli,,S,,,2024/09/23,Email48440
30000000702,1,Não Atende,,Cliente ,,N,,,2024/09/23,
30000000703,1,Caixa Postal,00:00:05,Cliente ,,N,,,2024/09/23,
30000000704,1,Ligação Muda,00:00:12,VE,,N,,,2024/09/23,
30000000705,1,URA Pesquisa NPS,00:02:01,Cli,,S,Sim,10.0,2024/09/23,Email13137
30000000706,1,URA Pesquisa NPS,00:00:58,VE,,S,Sim,10.0,2024/09/23,Email5371
30000000707,1,Caixa Postal,00:00:07,CLI,,N,,,2024/09/23,
30000000708,1,Contato de Finalizacao do Protocolo,00:01:44,CLI,,N,,,2024/09/23,
30000000709,1,URA Pesquisa NPS,00:15:27,Cli,,S,,,2024/09/23,Email4355
30000000710,1,URA Pesquisa NPS,00:01:16,VE,,S,Sim,10.0,2024/09/23,Email1768
30000000711,1,Não Atende,,Cliente,,N,,,2024/09/23,
30000000712,1,Informação,00:03:30,cliente ,,N,,,2024/09/23,
30000000713,1,Caixa Postal,00:00:01,cli,,N,,,2024/09/23,
30000000714,1,URA Pesquisa NPS,00:00:42,VE,,S,Sim,9.0,2024/09/23,Email296
30000000715,1,URA Pesquisa NPS,00:00:50,VE,,S,,,2024/09/23,Email48440
30000000716,1,Protocolo Permanecera em Andamento,00:04:00,VE,,N,,,2024/09/23,
30000000717,1,Informação,00:05:51,Cliente,,N,,,2024/09/23,
30000000718,1,Caixa Postal,00:00:59,Cli,,N,,,2024/09/23,
30000000719,1,Chamada Não Atendida,00:00:07,VE,,N,,,2024/09/23,
30000000720,1,Chamada Não Atendida,,CLI,,N,,,2024/09/23,
30000000721,1,URA Pesquisa NPS,00:00:59,Cli,,S,,,2024/09/23,Email13137
30000000722,1,Caixa Postal,00:00:19,Cli,,N,,,2024/09/23,
30000000723,1,Chamada Não Atendida,,Cli,,N,,,2024/09/23,
30000000724,1,Caixa Postal,,Cli,,N,,,2024/09/23,
30000000725,1,Chamada Não Atendida,,VE,,N,,,2024/09/23,
30000000726,1,Caixa Postal,00:00:10,Cli,,N,,,2024/09/23,
30000000727,1,Caixa Postal,,,,N,,,2024/09/23,
30000000728,1,URA Pesquisa NPS,00:01:48,VE,,S,Sim,10.0,2024/09/23,Email296
30000000729,1,Chamada Não Atendida,00:00:04,VE,,N,,,2024/09/23,
30000000730,1,Chamada Não Atendida,00:00:05,Cli,,N,,,2024/09/23,
30000000731,1,Chamada Não Atendida,,Cli,,N,,,2024/09/23,
30000000732,1,URA Pesquisa NPS,00:01:02,Cli,,S,,,2024/09/23,Email13137
30000000733,1,URA Pesquisa NPS,00:01:20,Cli,,S,Sim,9.0,2024/09/23,Email296
30000000734,1,Caixa Postal,00:00:02,Cli,,N,,,2024/09/23,
30000000735,1,Chamada Não Atendida,00:00:03,VE,,N,,,2024/09/23,
30000000736,1,URA Pesquisa NPS,00:04:17,VE,,S,Sim,10.0,2024/09/23,Email4355
30000000737,1,URA Pesquisa NPS,00:02:04,CLI,,S,Sim,9.0,2024/09/23,Email5556
30000000738,1,Caixa Postal,00:00:00,Cli,,N,,,2024/09/23,
30000000739,1,Caixa Postal,00:00:04,cli,,N,,,2024/09/23,
30000000740,1,Caixa Postal,,cli,,N,,,2024/09/23,
30000000741,1,Caixa Postal,,cli,,N,,,2024/09/23,
30000000742,1,Ligação Muda,,VE,,N,,,2024/09/23,
30000000743,1,Ligação Muda,,VE,,N,,,2024/09/23,
30000000744,1,Ligação Muda,,VE,,N,,,2024/09/23,
30000000745,1,Não Atende,00:00:03,Cliente ,,N,,,2024/09/23,
30000000746,1,Dados incorretos do cliente,,CLI,,N,,,2024/09/23,
30000000747,1,Contato de Finalizacao do Protocolo,00:05:12,CLI,,N,,,2024/09/23,
30000000748,1,Caixa Postal,00:00:05,CLI,,N,,,2024/09/23,
30000000749,1,URA Pesquisa NPS,00:01:21,CLI,,S,,,2024/09/23,Email296
30000000750,1,URA Pesquisa NPS,00:03:04,Cli,,S,Nao,9.0,2024/09/23,Email13137
30000000751,1,URA Pesquisa NPS,00:02:34,Cli,,S,,,2024/09/23,Email19156
30000000752,1,Caixa Postal,,cli,,N,,,2024/09/23,
30000000753,1,URA Pesquisa NPS,00:00:47,VE,,S,Sim,,2024/09/23,Email48439
30000000754,1,Informação,00:00:41,VE,,N,,,2024/09/23,
30000000755,1,Caixa Postal,00:00:00,VE,,N,,,2024/09/23,
30000000756,1,Ocupado,,cliente,,N,,,2024/09/20,
30000000757,1,Ocupado,,cliente,,N,,,2024/09/20,
30000000758,1,Contato de Finalizacao do Protocolo,00:02:13,VE,,N,,,2024/09/20,
30000000759,1,Não Atende,,Cliente ,,N,,,2024/09/20,
30000000760,1,Caixa Postal,00:00:11,CLI,,N,,,2024/09/20,
30000000761,1,Contato de Finalizacao do Protocolo,00:00:58,,,N,,,2024/09/20,
30000000762,1,Caixa Postal,00:00:03,CLI,,N,,,2024/09/20,
30000000763,1,Não Atende,,Cli,,N,,,2024/09/20,
30000000764,1,Responsavel ausente,00:01:02,Cli,,N,,,2024/09/20,
30000000765,1,Caixa Postal,,VE,,N,,,2024/09/20,
30000000766,1,Informação,,Cliente ,,N,,,2024/09/20,
30000000767,1,Informação,,Cliente ,,N,,,2024/09/20,
30000000768,1,Informação,,VE,,N,,,2024/09/20,
30000000769,1,URA Pesquisa NPS,00:00:42,VE,,S,Sim,10.0,2024/09/20,Email296
30000000770,1,URA Pesquisa NPS,00:02:30,Cli,,S,Sim,10.0,2024/09/20,Email13137
30000000771,1,Não Atende,00:00:02,VE,,N,,,2024/09/20,
30000000772,1,Caixa Postal,00:00:04,cli,,N,,,2024/09/20,
30000000773,1,Caixa Postal,00:00:02,cli,,N,,,2024/09/20,
30000000774,1,Não Atende,00:00:02,VE,,N,,,2024/09/20,
30000000775,1,URA Pesquisa NPS,00:02:24,CLI,,S,Sim,8.0,2024/09/20,Email48440
30000000776,1,Não Atende,00:00:02,VE,,N,,,2024/09/20,
30000000777,1,Informação,00:00:07,cli,,N,,,2024/09/20,
30000000778,1,URA Pesquisa NPS,00:01:05,cli,,S,Sim,10.0,2024/09/20,Email48440
30000000779,1,URA Pesquisa NPS,00:02:23,VE,,S,Sim,9.0,2024/09/20,Email296
30000000780,1,Caixa Postal,,,,N,,,2024/09/20,
30000000781,1,URA Pesquisa NPS,00:01:04,VE,,S,Sim,10.0,2024/09/20,Email5371
30000000782,1,Ocupado,,Cliente ,,N,,,2024/09/20,
30000000783,1,Ocupado,,Cliente ,,N,,,2024/09/20,
30000000784,1,Ligação Muda,,CLI,,N,,,2024/09/20,
30000000785,1,Ligação Muda,,CLI,,N,,,2024/09/20,
30000000786,1,Ligação Muda,,CLI,,N,,,2024/09/20,
30000000787,1,Caixa Postal,,,,N,,,2024/09/20,
30000000788,1,Caixa Postal,00:00:03,cli,,N,,,2024/09/20,
30000000789,1,Caixa Postal,00:00:05,CLI,,N,,,2024/09/20,
30000000790,1,Caixa Postal,00:00:02,CLI,,N,,,2024/09/20,
30000000791,1,Caixa Postal,00:00:06,cli,,N,,,2024/09/20,
30000000792,1,Caixa Postal,00:00:04,,,N,,,2024/09/20,
30000000793,1,Caixa Postal,,VE,,N,,,2024/09/20,
30000000794,1,URA Pesquisa NPS,00:00:54,CLI,,S,Sim,10.0,2024/09/20,Email5371
30000000795,1,Protocolo Permanecera em Andamento,00:01:52,VE,,N,,,2024/09/20,
30000000796,1,Caixa Postal,00:00:04,cli,,N,,,2024/09/20,
30000000797,1,Ligação Muda,,,,N,,,2024/09/20,
30000000798,1,Ligação Muda,,,,N,,,2024/09/20,
30000000799,1,Ocupado,,VE,,N,,,2024/09/20,
30000000800,1,URA Pesquisa NPS,00:40:07,Cli,,S,Sim,10.0,2024/09/20,Email4355
30000000801,1,Informação,,VE,,N,,,2024/09/20,
30000000802,1,Informação,00:00:08,VE,,N,,,2024/09/20,
30000000803,1,Caixa Postal,,CLI,,N,,,2024/09/20,
30000000804,1,Caixa Postal,00:00:06,,,N,,,2024/09/20,
30000000805,1,Caixa Postal,,VE,,N,,,2024/09/20,
30000000806,1,URA Pesquisa NPS,00:01:57,CLI,,S,Sim,10.0,2024/09/20,Email5371
30000000807,1,URA Pesquisa NPS,00:04:01,cli,,S,Sim,10.0,2024/09/20,Email19156
30000000808,1,Caixa Postal,00:00:01,cli,,N,,,2024/09/20,
30000000809,1,Caixa Postal,,cli,,N,,,2024/09/20,
30000000810,1,Caixa Postal,,CLI,,N,,,2024/09/20,
30000000811,1,URA Pesquisa NPS,00:04:05,VE,,S,Sim,10.0,2024/09/20,Email296
30000000812,1,Informação,,cli,,N,,,2024/09/20,
30000000813,1,Informação,00:10:16,cli,,N,,,2024/09/20,
30000000814,1,Informação,00:00:06,,,N,,,2024/09/20,
30000000815,1,Chamada Não Atendida,00:00:05,VE,,N,,,2024/09/20,
30000000816,1,Informação,00:00:13,,,N,,,2024/09/20,
30000000817,1,Chamada Não Atendida,00:00:07,VE,,N,,,2024/09/20,
30000000818,1,Ocupado,,Cli,,N,,,2024/09/20,
30000000819,1,Caixa Postal,00:00:05,VE,,N,,,2024/09/20,
30000000820,1,Ocupado,,Cli,,N,,,2024/09/20,
30000000821,1,Caixa Postal,00:00:07,CLI,,N,,,2024/09/20,
30000000822,1,URA Pesquisa NPS,00:01:19,VE,,S,,,2024/09/20,Email1768
30000000823,1,Não Atende,,Cli,,N,,,2024/09/19,
30000000824,1,Caixa Postal,00:00:04,cli,,N,,,2024/09/19,
30000000825,1,Ocupado,,Cliente,,N,,,2024/09/19,
30000000826,1,Ocupado,,Cliente,,N,,,2024/09/19,
30000000827,1,Informação,00:00:44,cli,,N,,,2024/09/19,
30000000828,1,URA Pesquisa NPS,00:00:43,,,S,Sim,10.0,2024/09/19,Email45
30000000829,1,Caixa Postal,00:00:00,Cli,,N,,,2024/09/19,
30000000830,1,Não Atende,,cli,,N,,,2024/09/19,
30000000831,1,Caixa Postal,00:00:01,CLI,,N,,,2024/09/19,
30000000832,1,URA Pesquisa NPS,00:05:12,CLI,,S,Sim,10.0,2024/09/19,Email329
30000000833,1,Caixa Postal,00:00:03,VE,,N,,,2024/09/19,
30000000834,1,Ocupado,,cli,,N,,,2024/09/19,
30000000835,1,Ocupado,,cli,,N,,,2024/09/19,
30000000836,1,URA Pesquisa NPS,00:12:46,cli,,S,Sim,9.0,2024/09/19,Email48438
30000000837,1,Não Atende,00:00:05,,,N,,,2024/09/19,
30000000838,1,Ocupado,,,,N,,,2024/09/19,
30000000839,1,Ocupado,,,,N,,,2024/09/19,
30000000840,1,URA Pesquisa NPS,00:03:03,ve,,S,Sim,10.0,2024/09/19,Email5556
30000000841,1,URA Pesquisa NPS,00:03:12,VE,,S,Sim,10.0,2024/09/19,Email4355
30000000842,1,Ocupado,,cli,,N,,,2024/09/19,
30000000843,1,URA Pesquisa NPS,00:01:30,VE,,S,Sim,10.0,2024/09/19,Email19156
30000000844,1,Caixa Postal,00:00:03,cli,,N,,,2024/09/19,
30000000845,1,Caixa Postal,,cli,,N,,,2024/09/19,
30000000846,1,Caixa Postal,00:00:08,cli,,N,,,2024/09/19,
30000000847,1,Caixa Postal,00:00:07,cli,,N,,,2024/09/19,
30000000848,1,Caixa Postal,00:00:04,cli,,N,,,2024/09/19,
30000000849,1,URA Pesquisa NPS,00:06:26,VE,,S,Sim,10.0,2024/09/19,Email4355
30000000850,1,Caixa Postal,00:00:06,,,N,,,2024/09/19,
30000000851,1,Ocupado,,,,N,,,2024/09/19,
30000000852,1,URA Pesquisa NPS,00:03:10,Cli,,S,,,2024/09/19,Email19156
30000000853,1,Caixa Postal,00:00:05,cli,,N,,,2024/09/19,
30000000854,1,Responsavel ausente,00:01:41,Cliente,,N,,,2024/09/19,
30000000855,1,Caixa Postal,00:00:02,cli,,N,,,2024/09/19,
30000000856,1,URA Pesquisa NPS,00:05:12,Cliente,,S,Sim,8.0,2024/09/19,Email1615
30000000857,1,Caixa Postal,00:00:04,CLI,,N,,,2024/09/19,
30000000858,1,Caixa Postal,00:00:05,cli,,N,,,2024/09/19,
30000000859,1,Caixa Postal,00:00:03,cli,,N,,,2024/09/19,
30000000860,1,Caixa Postal,,cli,,N,,,2024/09/19,
30000000861,1,URA Pesquisa NPS,00:08:02,CLI,,S,Sim,10.0,2024/09/19,Email5371
30000000862,1,Ligação Muda,00:00:27,,,N,,,2024/09/19,
30000000863,1,Ligação Muda,,,,N,,,2024/09/19,
30000000864,1,Contato de Finalizacao do Protocolo,00:01:00,,,N,,,2024/09/19,
30000000865,1,URA Pesquisa NPS,00:02:40,cli,,S,Sim,10.0,2024/09/19,Email48438
30000000866,1,Ocupado,,Cliente,,N,,,2024/09/19,
30000000867,1,Ocupado,,Cliente,,N,,,2024/09/19,
30000000868,1,Não Atende,00:00:09,Cliente,,N,,,2024/09/19,
30000000869,1,URA Pesquisa NPS,00:03:56,cli,,S,Sim,10.0,2024/09/19,Email48440
30000000870,1,URA Pesquisa NPS,00:04:06,CLI,,S,Sim,10.0,2024/09/19,Email5371
30000000871,1,Ocupado,,cliente,,N,,,2024/09/19,
30000000872,1,Ocupado,,cliente,,N,,,2024/09/19,
30000000873,1,Ocupado,,Cliente ,,N,,,2024/09/19,
30000000874,1,Ocupado,,Cliente ,,N,,,2024/09/19,
30000000875,1,Caixa Postal,,Cliente ,,N,,,2024/09/19,
30000000876,1,Não Atende,,Cliente ,,N,,,2024/09/19,
30000000877,1,Caixa Postal,,Cli,,N,,,2024/09/19,
30000000878,1,Caixa Postal,00:00:15,Cli,,N,,,2024/09/19,
30000000879,1,Caixa Postal,00:00:02,Cli,,N,,,2024/09/19,
30000000880,1,Não Atende,,Cliente,,N,,,2024/09/19,
30000000881,1,Caixa Postal,00:00:03,cliente,,N,,,2024/09/19,
30000000882,1,Caixa Postal,00:00:02,cliente,,N,,,2024/09/19,
30000000883,1,Informação,,,,N,,,2024/09/19,
30000000884,1,Informação,,,,N,,,2024/09/19,
30000000885,1,Caixa Postal,00:00:08,VE,,N,,,2024/09/19,
30000000886,1,Caixa Postal,,VE,,N,,,2024/09/19,
30000000887,1,Cliente Desligou,00:00:01,Cli,,N,,,2024/09/19,
30000000888,1,URA Pesquisa NPS,00:01:54,VE,,S,Sim,10.0,2024/09/19,Email1768
30000000889,1,Protocolo Permanecera em Andamento,00:03:47,VE,,N,,,2024/09/19,
30000000890,1,Informação,00:00:08,CLI,,N,,,2024/09/18,
30000000891,1,Informação,00:00:05,CLI,,N,,,2024/09/18,
30000000892,1,Caixa Postal,00:00:06,,,N,,,2024/09/18,
30000000893,1,Caixa Postal,00:00:04,cli,,N,,,2024/09/18,
30000000894,1,Informação,00:00:42,cli,,N,,,2024/09/18,
30000000895,1,Informação,00:00:03,cli,,N,,,2024/09/18,
30000000896,1,URA Pesquisa NPS,00:00:54,CLI,,S,Sim,7.0,2024/09/18,Email48441
30000000897,1,Contato de Finalizacao do Protocolo,,cli,,N,,,2024/09/18,
30000000898,1,URA Pesquisa NPS,00:00:59,cli,,S,Sim,9.0,2024/09/18,Email5556
30000000899,1,URA Pesquisa NPS,00:00:55,cli,,S,Sim,1.0,2024/09/18,Email48439
30000000900,1,Informação,00:00:02,cli,,N,,,2024/09/18,
30000000901,1,URA Pesquisa NPS,00:01:17,ve,,S,Sim,10.0,2024/09/18,Email5556
30000000902,1,URA Pesquisa NPS,00:01:29,VE,,S,Sim,10.0,2024/09/18,Email5371
30000000903,1,Caixa Postal,00:00:10,cli,,N,,,2024/09/18,
30000000904,1,Informação,00:04:39,CLI,,N,,,2024/09/18,
30000000905,1,URA Pesquisa NPS,00:00:42,cli,,S,,,2024/09/18,Email5556
30000000906,1,Caixa Postal,00:00:04,CLI,,N,,,2024/09/18,
30000000907,1,URA Pesquisa NPS,00:01:43,CLI,,S,Sim,9.0,2024/09/18,Email48438
30000000908,1,Caixa Postal,00:00:07,Ve,,N,,,2024/09/18,
30000000909,1,Ligação Muda,00:00:42,Ve,,N,,,2024/09/18,
30000000910,1,Caixa Postal,,Cliente ,,N,,,2024/09/18,
30000000911,1,URA Pesquisa NPS,00:20:33,cli,,S,,,2024/09/18,Email4355
30000000912,1,Caixa Postal,00:00:00,CLI,,N,,,2024/09/18,
30000000913,1,Caixa Postal,,Cliente ,,N,,,2024/09/18,
30000000914,1,Caixa Postal,00:00:09,Cliente ,,N,,,2024/09/18,
30000000915,1,Dados incorretos do cliente,,Cliente ,,N,,,2024/09/18,
30000000916,1,Informação,,cli,,N,,,2024/09/18,
30000000917,1,Informação,,,,N,,,2024/09/18,
30000000918,1,Informação,,,,N,,,2024/09/18,
30000000919,1,Caixa Postal,00:00:01,CLI,,N,,,2024/09/18,
30000000920,1,Caixa Postal,00:00:02,CLI,,N,,,2024/09/18,
30000000921,1,Caixa Postal,,,,N,,,2024/09/18,
30000000922,1,URA Pesquisa NPS,00:00:41,VE,,S,Sim,10.0,2024/09/18,Email5371
30000000923,1,Caixa Postal,00:00:10,cli ,,N,,,2024/09/18,
30000000924,1,Informação,00:01:33,VE,,N,,,2024/09/18,
30000000925,1,Informação,00:02:06,,,N,,,2024/09/18,
30000000926,1,Caixa Postal,00:00:10,,,N,,,2024/09/18,
30000000927,1,Caixa Postal,00:00:10,,,N,,,2024/09/18,
30000000928,1,Caixa Postal,,,,N,,,2024/09/18,
30000000929,1,Informação,00:00:08,cli,,N,,,2024/09/18,
30000000930,1,URA Pesquisa NPS,00:01:14,cli,,S,,,2024/09/18,Email5556
30000000931,1,URA Pesquisa NPS,00:00:49,VE,,S,Sim,9.0,2024/09/18,Email296
30000000932,1,Caixa Postal,,cli ,,N,,,2024/09/18,
30000000933,1,Ligação Muda,,VE,,N,,,2024/09/18,
30000000934,1,Ligação Muda,,VE,,N,,,2024/09/18,
30000000935,1,Ligação Muda,,VE,,N,,,2024/09/18,
30000000936,1,Ligação Muda,,VE,,N,,,2024/09/18,
30000000937,1,Chamada Não Atendida,,Cli,,N,,,2024/09/18,
30000000938,1,Informação,,Cli,,N,,,2024/09/18,
30000000939,1,Caixa Postal,,Cli,,N,,,2024/09/18,
30000000940,1,Não Atende,,Cli,,N,,,2024/09/18,
30000000941,1,Ocupado,,VE,,N,,,2024/09/18,
30000000942,1,Contato de Finalizacao do Protocolo,,CLI,,N,,,2024/09/18,
30000000943,1,URA Pesquisa NPS,00:02:56,Cli,,S,Sim,10.0,2024/09/18,Email1768
30000000944,1,Caixa Postal,00:00:06,Cli,,N,,,2024/09/18,
30000000945,1,Caixa Postal,00:00:09,cli,,N,,,2024/09/18,
30000000946,1,URA Pesquisa NPS,00:04:19,cli,,S,Sim,10.0,2024/09/18,Email306
30000000947,1,Caixa Postal,00:00:02,CLI,,N,,,2024/09/18,
30000000948,1,Cliente Desligou,00:05:15,Cli,,N,,,2024/09/18,
30000000949,1,Protocolo Permanecera em Andamento,00:04:50,VE,,N,,,2024/09/18,
30000000950,1,Caixa Postal,00:00:01,CLI,,N,,,2024/09/18,
30000000951,1,Caixa Postal,00:00:11,Cli,,N,,,2024/09/18,
30000000952,1,URA Pesquisa NPS,00:01:03,cli,,S,Sim,10.0,2024/09/18,Email5556
30000000953,1,Caixa Postal,00:00:07,CLI,,N,,,2024/09/18,
30000000954,1,Caixa Postal,,CLI,,N,,,2024/09/18,
30000000955,1,URA Pesquisa NPS,00:02:19,Cli,,S,Sim,10.0,2024/09/18,Email19156
30000000956,1,Caixa Postal,00:00:03,CLI,,N,,,2024/09/18,
30000000957,1,Caixa Postal,00:00:10,Cli,,N,,,2024/09/18,
30000000958,1,Caixa Postal,00:00:03,Cliente ,,N,,,2024/09/18,
30000000959,1,Protocolo Permanecera em Andamento,00:01:24,Cli,,N,,,2024/09/18,
30000000960,1,Chamada Não Atendida,00:00:01,cli,,N,,,2024/09/18,
30000000961,1,Chamada Não Atendida,00:00:04,cli,,N,,,2024/09/18,
30000000962,1,Ocupado,,Cli,,N,,,2024/09/18,
30000000963,1,Caixa Postal,00:00:04,Cli,,N,,,2024/09/18,
30000000964,1,Ligação Muda,00:00:27,CLI,,N,,,2024/09/18,
30000000965,1,URA Pesquisa NPS,00:01:29,Cliente ,,S,,,2024/09/18,Email8754
30000000966,1,Ligação Muda,00:00:22,CLI,,N,,,2024/09/18,
30000000967,1,Caixa Postal,00:00:03,VE,,N,,,2024/09/18,
30000000968,1,Caixa Postal,00:00:05,VE,,N,,,2024/09/18,
30000000969,1,Caixa Postal,,CLI,,N,,,2024/09/18,
30000000970,1,URA Pesquisa NPS,00:03:16,cli,,S,Sim,,2024/09/18,Email48440
30000000971,1,URA Pesquisa NPS,00:01:33,,,S,Sim,10.0,2024/09/18,Email45
30000000972,1,URA Pesquisa NPS,00:01:50,CLI,,S,Sim,9.0,2024/09/18,Email5371
30000000973,1,Informação,00:00:09,CLI,,N,,,2024/09/18,
30000000974,1,Informação,00:08:21,CLI,,N,,,2024/09/18,
30000000975,1,Informação,,cli,,N,,,2024/09/18,
30000000976,1,Informação,,cli,,N,,,2024/09/18,
30000000977,1,Caixa Postal,00:00:02,Cli,,N,,,2024/09/18,
30000000978,1,Informação,00:00:09,VE,,N,,,2024/09/18,
30000000979,1,Informação,,VE,,N,,,2024/09/18,
30000000980,1,Chamada Não Atendida,,VE,,N,,,2024/09/18,
30000000981,1,Chamada Não Atendida,,VE,,N,,,2024/09/18,
30000000982,1,Caixa Postal,00:00:06,Cli,,N,,,2024/09/18,
30000000983,1,URA Pesquisa NPS,00:04:56,VE,,S,Sim,1.0,2024/09/18,Email5371
30000000984,1,Caixa Postal,00:00:08,Cliente ,,N,,,2024/09/18,
30000000985,1,Caixa Postal,,Cli,,N,,,2024/09/18,
30000000986,1,Ocupado,,CLI,,N,,,2024/09/18,
30000000987,1,Caixa Postal,00:00:01,Cli,,N,,,2024/09/18,
30000000988,1,Protocolo Permanecera em Andamento,00:02:49,Cli,,N,,,2024/09/18,
30000000989,1,Caixa Postal,00:00:03,Cli,,N,,,2024/09/18,
30000000990,1,Não Atende,,CLI,,N,,,2024/09/18,
30000000991,1,Não Atende,,CLI,,N,,,2024/09/18,
30000000992,1,Chamada Não Atendida,,CLI,,N,,,2024/09/18,
30000000993,1,Caixa Postal,,Cli,,N,,,2024/09/18,
30000000994,1,Não Atende,00:00:09,CLI,,N,,,2024/09/17,
30000000995,1,Consulta Status,,VE,,N,,,2024/09/17,
30000000996,1,Caixa Postal,,VE,,N,,,2024/09/17,
30000000997,1,URA Pesquisa NPS,00:00:47,VE,,S,Sim,10.0,2024/09/17,Email296
30000000998,1,Caixa Postal,,Cliente ,,N,,,2024/09/17,
30000000999,1,Caixa Postal,,ve,,N,,,2024/09/17,
300000001000,1,URA Pesquisa NPS,00:05:05,ve,,S,,,2024/09/17,Email4355
300000001001,1,Caixa Postal,,,,N,,,2024/09/17,
300000001002,1,Ocupado,,VE,,N,,,2024/09/17,
300000001003,1,Ocupado,,VE,,N,,,2024/09/17,
300000001004,1,Ocupado,,VE,,N,,,2024/09/17,
300000001005,1,Chamada Não Atendida,,cli,,N,,,2024/09/17,
300000001006,1,Caixa Postal,00:00:10,VE,,N,,,2024/09/17,
300000001007,1,URA Pesquisa NPS,00:02:15,ve,,S,Sim,,2024/09/17,Email48439
300000001008,1,URA Pesquisa NPS,00:01:30,,,S,,,2024/09/17,Email48438
300000001009,1,Dados incorretos do cliente,,Cliente,,N,,,2024/09/17,
300000001010,1,Contato de Finalizacao do Protocolo,00:02:35,CLI,,S,,,2024/09/17,Email4194
300000001011,1,URA Pesquisa NPS,00:01:48,cli,,S,,,2024/09/17,Email48440
300000001012,1,Caixa Postal,00:00:05,Cliente,,N,,,2024/09/17,
300000001013,1,URA Pesquisa NPS,00:01:11,Cliente ,,S,Sim,10.0,2024/09/17,Email8754
300000001014,1,Cliente Desligou,00:00:08,Cliente,,N,,,2024/09/17,
300000001015,1,Ocupado,,Cliente,,N,,,2024/09/17,
300000001016,1,Ocupado,,Cliente,,N,,,2024/09/17,
300000001017,1,URA Pesquisa NPS,00:03:15,Cli,,S,Sim,9.0,2024/09/17,Email13137
300000001018,1,Informação,,VE,,N,,,2024/09/17,
300000001019,1,Informação,,VE,,N,,,2024/09/17,
300000001020,1,Caixa Postal,00:00:09,Cli,,N,,,2024/09/17,
300000001021,1,Não Atende,,Cliente ,,N,,,2024/09/17,
300000001022,1,URA Pesquisa NPS,00:01:49,VE,,S,Sim,10.0,2024/09/17,Email48438
300000001023,1,Informação,00:00:07,,,N,,,2024/09/17,
300000001024,1,Caixa Postal,00:00:01,VE,,N,,,2024/09/17,
300000001025,1,Caixa Postal,,VE,,N,,,2024/09/17,
300000001026,1,Caixa Postal,00:00:03,VE,,N,,,2024/09/17,
300000001027,1,Caixa Postal,,CLI,,N,,,2024/09/17,
300000001028,1,Chamada Não Atendida,,CLI,,N,,,2024/09/17,
300000001029,1,Caixa Postal,00:00:10,VE,,N,,,2024/09/17,
300000001030,1,Caixa Postal,00:00:04,Cli,,N,,,2024/09/17,
300000001031,1,Caixa Postal,,Cli,,N,,,2024/09/17,
300000001032,1,Caixa Postal,00:00:03,Cliente ,,N,,,2024/09/17,
300000001033,1,Caixa Postal,00:00:02,Cliente ,,N,,,2024/09/17,
300000001034,1,Caixa Postal,00:00:00,VE,,N,,,2024/09/17,
300000001035,1,URA Pesquisa NPS,00:00:49,VE,,S,Sim,10.0,2024/09/17,Email296
300000001036,1,Atendimento em Dia_Hora especifico,,CLI,,N,,,2024/09/17,
300000001037,1,Caixa Postal,,CLI,,N,,,2024/09/17,
300000001038,1,URA Pesquisa NPS,00:01:01,VE,,S,Sim,10.0,2024/09/17,Email48440
300000001039,1,Ocupado,,VE,,N,,,2024/09/17,
300000001040,1,Ocupado,,VE,,N,,,2024/09/17,
300000001041,1,Ocupado,,VE,,N,,,2024/09/17,
300000001042,1,URA Pesquisa NPS,00:00:55,CLI,,S,Sim,10.0,2024/09/17,Email5371
300000001043,1,URA Pesquisa NPS,00:11:22,VE,,S,Sim,10.0,2024/09/17,Email5556
300000001044,1,Não Atende,,Cliente ,,N,,,2024/09/17,
300000001045,1,Caixa Postal,00:00:11,cli,,N,,,2024/09/17,
300000001046,1,Caixa Postal,00:00:11,cli,,N,,,2024/09/17,
300000001047,1,URA Pesquisa NPS,00:00:49,VE,,S,Sim,10.0,2024/09/17,Email5371
300000001048,1,URA Pesquisa NPS,00:01:15,VE,,S,Sim,10.0,2024/09/17,Email296
300000001049,1,Informação,00:00:14,VE,,N,,,2024/09/17,
300000001050,1,Informação,00:00:05,cli,,N,,,2024/09/17,
300000001051,1,Informação,00:00:04,cli,,N,,,2024/09/17,
300000001052,1,Ocupado,,cli,,N,,,2024/09/17,
300000001053,1,Sent To Voicemail,00:29:50,cli,,S,Sim,10.0,2024/09/17,Email48441
300000001054,1,Informação,00:00:05,cli,,N,,,2024/09/17,
300000001055,1,Chamada Não Atendida,,CLI,,N,,,2024/09/17,
300000001056,1,Chamada Não Atendida,,VE,,N,,,2024/09/17,
300000001057,1,URA Pesquisa NPS,00:01:12,VE,,S,Sim,10.0,2024/09/17,Email5371
300000001058,1,Caixa Postal,00:00:05,Cli,,N,,,2024/09/17,
300000001059,1,Caixa Postal,00:00:09,CLI,,N,,,2024/09/17,
300000001060,1,Informação,,,,N,,,2024/09/17,
300000001061,1,Caixa Postal,,Cli,,N,,,2024/09/17,
300000001062,1,Caixa Postal,,cli,,N,,,2024/09/17,
300000001063,1,Informação,00:00:18,VE,,N,,,2024/09/17,
300000001064,1,Informação,00:00:10,VE,,N,,,2024/09/17,
300000001065,1,Contato de Finalizacao do Protocolo,00:04:01,Cli,,S,,,2024/09/17,Email19156
300000001066,1,URA Pesquisa NPS,00:05:34,VE,,S,Sim,9.0,2024/09/17,Email296
300000001067,1,URA Pesquisa NPS,00:01:58,ve,,S,Sim,10.0,2024/09/17,Email5556
300000001068,1,Caixa Postal,00:00:09,,,N,,,2024/09/17,
300000001069,1,URA Pesquisa NPS,00:01:39,cli,,S,Sim,10.0,2024/09/17,Email5556
300000001070,1,Caixa Postal,00:00:01,cli,,N,,,2024/09/17,
300000001071,1,Caixa Postal,,cli,,N,,,2024/09/17,
300000001072,1,URA Pesquisa NPS,00:03:58,ve,,S,,,2024/09/17,Email48438
300000001073,1,Caixa Postal,00:00:11,Cli,,N,,,2024/09/17,
300000001074,1,Responsavel ausente,00:00:58,Cli,,N,,,2024/09/17,
300000001075,1,Caixa Postal,00:00:16,VE,,N,,,2024/09/17,
300000001076,1,URA Pesquisa NPS,00:10:13,Cli,,S,Sim,10.0,2024/09/17,Email19156
300000001077,1,Caixa Postal,00:00:07,,,N,,,2024/09/17,
300000001078,1,Caixa Postal,00:00:10,,,N,,,2024/09/17,
300000001079,1,URA Pesquisa NPS,00:01:36,Cli,,S,Sim,10.0,2024/09/17,Email4355
300000001080,1,Caixa Postal,00:00:05,CLI,,N,,,2024/09/17,
300000001081,1,Caixa Postal,00:00:07,Cli,,N,,,2024/09/17,
300000001082,1,Ocupado,,Cli,,N,,,2024/09/17,
300000001083,1,Chamada Não Atendida,,Cli,,N,,,2024/09/17,
300000001084,1,Chamada Não Atendida,00:00:00,Cli,,N,,,2024/09/17,
300000001085,1,Caixa Postal,00:00:09,CLI,,N,,,2024/09/17,
300000001086,1,Caixa Postal,,,,N,,,2024/09/17,
300000001087,1,URA Pesquisa NPS,00:02:43,CLI,,S,Sim,10.0,2024/09/17,Email11179
300000001088,1,Caixa Postal,00:00:01,Cli,,N,,,2024/09/17,
300000001089,1,URA Pesquisa NPS,00:01:32,Cli,,S,,,2024/09/17,Email13137
300000001090,1,Caixa Postal,,Cli,,N,,,2024/09/17,
300000001091,1,Não Atende,,Cli,,N,,,2024/09/17,
300000001092,1,Caixa Postal,00:00:05,cli,,N,,,2024/09/17,
300000001093,1,Informação,00:00:19,Cli,,N,,,2024/09/17,
300000001094,1,Informação,,Cli,,N,,,2024/09/17,
300000001095,1,Sent To Voicemail,00:03:55,CLI,,S,Sim,10.0,2024/09/17,Email11179
300000001096,1,Chamada Não Atendida,00:00:03,Cli,,N,,,2024/09/17,
300000001097,1,Chamada Não Atendida,,Cli,,N,,,2024/09/17,
300000001098,1,Informação,00:00:17,CLI,,N,,,2024/09/17,
300000001099,1,Caixa Postal,,CLI,,N,,,2024/09/17,
300000001100,1,Caixa Postal,,CLI,,N,,,2024/09/17,
300000001101,1,Ocupado,,Cliente ,,N,,,2024/09/17,
300000001102,1,Ocupado,,Cliente ,,N,,,2024/09/17,
300000001103,1,URA Pesquisa NPS,00:02:12,cli,,S,Sim,10.0,2024/09/17,Email48438
300000001104,1,Caixa Postal,00:00:06,VE,,N,,,2024/09/17,
300000001105,1,URA Pesquisa NPS,00:01:14,ve,,S,Sim,10.0,2024/09/17,Email48440
300000001106,1,Não Atende,,Cliente ,,N,,,2024/09/17,
300000001107,1,Caixa Postal,00:00:16,VE,,N,,,2024/09/17,
300000001108,1,Caixa Postal,00:00:01,CLI,,N,,,2024/09/17,
300000001109,1,Informação,,ve,,N,,,2024/09/17,
300000001110,1,URA Pesquisa NPS,00:02:13,ve,,S,Sim,10.0,2024/09/17,Email48440
300000001111,1,Informação,00:00:30,cli,,N,,,2024/09/17,
300000001112,1,URA Pesquisa NPS,00:02:54,cli,,S,Sim,10.0,2024/09/17,Email5556
300000001113,1,Caixa Postal,00:00:07,VE,,N,,,2024/09/17,
300000001114,1,Caixa Postal,,CLI,,N,,,2024/09/17,
300000001115,1,Caixa Postal,,VE,,N,,,2024/09/17,
300000001116,1,Caixa Postal,,CLI,,N,,,2024/09/17,
300000001117,1,Caixa Postal,,CLI,,N,,,2024/09/17,
300000001118,1,URA Pesquisa NPS,00:02:04,cli,,S,Sim,10.0,2024/09/17,Email48438
300000001119,1,URA Pesquisa NPS,00:02:53,Cli,,S,,,2024/09/17,Email19156
300000001120,1,URA Pesquisa NPS,00:01:19,CLI,,S,Sim,10.0,2024/09/17,Email48438
300000001121,1,Chamada Não Atendida,,VE,,N,,,2024/09/17,
300000001122,1,Caixa Postal,00:00:00,VE,,N,,,2024/09/17,
300000001123,1,Caixa Postal,00:00:04,VE,,N,,,2024/09/17,
300000001124,1,Caixa Postal,00:00:04,cli,,N,,,2024/09/17,
300000001125,1,Ligação Muda,00:00:09,Cliente ,,N,,,2024/09/17,
300000001126,1,URA Pesquisa NPS,00:01:16,cLI,,S,Sim,9.0,2024/09/17,Email48438
300000001127,1,Cliente Desligou,00:00:05,Cli,,N,,,2024/09/17,
300000001128,1,Caixa Postal,,Cli,,N,,,2024/09/17,
300000001129,1,Informação,,cli,,N,,,2024/09/17,
300000001130,1,URA Pesquisa NPS,00:04:45,cli,,S,,,2024/09/17,Email48438
300000001131,1,Não Atende,,Cliente ,,N,,,2024/09/17,
300000001132,1,URA Pesquisa NPS,00:00:39,cli,,S,Sim,10.0,2024/09/17,Email5556
300000001133,1,Caixa Postal,,VE,,N,,,2024/09/17,
300000001134,1,URA Pesquisa NPS,00:00:54,VE,,S,Sim,10.0,2024/09/17,Email296
300000001135,1,Não Atende,,cli,,N,,,2024/09/17,
300000001136,1,Informação,,cli,,N,,,2024/09/17,
300000001137,1,Ocupado,,Cliente,,N,,,2024/09/17,
300000001138,1,Ocupado,,Cliente,,N,,,2024/09/17,
300000001139,1,Ocupado,,Cliente,,N,,,2024/09/17,
300000001140,1,Informação,00:00:02,cli,,N,,,2024/09/17,
300000001141,1,Informação,,,,N,,,2024/09/17,
300000001142,1,URA Pesquisa NPS,00:00:39,VE,,S,Sim,10.0,2024/09/17,Email296
300000001143,1,Informação,,cli,,N,,,2024/09/17,
300000001144,1,Ligação Muda,,CLI,,N,,,2024/09/17,
300000001145,1,Não Atende,,CLI,,N,,,2024/09/17,
300000001146,1,Sent To Voicemail,00:03:32,cli,,S,Sim,9.0,2024/09/17,Email48438
300000001147,1,URA Pesquisa NPS,00:01:27,ve,,S,,,2024/09/17,Email5556
300000001148,1,Caixa Postal,00:00:00,cli,,N,,,2024/09/17,
300000001149,1,Contato de Finalizacao do Protocolo,00:00:45,cli,,N,,,2024/09/17,
300000001150,1,Não Atende,,Cliente ,,N,,,2024/09/17,
300000001151,1,URA Pesquisa NPS,00:00:50,cli,,S,Sim,10.0,2024/09/17,Email48438
300000001152,1,Informação,00:06:58,CLi,,N,,,2024/09/16,
300000001153,1,Informação,,VE,,N,,,2024/09/16,
300000001154,1,Informação,00:04:35,CLi,,N,,,2024/09/16,
300000001155,1,URA Pesquisa NPS,00:03:47,Cliente ,,S,Sim,10.0,2024/09/16,Email8754
300000001156,1,URA Pesquisa NPS,00:07:02,,,S,Sim,9.0,2024/09/16,Email5556
300000001157,1,Informação,,,,N,,,2024/09/16,
300000001158,1,Informação,00:00:19,CLI,,N,,,2024/09/16,
300000001159,1,Caixa Postal,00:00:10,Cli,,N,,,2024/09/16,
300000001160,1,Caixa Postal,,CLI,,N,,,2024/09/16,
300000001161,1,URA Pesquisa NPS,00:00:50,VE,,S,Sim,10.0,2024/09/16,Email296
300000001162,1,Não Atende,,Cliente,,N,,,2024/09/16,
300000001163,1,Informação,,VE,,N,,,2024/09/16,
300000001164,1,URA Pesquisa NPS,00:01:30,Cli,,S,Sim,10.0,2024/09/16,Email5371
300000001165,1,Caixa Postal,,CLI,,N,,,2024/09/16,
300000001166,1,Caixa Postal,00:00:05,Cli,,N,,,2024/09/16,
300000001167,1,URA Pesquisa NPS,00:05:09,CLI,,S,Sim,10.0,2024/09/16,Email48439
300000001168,1,URA Pesquisa NPS,00:01:32,VE,,S,Sim,10.0,2024/09/16,Email19156
300000001169,1,Consulta Status,00:00:09,Cliente,,N,,,2024/09/16,
300000001170,1,Consulta Status,00:00:07,Cliente,,N,,,2024/09/16,
300000001171,1,Consulta Status,00:00:13,Cliente,,N,,,2024/09/16,
300000001172,1,URA Pesquisa NPS,00:01:53,Cli,,S,Sim,9.0,2024/09/16,Email5371
300000001173,1,Não Atende,,Cliente,,N,,,2024/09/16,
300000001174,1,Caixa Postal,00:00:08,,,N,,,2024/09/16,
300000001175,1,Consulta Status,,cli,,N,,,2024/09/16,
300000001176,1,URA Pesquisa NPS,00:02:04,cli,,S,Sim,9.0,2024/09/16,Email48440
300000001177,1,URA Pesquisa NPS,00:01:16,cli,,S,Sim,10.0,2024/09/16,Email5556
300000001178,1,URA Pesquisa NPS,00:03:14,Cli,,S,Sim,10.0,2024/09/16,Email5371
300000001179,1,Não Atende,,cli,,N,,,2024/09/16,
300000001180,1,Caixa Postal,,cli,,N,,,2024/09/16,
300000001181,1,Sent To Voicemail,00:00:35,VE,,S,Sim,10.0,2024/09/16,Email296
300000001182,1,URA Pesquisa NPS,00:03:20,CLI,,S,,,2024/09/16,Email19156
300000001183,1,Informação,,cli,,N,,,2024/09/16,
300000001184,1,URA Pesquisa NPS,00:00:59,VE,,S,Sim,10.0,2024/09/16,Email296
300000001185,1,URA Pesquisa NPS,00:01:42,Cli,,S,Sim,10.0,2024/09/16,Email5371
300000001186,1,Não Atende,,Cliente ,,N,,,2024/09/16,
300000001187,1,Consulta Status,00:00:14,cli,,N,,,2024/09/16,
300000001188,1,Caixa Postal,00:00:03,VE,,N,,,2024/09/16,
300000001189,1,Sent To Voicemail,00:04:50,VE,,S,Sim,10.0,2024/09/16,Email296
300000001190,1,Consulta Status,00:00:13,cli,,N,,,2024/09/16,
300000001191,1,URA Pesquisa NPS,00:01:57,cli,,S,,,2024/09/16,Email48440
300000001192,1,URA Pesquisa NPS,00:00:46,VE,,S,Sim,10.0,2024/09/16,Email5371
300000001193,1,Caixa Postal,,CLI,,N,,,2024/09/16,
300000001194,1,URA Pesquisa NPS,00:03:17,VE,,S,Sim,8.0,2024/09/16,Email296
300000001195,1,Informação,,Cliente ,,N,,,2024/09/16,
300000001196,1,Informação,00:00:02,ve,,N,,,2024/09/16,
300000001197,1,Informação,,VE,,N,,,2024/09/16,
300000001198,1,URA Pesquisa NPS,00:00:59,Cli,,S,Sim,9.0,2024/09/16,Email5371
300000001199,1,URA Pesquisa NPS,00:00:43,cli,,S,,,2024/09/16,Email5556
300000001200,1,Informação,00:00:08,,,N,,,2024/09/16,
300000001201,1,Caixa Postal,,CLI,,N,,,2024/09/16,
300000001202,1,Caixa Postal,,Cli,,N,,,2024/09/16,
300000001203,1,Cliente Desligou,00:00:05,Cli,,N,,,2024/09/16,
300000001204,1,Caixa Postal,00:00:06,Cliente ,,N,,,2024/09/16,
300000001205,1,Caixa Postal,,Cliente ,,N,,,2024/09/16,
300000001206,1,Caixa Postal,00:00:04,CLI,,N,,,2024/09/16,
300000001207,1,URA Pesquisa NPS,00:01:34,VE,,S,,,2024/09/16,Email5371
300000001208,1,Não Atende,,Cliente ,,N,,,2024/09/16,
300000001209,1,Chamada Não Atendida,00:00:05,CLI,,N,,,2024/09/16,
300000001210,1,Chamada Não Atendida,00:00:01,CLI,,N,,,2024/09/16,
300000001211,1,Cliente solicita novo contato,00:04:48,,,N,,,2024/09/16,
300000001212,1,Cliente Desligou,00:00:26,cli,,N,,,2024/09/16,
300000001213,1,Caixa Postal,00:00:06,CLI,,N,,,2024/09/16,
300000001214,1,Caixa Postal,,VE,,N,,,2024/09/16,
300000001215,1,URA Pesquisa NPS,00:01:18,VE,,S,Sim,9.0,2024/09/16,Email296
300000001216,1,URA Pesquisa NPS,00:01:50,VE,,S,Sim,10.0,2024/09/16,Email48442
300000001217,1,Informação,00:00:02,VE,,N,,,2024/09/16,
300000001218,1,Informação,,VE,,N,,,2024/09/16,
300000001219,1,Chamada Não Atendida,00:00:01,VE,,N,,,2024/09/16,
300000001220,1,Chamada Não Atendida,,VE,,N,,,2024/09/16,
300000001221,1,Caixa Postal,,CLI,,N,,,2024/09/16,
300000001222,1,Caixa Postal,00:00:04,VE,,N,,,2024/09/16,
300000001223,1,Caixa Postal,00:00:04,VE,,N,,,2024/09/16,
300000001224,1,Não Atende,00:00:07,CLI,,N,,,2024/09/16,
300000001225,1,Informação,00:00:25,cli,,N,,,2024/09/16,
300000001226,1,URA Pesquisa NPS,00:01:10,CLI,,S,Sim,10.0,2024/09/16,Email296
300000001227,1,Caixa Postal,00:00:04,cli,,N,,,2024/09/16,
300000001228,1,Não Atende,00:00:10,CLI,,N,,,2024/09/16,
300000001229,1,URA Pesquisa NPS,00:09:30,Cli,,S,,,2024/09/16,Email19156
300000001230,1,Informação,,VE,,N,,,2024/09/16,
300000001231,1,URA Pesquisa NPS,00:01:04,VE,,S,Sim,1.0,2024/09/16,Email296
300000001232,1,Caixa Postal,,VE,,N,,,2024/09/16,
300000001233,1,Caixa Postal,00:00:08,VE,,N,,,2024/09/16,
300000001234,1,URA Pesquisa NPS,00:00:56,cli,,S,Sim,10.0,2024/09/16,Email5556
300000001235,1,Ocupado,,VE,,N,,,2024/09/16,
300000001236,1,Ocupado,,VE,,N,,,2024/09/16,
300000001237,1,Chamada Não Atendida,00:00:07,CLI,,N,,,2024/09/16,
300000001238,1,Chamada Não Atendida,00:00:09,VE,,N,,,2024/09/16,
300000001239,1,URA Pesquisa NPS,00:01:08,CLI,,S,Sim,10.0,2024/09/16,Email48440
300000001240,1,URA Pesquisa NPS,00:07:40,Cli,,S,Sim,10.0,2024/09/16,Email5371
300000001241,1,Chamada Não Atendida,,VE,,N,,,2024/09/16,
300000001242,1,Caixa Postal,00:00:05,cli,,N,,,2024/09/16,
300000001243,1,Chamada Não Atendida,,cli,,N,,,2024/09/16,
300000001244,1,Chamada Não Atendida,,cli,,N,,,2024/09/16,
300000001245,1,URA Pesquisa NPS,00:00:52,cli,,S,,,2024/09/16,Email296
300000001246,1,Informação,00:00:09,CLI,,N,,,2024/09/16,
300000001247,1,URA Pesquisa NPS,00:01:32,CLI,,S,Sim,10.0,2024/09/16,Email48440
300000001248,1,Caixa Postal,,cli,,N,,,2024/09/16,
300000001249,1,URA Pesquisa NPS,00:00:56,,,S,Sim,10.0,2024/09/16,Email48438
300000001250,1,Caixa Postal,00:00:00,cli,,N,,,2024/09/16,
300000001251,1,URA Pesquisa NPS,00:02:22,,,S,Sim,10.0,2024/09/16,Email4355
300000001252,1,URA Pesquisa NPS,00:03:07,,,S,,,2024/09/16,Email48438
300000001253,1,Caixa Postal,00:00:04,VE,,N,,,2024/09/16,
300000001254,1,Caixa Postal,00:00:03,VE,,N,,,2024/09/16,
300000001255,1,Contato de Finalizacao do Protocolo,00:02:51,CLI,,S,,,2024/09/16,Email4194
300000001256,1,URA Pesquisa NPS,00:01:13,,,S,,,2024/09/13,Email48438
300000001257,1,Informação,,VE,,N,,,2024/09/13,
300000001258,1,Informação,,VE,,N,,,2024/09/13,
300000001259,1,Caixa Postal,00:00:06,Cliente ,,N,,,2024/09/13,
300000001260,1,URA Pesquisa NPS,00:03:24,Cliente ,,S,Sim,10.0,2024/09/13,Email48438
300000001261,1,URA Pesquisa NPS,00:00:46,Cliente,,S,Sim,10.0,2024/09/13,Email8754
300000001262,1,Caixa Postal,00:00:04,cliente,,N,,,2024/09/13,
300000001263,1,Caixa Postal,00:00:04,cliente,,N,,,2024/09/13,
300000001264,1,URA Pesquisa NPS,00:06:19,cliente,,S,Sim,,2024/09/13,Email48438
300000001265,1,Informação,,Cliente,,N,,,2024/09/13,
300000001266,1,Informação,,Cliente,,N,,,2024/09/13,
300000001267,1,Chamada Não Atendida,00:00:10,VE,,N,,,2024/09/13,
300000001268,1,Chamada Não Atendida,00:00:05,VE,,N,,,2024/09/13,
300000001269,1,URA Pesquisa NPS,00:02:41,VE,,S,Sim,10.0,2024/09/13,Email4355
300000001270,1,Não Atende,,Cliente ,,N,,,2024/09/13,
300000001271,1,Não Atende,,Cliente ,,N,,,2024/09/13,
300000001272,1,Chamada Não Atendida,,VE,,N,,,2024/09/13,
300000001273,1,Chamada Não Atendida,,VE,,N,,,2024/09/13,
300000001274,1,Caixa Postal,00:00:04,VE,,N,,,2024/09/13,
300000001275,1,Caixa Postal,,VE,,N,,,2024/09/13,
300000001276,1,Cliente Desligou,00:00:05,VE,,N,,,2024/09/13,
300000001277,1,Sent To Voicemail,00:04:15,VE,,S,Sim,10.0,2024/09/13,Email4355
300000001278,1,Contato de Finalizacao do Protocolo,00:01:47,CLI,,N,,,2024/09/13,
300000001279,1,Caixa Postal,00:00:00,CLI,,N,,,2024/09/13,
300000001280,1,Chamada Não Atendida,,CLIE,,N,,,2024/09/13,
300000001281,1,URA Pesquisa NPS,00:07:50,VE,,S,Sim,10.0,2024/09/13,Email1768
300000001282,1,Não Atende,,Cliente,,N,,,2024/09/13,
300000001283,1,Não Atende,,Cliente,,N,,,2024/09/13,
300000001284,1,Não Atende,,Cliente,,N,,,2024/09/13,
300000001285,1,URA Pesquisa NPS,00:03:25,,,S,Sim,10.0,2024/09/13,Email48438
300000001286,1,Contato de Finalizacao do Protocolo,00:04:46,Cli,,N,,,2024/09/13,
300000001287,1,Informação,,VE,,N,,,2024/09/13,
300000001288,1,Informação,00:00:01,VE,,N,,,2024/09/13,
300000001289,1,Informação,00:00:05,VE,,N,,,2024/09/13,
300000001290,1,Informação,00:08:18,VE,,N,,,2024/09/13,
300000001291,1,Informação,00:00:03,Cli,,N,,,2024/09/13,
300000001292,1,URA Pesquisa NPS,00:01:26,Cliente ,,S,Sim,10.0,2024/09/13,Email8754
300000001293,1,Sent To Voicemail,00:01:06,VE,,S,Sim,10.0,2024/09/13,Email296
300000001294,1,Caixa Postal,00:00:03,Cliente ,,N,,,2024/09/13,
300000001295,1,Caixa Postal,,Cliente ,,N,,,2024/09/13,
300000001296,1,Informação,00:01:34,VE,,S,,,2024/09/13,Email5371
300000001297,1,URA Pesquisa NPS,00:08:59,,,S,Sim,0.0,2024/09/13,Email48438
300000001298,1,Caixa Postal,,,,N,,,2024/09/13,
300000001299,1,Caixa Postal,00:00:04,Cli,,N,,,2024/09/13,
300000001300,1,Caixa Postal,00:00:10,VE,,N,,,2024/09/13,
300000001301,1,URA Pesquisa NPS,00:01:15,ve,,S,,,2024/09/13,Email48440
300000001302,1,URA Pesquisa NPS,00:05:59,ve,,S,Sim,10.0,2024/09/13,Email296
300000001303,1,Informação,00:01:12,Cli,,S,Sim,,2024/09/13,Email5371
300000001304,1,Caixa Postal,,Cliente,,N,,,2024/09/13,
300000001305,1,Cliente Desligou,00:00:06,Cliente,,N,,,2024/09/13,
300000001306,1,Chamada Não Atendida,00:00:09,ve,,N,,,2024/09/13,
300000001307,1,Chamada Não Atendida,,ve,,N,,,2024/09/13,
300000001308,1,Chamada Não Atendida,00:00:04,ve,,N,,,2024/09/13,
300000001309,1,Caixa Postal,,VE,,N,,,2024/09/13,
300000001310,1,Caixa Postal,00:00:07,VE,,N,,,2024/09/13,
300000001311,1,Caixa Postal,00:00:03,VE,,N,,,2024/09/13,
300000001312,1,Caixa Postal,,VE,,N,,,2024/09/13,
300000001313,1,Chamada Não Atendida,,ve,,N,,,2024/09/13,
300000001314,1,Chamada Não Atendida,,ve,,N,,,2024/09/13,
300000001315,1,Caixa Postal,00:00:01,CLI,,N,,,2024/09/13,
300000001316,1,Caixa Postal,00:00:05,Cliente,,N,,,2024/09/13,
300000001317,1,Caixa Postal,00:00:02,Cliente,,N,,,2024/09/13,
300000001318,1,URA Pesquisa NPS,00:03:27,VE,,S,Sim,9.0,2024/09/13,Email4355
300000001319,1,URA Pesquisa NPS,00:02:42,VE,,S,Sim,10.0,2024/09/13,Email48440
300000001320,1,Caixa Postal,00:00:15,VE,,N,,,2024/09/13,
300000001321,1,Caixa Postal,00:00:09,VE,,N,,,2024/09/13,
300000001322,1,URA Pesquisa NPS,00:01:49,VE,,S,,,2024/09/13,Email48440
300000001323,1,URA Pesquisa NPS,00:01:32,cli,,S,,,2024/09/13,Email4355
300000001324,1,Contato de Finalizacao do Protocolo,00:01:30,Cli,,N,,,2024/09/13,
300000001325,1,Caixa Postal,00:00:01,CLI,,N,,,2024/09/13,
300000001326,1,Contato de Finalizacao do Protocolo,00:01:08,VE,,N,,,2024/09/13,
300000001327,1,Informação,,Cliente,,N,,,2024/09/13,
300000001328,1,Informação,00:00:16,Cliente,,N,,,2024/09/13,
300000001329,1,Caixa Postal,,CLI,,N,,,2024/09/13,
300000001330,1,Caixa Postal,,VE,,N,,,2024/09/13,
300000001331,1,Contato de Finalizacao do Protocolo,00:00:48,CLI,,N,,,2024/09/13,
300000001332,1,Ocupado,,Cliente ,,N,,,2024/09/13,
300000001333,1,Ocupado,,Cliente ,,N,,,2024/09/13,
300000001334,1,URA Pesquisa NPS,00:00:45,CLI,,S,Sim,,2024/09/13,Email296
300000001335,1,Informação,00:05:47,,,N,,,2024/09/13,
300000001336,1,URA Pesquisa NPS,00:08:13,CLI,,S,,,2024/09/13,Email19156
300000001337,1,URA Pesquisa NPS,00:05:24,cli,,S,Sim,10.0,2024/09/13,Email48440
300000001338,1,Caixa Postal,00:00:01,Ve,,N,,,2024/09/13,
300000001339,1,URA Pesquisa NPS,00:02:16,clie,,S,Sim,10.0,2024/09/13,Email4355
300000001340,1,URA Pesquisa NPS,00:01:27,ve,,S,Sim,10.0,2024/09/13,Email48439
300000001341,1,Não Atende,,Cliente,,N,,,2024/09/13,
300000001342,1,Informação,00:00:10,CLI,,N,,,2024/09/13,
300000001343,1,Dados incorretos do cliente,00:00:10,Cliente,,N,,,2024/09/13,
300000001344,1,Informação,,CLI,,N,,,2024/09/13,
300000001345,1,Caixa Postal,00:00:26,,,N,,,2024/09/13,
300000001346,1,Não Atende,,Cliente,,N,,,2024/09/13,
300000001347,1,Não Atende,,Cliente,,N,,,2024/09/13,
300000001348,1,Não Atende,,Cliente,,N,,,2024/09/13,
300000001349,1,Caixa Postal,,cli,,N,,,2024/09/13,
300000001350,1,URA Pesquisa NPS,00:01:47,Cli,,S,,,2024/09/13,Email19156
300000001351,1,Caixa Postal,00:00:06,Cli,,N,,,2024/09/13,
300000001352,1,URA Pesquisa NPS,00:01:45,Cli,,S,,,2024/09/13,Email19156
300000001353,1,Informação,00:00:56,VE,,S,Sim,10.0,2024/09/13,Email5371
300000001354,1,Informação,00:00:16,,,N,,,2024/09/13,
300000001355,1,Informação,,cli,,N,,,2024/09/13,
300000001356,1,Caixa Postal,00:00:04,Cliente ,,N,,,2024/09/13,
300000001357,1,Cliente Desligou,00:00:01,Cliente ,,N,,,2024/09/13,
300000001358,1,Caixa Postal,,CLI,,N,,,2024/09/13,
300000001359,1,Caixa Postal,00:00:36,CLI,,N,,,2024/09/13,
300000001360,1,URA Pesquisa NPS,00:05:00,Clie,,S,Sim,10.0,2024/09/13,Email4355
300000001361,1,URA Pesquisa NPS,00:03:07,VE,,S,Sim,,2024/09/13,Email5371
300000001362,1,Caixa Postal,,CLI,,N,,,2024/09/13,
300000001363,1,Informação,00:00:58,cli,,N,,,2024/09/13,
300000001364,1,Caixa Postal,,Cliente ,,N,,,2024/09/13,
300000001365,1,Caixa Postal,00:00:03,Cliente ,,N,,,2024/09/13,
300000001366,1,URA Pesquisa NPS,00:07:48,Cliente ,,S,Sim,10.0,2024/09/13,Email48438
300000001367,1,Informação,00:00:15,CLI,,N,,,2024/09/13,
300000001368,1,URA Pesquisa NPS,00:00:49,CLI,,S,Sim,10.0,2024/09/13,Email48439
300000001369,1,Caixa Postal,00:00:03,Cli,,N,,,2024/09/13,
300000001370,1,Não Atende,,Cliente,,N,,,2024/09/13,
300000001371,1,URA Pesquisa NPS,00:00:58,cli,,S,,,2024/09/13,Email5556
300000001372,1,Ocupado,,Cliente,,N,,,2024/09/13,
300000001373,1,URA Pesquisa NPS,00:01:27,,,S,Sim,10.0,2024/09/13,Email48442
300000001374,1,URA Pesquisa NPS,00:01:21,VE,,S,Sim,10.0,2024/09/13,Email48442
300000001375,1,Atendimento exclusivo por email,00:00:06,cli,,N,,,2024/09/13,
300000001376,1,Atendimento exclusivo por email,00:03:02,cli,,N,,,2024/09/13,
300000001377,1,Caixa Postal,00:00:03,,,N,,,2024/09/12,
300000001378,1,Caixa Postal,00:00:03,,,N,,,2024/09/12,
300000001379,1,Caixa Postal,,,,N,,,2024/09/12,
300000001380,1,Informação,,,,N,,,2024/09/12,
300000001381,1,Informação,,,,N,,,2024/09/12,
300000001382,1,Caixa Postal,,cli,,N,,,2024/09/12,
300000001383,1,URA Pesquisa NPS,00:01:25,cli,,S,Sim,10.0,2024/09/12,Email306
300000001384,1,URA Pesquisa NPS,00:01:55,,,S,Sim,10.0,2024/09/12,Email48438
300000001385,1,Informação,,ve,,N,,,2024/09/12,
300000001386,1,Cliente Desligou,00:00:12,VE,,N,,,2024/09/12,
300000001387,1,URA Pesquisa NPS,00:02:20,Cli,,S,Sim,5.0,2024/09/12,Email13137
300000001388,1,Caixa Postal,00:00:11,,,N,,,2024/09/12,
300000001389,1,Caixa Postal,00:00:03,,,N,,,2024/09/12,
300000001390,1,Informação,,VE,,N,,,2024/09/12,
300000001391,1,Caixa Postal,00:00:05,cli,,N,,,2024/09/12,
300000001392,1,Informação,,VE,,N,,,2024/09/12,
300000001393,1,Caixa Postal,,cli,,N,,,2024/09/12,
300000001394,1,Informação,00:00:09,cli,,N,,,2024/09/12,
300000001395,1,URA Pesquisa NPS,00:02:08,cli,,S,Sim,9.0,2024/09/12,Email48440
300000001396,1,Não Atende,00:00:10,,,N,,,2024/09/12,
300000001397,1,Caixa Postal,00:00:07,Cli,,N,,,2024/09/12,
300000001398,1,Caixa Postal,00:00:05,Cli,,N,,,2024/09/12,
300000001399,1,Não Atende,,,,N,,,2024/09/12,
300000001400,1,URA Pesquisa NPS,00:08:21,CLI,,S,Sim,9.0,2024/09/12,Email11179
300000001401,1,Caixa Postal,00:00:06,3778859,,N,,,2024/09/12,
300000001402,1,Não Atende,,,,N,,,2024/09/12,
300000001403,1,URA Pesquisa NPS,00:05:38,cli,,S,Sim,10.0,2024/09/12,Email48438
300000001404,1,Informação,00:00:03,,,N,,,2024/09/12,
300000001405,1,Informação,,,,N,,,2024/09/12,
300000001406,1,Informação,00:00:07,cli,,N,,,2024/09/12,
300000001407,1,Informação,00:00:03,VE,,N,,,2024/09/12,
300000001408,1,Informação,00:00:10,VE,,N,,,2024/09/12,
300000001409,1,Caixa Postal,00:00:05,CLI,,N,,,2024/09/12,
300000001410,1,URA Pesquisa NPS,00:01:16,CLI,,S,Sim,10.0,2024/09/12,Email48440
300000001411,1,URA Pesquisa NPS,00:00:53,VE,,S,Sim,10.0,2024/09/12,Email296
300000001412,1,Cliente Desligou,00:00:10,,,N,,,2024/09/12,
300000001413,1,Informação,00:00:05,,,N,,,2024/09/12,
300000001414,1,Caixa Postal,00:00:01,VE,,N,,,2024/09/12,
300000001415,1,Informação,00:00:02,ve,,N,,,2024/09/12,
300000001416,1,URA Pesquisa NPS,00:07:42,VE,,S,Sim,10.0,2024/09/12,Email296
300000001417,1,Sent To Voicemail,00:00:44,VE,,S,Sim,10.0,2024/09/12,Email296
300000001418,1,Cliente Desligou,00:02:57,CLI,,N,,,2024/09/12,
300000001419,1,Ocupado,,CLI,,N,,,2024/09/12,
300000001420,1,Ocupado,,CLI,,N,,,2024/09/12,
300000001421,1,Caixa Postal,00:00:02,CLI,,N,,,2024/09/12,
300000001422,1,Caixa Postal,,CLI,,N,,,2024/09/12,
300000001423,1,URA Pesquisa NPS,00:03:44,cli,,S,Nao,10.0,2024/09/12,Email5556
300000001424,1,URA Pesquisa NPS,00:04:10,cli,,S,Sim,1.0,2024/09/12,Email306
300000001425,1,Não Atende,,VE,,N,,,2024/09/12,
300000001426,1,Sent To Voicemail,00:02:20,VE,,S,Sim,10.0,2024/09/12,Email296
300000001427,1,Não Atende,,Cliente,,N,,,2024/09/12,
300000001428,1,Não Atende,,Procedente ,,N,,,2024/09/12,
300000001429,1,URA Pesquisa NPS,00:01:38,,,S,Sim,10.0,2024/09/12,Email48438
300000001430,1,Sent To Voicemail,00:00:49,VE,,S,Sim,1.0,2024/09/12,Email296
300000001431,1,URA Pesquisa NPS,00:02:11,CLI,,S,Sim,8.0,2024/09/12,Email11179
300000001432,1,Informação,,,,N,,,2024/09/12,
300000001433,1,Caixa Postal,,,,N,,,2024/09/12,
300000001434,1,Informação,00:00:10,VE,,N,,,2024/09/12,
300000001435,1,Informação,00:00:10,VE,,N,,,2024/09/12,
300000001436,1,Caixa Postal,00:00:04,,,N,,,2024/09/12,
300000001437,1,Sent To Voicemail,00:02:18,VE,,S,Sim,10.0,2024/09/12,Email5371
300000001438,1,Caixa Postal,00:00:07,,,N,,,2024/09/12,
300000001439,1,Protocolo Permanecera em Andamento,00:13:37,CLI,,N,,,2024/09/12,
300000001440,1,Informação,00:01:01,,,N,,,2024/09/12,
300000001441,1,Caixa Postal,00:00:00,cli,,N,,,2024/09/12,
300000001442,1,URA Pesquisa NPS,00:09:18,CLI,,S,Sim,10.0,2024/09/12,Email5371
300000001443,1,URA Pesquisa NPS,00:06:10,VE,,S,Sim,10.0,2024/09/12,Email296
300000001444,1,URA Pesquisa NPS,00:00:56,VE,,S,Sim,10.0,2024/09/12,Email48440
300000001445,1,URA Pesquisa NPS,00:10:42,Clie,,S,Sim,10.0,2024/09/12,Email4355
300000001446,1,URA Pesquisa NPS,00:00:58,VE,,S,Sim,10.0,2024/09/12,Email296
300000001447,1,URA Pesquisa NPS,00:01:37,cli,,S,,,2024/09/12,Email48440
300000001448,1,Informação,00:00:04,VE,,N,,,2024/09/12,
300000001449,1,URA Pesquisa NPS,00:02:02,VE,,S,Sim,9.0,2024/09/12,Email5371
300000001450,1,Não Atende,,,,N,,,2024/09/12,
300000001451,1,Informação,,,,N,,,2024/09/12,
300000001452,1,Chamada Não Atendida,,VE,,N,,,2024/09/12,
300000001453,1,Informação,00:00:02,cli,,N,,,2024/09/12,
300000001454,1,Informação,00:00:05,cli,,N,,,2024/09/12,
300000001455,1,Caixa Postal,,,,N,,,2024/09/12,
300000001456,1,Caixa Postal,00:00:04,Cli,,N,,,2024/09/12,
300000001457,1,Caixa Postal,00:00:07,VE,,N,,,2024/09/12,
300000001458,1,URA Pesquisa NPS,00:03:47,Cli,,S,,,2024/09/12,Email19156
300000001459,1,Ligação Muda,,Cliente,,N,,,2024/09/12,
300000001460,1,Caixa Postal,,VE,,N,,,2024/09/12,
300000001461,1,Abandon,00:00:58,Cliente,,S,,,2024/09/12,Email1615
300000001462,1,Caixa Postal,00:00:03,,,N,,,2024/09/12,
300000001463,1,Ocupado,,Cli,,N,,,2024/09/12,
300000001464,1,Ocupado,,Cli,,N,,,2024/09/12,
300000001465,1,Ocupado,,Cli,,N,,,2024/09/12,
300000001466,1,URA Pesquisa NPS,00:04:34,Cli,,S,Sim,10.0,2024/09/12,Email5371
300000001467,1,Caixa Postal,00:00:04,VE,,N,,,2024/09/12,
300000001468,1,Não Atende,,VE,,N,,,2024/09/12,
300000001469,1,URA Pesquisa NPS,00:01:12,VE,,S,,,2024/09/12,Email48440
300000001470,1,Caixa Postal,,CLI,,N,,,2024/09/12,
300000001471,1,Caixa Postal,,CLI,,N,,,2024/09/12,
300000001472,1,Caixa Postal,,CLI,,N,,,2024/09/12,
300000001473,1,Informação,,Cli,,N,,,2024/09/12,
300000001474,1,URA Pesquisa NPS,00:00:42,VE,,S,Sim,10.0,2024/09/12,Email48440
300000001475,1,URA Pesquisa NPS,00:00:58,Cli,,S,Sim,10.0,2024/09/12,Email13137
300000001476,1,Caixa Postal,00:00:18,CLI,,N,,,2024/09/12,
300000001477,1,URA Pesquisa NPS,00:07:19,ve,,S,Sim,10.0,2024/09/12,Email5556
300000001478,1,URA Pesquisa NPS,00:00:58,VE,,S,Sim,10.0,2024/09/12,Email296
300000001479,1,Caixa Postal,00:00:02,,,N,,,2024/09/12,
300000001480,1,URA Pesquisa NPS,00:11:24,,,S,Sim,10.0,2024/09/12,Email48438
300000001481,1,URA Pesquisa NPS,00:01:52,CLI,,S,Sim,9.0,2024/09/12,Email48440
300000001482,1,URA Pesquisa NPS,00:01:12,cli,,S,Sim,10.0,2024/09/12,Email5371
300000001483,1,Ocupado,,Cli,,N,,,2024/09/12,
300000001484,1,Caixa Postal,00:00:03,Cli,,N,,,2024/09/12,
300000001485,1,URA Pesquisa NPS,00:01:04,VE,,S,Sim,10.0,2024/09/12,Email5556
300000001486,1,Contato de Finalizacao do Protocolo,00:01:10,Cli,,N,,,2024/09/12,
300000001487,1,Ocupado,,,,N,,,2024/09/12,
300000001488,1,Caixa Postal,00:00:04,VE,,N,,,2024/09/12,
300000001489,1,Ocupado,,Cli,,N,,,2024/09/12,
300000001490,1,Caixa Postal,,VE,,N,,,2024/09/12,
300000001491,1,Caixa Postal,00:00:05,CLI,,N,,,2024/09/12,
300000001492,1,Caixa Postal,,CLI,,N,,,2024/09/12,
300000001493,1,Caixa Postal,,VE,,N,,,2024/09/12,
300000001494,1,URA Pesquisa NPS,00:02:03,VE,,S,Sim,10.0,2024/09/12,Email296
300000001495,1,URA Pesquisa NPS,00:00:52,VE,,S,Sim,10.0,2024/09/12,Email48439
300000001496,1,Caixa Postal,,CLI,,N,,,2024/09/12,
300000001497,1,Não Atende,,Cliente,,N,,,2024/09/12,
300000001498,1,Informação,,,,N,,,2024/09/12,
300000001499,1,Informação,00:00:03,,,N,,,2024/09/12,
300000001500,1,Não Atende,,Cli,,N,,,2024/09/12,
300000001501,1,URA Pesquisa NPS,00:04:05,Cli,,S,Sim,9.0,2024/09/12,Email5371
300000001502,1,Não Atende,,Cliente ,,N,,,2024/09/12,
300000001503,1,Caixa Postal,00:00:05,,,N,,,2024/09/12,
300000001504,1,Não Atende,,,,N,,,2024/09/12,
300000001505,1,Cliente Desligou,00:09:17,Cliente ,,N,,,2024/09/12,
300000001506,1,URA Pesquisa NPS,00:01:54,VE,,S,Sim,10.0,2024/09/12,Email48440
300000001507,1,Caixa Postal,00:00:02,CLI,,N,,,2024/09/12,
300000001508,1,Caixa Postal,00:00:01,CLI,,N,,,2024/09/12,
300000001509,1,URA Pesquisa NPS,00:01:06,CLI,,S,Sim,9.0,2024/09/12,Email48440
300000001510,1,Informação,,,,N,,,2024/09/12,
300000001511,1,URA Pesquisa NPS,00:02:30,Cli,,S,Sim,8.0,2024/09/12,Email19156
300000001512,1,URA Pesquisa NPS,00:01:03,Cli,,S,Sim,10.0,2024/09/12,Email5371
300000001513,1,Caixa Postal,00:00:04,,,N,,,2024/09/12,
300000001514,1,Caixa Postal,00:00:05,,,N,,,2024/09/12,
300000001515,1,URA Pesquisa NPS,00:01:52,Cli,,S,Sim,9.0,2024/09/12,Email19156
300000001516,1,Não Atende,,Cliente ,,N,,,2024/09/12,
300000001517,1,Caixa Postal,00:00:09,,,N,,,2024/09/12,
300000001518,1,Informação,,VE,,N,,,2024/09/12,
300000001519,1,Não Atende,,Cli,,N,,,2024/09/12,
300000001520,1,Caixa Postal,00:00:03,CLI,,N,,,2024/09/12,
300000001521,1,Caixa Postal,,CLI,,N,,,2024/09/12,
300000001522,1,Não Atende,,Cli,,N,,,2024/09/12,
300000001523,1,Informação,00:00:00,Cli,,N,,,2024/09/12,
300000001524,1,Caixa Postal,00:00:03,,,N,,,2024/09/12,
300000001525,1,Informação,,,,N,,,2024/09/12,
300000001526,1,Informação,00:00:10,,,N,,,2024/09/12,
300000001527,1,Caixa Postal,00:00:08,CLI,,N,,,2024/09/12,
300000001528,1,Caixa Postal,,CLI,,N,,,2024/09/12,
300000001529,1,Sent To Voicemail,00:00:56,cli,,S,Sim,1.0,2024/09/12,Email5556
300000001530,1,Informação,00:02:06,ve,,N,,,2024/09/12,
300000001531,1,Caixa Postal,00:00:05,Cli,,N,,,2024/09/12,
300000001532,1,Cliente Desligou,00:00:40,Cli,,N,,,2024/09/12,
300000001533,1,Caixa Postal,00:00:05,CLI,,N,,,2024/09/12,
300000001534,1,Caixa Postal,00:00:04,CLI,,N,,,2024/09/12,
300000001535,1,URA Pesquisa NPS,00:01:04,CLI,,S,Sim,5.0,2024/09/12,Email296
300000001536,1,Sent To Voicemail,00:01:14,CLI,,S,Sim,9.0,2024/09/12,Email48439
300000001537,1,URA Pesquisa NPS,00:00:52,VE,,S,Sim,10.0,2024/09/12,Email5371
300000001538,1,Ligação Muda,00:00:24,VE,,N,,,2024/09/12,
300000001539,1,Ligação Muda,00:00:25,VE,,N,,,2024/09/12,
300000001540,1,URA Pesquisa NPS,00:01:21,CLI,,S,Sim,9.0,2024/09/12,Email296
300000001541,1,Ligação Muda,00:00:16,Cliente ,,N,,,2024/09/12,
300000001542,1,URA Pesquisa NPS,00:02:21,CLI,,S,Sim,10.0,2024/09/12,Email296
300000001543,1,Caixa Postal,00:00:03,,,N,,,2024/09/12,
300000001544,1,URA Pesquisa NPS,00:10:02,VE,,S,Sim,10.0,2024/09/12,Email5556
300000001545,1,Informação,00:01:35,Cli,,S,,,2024/09/12,Email5371
300000001546,1,Caixa Postal,00:00:04,,,N,,,2024/09/12,
300000001547,1,Dados incorretos do cliente,,,,N,,,2024/09/12,
300000001548,1,Caixa Postal,00:00:10,,,N,,,2024/09/12,
300000001549,1,Cliente Desligou,00:01:34,,,N,,,2024/09/12,
300000001550,1,Cliente Desligou,00:00:14,,,N,,,2024/09/12,
300000001551,1,Cliente Desligou,00:00:24,VE,,N,,,2024/09/12,
300000001552,1,Informação,00:01:55,VE,,N,,,2024/09/12,
300000001553,1,URA Pesquisa NPS,00:05:00,VE,,S,,,2024/09/12,Email5371
300000001554,1,Caixa Postal,00:00:05,Cli,,N,,,2024/09/12,
300000001555,1,Caixa Postal,00:00:07,Cli,,N,,,2024/09/12,
300000001556,1,Não Atende,00:01:29,Cli,,N,,,2024/09/12,
300000001557,1,Caixa Postal,00:00:03,Cli,,N,,,2024/09/12,
300000001558,1,Caixa Postal,00:00:03,CLI,,N,,,2024/09/12,
300000001559,1,Caixa Postal,00:00:05,CLI,,N,,,2024/09/12,
300000001560,1,URA Pesquisa NPS,00:04:45,Cli,,S,,,2024/09/12,Email19156
300000001561,1,Informação,00:00:00,VE,,N,,,2024/09/12,
300000001562,1,Caixa Postal,,cliente ,,N,,,2024/09/11,
300000001563,1,Caixa Postal,00:00:07,,,N,,,2024/09/11,
300000001564,1,Não Atende,,,,N,,,2024/09/11,
300000001565,1,Caixa Postal,,CLIE,,N,,,2024/09/11,
300000001566,1,Não Atende,,,,N,,,2024/09/11,
300000001567,1,Não Atende,,,,N,,,2024/09/11,
300000001568,1,Não Atende,00:00:09,Cli,,N,,,2024/09/11,
300000001569,1,URA Pesquisa NPS,00:04:05,Cli,,S,,,2024/09/11,Email19156
300000001570,1,Informação,00:00:03,VE,,N,,,2024/09/11,
300000001571,1,Caixa Postal,00:00:06,,,N,,,2024/09/11,
300000001572,1,Caixa Postal,,,,N,,,2024/09/11,
300000001573,1,Informação,00:00:12,,,N,,,2024/09/11,
300000001574,1,Informação,,,,N,,,2024/09/11,
300000001575,1,Caixa Postal,00:00:06,Reclamação de Serviço,,N,,,2024/09/11,
300000001576,1,Caixa Postal,00:00:20,Reclamação de Serviço,,N,,,2024/09/11,
300000001577,1,Ligação Muda,,cliente ,,N,,,2024/09/11,
300000001578,1,Contato de Finalizacao do Protocolo,00:05:14,cliente ,,N,,,2024/09/11,
300000001579,1,URA Pesquisa NPS,00:00:48,,,S,,,2024/09/11,Email48438
300000001580,1,Ligação Muda,,,,N,,,2024/09/11,
300000001581,1,Ligação Muda,,,,N,,,2024/09/11,
300000001582,1,Caixa Postal,,cli,,N,,,2024/09/11,
300000001583,1,URA Pesquisa NPS,00:03:49,,,S,,,2024/09/11,Email48438
300000001584,1,Informação,,,,N,,,2024/09/11,
300000001585,1,Ocupado,,,,N,,,2024/09/11,
300000001586,1,Ocupado,,,,N,,,2024/09/11,
300000001587,1,URA Pesquisa NPS,00:02:28,CLIE,,S,,,2024/09/11,Email19156
300000001588,1,Caixa Postal,00:00:10,VE,,N,,,2024/09/11,
300000001589,1,Ocupado,00:00:08,,,N,,,2024/09/11,
300000001590,1,Caixa Postal,,,,N,,,2024/09/11,
300000001591,1,Não Atende,,,,N,,,2024/09/11,
300000001592,1,Caixa Postal,,VE,,N,,,2024/09/11,
300000001593,1,URA Pesquisa NPS,00:02:54,,,S,Sim,,2024/09/11,Email13137
300000001594,1,Contato de Finalizacao do Protocolo,00:03:08,Reclamação de produtos Engemix,,N,,,2024/09/11,
300000001595,1,Informação,,,,N,,,2024/09/11,
300000001596,1,Ligação Muda,,,,N,,,2024/09/11,
300000001597,1,Cliente Desligou,00:00:01,,,N,,,2024/09/11,
300000001598,1,Caixa Postal,00:00:01,,,N,,,2024/09/11,
300000001599,1,Caixa Postal,,VE,,N,,,2024/09/11,
300000001600,1,URA Pesquisa NPS,00:01:12,VE,,S,Sim,,2024/09/11,Email48439
300000001601,1,Caixa Postal,00:04:19,,,N,,,2024/09/11,
300000001602,1,Cliente Desligou,00:00:30,Cliente -  Reclamação de Serviço,,N,,,2024/09/11,
300000001603,1,Caixa Postal,00:00:04,Cliente -  Reclamação de Serviço,,N,,,2024/09/11,
300000001604,1,URA Pesquisa NPS,00:04:53,,,S,Sim,,2024/09/11,Email48441
300000001605,1,Caixa Postal,00:00:02,Cliente -  Reclamação de Serviço,,N,,,2024/09/11,
300000001606,1,Caixa Postal,,VE,,N,,,2024/09/11,
300000001607,1,Cliente Desligou,00:00:02,cli,,N,,,2024/09/11,
300000001608,1,Contato de Finalizacao do Protocolo,00:01:02,cli,,N,,,2024/09/11,
300000001609,1,Não Atende,,,,N,,,2024/09/11,
300000001610,1,Não Atende,,,,N,,,2024/09/11,
300000001611,1,Caixa Postal,00:00:00,,,N,,,2024/09/11,
300000001612,1,Caixa Postal,,,,N,,,2024/09/11,
300000001613,1,Caixa Postal,00:00:03,,,N,,,2024/09/11,
300000001614,1,Caixa Postal,,,,N,,,2024/09/11,
300000001615,1,Caixa Postal,00:00:15,CLI ,,N,,,2024/09/11,
300000001616,1,Caixa Postal,,VE,,N,,,2024/09/11,
300000001617,1,URA Pesquisa NPS,00:07:11,VE,,S,Sim,,2024/09/11,Email306
300000001618,1,Protocolo Permanecera em Andamento,00:02:46,CLI,,N,,,2024/09/11,
300000001619,1,Informação,,VE,,N,,,2024/09/11,
300000001620,1,Informação,,cli,,N,,,2024/09/11,
300000001621,1,Caixa Postal,00:00:04,CLI,,N,,,2024/09/11,
300000001622,1,Informação,,,,N,,,2024/09/11,
300000001623,1,Informação,,,,N,,,2024/09/11,
300000001624,1,URA Pesquisa NPS,00:00:54,,,S,,,2024/09/11,Email48438
300000001625,1,URA Pesquisa NPS,00:00:54,CLI,,S,Sim,,2024/09/11,Email5556
300000001626,1,Informação,,,,N,,,2024/09/11,
300000001627,1,Caixa Postal,,,,N,,,2024/09/11,
300000001628,1,Informação,,,,N,,,2024/09/11,
300000001629,1,Caixa Postal,00:00:03,Cli,,N,,,2024/09/11,
300000001630,1,Caixa Postal,00:00:03,Cli,,N,,,2024/09/11,
300000001631,1,Caixa Postal,00:00:03,VE,,N,,,2024/09/11,
300000001632,1,URA Pesquisa NPS,00:01:41,,,S,Sim,,2024/09/11,Email5556
300000001633,1,Caixa Postal,,,,N,,,2024/09/11,
300000001634,1,Não Atende,,Cli,,N,,,2024/09/11,
300000001635,1,Ocupado,,Cli,,N,,,2024/09/11,
300000001636,1,Caixa Postal,00:00:03,CLI,,N,,,2024/09/11,
300000001637,1,Informação,00:01:06,,,N,,,2024/09/11,
300000001638,1,URA Pesquisa NPS,00:01:25,Cliente - Reclamação de Serviço,,S,,,2024/09/11,Email1615
300000001639,1,Informação,,CLI,,N,,,2024/09/11,
300000001640,1,Sent To Voicemail,00:40:12,,,S,Sim,10.0,2024/09/11,Email4355
300000001641,1,Caixa Postal,,CLI,,N,,,2024/09/11,
300000001642,1,Caixa Postal,,CLI,,N,,,2024/09/11,
300000001643,1,Sent To Voicemail,00:06:45,,,S,Sim,10.0,2024/09/11,Email48441
300000001644,1,URA Pesquisa NPS,00:01:02,CLI,,S,Sim,,2024/09/11,Email48439
300000001645,1,URA Pesquisa NPS,00:00:51,,,S,Sim,10.0,2024/09/11,Email5556
300000001646,1,Informação,,Cli,,N,,,2024/09/11,
300000001647,1,URA Pesquisa NPS,00:01:16,cli,,S,,,2024/09/11,Email48439
300000001648,1,Informação,00:01:21,Cli,,S,,,2024/09/11,Email288
300000001649,1,URA Pesquisa NPS,00:00:54,,,S,Sim,0.0,2024/09/11,Email48441
300000001650,1,Caixa Postal,00:00:04,cli,,N,,,2024/09/11,
300000001651,1,URA Pesquisa NPS,00:01:37,cli,,S,,,2024/09/11,Email48442
300000001652,1,Caixa Postal,00:00:03,CLI,,N,,,2024/09/11,
300000001653,1,Caixa Postal,,CLI,,N,,,2024/09/11,
300000001654,1,Informação,,VE,,N,,,2024/09/11,
300000001655,1,URA Pesquisa NPS,00:06:48,CLI,,S,Sim,9.0,2024/09/11,Email296
300000001656,1,Informação,,cli,,N,,,2024/09/11,
300000001657,1,URA Pesquisa NPS,00:00:26,cli,,S,Sim,,2024/09/11,Email4355
300000001658,1,URA Pesquisa NPS,00:01:11,Ve,,S,,,2024/09/11,Email48442
300000001659,1,URA Pesquisa NPS,00:02:32,cli,,S,Sim,8.0,2024/09/11,Email5556
300000001660,1,URA Pesquisa NPS,00:03:12,Cli,,S,Sim,10.0,2024/09/11,Email4355
300000001661,1,URA Pesquisa NPS,00:03:39,Cliente,,S,,,2024/09/11,Email48440
300000001662,1,Informação,00:00:06,VE,,N,,,2024/09/11,
300000001663,1,Informação,,VE,,N,,,2024/09/11,
300000001664,1,URA Pesquisa NPS,00:01:22,Cli,,S,Sim,5.0,2024/09/11,Email4355
300000001665,1,Caixa Postal,,CLI,,N,,,2024/09/11,
300000001666,1,Caixa Postal,00:00:09,CLI,,N,,,2024/09/11,
300000001667,1,Caixa Postal,,CLI,,N,,,2024/09/11,
300000001668,1,Caixa Postal,,VE,,N,,,2024/09/11,
300000001669,1,URA Pesquisa NPS,00:00:58,cli,,S,Sim,9.0,2024/09/11,Email5556
300000001670,1,Não Atende,,Cli,,N,,,2024/09/11,
300000001671,1,URA Pesquisa NPS,00:01:05,VE,,S,,,2024/09/11,Email5371
300000001672,1,Caixa Postal,,CLI,,N,,,2024/09/11,
300000001673,1,Caixa Postal,00:00:14,,,N,,,2024/09/11,
300000001674,1,Informação,,,,N,,,2024/09/11,
300000001675,1,Informação,00:04:23,,,N,,,2024/09/11,
300000001676,1,URA Pesquisa NPS,00:00:53,VE,,S,Sim,10.0,2024/09/11,Email5371
300000001677,1,Sent To Voicemail,00:02:29,VE,,S,Sim,11.0,2024/09/11,Email296
300000001678,1,Caixa Postal,00:00:05,cli,,N,,,2024/09/11,
300000001679,1,Informação,,VE,,N,,,2024/09/11,
300000001680,1,Informação,00:00:00,CLI,,N,,,2024/09/11,
300000001681,1,URA Pesquisa NPS,00:06:00,cli,,S,,,2024/09/11,Email48440
300000001682,1,Informação,,cli,,N,,,2024/09/11,
300000001683,1,Informação,00:00:16,cli,,N,,,2024/09/11,
300000001684,1,Caixa Postal,,CLI,,N,,,2024/09/11,
300000001685,1,Caixa Postal,,CLI,,N,,,2024/09/11,
300000001686,1,Informação,00:01:15,VE,,S,,,2024/09/11,Email5371
300000001687,1,Não Atende,00:00:04,Cli,,N,,,2024/09/11,
300000001688,1,Sent To Voicemail,00:06:48,Cli,,S,Nao,,2024/09/11,Email19156
300000001689,1,Caixa Postal,00:00:00,VE,,N,,,2024/09/11,
300000001690,1,Caixa Postal,00:00:00,CLI,,N,,,2024/09/11,
300000001691,1,Sent To Voicemail,00:02:24,VE,,S,Sim,10.0,2024/09/11,Email296
300000001692,1,URA Pesquisa NPS,00:00:51,CLI,,S,Sim,1.0,2024/09/11,Email296
300000001693,1,Informação,00:00:01,cli,,N,,,2024/09/11,
300000001694,1,URA Pesquisa NPS,00:02:01,cli,,S,,,2024/09/11,Email48440
300000001695,1,URA Pesquisa NPS,00:02:11,VE,,S,Sim,10.0,2024/09/11,Email296
300000001696,1,URA Pesquisa NPS,00:01:45,ve,,S,Sim,10.0,2024/09/11,Email5556
300000001697,1,Informação,00:00:28,,,N,,,2024/09/11,
300000001698,1,Informação,,,,N,,,2024/09/11,
300000001699,1,Informação,00:00:02,,,N,,,2024/09/11,
300000001700,1,URA Pesquisa NPS,00:04:16,VE,,S,Sim,10.0,2024/09/11,Email5556
300000001701,1,Caixa Postal,00:00:03,Cli,,N,,,2024/09/11,
300000001702,1,Caixa Postal,00:00:10,,,N,,,2024/09/11,
300000001703,1,Caixa Postal,00:01:43,,,N,,,2024/09/11,
300000001704,1,URA Pesquisa NPS,00:00:55,CLI,,S,,,2024/09/11,Email296
300000001705,1,URA Pesquisa NPS,00:01:25,VE,,S,Sim,10.0,2024/09/11,Email5556
300000001706,1,Cliente Desligou,00:00:07,cli,,N,,,2024/09/11,
300000001707,1,URA Pesquisa NPS,00:23:29,cli,,S,Sim,,2024/09/11,Email4355
300000001708,1,Ocupado,,VE,,N,,,2024/09/11,
300000001709,1,Ocupado,,VE,,N,,,2024/09/11,
300000001710,1,Caixa Postal,00:00:01,cli,,N,,,2024/09/11,
300000001711,1,URA Pesquisa NPS,00:01:11,VE,,S,Sim,10.0,2024/09/11,Email48442
300000001712,1,URA Pesquisa NPS,00:00:12,,,S,,,2024/09/11,Email48438
300000001713,1,Informação,00:00:01,Cliente,,N,,,2024/09/11,
300000001714,1,Caixa Postal,00:00:10,Cli,,N,,,2024/09/11,
300000001715,1,Informação,,,,N,,,2024/09/11,
300000001716,1,Informação,,,,N,,,2024/09/11,
300000001717,1,Informação,00:00:12,,,N,,,2024/09/11,
300000001718,1,Informação,00:00:05,,,N,,,2024/09/11,
300000001719,1,Ligação Muda,,Cli,,N,,,2024/09/11,
300000001720,1,Caixa Postal,00:00:04,VE,,N,,,2024/09/11,
300000001721,1,Sent To Voicemail,00:03:07,cli,,S,Sim,9.0,2024/09/11,Email5556
300000001722,1,Informação,00:00:02,cli,,N,,,2024/09/10,
300000001723,1,Caixa Postal,,cli,,N,,,2024/09/10,
300000001724,1,Caixa Postal,00:00:01,Cliente,,N,,,2024/09/10,
300000001725,1,Caixa Postal,00:00:04,Cliente,,N,,,2024/09/10,
300000001726,1,URA Pesquisa NPS,00:01:27,VE,,S,Sim,,2024/09/10,Email4355
300000001727,1,Caixa Postal,00:00:10,Cliente ,,N,,,2024/09/10,
300000001728,1,Caixa Postal,00:00:02,Cliente ,,N,,,2024/09/10,
300000001729,1,Caixa Postal,00:00:08,,,N,,,2024/09/10,
300000001730,1,Caixa Postal,00:00:02,,,N,,,2024/09/10,
300000001731,1,Informação,,,,N,,,2024/09/10,
300000001732,1,Contato de Finalizacao do Protocolo,00:00:55,Vendedor,,S,,,2024/09/10,Email48439
300000001733,1,URA Pesquisa NPS,00:04:30,,,S,Sim,,2024/09/10,Email13137
300000001734,1,Sent To Voicemail,00:04:40,VE,,S,Sim,,2024/09/10,Email4355
300000001735,1,Informação,00:04:32,VE,,N,,,2024/09/10,
300000001736,1,Caixa Postal,,VE,,N,,,2024/09/10,
300000001737,1,Caixa Postal,00:00:00,Procedente ,,N,,,2024/09/10,
300000001738,1,Caixa Postal,,Procedente ,,N,,,2024/09/10,
300000001739,1,Informação,00:08:56,,,N,,,2024/09/10,
300000001740,1,URA Pesquisa NPS,00:03:47,,,S,Nao,,2024/09/10,Email48438
300000001741,1,Informação,,VE,,N,,,2024/09/10,
300000001742,1,Informação,00:02:18,VE,,N,,,2024/09/10,
300000001743,1,Informação,,,,N,,,2024/09/10,
300000001744,1,URA Pesquisa NPS,00:07:27,,,S,,,2024/09/10,Email13137
300000001745,1,Ocupado,,cliente,,N,,,2024/09/10,
300000001746,1,Sent To Voicemail,00:00:07,teste,,S,Sim,,2024/09/10,Email306
300000001747,1,Sent To Voicemail,00:00:19,teste,,S,Nao,,2024/09/10,Email306
300000001748,1,Caixa Postal,,,,N,,,2024/09/10,
300000001749,1,Contato de Finalizacao do Protocolo,00:02:02,,,N,,,2024/09/10,
300000001750,1,Caixa Postal,00:00:03,,,N,,,2024/09/10,
300000001751,1,Caixa Postal,00:00:04,,,N,,,2024/09/10,
300000001752,1,Caixa Postal,00:00:06,,,N,,,2024/09/10,
300000001753,1,Protocolo Permanecera em Andamento,00:11:23,,,N,,,2024/09/10,
300000001754,1,URA Pesquisa NPS,00:00:19,cli,,S,,,2024/09/10,Email48439
300000001755,1,Ligação Muda,00:00:15,,,N,,,2024/09/10,
300000001756,1,Caixa Postal,,teste,,N,,,2024/09/10,
300000001757,1,URA Pesquisa NPS,00:00:50,,,S,,,2024/09/10,Email48441
300000001758,1,URA Pesquisa NPS,00:01:55,,,S,,,2024/09/10,Email19156
300000001759,1,Ocupado,,,,N,,,2024/09/10,
300000001760,1,Informação,,,,N,,,2024/09/10,
300000001761,1,Informação,,,,N,,,2024/09/10,
300000001762,1,Caixa Postal,00:00:11,,,N,,,2024/09/10,
300000001763,1,Caixa Postal,00:00:16,,,N,,,2024/09/10,
300000001764,1,Caixa Postal,00:00:06,,,N,,,2024/09/10,
300000001765,1,Informação,,,,N,,,2024/09/10,
300000001766,1,Informação,,,,N,,,2024/09/10,
300000001767,1,Informação,00:00:03,,,N,,,2024/09/10,
300000001768,1,Caixa Postal,00:00:03,,,N,,,2024/09/09,
300000001769,1,Caixa Postal,,,,N,,,2024/09/09,
300000001770,1,Informação,00:00:03,,,N,,,2024/09/09,
300000001771,1,Informação,00:00:02,,,N,,,2024/09/09,
300000001772,1,Informação,,,,N,,,2024/09/09,
300000001773,1,URA Pesquisa NPS,00:02:48,,,S,Sim,,2024/09/09,Email5556
300000001774,1,Caixa Postal,00:00:00,,,N,,,2024/09/09,
300000001775,1,Caixa Postal,,,,N,,,2024/09/09,
300000001776,1,Caixa Postal,,,,N,,,2024/09/09,
300000001777,1,Contato de Finalizacao do Protocolo,00:00:59,VE,,N,,,2024/09/09,
300000001778,1,URA Pesquisa NPS,00:17:50,,,S,Sim,,2024/09/09,Email4355
300000001779,1,Contato de Finalizacao do Protocolo,00:06:43,,,N,,,2024/09/09,
300000001780,1,Caixa Postal,00:00:04,,,N,,,2024/09/09,
300000001781,1,Caixa Postal,,,,N,,,2024/09/09,
300000001782,1,URA Pesquisa NPS,00:04:18,Ve,,S,Sim,,2024/09/09,Email4355
300000001783,1,Contato de Finalizacao do Protocolo,00:03:12,,,S,,,2024/09/09,Email48439
300000001784,1,Caixa Postal,00:00:05,,,N,,,2024/09/09,
300000001785,1,URA Pesquisa NPS,00:05:00,VE,,S,Sim,,2024/09/09,Email19156
300000001786,1,Informação,,,,N,,,2024/09/09,
300000001787,1,Contato de Finalizacao do Protocolo,00:12:10,VE,,N,,,2024/09/09,
300000001788,1,Caixa Postal,00:00:08,,,N,,,2024/09/09,
300000001789,1,Caixa Postal,,,,N,,,2024/09/09,
300000001790,1,Chamada Não Atendida,,CLIE,,N,,,2024/09/09,
300000001791,1,Protocolo Permanecera em Andamento,00:04:39,cli,,N,,,2024/09/09,
300000001792,1,Ligação Muda,,,,N,,,2024/09/09,
300000001793,1,URA Pesquisa NPS,00:26:30,,,S,Sim,,2024/09/09,Email4355
300000001794,1,Informação,,,,N,,,2024/09/09,
300000001795,1,Informação,,CLI,,N,,,2024/09/06,
300000001796,1,Informação,00:02:50,,,N,,,2024/09/06,
300000001797,1,Contato de Finalizacao do Protocolo,00:04:11,,,N,,,2024/09/06,
300000001798,1,URA Pesquisa NPS,00:00:59,,,S,Sim,,2024/09/06,Email364
300000001799,1,URA Pesquisa NPS,00:00:51,,,S,,,2024/09/06,Email364
300000001800,1,URA Pesquisa NPS,00:01:04,,,S,,,2024/09/06,Email364
300000001801,1,Caixa Postal,00:00:08,,,N,,,2024/09/06,
300000001802,1,Caixa Postal,,,,N,,,2024/09/06,
300000001803,1,Contato de Finalizacao do Protocolo,00:00:52,VE,,N,,,2024/09/06,
300000001804,1,Caixa Postal,00:00:03,VE,,N,,,2024/09/06,
300000001805,1,Caixa Postal,,,,N,,,2024/09/06,
300000001806,1,Caixa Postal,00:00:01,VE,,N,,,2024/09/06,
300000001807,1,Dados do vendedor,00:00:17,,,N,,,2024/09/06,
300000001808,1,Ligação Muda,,VE,,N,,,2024/09/06,
300000001809,1,Informação,00:02:19,VE,,N,,,2024/09/06,
300000001810,1,Caixa Postal,00:00:08,cli,,N,,,2024/09/06,
300000001811,1,URA Pesquisa NPS,00:03:48,,,S,Sim,,2024/09/05,Email5556
300000001812,1,Informação,00:05:12,CLI,,N,,,2024/09/05,
300000001813,1,Caixa Postal,00:00:10,,,N,,,2024/09/05,
300000001814,1,Responsavel ausente,00:01:21,,,N,,,2024/09/05,
300000001815,1,Informação,,,,N,,,2024/09/05,
300000001816,1,Informação,,VE,,N,,,2024/09/05,
300000001817,1,Contato de Finalizacao do Protocolo,00:03:59,,,N,,,2024/09/05,
300000001818,1,Caixa Postal,,,,N,,,2024/09/05,
300000001819,1,Caixa Postal,,,,N,,,2024/09/05,
300000001820,1,Caixa Postal,,,,N,,,2024/09/05,
300000001821,1,Caixa Postal,,,,N,,,2024/09/05,
300000001822,1,Não Atende,,VE,,N,,,2024/09/05,
300000001823,1,Caixa Postal,,VE,,N,,,2024/09/05,
300000001824,1,Caixa Postal,,VE,,N,,,2024/09/05,
300000001825,1,Informação,00:00:12,,,N,,,2024/09/05,
300000001826,1,Informação,00:00:09,,,N,,,2024/09/05,
300000001827,1,Caixa Postal,00:00:07,Cli,,N,,,2024/09/05,
300000001828,1,Caixa Postal,,teste,,N,,,2024/09/05,
300000001829,1,Ligação Muda,00:00:13,,,N,,,2024/09/05,
300000001830,1,Caixa Postal,,,,N,,,2024/09/05,
300000001831,1,URA Pesquisa NPS,00:00:07,teste,,S,,,2024/09/05,Email306
300000001832,1,Sent To Voicemail,00:00:12,teste,,S,Sim,,2024/09/05,Email306
300000001833,1,URA Pesquisa NPS,00:00:09,teste,,S,Nao,,2024/09/05,Email306
300000001834,1,Caixa Postal,00:02:12,,,N,,,2024/09/05,
300000001835,1,Responsavel ausente,00:01:01,,,N,,,2024/09/04,
300000001836,1,Caixa Postal,,,,N,,,2024/09/04,
300000001837,1,URA Pesquisa NPS,00:06:29,VE,,S,Sim,,2024/09/04,Email4355
300000001838,1,Caixa Postal,,,,N,,,2024/09/04,
300000001839,1,Protocolo Permanecera em Andamento,00:06:29,,,N,,,2024/09/04,
300000001840,1,Caixa Postal,,,,N,,,2024/09/04,
300000001841,1,Cliente Desligou,00:00:01,,,N,,,2024/09/04,
300000001842,1,Informação,00:01:06,,,N,,,2024/09/04,
300000001843,1,Caixa Postal,00:00:01,,,N,,,2024/09/04,
300000001844,1,Sent To Voicemail,00:00:50,,,S,Sim,,2024/09/03,Email48438
300000001845,1,Informação,00:02:42,,,N,,,2024/09/03,
300000001846,1,Não Atende,,,,N,,,2024/09/03,
300000001847,1,Não Atende,,,,N,,,2024/09/03,
300000001848,1,Informação,00:02:23,CLI,,N,,,2024/09/03,
300000001849,1,Informação,00:01:31,,,N,,,2024/09/03,
300000001850,1,Ligação Muda,00:00:04,,,N,,,2024/09/03,
300000001851,1,Ligação Muda,,,,N,,,2024/09/03,
300000001852,1,Cliente solicita novo contato,,ve,,N,,,2024/09/03,
300000001853,1,Ligação Muda,,,,N,,,2024/09/03,
300000001854,1,Ligação Muda,,,,N,,,2024/09/03,
300000001855,1,Cliente solicita novo contato,,,,N,,,2024/09/03,
300000001856,1,Ligação Muda,,,,N,,,2024/09/03,
300000001857,1,Caixa Postal,00:00:04,,,N,,,2024/09/03,
300000001858,1,Informação,00:03:09,,,N,,,2024/09/03,
300000001859,1,Caixa Postal,,,,N,,,2024/09/03,
300000001860,1,Caixa Postal,00:00:01,VE,,N,,,2024/09/03,
300000001861,1,Caixa Postal,00:00:05,VE,,N,,,2024/09/03,
300000001862,1,URA Pesquisa NPS,00:02:39,VE,,S,Sim,,2024/09/03,Email4355
300000001863,1,Contato de Finalizacao do Protocolo,00:02:30,VE,,N,,,2024/09/03,
300000001864,1,Caixa Postal,00:00:10,,,N,,,2024/09/03,
300000001865,1,Caixa Postal,00:00:14,,,N,,,2024/09/03,
300000001866,1,Ligação Muda,00:00:04,CLI,,N,,,2024/09/03,
300000001867,1,Caixa Postal,00:00:19,,,N,,,2024/09/03,
300000001868,1,Informação,00:01:46,CLI,,N,,,2024/09/03,
300000001869,1,Caixa Postal,,VE,,N,,,2024/09/03,
300000001870,1,Caixa Postal,00:00:49,teste,,N,,,2024/09/03,
300000001871,1,Sent To Voicemail,00:00:13,teste,,S,Sim,,2024/09/03,Email306
300000001872,1,Caixa Postal,00:00:04,teste,,N,,,2024/09/03,
300000001873,1,Caixa Postal,00:00:04,teste,,N,,,2024/09/03,
300000001874,1,Protocolo Permanecera em Andamento,00:01:32,cli,,N,,,2024/09/03,
300000001875,1,Informação,00:00:01,CLI,,N,,,2024/09/03,
300000001876,1,Protocolo Permanecera em Andamento,00:01:03,,,N,,,2024/09/03,
300000001877,1,Informação,00:01:56,,,N,,,2024/09/03,
300000001878,1,Informação,00:00:03,CLI,,N,,,2024/09/03,
300000001879,1,Informação,00:03:52,,,N,,,2024/09/03,
300000001880,1,Informação,00:01:32,,,N,,,2024/09/03,
300000001881,1,Caixa Postal,00:00:04,,,N,,,2024/09/03,
300000001882,1,URA Pesquisa NPS,00:03:22,,,S,Sim,,2024/09/03,Email4355
300000001883,1,Caixa Postal,00:00:03,,,N,,,2024/09/03,
300000001884,1,Caixa Postal,00:00:05,,,N,,,2024/09/03,
300000001885,1,Caixa Postal,00:00:31,,,N,,,2024/09/03,
300000001886,1,Contato de Finalizacao do Protocolo,00:06:17,,,N,,,2024/09/03,
300000001887,1,Informação,,,,N,,,2024/09/03,
300000001888,1,Informação,00:00:09,,,N,,,2024/09/03,
300000001889,1,Informação,00:01:20,,,N,,,2024/09/03,
300000001890,1,Caixa Postal,00:00:04,,,N,,,2024/09/02,
300000001891,1,Atendimento exclusivo por email,,,,N,,,2024/09/02,
300000001892,1,Protocolo Permanecera em Andamento,00:04:13,,,N,,,2024/09/02,
300000001893,1,Contato de Finalizacao do Protocolo,00:01:25,,,N,,,2024/09/02,
300000001894,1,Ocupado,,,,N,,,2024/09/02,
300000001895,1,Caixa Postal,00:00:07,,,N,,,2024/09/02,
300000001896,1,Caixa Postal,00:00:12,,,N,,,2024/09/02,
300000001897,1,Ocupado,,,,N,,,2024/09/02,
300000001898,1,Caixa Postal,,,,N,,,2024/09/02,
300000001899,1,Informação,,,,N,,,2024/09/02,
300000001900,1,Informação,,,,N,,,2024/09/02,
300000001901,1,URA Pesquisa NPS,00:02:05,,,S,,,2024/09/02,Email5556
300000001902,1,Não Atende,,,,N,,,2024/09/02,
300000001903,1,Não Atende,,,,N,,,2024/09/02,
300000001904,1,URA Pesquisa NPS,00:01:53,VE,,S,,,2024/09/02,Email19156
300000001905,1,Informação,00:03:33,VE,,N,,,2024/09/02,
300000001906,1,Caixa Postal,,CLI,,N,,,2024/09/02,
300000001907,1,Caixa Postal,00:00:04,,,N,,,2024/09/02,
300000001908,1,Caixa Postal,00:00:09,,,N,,,2024/09/02,
300000001909,1,Contato de Finalizacao do Protocolo,00:00:06,,,N,,,2024/09/02,
300000001910,1,Caixa Postal,,,,N,,,2024/09/02,
300000001911,1,URA Pesquisa NPS,00:01:10,,,S,Sim,10.0,2024/09/02,Email48438
300000001912,1,Ligação Muda,,,,N,,,2024/09/02,
300000001913,1,Caixa Postal,,,,N,,,2024/09/02,
300000001914,1,URA Pesquisa NPS,00:00:45,,,S,,,2024/09/02,Email5556
300000001915,1,Caixa Postal,00:00:04,,,N,,,2024/09/02,
300000001916,1,Contato de Finalizacao do Protocolo,00:01:29,,,N,,,2024/09/02,
300000001917,1,Caixa Postal,,,,N,,,2024/09/02,
300000001918,1,Caixa Postal,00:00:17,,,N,,,2024/09/02,
300000001919,1,Cliente Desligou,00:00:01,,,N,,,2024/09/02,
300000001920,1,Não Atende,00:00:05,,,N,,,2024/09/02,
300000001921,1,Informação,,clie,,N,,,2024/09/02,
300000001922,1,Informação,,,,N,,,2024/09/02,
300000001923,1,Chamada Não Atendida,00:00:05,cliente ,,N,,,2024/09/02,
300000001924,1,URA Pesquisa NPS,00:08:32,cliente ,,S,Nao,,2024/09/02,Email19156
300000001925,1,Cliente Desligou,00:00:05,,,N,,,2024/09/02,
300000001926,1,Caixa Postal,00:00:00,,,N,,,2024/09/02,
