CALL ID,CALLS,DISPOSITION,TALK TIME,Devolutiva,Custom.Numero_CAP,Custom.Transfer_NPS,Custom.NPS_Solicitacao,Custom.NPS_Nota,DATE,Custom.Analista
300000001927,1,URA Pesquisa NPS,00:01:20,VE,,S,Sim,10.0,2024/10/31,Email19156
300000001928,1,Informação,,CLI,,N,,,2024/10/31,
300000001929,1,Não Atende,,Cliente,10000000219785,N,,,2024/10/31,
300000001930,1,Informação,,,,N,,,2024/10/31,
300000001931,1,Informação,,,,N,,,2024/10/31,
300000001932,1,URA Pesquisa NPS,00:00:50,VE,10000000219993,S,Sim,10.0,2024/10/31,Email306
300000001933,1,Ligação Muda,00:00:14,VE,,N,,,2024/10/31,
300000001934,1,Ligação Muda,00:00:15,Ve,,N,,,2024/10/31,
300000001935,1,Sent To Voicemail,00:01:02,Ve,10000000220139,S,Sim,1.0,2024/10/31,Email48442
300000001936,1,Chamada Não Atendida,00:00:04,VE,10000000220099,N,,,2024/10/31,
300000001937,1,Chamada Não Atendida,,VE,10000000220099,N,,,2024/10/31,
300000001938,1,Chamada Não Atendida,00:00:04,VE,10000000220099,N,,,2024/10/31,
300000001939,1,Contato de Finalizacao do Protocolo,00:25:58,CLI,,N,,,2024/10/30,
300000001940,1,Caixa Postal,00:00:01,VE,10000000219459,N,,,2024/10/30,
300000001941,1,Contato de Finalizacao do Protocolo,00:02:06,VE,10000000218698,N,,,2024/10/30,
300000001942,1,Caixa Postal,,CLI,10000000219032,N,,,2024/10/30,
300000001943,1,Não Atende,00:00:01,Cliente,10000000217901,N,,,2024/10/30,
300000001944,1,Caixa Postal,00:00:07,Ve,,N,,,2024/10/30,
300000001945,1,Caixa Postal,00:00:13,Ve,,N,,,2024/10/30,
300000001946,1,Caixa Postal,,VE,,N,,,2024/10/30,
300000001947,1,Informação,00:00:00,VE,,N,,,2024/10/30,
300000001948,1,URA Pesquisa NPS,00:02:30,Cli,10000000218704,S,Sim,10.0,2024/10/30,Email1768
300000001949,1,URA Pesquisa NPS,00:01:32,VE,10000000218135,S,Sim,10.0,2024/10/30,Email296
300000001950,1,Informação,00:01:22,CLI,10000000209833,N,,,2024/10/30,
300000001951,1,Protocolo Permanecera em Andamento,00:07:01,VE,10000000219319,N,,,2024/10/30,
300000001952,1,Caixa Postal,,Cliente,,N,,,2024/10/30,
300000001953,1,URA Pesquisa NPS,00:01:00,VE,10000000217395,S,Sim,10.0,2024/10/30,Email48442
300000001954,1,Protocolo Permanecera em Andamento,00:08:35,VE,10000000219511,N,,,2024/10/30,
300000001955,1,Ligação Muda,,CLI,10000000214968,N,,,2024/10/30,
300000001956,1,Caixa Postal,,CLI,10000000214968,N,,,2024/10/30,
300000001957,1,Contato de Finalizacao do Protocolo,00:06:38,VE,,N,,,2024/10/30,
300000001958,1,Chamada Não Atendida,00:00:04,VE,10000000219496,N,,,2024/10/30,
300000001959,1,Chamada Não Atendida,00:00:04,VE,10000000219496,N,,,2024/10/30,
300000001960,1,Caixa Postal,00:00:51,VE,,N,,,2024/10/30,
300000001961,1,Protocolo Permanecera em Andamento,00:07:05,VE,10000000219496,N,,,2024/10/30,
300000001962,1,Contato de Finalizacao do Protocolo,00:01:35,Cli,,N,,,2024/10/30,
300000001963,1,URA Pesquisa NPS,00:00:53,Ve,10000000219725,S,Sim,10.0,2024/10/30,Email306
300000001964,1,URA Pesquisa NPS,00:01:16,VE,10000000219787,S,Sim,,2024/10/30,Email48442
300000001965,1,Informação,00:01:18,VE,10000000219739,N,,,2024/10/30,
300000001966,1,URA Pesquisa NPS,00:01:46,VE,10000000219821,S,Sim,10.0,2024/10/30,Email48442
300000001967,1,Ocupado,,Ve,,N,,,2024/10/30,
300000001968,1,Caixa Postal,00:00:05,VE,,N,,,2024/10/30,
300000001969,1,Chamada Não Atendida,,VE,10000000218606,N,,,2024/10/29,
300000001970,1,Chamada Não Atendida,,VE,10000000218606,N,,,2024/10/29,
300000001971,1,Caixa Postal,00:00:05,,,N,,,2024/10/29,
300000001972,1,Informação,00:00:01,,,N,,,2024/10/29,
300000001973,1,Informação,,Cli,,N,,,2024/10/29,
300000001974,1,Informação,,Cli,,N,,,2024/10/29,
300000001975,1,Informação,,cli,,N,,,2024/10/29,
300000001976,1,Ligação Muda,,CLI,10000000219032,N,,,2024/10/29,
300000001977,1,Caixa Postal,,CLI,,N,,,2024/10/29,
300000001978,1,Abandon,00:01:56,cli,,S,,,2024/10/29,Email19156
300000001979,1,URA Pesquisa NPS,00:00:59,VE,10000000219273,S,,,2024/10/29,Email48442
300000001980,1,URA Pesquisa NPS,00:02:03,Cli,10000000218972,S,Sim,,2024/10/29,Email19156
300000001981,1,Caixa Postal,00:00:00,CLI,10000000215556,N,,,2024/10/29,
300000001982,1,URA Pesquisa NPS,00:01:40,CLI,10000000213322,S,Sim,10.0,2024/10/29,Email364
300000001983,1,Caixa Postal,00:00:04,Cli,10000000219260,N,,,2024/10/29,
300000001984,1,Caixa Postal,00:00:00,ve,10000000219327,N,,,2024/10/29,
300000001985,1,Caixa Postal,00:00:03,ve,,N,,,2024/10/29,
300000001986,1,Caixa Postal,,Cli,10000000218685,N,,,2024/10/29,
300000001987,1,Caixa Postal,00:00:04,VE,10000000218685,N,,,2024/10/29,
300000001988,1,Consulta Status,00:00:03,Cli,,N,,,2024/10/29,
300000001989,1,URA Pesquisa NPS,00:01:32,VE,10000000219278,S,Sim,10.0,2024/10/29,Email1768
300000001990,1,Não Atende,,Cliente,10000000216540,N,,,2024/10/29,
300000001991,1,Caixa Postal,00:00:03,VE,,N,,,2024/10/29,
300000001992,1,Caixa Postal,,VE,10000000219510,N,,,2024/10/29,
300000001993,1,Chamada Não Atendida,,VE,10000000219325,N,,,2024/10/29,
300000001994,1,Contato de Finalizacao do Protocolo,00:04:49,VE,10000000219371,N,,,2024/10/29,
300000001995,1,Caixa Postal,,CLIE,,N,,,2024/10/29,
300000001996,1,Caixa Postal,00:00:04,CLI,10000000214065,N,,,2024/10/29,
300000001997,1,Contato de Finalizacao do Protocolo,00:01:14,CLI,10000000217488,N,,,2024/10/29,
300000001998,1,Caixa Postal,,Cli,,N,,,2024/10/29,
300000001999,1,Não Atende,,Cliente,10000000219336,N,,,2024/10/29,
300000002000,1,Caixa Postal,00:00:03,Cli,,N,,,2024/10/29,
300000002001,1,Caixa Postal,00:00:05,Cli,,N,,,2024/10/29,
300000002002,1,Caixa Postal,,Cli,,N,,,2024/10/29,
300000002003,1,URA Pesquisa NPS,00:18:28,Cli,10000000251733,S,Sim,10.0,2024/10/29,Email4355
300000002004,1,Informação,00:02:12,cli,10000000213665,N,,,2024/10/29,
300000002005,1,Informação,,VE,,N,,,2024/10/29,
300000002006,1,Informação,,VE,,N,,,2024/10/29,
300000002007,1,URA Pesquisa NPS,00:03:23,VE,,S,Sim,10.0,2024/10/29,Email5556
300000002008,1,URA Pesquisa NPS,00:02:22,cli,,S,Sim,9.0,2024/10/29,Email5556
300000002009,1,Caixa Postal,00:00:06,VE,10000000218559,N,,,2024/10/28,
300000002010,1,Atendimento em Dia_Hora especifico,00:01:52,VE,10000000218866,N,,,2024/10/28,
300000002011,1,Contato de Finalizacao do Protocolo,00:11:38,Cliente,10000000218815,N,,,2024/10/28,
300000002012,1,Caixa Postal,,ve,,N,,,2024/10/28,
300000002013,1,Sent To Voicemail,00:02:22,VE,10000000218803,S,Sim,10.0,2024/10/28,Email5371
300000002014,1,Informação,,,,N,,,2024/10/28,
300000002015,1,Informação,,,,N,,,2024/10/28,
300000002016,1,Caixa Postal,00:00:01,VE,10000000251857,N,,,2024/10/28,
300000002017,1,URA Pesquisa NPS,00:01:14,VE,10000000218926,S,Sim,10.0,2024/10/28,Email1768
300000002018,1,Informação,,,,N,,,2024/10/28,
300000002019,1,Informação,,,,N,,,2024/10/28,
300000002020,1,Informação,,,,N,,,2024/10/28,
300000002021,1,URA Pesquisa NPS,00:00:49,VE,10000000218987,S,Sim,,2024/10/28,Email5371
300000002022,1,Informação,,,,N,,,2024/10/28,
300000002023,1,Caixa Postal,00:00:10,Cli,10000000217629,N,,,2024/10/28,
300000002024,1,Caixa Postal,00:00:07,Cli,,N,,,2024/10/28,
300000002025,1,Caixa Postal,00:00:10,VE,,N,,,2024/10/28,
300000002026,1,Caixa Postal,00:00:01,VE,10000000218936,N,,,2024/10/28,
300000002027,1,URA Pesquisa NPS,00:01:19,VE,10000000217904,S,Sim,10.0,2024/10/28,Email5371
300000002028,1,URA Pesquisa NPS,00:00:52,VE,10000000218954,S,Sim,10.0,2024/10/28,Email5371
300000002029,1,Informação,,CLI,,N,,,2024/10/28,
300000002030,1,Informação,,VE,,N,,,2024/10/28,
300000002031,1,Chamada Não Atendida,,Cli,10000000218799,N,,,2024/10/28,
300000002032,1,Protocolo Permanecera em Andamento,00:01:51,Cli,10000000218799,N,,,2024/10/28,
300000002033,1,Caixa Postal,00:00:10,VE,,N,,,2024/10/28,
300000002034,1,Caixa Postal,,VE,,N,,,2024/10/28,
300000002035,1,Caixa Postal,00:00:14,VE,,N,,,2024/10/28,
300000002036,1,URA Pesquisa NPS,00:04:43,VE,,S,Sim,10.0,2024/10/28,Email296
300000002037,1,Caixa Postal,00:00:04,,,N,,,2024/10/28,
300000002038,1,Caixa Postal,00:00:07,,,N,,,2024/10/28,
300000002039,1,Caixa Postal,00:00:01,,,N,,,2024/10/28,
300000002040,1,Contato de Finalizacao do Protocolo,00:02:34,VE ,,N,,,2024/10/28,
300000002041,1,URA Pesquisa NPS,00:01:18,VE,10000000219216,S,Sim,10.0,2024/10/28,Email5371
300000002042,1,Informação,00:00:24,VE,,N,,,2024/10/28,
300000002043,1,Caixa Postal,,cli,,N,,,2024/10/28,
300000002044,1,URA Pesquisa NPS,00:00:53,Ve,10000000219027,S,Sim,10.0,2024/10/28,Email288
300000002045,1,URA Pesquisa NPS,00:03:46,,,S,,,2024/10/28,Email4355
300000002046,1,Informação,,VE,,N,,,2024/10/28,
300000002047,1,Informação,00:01:58,,,N,,,2024/10/28,
300000002048,1,Chamada Não Atendida,00:00:07,,,N,,,2024/10/28,
300000002049,1,Sent To Voicemail,00:02:45,VE,10000000219172,S,Sim,10.0,2024/10/28,Email1768
300000002050,1,URA Pesquisa NPS,00:01:09,Cli,10000000219016,S,Sim,10.0,2024/10/28,Email1768
300000002051,1,Caixa Postal,00:00:08,CLI,,N,,,2024/10/28,
300000002052,1,URA Pesquisa NPS,00:01:41,VE,10000000219124,S,Sim,9.0,2024/10/28,Email5371
300000002053,1,Protocolo Permanecera em Andamento,00:01:45,VE,10000000217933,N,,,2024/10/28,
300000002054,1,Caixa Postal,00:00:18,VE,,N,,,2024/10/28,
300000002055,1,URA Pesquisa NPS,00:00:50,VE,10000000218142,S,Sim,10.0,2024/10/28,Email5371
300000002056,1,Caixa Postal,00:00:05,,,N,,,2024/10/28,
300000002057,1,Caixa Postal,00:00:03,VE,,N,,,2024/10/28,
300000002058,1,Informação,,cli,,N,,,2024/10/28,
300000002059,1,Informação,,cli,,N,,,2024/10/28,
300000002060,1,Informação,,cli,,N,,,2024/10/28,
300000002061,1,URA Pesquisa NPS,00:05:39,Cli,,S,Nao,2.0,2024/10/28,Email45
300000002062,1,Ocupado,,Cli,10000000219160,N,,,2024/10/28,
300000002063,1,Caixa Postal,00:00:03,,,N,,,2024/10/28,
300000002064,1,Caixa Postal,,,,N,,,2024/10/28,
300000002065,1,Chamada Não Atendida,,VE,10000000219196,N,,,2024/10/28,
300000002066,1,Chamada Não Atendida,,VE,10000000219196,N,,,2024/10/28,
300000002067,1,Contato de Finalizacao do Protocolo,00:05:09,,,N,,,2024/10/28,
300000002068,1,Sent To Voicemail,00:01:49,VE,10000000219231,S,Sim,10.0,2024/10/28,Email296
300000002069,1,Caixa Postal,00:00:11,Cli,10000000219256,N,,,2024/10/28,
300000002070,1,Chamada Não Atendida,00:00:04,Cli,10000000219256,N,,,2024/10/28,
300000002071,1,Chamada Não Atendida,,VE,10000000257933,N,,,2024/10/28,
300000002072,1,Chamada Não Atendida,,VE,10000000257933,N,,,2024/10/28,
300000002073,1,Caixa Postal,00:00:04,VE,10000000219034,N,,,2024/10/28,
300000002074,1,Caixa Postal,00:00:40,VE,,N,,,2024/10/28,
300000002075,1,Caixa Postal,,VE,10000000213692,N,,,2024/10/28,
300000002076,1,Caixa Postal,,VE,10000000219255,N,,,2024/10/28,
300000002077,1,Informação,00:00:07,VE,,N,,,2024/10/25,
300000002078,1,Informação,00:01:18,Cli,,N,,,2024/10/25,
300000002079,1,URA Pesquisa NPS,00:01:13,,,S,Sim,8.0,2024/10/25,Email48442
300000002080,1,Informação,00:00:06,VE,,N,,,2024/10/25,
300000002081,1,Caixa Postal,00:00:08,Cli,,N,,,2024/10/25,
300000002082,1,Caixa Postal,00:00:03,Cliente,,N,,,2024/10/25,
300000002083,1,Caixa Postal,00:00:04,Cliente,,N,,,2024/10/25,
300000002084,1,Caixa Postal,,Cli,,N,,,2024/10/25,
300000002085,1,Caixa Postal,,Cliente,,N,,,2024/10/25,
300000002086,1,URA Pesquisa NPS,00:00:43,VE,,S,Sim,10.0,2024/10/25,Email5371
300000002087,1,Caixa Postal,00:00:05,cli,,N,,,2024/10/25,
300000002088,1,Caixa Postal,00:00:04,cli,,N,,,2024/10/25,
300000002089,1,Chamada Não Atendida,00:00:07,Cli,,N,,,2024/10/25,
300000002090,1,Chamada Não Atendida,00:00:04,Cli,,N,,,2024/10/25,
300000002091,1,Caixa Postal,00:00:14,Cli,,N,,,2024/10/25,
300000002092,1,Informação,00:02:23,VE,,N,,,2024/10/25,
300000002093,1,Caixa Postal,00:00:10,Cli,,N,,,2024/10/25,
300000002094,1,Informação,,cli,,N,,,2024/10/25,
300000002095,1,Informação,,,,N,,,2024/10/25,
300000002096,1,Caixa Postal,00:00:10,Cli,,N,,,2024/10/25,
300000002097,1,Caixa Postal,00:00:03,Cli,,N,,,2024/10/25,
300000002098,1,Caixa Postal,00:00:07,Cli,,N,,,2024/10/25,
300000002099,1,Caixa Postal,00:00:03,Cli,,N,,,2024/10/25,
300000002100,1,Caixa Postal,00:00:05,VE,,N,,,2024/10/25,
300000002101,1,Caixa Postal,00:00:03,Cli,,N,,,2024/10/25,
300000002102,1,URA Pesquisa NPS,00:00:57,Cli,,S,Sim,10.0,2024/10/25,Email5371
300000002103,1,Caixa Postal,00:00:05,cliente,,N,,,2024/10/25,
300000002104,1,Informação,00:00:03,VE,,N,,,2024/10/25,
300000002105,1,Chamada Não Atendida,00:00:05,Cli,,N,,,2024/10/25,
300000002106,1,URA Pesquisa NPS,00:01:28,VE,,S,Sim,10.0,2024/10/25,Email5371
300000002107,1,Chamada Não Atendida,00:00:05,Cli,,N,,,2024/10/25,
300000002108,1,URA Pesquisa NPS,00:13:44,Cli,,S,Sim,10.0,2024/10/25,Email4355
300000002109,1,URA Pesquisa NPS,00:00:58,VE,,S,Sim,10.0,2024/10/25,Email296
300000002110,1,Caixa Postal,,Cli,,N,,,2024/10/25,
300000002111,1,Caixa Postal,00:00:04,Cli,,N,,,2024/10/25,
300000002112,1,Caixa Postal,,Cli,,N,,,2024/10/25,
300000002113,1,Caixa Postal,00:00:06,Cli,,N,,,2024/10/25,
300000002114,1,URA Pesquisa NPS,00:02:18,Cli,,S,,,2024/10/25,Email5371
300000002115,1,Chamada Não Atendida,00:00:09,Cli,,N,,,2024/10/25,
300000002116,1,Chamada Não Atendida,00:00:04,Cli,,N,,,2024/10/25,
300000002117,1,Caixa Postal,,VE,,N,,,2024/10/25,
300000002118,1,Caixa Postal,00:00:13,CLI,,N,,,2024/10/25,
300000002119,1,Caixa Postal,00:00:03,CLI,,N,,,2024/10/25,
300000002120,1,Caixa Postal,00:00:00,CLI,,N,,,2024/10/25,
300000002121,1,Informação,00:00:16,Cli,,N,,,2024/10/25,
300000002122,1,Chamada Não Atendida,,Cli,,N,,,2024/10/25,
300000002123,1,Informação,00:01:19,,,N,,,2024/10/25,
300000002124,1,Caixa Postal,00:00:05,cliente,,N,,,2024/10/25,
300000002125,1,Caixa Postal,,VE,,N,,,2024/10/25,
300000002126,1,Caixa Postal,00:00:09,VE,,N,,,2024/10/25,
300000002127,1,Caixa Postal,00:00:05,VE,,N,,,2024/10/25,
300000002128,1,Cliente Desligou,00:02:06,VE,,N,,,2024/10/25,
300000002129,1,Informação,,CLI,,N,,,2024/10/25,
300000002130,1,Informação,,CLI,,N,,,2024/10/25,
300000002131,1,Caixa Postal,,cli ,,N,,,2024/10/25,
300000002132,1,Caixa Postal,00:00:01,cli ,,N,,,2024/10/25,
300000002133,1,Cliente Desligou,00:00:23,VE,,N,,,2024/10/25,
300000002134,1,Cliente Desligou,00:00:05,Cli,,N,,,2024/10/25,
300000002135,1,Não Atende,00:00:04,Cli,,N,,,2024/10/25,
300000002136,1,Caixa Postal,00:00:03,Cli,,N,,,2024/10/25,
300000002137,1,Caixa Postal,00:00:03,VE,,N,,,2024/10/25,
300000002138,1,Caixa Postal,00:00:05,cli,,N,,,2024/10/25,
300000002139,1,Caixa Postal,00:00:17,cli,,N,,,2024/10/25,
300000002140,1,URA Pesquisa NPS,00:01:54,Cli,,S,,,2024/10/25,Email48442
300000002141,1,Informação,,Cli,,N,,,2024/10/25,
300000002142,1,Informação,00:01:19,Cli,,N,,,2024/10/25,
300000002143,1,Caixa Postal,,VE,,N,,,2024/10/25,
300000002144,1,Caixa Postal,00:00:19,,,N,,,2024/10/25,
300000002145,1,Protocolo Permanecera em Andamento,00:00:54,VE,,N,,,2024/10/25,
300000002146,1,Contato de Finalizacao do Protocolo,00:08:53,Cli,,N,,,2024/10/25,
300000002147,1,Caixa Postal,00:00:12,Cliente,,N,,,2024/10/25,
300000002148,1,Caixa Postal,00:00:04,Cliente,,N,,,2024/10/25,
300000002149,1,Não Atende,,Cliente,,N,,,2024/10/25,
300000002150,1,Caixa Postal,,Cli,,N,,,2024/10/25,
300000002151,1,Caixa Postal,00:00:00,VE,,N,,,2024/10/25,
300000002152,1,Protocolo Permanecera em Andamento,00:01:54,VE,,N,,,2024/10/25,
300000002153,1,Caixa Postal,,Cli,,N,,,2024/10/25,
300000002154,1,Caixa Postal,00:00:06,Cli,,N,,,2024/10/25,
300000002155,1,Chamada Não Atendida,00:00:05,CLI,,N,,,2024/10/25,
300000002156,1,Chamada Não Atendida,,CLI,,N,,,2024/10/25,
300000002157,1,Caixa Postal,00:00:05,Cli,,N,,,2024/10/25,
300000002158,1,Caixa Postal,,Cli,,N,,,2024/10/25,
300000002159,1,Ocupado,,Cli,,N,,,2024/10/25,
300000002160,1,URA Pesquisa NPS,00:03:42,Cli,,S,,,2024/10/25,Email19156
300000002161,1,URA Pesquisa NPS,00:02:27,VE,,S,Sim,10.0,2024/10/25,Email48442
300000002162,1,Caixa Postal,00:00:06,cli,,N,,,2024/10/25,
300000002163,1,Caixa Postal,00:00:10,cli,,N,,,2024/10/25,
300000002164,1,URA Pesquisa NPS,00:01:43,Cli,,S,Sim,9.0,2024/10/25,Email5371
300000002165,1,Chamada Não Atendida,,CLI,,N,,,2024/10/25,
300000002166,1,Chamada Não Atendida,00:00:03,CLI,,N,,,2024/10/25,
300000002167,1,URA Pesquisa NPS,00:00:19,CLI,,S,,,2024/10/25,Email296
300000002168,1,Chamada Não Atendida,00:00:05,VE,,N,,,2024/10/25,
300000002169,1,URA Pesquisa NPS,00:04:05,Cli,,S,,,2024/10/25,Email1768
300000002170,1,Informação,,VE,,N,,,2024/10/25,
300000002171,1,Informação,00:14:26,VE,,N,,,2024/10/25,
300000002172,1,Protocolo Permanecera em Andamento,00:04:39,Cli,,N,,,2024/10/25,
300000002173,1,Caixa Postal,,Cli,,N,,,2024/10/25,
300000002174,1,Caixa Postal,00:00:01,cli,10000000218841,N,,,2024/10/25,
300000002175,1,Não Atende,00:00:00,Cliente,10000000215092,N,,,2024/10/25,
300000002176,1,URA Pesquisa NPS,00:04:16,3834040,10000000257934,S,,,2024/10/25,Email19156
300000002177,1,Caixa Postal,00:00:08,Cli,,N,,,2024/10/25,
300000002178,1,Caixa Postal,00:00:03,Cli,,N,,,2024/10/25,
300000002179,1,Caixa Postal,00:00:02,CLI,,N,,,2024/10/24,
300000002180,1,Caixa Postal,00:00:03,VE,,N,,,2024/10/24,
300000002181,1,Caixa Postal,,CLI,,N,,,2024/10/24,
300000002182,1,Contato de Finalizacao do Protocolo,00:03:55,Cli,,S,,,2024/10/24,Email19156
300000002183,1,URA Pesquisa NPS,00:02:17,VE,,S,Sim,9.0,2024/10/24,Email1768
300000002184,1,Contato de Finalizacao do Protocolo,00:01:11,Cli,,N,,,2024/10/24,
300000002185,1,URA Pesquisa NPS,00:04:26,Cli,,S,Sim,10.0,2024/10/24,Email1768
300000002186,1,Caixa Postal,,CLI,,N,,,2024/10/24,
300000002187,1,Informação,00:00:07,VE,,N,,,2024/10/24,
300000002188,1,URA Pesquisa NPS,00:01:28,CLI,,S,,,2024/10/24,Email19156
300000002189,1,Chamada Não Atendida,,CLIE,,N,,,2024/10/24,
300000002190,1,Chamada Não Atendida,00:00:01,VE,,N,,,2024/10/24,
300000002191,1,Caixa Postal,,,,N,,,2024/10/24,
300000002192,1,URA Pesquisa NPS,00:00:51,VE,,S,Sim,,2024/10/24,Email48442
300000002193,1,URA Pesquisa NPS,00:01:33,Cli,,S,Sim,10.0,2024/10/24,Email1768
300000002194,1,URA Pesquisa NPS,00:01:35,Cli,,S,Sim,10.0,2024/10/24,Email19156
300000002195,1,URA Pesquisa NPS,00:01:00,VE,,S,Sim,10.0,2024/10/24,Email48442
300000002196,1,Caixa Postal,00:00:04,Cli,,N,,,2024/10/24,
300000002197,1,Ligação Muda,00:00:13,Cli,,N,,,2024/10/24,
300000002198,1,Informação,00:06:06,CLI,,N,,,2024/10/24,
300000002199,1,Caixa Postal,,,,N,,,2024/10/24,
300000002200,1,Sent To Voicemail,00:01:07,Cli,,S,Sim,10.0,2024/10/24,Email48442
300000002201,1,Caixa Postal,,VE,,N,,,2024/10/24,
300000002202,1,Caixa Postal,,,,N,,,2024/10/24,
300000002203,1,Chamada Não Atendida,,Cli,,N,,,2024/10/24,
300000002204,1,URA Pesquisa NPS,00:02:08,Cli,,S,Sim,9.0,2024/10/24,Email1768
300000002205,1,Informação,,cli,,N,,,2024/10/24,
300000002206,1,Informação,00:00:02,Cli ,,N,,,2024/10/24,
300000002207,1,Caixa Postal,00:00:04,,,N,,,2024/10/23,
300000002208,1,Não Atende,00:00:40,,,N,,,2024/10/23,
300000002209,1,Ocupado,,Cli,,N,,,2024/10/23,
300000002210,1,Ocupado,,Cli,,N,,,2024/10/23,
300000002211,1,Informação,,CLI,,N,,,2024/10/23,
300000002212,1,Consulta Status,,VE,,N,,,2024/10/23,
300000002213,1,Informação,00:00:03,VE,,N,,,2024/10/23,
300000002214,1,URA Pesquisa NPS,00:03:25,CLI,,S,Sim,10.0,2024/10/23,Email288
300000002215,1,Não Atende,00:00:15,,,N,,,2024/10/23,
300000002216,1,Informação,00:00:04,VE,,N,,,2024/10/23,
300000002217,1,Caixa Postal,00:00:01,CLI,,N,,,2024/10/23,
300000002218,1,URA Pesquisa NPS,00:04:35,CLI,,S,Sim,10.0,2024/10/23,Email48440
300000002219,1,URA Pesquisa NPS,00:03:29,VE,,S,Sim,1.0,2024/10/23,Email288
300000002220,1,Informação,,ve,,N,,,2024/10/23,
300000002221,1,URA Pesquisa NPS,00:05:22,VE,,S,Sim,10.0,2024/10/23,Email1768
300000002222,1,Caixa Postal,,CLI,,N,,,2024/10/23,
300000002223,1,URA Pesquisa NPS,00:01:01,VE,,S,Sim,10.0,2024/10/23,Email5371
300000002224,1,URA Pesquisa NPS,00:02:31,cli,,S,Sim,10.0,2024/10/23,Email48440
300000002225,1,Informação,00:00:17,VE ,,N,,,2024/10/23,
300000002226,1,Informação,00:00:15,VE ,,N,,,2024/10/23,
300000002227,1,Caixa Postal,00:00:18,VE,,N,,,2024/10/23,
300000002228,1,Caixa Postal,,VE,,N,,,2024/10/23,
300000002229,1,Caixa Postal,,VE,,N,,,2024/10/23,
300000002230,1,URA Pesquisa NPS,00:01:23,VE,,S,Sim,10.0,2024/10/23,Email296
300000002231,1,Caixa Postal,00:00:02,VE,,N,,,2024/10/23,
300000002232,1,URA Pesquisa NPS,00:02:58,ve,,S,,,2024/10/23,Email5371
300000002233,1,Caixa Postal,00:00:03,ve,,N,,,2024/10/23,
300000002234,1,Informação,,VE,,N,,,2024/10/23,
300000002235,1,Informação,,VE,,N,,,2024/10/23,
300000002236,1,Informação,,CLI ,,N,,,2024/10/23,
300000002237,1,URA Pesquisa NPS,00:01:04,CLI ,,S,Sim,9.0,2024/10/23,Email48440
300000002238,1,Chamada Não Atendida,,Cli,,N,,,2024/10/23,
300000002239,1,Caixa Postal,,,,N,,,2024/10/23,
300000002240,1,Ocupado,,VE,,N,,,2024/10/23,
300000002241,1,Caixa Postal,00:00:01,,,N,,,2024/10/23,
300000002242,1,URA Pesquisa NPS,00:00:42,VE,,S,Sim,10.0,2024/10/23,Email5371
300000002243,1,Contato de Finalizacao do Protocolo,00:01:08,CLI,,N,,,2024/10/23,
300000002244,1,URA Pesquisa NPS,00:00:39,VE,,S,Sim,10.0,2024/10/23,Email5371
300000002245,1,Ligação Muda,,CLI,,N,,,2024/10/23,
300000002246,1,Ocupado,,CLI,,N,,,2024/10/23,
300000002247,1,URA Pesquisa NPS,00:00:43,VE,,S,Sim,10.0,2024/10/23,Email296
300000002248,1,Caixa Postal,00:00:01,VE,,N,,,2024/10/23,
300000002249,1,Caixa Postal,00:00:06,Cli,,N,,,2024/10/23,
300000002250,1,URA Pesquisa NPS,00:00:43,VE,,S,Sim,10.0,2024/10/23,Email5371
300000002251,1,Informação,00:00:11,cli,,N,,,2024/10/23,
300000002252,1,URA Pesquisa NPS,00:05:30,cli,,S,Sim,10.0,2024/10/23,Email48440
300000002253,1,Caixa Postal,,CLI,,N,,,2024/10/23,
300000002254,1,Caixa Postal,,CLI,,N,,,2024/10/23,
300000002255,1,URA Pesquisa NPS,00:02:49,VE,,S,Sim,10.0,2024/10/23,Email48440
300000002256,1,Caixa Postal,00:00:04,Cli,,N,,,2024/10/23,
300000002257,1,URA Pesquisa NPS,00:01:09,VE,,S,,,2024/10/23,Email5371
300000002258,1,Caixa Postal,00:00:03,Cli,,N,,,2024/10/23,
300000002259,1,URA Pesquisa NPS,00:01:09,VE,,S,Sim,10.0,2024/10/23,Email5371
300000002260,1,Informação,00:00:00,VE,,N,,,2024/10/23,
300000002261,1,URA Pesquisa NPS,00:04:39,VE,,S,,,2024/10/23,Email19156
300000002262,1,Informação,,VE,,N,,,2024/10/23,
300000002263,1,Informação,,CLI ,,N,,,2024/10/23,
300000002264,1,Caixa Postal,00:00:03,VE,,N,,,2024/10/23,
300000002265,1,URA Pesquisa NPS,00:01:00,CLI ,,S,Sim,,2024/10/23,Email48440
300000002266,1,URA Pesquisa NPS,00:12:30,Cli,,S,Nao,10.0,2024/10/23,Email1768
300000002267,1,Caixa Postal,00:00:08,CLI,,N,,,2024/10/23,
300000002268,1,Caixa Postal,00:00:04,CLI,,N,,,2024/10/23,
300000002269,1,Caixa Postal,00:00:05,,,N,,,2024/10/23,
300000002270,1,URA Pesquisa NPS,00:01:08,VE,,S,Sim,10.0,2024/10/23,Email48440
300000002271,1,Caixa Postal,00:00:25,Cli,,N,,,2024/10/23,
300000002272,1,Caixa Postal,,Cli,,N,,,2024/10/23,
300000002273,1,Informação,00:00:44,VE,,N,,,2024/10/23,
300000002274,1,Caixa Postal,00:00:19,Cli,,N,,,2024/10/23,
300000002275,1,Chamada Não Atendida,00:00:05,VE,,N,,,2024/10/23,
300000002276,1,Chamada Não Atendida,,VE,,N,,,2024/10/23,
300000002277,1,URA Pesquisa NPS,00:01:09,VE,,S,Sim,10.0,2024/10/23,Email5371
300000002278,1,Informação,,VE,,N,,,2024/10/23,
300000002279,1,Caixa Postal,,,,N,,,2024/10/23,
300000002280,1,Ocupado,,Cli,,N,,,2024/10/23,
300000002281,1,Ocupado,,Cli,,N,,,2024/10/23,
300000002282,1,Caixa Postal,,,,N,,,2024/10/23,
300000002283,1,URA Pesquisa NPS,00:01:02,Cli,,S,,,2024/10/23,Email1768
300000002284,1,Consulta Status,,cli,,N,,,2024/10/23,
300000002285,1,Consulta Status,,cli,,N,,,2024/10/23,
300000002286,1,Caixa Postal,,ve,,N,,,2024/10/23,
300000002287,1,Sent To Voicemail,00:01:16,cli,,S,Sim,10.0,2024/10/23,Email48440
300000002288,1,Consulta Status,,CLI,,N,,,2024/10/23,
300000002289,1,URA Pesquisa NPS,00:01:05,CLI,,S,Sim,8.0,2024/10/23,Email48440
300000002290,1,Caixa Postal,00:00:04,CLIENTE,,N,,,2024/10/23,
300000002291,1,Caixa Postal,00:00:05,Cli,,N,,,2024/10/23,
300000002292,1,Caixa Postal,,,,N,,,2024/10/23,
300000002293,1,URA Pesquisa NPS,00:00:52,VE,,S,Sim,10.0,2024/10/23,Email48440
300000002294,1,Caixa Postal,,CLI,,N,,,2024/10/23,
300000002295,1,URA Pesquisa NPS,00:00:41,VE,,S,Sim,10.0,2024/10/23,Email5371
300000002296,1,Caixa Postal,,,,N,,,2024/10/23,
300000002297,1,Caixa Postal,,,,N,,,2024/10/23,
300000002298,1,Caixa Postal,,VE,,N,,,2024/10/23,
300000002299,1,URA Pesquisa NPS,00:07:09,VE,,S,,,2024/10/23,Email48441
300000002300,1,URA Pesquisa NPS,00:00:46,VE,,S,Sim,8.0,2024/10/23,Email296
300000002301,1,URA Pesquisa NPS,00:03:27,VE,,S,Sim,10.0,2024/10/23,Email5371
300000002302,1,Ocupado,,Cli,,N,,,2024/10/23,
300000002303,1,Ocupado,,Cli,,N,,,2024/10/23,
300000002304,1,Caixa Postal,,CLI,,N,,,2024/10/23,
300000002305,1,URA Pesquisa NPS,00:02:20,VE,,S,Sim,10.0,2024/10/23,Email48440
300000002306,1,Caixa Postal,00:00:03,VE,,N,,,2024/10/23,
300000002307,1,Chamada Não Atendida,,VE,,N,,,2024/10/23,
300000002308,1,Chamada Não Atendida,,VE,,N,,,2024/10/23,
300000002309,1,Contato de Finalizacao do Protocolo,00:01:55,,,N,,,2024/10/23,
300000002310,1,URA Pesquisa NPS,00:01:11,VE,,S,Sim,,2024/10/23,Email296
300000002311,1,URA Pesquisa NPS,00:05:40,Cli,,S,Sim,9.0,2024/10/23,Email4355
300000002312,1,Informação,,CLI,,N,,,2024/10/23,
300000002313,1,Informação,,VE,,N,,,2024/10/23,
300000002314,1,Caixa Postal,00:00:03,ve,,N,,,2024/10/23,
300000002315,1,Caixa Postal,,CLI,,N,,,2024/10/23,
300000002316,1,Responsavel ausente,00:00:56,,,N,,,2024/10/23,
300000002317,1,Informação,00:00:04,CLI,,N,,,2024/10/23,
300000002318,1,Informação,,VE,,N,,,2024/10/23,
300000002319,1,Caixa Postal,00:00:00,,,N,,,2024/10/23,
300000002320,1,Caixa Postal,,,,N,,,2024/10/23,
300000002321,1,Caixa Postal,00:00:06,VE,,N,,,2024/10/23,
300000002322,1,Informação,,Ve,,N,,,2024/10/23,
300000002323,1,Informação,,Ve,,N,,,2024/10/23,
300000002324,1,URA Pesquisa NPS,00:00:54,,,S,Sim,10.0,2024/10/23,Email48442
300000002325,1,Informação,00:00:16,Ve ,,N,,,2024/10/23,
300000002326,1,URA Pesquisa NPS,00:03:34,Ve ,,S,Sim,10.0,2024/10/23,Email48440
300000002327,1,URA Pesquisa NPS,00:03:02,VE ,,S,,,2024/10/23,Email5371
300000002328,1,Caixa Postal,00:00:03,Cliente,,N,,,2024/10/23,
300000002329,1,Caixa Postal,00:00:02,Cliente,,N,,,2024/10/23,
300000002330,1,Caixa Postal,00:00:03,VE,,N,,,2024/10/23,
300000002331,1,Informação,00:00:23,cli,,N,,,2024/10/23,
300000002332,1,URA Pesquisa NPS,00:00:50,Clie,,S,Sim,10.0,2024/10/23,Email5371
300000002333,1,Informação,00:00:11,cli,,N,,,2024/10/23,
300000002334,1,Informação,,cli,,N,,,2024/10/23,
300000002335,1,Informação,00:05:30,cli,,N,,,2024/10/23,
300000002336,1,Informação,00:02:23,cli,,N,,,2024/10/23,
300000002337,1,URA Pesquisa NPS,00:00:56,VE,,S,Sim,10.0,2024/10/23,Email5371
300000002338,1,URA Pesquisa NPS,00:03:34,CLI,,S,Sim,10.0,2024/10/23,Email48441
300000002339,1,Informação,00:00:10,Cli,,N,,,2024/10/23,
300000002340,1,Informação,00:00:02,Cli,,N,,,2024/10/23,
300000002341,1,URA Pesquisa NPS,00:02:03,Cli,,S,Sim,9.0,2024/10/23,Email1768
300000002342,1,Caixa Postal,00:00:04,CLI,,N,,,2024/10/23,
300000002343,1,Informação,00:04:10,VE,,N,,,2024/10/23,
300000002344,1,URA Pesquisa NPS,00:00:43,VE,,S,Sim,10.0,2024/10/23,Email5371
300000002345,1,Informação,,,,N,,,2024/10/23,
300000002346,1,Caixa Postal,,CLI,,N,,,2024/10/23,
300000002347,1,Caixa Postal,,CLI,,N,,,2024/10/23,
300000002348,1,URA Pesquisa NPS,00:01:28,VE,,S,Sim,10.0,2024/10/23,Email288
300000002349,1,Caixa Postal,00:00:03,VE,,N,,,2024/10/23,
300000002350,1,URA Pesquisa NPS,00:00:39,Cli,,S,Sim,10.0,2024/10/23,Email5371
300000002351,1,Caixa Postal,00:00:01,Cliente,,N,,,2024/10/23,
300000002352,1,Caixa Postal,,Cliente,,N,,,2024/10/23,
300000002353,1,Caixa Postal,00:00:56,CLI,,N,,,2024/10/23,
300000002354,1,URA Pesquisa NPS,00:00:44,VE,,S,Sim,9.0,2024/10/23,Email296
300000002355,1,Caixa Postal,00:00:02,VE,,N,,,2024/10/23,
300000002356,1,Caixa Postal,00:00:04,VE,,N,,,2024/10/23,
300000002357,1,Caixa Postal,00:03:11,VE,,N,,,2024/10/23,
300000002358,1,Chamada Não Atendida,,Cli,,N,,,2024/10/23,
300000002359,1,Chamada Não Atendida,,Cli,,N,,,2024/10/23,
300000002360,1,URA Pesquisa NPS,00:06:02,cli,,S,Sim,10.0,2024/10/23,Email48441
300000002361,1,Informação,,CLI,,N,,,2024/10/23,
300000002362,1,Informação,00:02:00,Cliente,,N,,,2024/10/23,
300000002363,1,URA Pesquisa NPS,00:00:54,cli,,S,,,2024/10/23,Email48440
300000002364,1,Informação,00:00:03,VE,,N,,,2024/10/23,
300000002365,1,Informação,00:00:00,CLI,,N,,,2024/10/23,
300000002366,1,Caixa Postal,,CLI,,N,,,2024/10/23,
300000002367,1,Informação,,,,N,,,2024/10/23,
300000002368,1,Informação,,,,N,,,2024/10/23,
300000002369,1,Informação,,CLIE,,N,,,2024/10/23,
300000002370,1,Cliente solicita novo contato,00:04:09,VE,,N,,,2024/10/23,
300000002371,1,Informação,,CLI,,N,,,2024/10/23,
300000002372,1,URA Pesquisa NPS,00:01:23,cli ,,S,Sim,9.0,2024/10/23,Email48440
300000002373,1,Caixa Postal,00:00:03,cli,,N,,,2024/10/23,
300000002374,1,Caixa Postal,00:00:02,cli,,N,,,2024/10/23,
300000002375,1,Sent To Voicemail,00:01:04,cli,,S,Sim,1.0,2024/10/23,Email48439
300000002376,1,URA Pesquisa NPS,00:01:30,cli,,S,Sim,10.0,2024/10/23,Email48439
300000002377,1,URA Pesquisa NPS,00:00:58,cli,,S,Sim,10.0,2024/10/23,Email5556
300000002378,1,Informação,,cli,,N,,,2024/10/23,
300000002379,1,Informação,00:00:14,cli,,N,,,2024/10/23,
300000002380,1,Informação,00:00:16,cli,,N,,,2024/10/23,
300000002381,1,Informação,00:00:04,Cli,,N,,,2024/10/23,
300000002382,1,Sent To Voicemail,00:04:15,Cli,,S,Sim,1.0,2024/10/23,Email5556
300000002383,1,Informação,,VE,,N,,,2024/10/23,
300000002384,1,URA Pesquisa NPS,00:01:09,VE,,S,Sim,10.0,2024/10/23,Email48440
300000002385,1,Caixa Postal,00:00:03,cli,,N,,,2024/10/23,
300000002386,1,Caixa Postal,00:00:03,cli,,N,,,2024/10/23,
300000002387,1,URA Pesquisa NPS,00:00:51,VE,,S,Sim,10.0,2024/10/23,Email48439
300000002388,1,Não Atende,,,,N,,,2024/10/22,
300000002389,1,Não Atende,,,,N,,,2024/10/22,
300000002390,1,Informação,00:00:14,VE,,N,,,2024/10/22,
300000002391,1,Informação,00:00:27,VE,,N,,,2024/10/22,
300000002392,1,Informação,00:00:03,,,N,,,2024/10/22,
300000002393,1,Informação,,VE,,N,,,2024/10/22,
300000002394,1,URA Pesquisa NPS,00:01:42,VE,,S,Sim,10.0,2024/10/22,Email5371
300000002395,1,Informação,,VE,,N,,,2024/10/22,
300000002396,1,Informação,00:00:02,VE,,N,,,2024/10/22,
300000002397,1,Dados incorretos do cliente,00:00:16,CLI,,N,,,2024/10/22,
300000002398,1,URA Pesquisa NPS,00:05:26,Cli,,S,Sim,10.0,2024/10/22,Email296
300000002399,1,Informação,00:01:43,cli,,N,,,2024/10/22,
300000002400,1,Informação,00:04:18,cli,,N,,,2024/10/22,
300000002401,1,Caixa Postal,,,,N,,,2024/10/22,
300000002402,1,Caixa Postal,00:00:42,,,N,,,2024/10/22,
300000002403,1,Caixa Postal,,VE,,N,,,2024/10/22,
300000002404,1,Informação,00:00:04,CLI ,,N,,,2024/10/22,
300000002405,1,Caixa Postal,00:00:03,VE,,N,,,2024/10/22,
300000002406,1,URA Pesquisa NPS,00:00:54,CLI ,,S,Sim,10.0,2024/10/22,Email48440
300000002407,1,Chamada Não Atendida,,Cli,,N,,,2024/10/22,
300000002408,1,Chamada Não Atendida,,Cli,,N,,,2024/10/22,
300000002409,1,Informação,00:02:28,VE,,N,,,2024/10/22,
300000002410,1,URA Pesquisa NPS,00:01:36,VE,,S,,,2024/10/22,Email296
300000002411,1,Caixa Postal,00:00:04,Cli,,N,,,2024/10/22,
300000002412,1,Caixa Postal,00:00:00,CLI,,N,,,2024/10/22,
300000002413,1,URA Pesquisa NPS,00:04:22,cli,,S,Sim,,2024/10/22,Email5556
300000002414,1,Informação,00:04:09,CLI,,N,,,2024/10/22,
300000002415,1,Chamada Não Atendida,,Cli,,N,,,2024/10/22,
300000002416,1,URA Pesquisa NPS,00:01:49,VE,,S,Sim,10.0,2024/10/22,Email1768
300000002417,1,Chamada Não Atendida,,CLI,,N,,,2024/10/22,
300000002418,1,Chamada Não Atendida,,CLI,,N,,,2024/10/22,
300000002419,1,Chamada Não Atendida,,CLI,,N,,,2024/10/22,
300000002420,1,Informação,00:00:02,VE,,N,,,2024/10/22,
300000002421,1,Informação,,VE,,N,,,2024/10/22,
300000002422,1,Informação,00:00:08,CLI,,N,,,2024/10/22,
300000002423,1,Caixa Postal,00:00:04,VE,,N,,,2024/10/22,
300000002424,1,Contato de Finalizacao do Protocolo,00:02:11,VE,,N,,,2024/10/22,
300000002425,1,Chamada Não Atendida,,CLI,,N,,,2024/10/22,
300000002426,1,Chamada Não Atendida,,CLI,,N,,,2024/10/22,
300000002427,1,Ocupado,,Cliente ,,N,,,2024/10/22,
300000002428,1,Caixa Postal,,cli,,N,,,2024/10/22,
300000002429,1,Caixa Postal,00:00:01,cli,,N,,,2024/10/22,
300000002430,1,Informação,,Cli,,N,,,2024/10/22,
300000002431,1,Informação,,Cli,,N,,,2024/10/22,
300000002432,1,URA Pesquisa NPS,00:02:00,VE,,S,Nao,10.0,2024/10/22,Email1768
300000002433,1,URA Pesquisa NPS,00:01:24,Cli,,S,Nao,8.0,2024/10/22,Email45
300000002434,1,Contato de Finalizacao do Protocolo,00:02:15,Cliente,,N,,,2024/10/22,
300000002435,1,Caixa Postal,00:00:39,,,N,,,2024/10/22,
300000002436,1,Informação,,cli,,N,,,2024/10/22,
300000002437,1,Ligação Muda,00:06:21,Cli,,N,,,2024/10/22,
300000002438,1,Caixa Postal,,CLI,,N,,,2024/10/22,
300000002439,1,Caixa Postal,,CLI,,N,,,2024/10/21,
300000002440,1,Informação,00:01:07,CLI,,N,,,2024/10/21,
300000002441,1,Ocupado,00:02:48,VE,,N,,,2024/10/21,
300000002442,1,Ocupado,,CLI,,N,,,2024/10/21,
300000002443,1,Ocupado,,CLI,,N,,,2024/10/21,
300000002444,1,Informação,00:05:57,CLI,,N,,,2024/10/21,
300000002445,1,Caixa Postal,00:00:05,CLI,,N,,,2024/10/21,
300000002446,1,URA Pesquisa NPS,00:02:34,VE,,S,Sim,10.0,2024/10/21,Email296
300000002447,1,Sent To Voicemail,00:02:24,Cliente,,S,Sim,10.0,2024/10/21,Email48438
300000002448,1,Caixa Postal,00:00:07,CLI,,N,,,2024/10/21,
300000002449,1,URA Pesquisa NPS,00:01:10,Cli,,S,Sim,5.0,2024/10/21,Email1768
300000002450,1,Caixa Postal,00:00:08,VE,,N,,,2024/10/21,
300000002451,1,Caixa Postal,00:00:05,Cli,,N,,,2024/10/21,
300000002452,1,Caixa Postal,00:00:08,cli,,N,,,2024/10/21,
300000002453,1,Caixa Postal,,cli,,N,,,2024/10/21,
300000002454,1,Caixa Postal,00:00:04,cli,,N,,,2024/10/21,
300000002455,1,Caixa Postal,00:00:03,cli,,N,,,2024/10/21,
300000002456,1,Contato de Finalizacao do Protocolo,00:01:18,Cli,,N,,,2024/10/21,
300000002457,1,Informação,00:06:13,VE,,N,,,2024/10/21,
300000002458,1,URA Pesquisa NPS,00:01:23,cli,,S,,,2024/10/21,Email1768
300000002459,1,Caixa Postal,00:00:04,CLI,,N,,,2024/10/21,
300000002460,1,Caixa Postal,00:00:05,VE,,N,,,2024/10/21,
300000002461,1,Caixa Postal,00:00:00,VE,,N,,,2024/10/21,
300000002462,1,Caixa Postal,00:01:08,cli,,N,,,2024/10/21,
300000002463,1,Caixa Postal,,cli,,N,,,2024/10/21,
300000002464,1,Caixa Postal,00:00:07,,,N,,,2024/10/21,
300000002465,1,Caixa Postal,00:01:10,,,N,,,2024/10/21,
300000002466,1,Caixa Postal,,cli,,N,,,2024/10/21,
300000002467,1,Caixa Postal,,cli,,N,,,2024/10/21,
300000002468,1,Caixa Postal,00:00:07,,,N,,,2024/10/21,
300000002469,1,URA Pesquisa NPS,00:11:17,Cli,,S,,,2024/10/21,Email19156
300000002470,1,Caixa Postal,00:00:05,CLI,,N,,,2024/10/21,
300000002471,1,Informação,,VE,,N,,,2024/10/21,
300000002472,1,Caixa Postal,,Cli,,N,,,2024/10/21,
300000002473,1,Caixa Postal,,Cli,,N,,,2024/10/21,
300000002474,1,Caixa Postal,00:00:03,CLI,,N,,,2024/10/21,
300000002475,1,Caixa Postal,,cli,,N,,,2024/10/21,
300000002476,1,Informação,,,,N,,,2024/10/21,
300000002477,1,Informação,00:00:03,,,N,,,2024/10/21,
300000002478,1,Informação,00:00:44,VE,,N,,,2024/10/21,
300000002479,1,Informação,00:03:42,cli,,N,,,2024/10/21,
300000002480,1,URA Pesquisa NPS,00:02:30,Cli,,S,,,2024/10/21,Email19156
300000002481,1,Caixa Postal,00:00:04,VE,,N,,,2024/10/18,
300000002482,1,URA Pesquisa NPS,00:02:55,VE,,S,,,2024/10/18,Email48440
300000002483,1,Informação,,,,N,,,2024/10/18,
300000002484,1,URA Pesquisa NPS,00:01:05,Cli,,S,Sim,10.0,2024/10/18,Email48440
300000002485,1,Não Atende,,Cliente,,N,,,2024/10/18,
300000002486,1,Protocolo Permanecera em Andamento,00:01:22,VE,,N,,,2024/10/18,
300000002487,1,URA Pesquisa NPS,00:03:47,VE,,S,Sim,10.0,2024/10/18,Email1768
300000002488,1,Caixa Postal,,CLI,,N,,,2024/10/18,
300000002489,1,Consulta Status,00:00:10,VE,,N,,,2024/10/18,
300000002490,1,URA Pesquisa NPS,00:01:05,VE,,S,Sim,10.0,2024/10/18,Email48440
300000002491,1,URA Pesquisa NPS,00:02:45,Cli,,S,Sim,10.0,2024/10/18,Email4355
300000002492,1,Informação,00:00:17,,,N,,,2024/10/18,
300000002493,1,Informação,00:02:25,,,N,,,2024/10/18,
300000002494,1,Caixa Postal,,CLI,,N,,,2024/10/18,
300000002495,1,Não Atende,,CLI,,N,,,2024/10/18,
300000002496,1,Caixa Postal,00:00:01,CLI,,N,,,2024/10/18,
300000002497,1,Caixa Postal,00:11:21,VE,,N,,,2024/10/18,
300000002498,1,URA Pesquisa NPS,00:04:00,Cli,,S,,,2024/10/18,Email19156
300000002499,1,Protocolo Permanecera em Andamento,00:00:39,VE,,N,,,2024/10/18,
300000002500,1,URA Pesquisa NPS,00:11:05,Cli,,S,Sim,10.0,2024/10/18,Email5371
300000002501,1,Cliente Desligou,00:00:21,CLI,,N,,,2024/10/18,
300000002502,1,URA Pesquisa NPS,00:11:27,VE,,S,,,2024/10/18,Email4355
300000002503,1,Informação,00:00:02,VE,,N,,,2024/10/18,
300000002504,1,Caixa Postal,,CLI,,N,,,2024/10/18,
300000002505,1,URA Pesquisa NPS,00:00:48,VE,,S,Sim,9.0,2024/10/18,Email48440
300000002506,1,URA Pesquisa NPS,00:00:44,VE,,S,Sim,10.0,2024/10/18,Email5371
300000002507,1,Informação,,,,N,,,2024/10/18,
300000002508,1,Chamada Não Atendida,00:00:04,CLI,,N,,,2024/10/18,
300000002509,1,Cliente Desligou,00:00:02,,,N,,,2024/10/18,
300000002510,1,Consulta Status,00:00:03,Cliente,,N,,,2024/10/18,
300000002511,1,Caixa Postal,00:00:07,VE,,N,,,2024/10/18,
300000002512,1,Informação,00:00:05,Cli,,N,,,2024/10/18,
300000002513,1,URA Pesquisa NPS,00:01:07,Cli,,S,Sim,10.0,2024/10/18,Email5371
300000002514,1,Caixa Postal,00:00:05,Cliente ,,N,,,2024/10/18,
300000002515,1,Caixa Postal,00:00:06,Cliente ,,N,,,2024/10/18,
300000002516,1,Caixa Postal,00:00:03,VE,,N,,,2024/10/18,
300000002517,1,Caixa Postal,00:00:03,VE,,N,,,2024/10/18,
300000002518,1,Caixa Postal,,Cli,,N,,,2024/10/18,
300000002519,1,Caixa Postal,00:00:05,Cli,,N,,,2024/10/18,
300000002520,1,Caixa Postal,00:00:01,VE,,N,,,2024/10/18,
300000002521,1,Caixa Postal,,VE,,N,,,2024/10/18,
300000002522,1,Informação,,Cliente,,N,,,2024/10/18,
300000002523,1,Informação,00:00:42,cliente ,,N,,,2024/10/18,
300000002524,1,URA Pesquisa NPS,00:01:53,Cli,,S,,,2024/10/18,Email5371
300000002525,1,Ocupado,,CLI,,N,,,2024/10/18,
300000002526,1,Ocupado,,CLI,,N,,,2024/10/18,
300000002527,1,Ocupado,,CLI,,N,,,2024/10/18,
300000002528,1,Caixa Postal,00:00:03,CLI,,N,,,2024/10/18,
300000002529,1,Informação,,,,N,,,2024/10/18,
300000002530,1,Informação,,,,N,,,2024/10/18,
300000002531,1,Ligação Muda,,VE,,N,,,2024/10/18,
300000002532,1,Caixa Postal,,VE,,N,,,2024/10/18,
300000002533,1,Informação,,CLI,,N,,,2024/10/18,
300000002534,1,URA Pesquisa NPS,00:00:41,VE,,S,Sim,10.0,2024/10/18,Email5371
300000002535,1,Informação,,VE,,N,,,2024/10/18,
300000002536,1,URA Pesquisa NPS,00:01:27,VE,,S,Sim,10.0,2024/10/18,Email5371
300000002537,1,URA Pesquisa NPS,00:01:18,VE,,S,Sim,10.0,2024/10/18,Email5371
300000002538,1,Contato de Finalizacao do Protocolo,00:07:18,Cli,,N,,,2024/10/18,
300000002539,1,Informação,00:06:51,Cli,,N,,,2024/10/18,
300000002540,1,Consulta Status,,Cliente ,,N,,,2024/10/18,
300000002541,1,URA Pesquisa NPS,00:03:16,VE,,S,Sim,10.0,2024/10/18,Email288
300000002542,1,Caixa Postal,00:00:10,Cli,,N,,,2024/10/18,
300000002543,1,Caixa Postal,00:00:07,Cli,,N,,,2024/10/18,
300000002544,1,URA Pesquisa NPS,00:01:07,CLI,,S,Sim,10.0,2024/10/18,Email288
300000002545,1,Informação,,VE,,N,,,2024/10/18,
300000002546,1,Caixa Postal,,,,N,,,2024/10/18,
300000002547,1,URA Pesquisa NPS,00:01:46,Cli,,S,Sim,10.0,2024/10/18,Email306
300000002548,1,Informação,00:02:49,CLI,,N,,,2024/10/18,
300000002549,1,URA Pesquisa NPS,00:00:47,cli,,S,,,2024/10/18,Email288
300000002550,1,URA Pesquisa NPS,00:00:42,CLI,,S,Sim,10.0,2024/10/18,Email288
300000002551,1,URA Pesquisa NPS,00:01:07,cli,,S,Sim,,2024/10/18,Email288
300000002552,1,Informação,,,,N,,,2024/10/18,
300000002553,1,Informação,,VE,,N,,,2024/10/18,
300000002554,1,Abandon,00:00:45,CLI,,S,,,2024/10/18,Email288
300000002555,1,Informação,00:03:12,,,N,,,2024/10/17,
300000002556,1,Informação,,,,N,,,2024/10/17,
300000002557,1,Caixa Postal,00:00:03,CLI,,N,,,2024/10/17,
300000002558,1,Informação,00:01:50,cli,,N,,,2024/10/17,
300000002559,1,Caixa Postal,00:00:04,,,N,,,2024/10/17,
300000002560,1,Caixa Postal,00:00:02,,,N,,,2024/10/17,
300000002561,1,Caixa Postal,00:00:04,cli,,N,,,2024/10/17,
300000002562,1,Caixa Postal,00:00:05,cli,,N,,,2024/10/17,
300000002563,1,Caixa Postal,00:00:02,cli,,N,,,2024/10/17,
300000002564,1,Caixa Postal,00:00:00,CLI,,N,,,2024/10/17,
300000002565,1,Caixa Postal,00:00:01,VE,,N,,,2024/10/17,
300000002566,1,Caixa Postal,00:00:03,cli,,N,,,2024/10/17,
300000002567,1,Caixa Postal,00:00:00,cli,,N,,,2024/10/17,
300000002568,1,Caixa Postal,00:00:01,,,N,,,2024/10/17,
300000002569,1,Caixa Postal,00:00:04,Cli,,N,,,2024/10/17,
300000002570,1,Caixa Postal,,VE,,N,,,2024/10/17,
300000002571,1,Sent To Voicemail,00:01:37,CLI,,S,Sim,10.0,2024/10/17,Email48439
300000002572,1,URA Pesquisa NPS,00:03:08,VE,,S,Sim,10.0,2024/10/17,Email5371
300000002573,1,Protocolo Permanecera em Andamento,00:03:33,VE,,N,,,2024/10/17,
300000002574,1,Caixa Postal,,CLI,,N,,,2024/10/17,
300000002575,1,Contato de Finalizacao do Protocolo,00:04:21,VE,,N,,,2024/10/17,
300000002576,1,Chamada Não Atendida,00:00:08,VE,,N,,,2024/10/17,
300000002577,1,Chamada Não Atendida,00:00:02,VE,,N,,,2024/10/17,
300000002578,1,Não Atende,,,,N,,,2024/10/17,
300000002579,1,Caixa Postal,,,,N,,,2024/10/17,
300000002580,1,Caixa Postal,00:00:06,Cli,,N,,,2024/10/17,
300000002581,1,Caixa Postal,,Cli,,N,,,2024/10/17,
300000002582,1,Ocupado,,cli ,,N,,,2024/10/17,
300000002583,1,Ocupado,,cli ,,N,,,2024/10/17,
300000002584,1,Caixa Postal,00:00:03,CLI,,N,,,2024/10/17,
300000002585,1,Caixa Postal,,cli,,N,,,2024/10/17,
300000002586,1,Caixa Postal,00:00:17,CLI,,N,,,2024/10/17,
300000002587,1,Caixa Postal,00:00:18,CLI,,N,,,2024/10/17,
300000002588,1,Ligação Muda,00:00:09,CLI,,N,,,2024/10/17,
300000002589,1,Caixa Postal,00:00:10,CLI,,N,,,2024/10/17,
300000002590,1,Chamada Não Atendida,00:00:05,VE,,N,,,2024/10/17,
300000002591,1,Chamada Não Atendida,,VE,,N,,,2024/10/17,
300000002592,1,Caixa Postal,,cli,,N,,,2024/10/17,
300000002593,1,Caixa Postal,00:00:05,CLI,,N,,,2024/10/17,
300000002594,1,Informação,00:00:03,Cli,,N,,,2024/10/17,
300000002595,1,Informação,00:00:03,Cli,,N,,,2024/10/17,
300000002596,1,Caixa Postal,00:00:06,VE,,N,,,2024/10/17,
300000002597,1,Chamada Não Atendida,00:00:00,VE,,N,,,2024/10/17,
300000002598,1,Chamada Não Atendida,,VE,,N,,,2024/10/17,
300000002599,1,Informação,00:00:15,Cliente ,,N,,,2024/10/17,
300000002600,1,Informação,,Cliente ,,N,,,2024/10/17,
300000002601,1,Caixa Postal,00:06:21,Cli,,N,,,2024/10/17,
300000002602,1,Caixa Postal,00:00:10,,,N,,,2024/10/17,
300000002603,1,Informação,00:02:41,,,N,,,2024/10/17,
300000002604,1,Protocolo Permanecera em Andamento,00:04:58,Cli,,N,,,2024/10/17,
300000002605,1,Informação,00:00:03,VE,,N,,,2024/10/17,
300000002606,1,Informação,,VE,,N,,,2024/10/17,
300000002607,1,Abandon,00:05:23,VE,,S,,,2024/10/17,Email19156
300000002608,1,Chamada Não Atendida,00:00:04,VE,,N,,,2024/10/17,
300000002609,1,Protocolo Permanecera em Andamento,00:01:49,VE,,N,,,2024/10/17,
300000002610,1,Contato de Finalizacao do Protocolo,00:01:42,Cliente ,,N,,,2024/10/17,
300000002611,1,URA Pesquisa NPS,00:02:27,CLI,,S,,,2024/10/16,Email5371
300000002612,1,URA Pesquisa NPS,00:01:42,VE,,S,Sim,,2024/10/16,Email296
300000002613,1,Caixa Postal,00:00:08,cli,,N,,,2024/10/16,
300000002614,1,Caixa Postal,00:00:00,cli,,N,,,2024/10/16,
300000002615,1,Informação,00:01:34,cli,,N,,,2024/10/16,
300000002616,1,URA Pesquisa NPS,00:01:00,cli,,S,Sim,10.0,2024/10/16,Email48440
300000002617,1,Informação,00:00:02,,,N,,,2024/10/16,
300000002618,1,Caixa Postal,00:00:01,VE,,N,,,2024/10/16,
300000002619,1,Não Atende,00:00:10,VE,,N,,,2024/10/16,
300000002620,1,Informação,,ve,,N,,,2024/10/16,
300000002621,1,Informação,,ve,,N,,,2024/10/16,
300000002622,1,Chamada Não Atendida,00:00:04,CLI,,N,,,2024/10/16,
300000002623,1,URA Pesquisa NPS,00:00:46,CLI,,S,Sim,7.0,2024/10/16,Email296
300000002624,1,URA Pesquisa NPS,00:01:37,cli,,S,,,2024/10/16,Email48440
300000002625,1,URA Pesquisa NPS,00:00:16,VE,,S,,,2024/10/16,Email296
300000002626,1,Chamada Não Atendida,00:00:02,VE,,N,,,2024/10/16,
300000002627,1,Chamada Não Atendida,,VE,,N,,,2024/10/16,
300000002628,1,Informação,,cli,,N,,,2024/10/16,
300000002629,1,Caixa Postal,00:00:04,VE,,N,,,2024/10/16,
300000002630,1,Não Atende,,Cli,,N,,,2024/10/16,
300000002631,1,Caixa Postal,,CLI,,N,,,2024/10/16,
300000002632,1,Informação,00:05:29,cli,,N,,,2024/10/16,
300000002633,1,Chamada Não Atendida,00:00:04,Cli,,N,,,2024/10/16,
300000002634,1,Protocolo Permanecera em Andamento,00:09:17,Cli,,N,,,2024/10/16,
300000002635,1,Ligação Muda,,CLI,,N,,,2024/10/16,
300000002636,1,Sent To Voicemail,00:01:11,CLI,,S,Sim,3.0,2024/10/16,Email48441
300000002637,1,Caixa Postal,00:00:10,Cliente,,N,,,2024/10/16,
300000002638,1,URA Pesquisa NPS,00:01:34,cli,,S,Sim,,2024/10/16,Email48440
300000002639,1,Informação,00:01:39,Cliente,,N,,,2024/10/16,
300000002640,1,URA Pesquisa NPS,00:00:42,VE,,S,Sim,10.0,2024/10/16,Email288
300000002641,1,Caixa Postal,,CLI,,N,,,2024/10/16,
300000002642,1,URA Pesquisa NPS,00:00:49,Cli,,S,Sim,10.0,2024/10/16,Email5371
300000002643,1,Caixa Postal,00:00:02,cli,,N,,,2024/10/16,
300000002644,1,Caixa Postal,00:00:19,cli,,N,,,2024/10/16,
300000002645,1,URA Pesquisa NPS,00:02:18,Cli,,S,,,2024/10/16,Email288
300000002646,1,Consulta Status,00:08:57,cli,,N,,,2024/10/16,
300000002647,1,URA Pesquisa NPS,00:05:03,cli,,S,Sim,10.0,2024/10/16,Email48440
300000002648,1,Informação,,VE,,N,,,2024/10/16,
300000002649,1,Chamada Não Atendida,00:00:04,VE,,N,,,2024/10/16,
300000002650,1,Chamada Não Atendida,,VE,,N,,,2024/10/16,
300000002651,1,Chamada Não Atendida,00:00:04,VE,,N,,,2024/10/16,
300000002652,1,Caixa Postal,00:00:06,VE,,N,,,2024/10/16,
300000002653,1,Caixa Postal,00:00:04,VE,,N,,,2024/10/16,
300000002654,1,Informação,00:02:03,cli,,N,,,2024/10/16,
300000002655,1,Consulta Status,,,,N,,,2024/10/16,
300000002656,1,Caixa Postal,00:00:15,cli,,N,,,2024/10/16,
300000002657,1,Contato de Finalizacao do Protocolo,00:07:30,cli,,N,,,2024/10/16,
300000002658,1,Sent To Voicemail,00:00:43,VE,,S,Sim,10.0,2024/10/16,Email48440
300000002659,1,URA Pesquisa NPS,00:02:05,VE,,S,,,2024/10/16,Email296
300000002660,1,Chamada Não Atendida,,VE,,N,,,2024/10/16,
300000002661,1,URA Pesquisa NPS,00:01:23,VE,,S,,,2024/10/16,Email296
300000002662,1,Chamada Não Atendida,,VE,,N,,,2024/10/16,
300000002663,1,Chamada Não Atendida,,VE,,N,,,2024/10/16,
300000002664,1,Informação,,VE,,N,,,2024/10/16,
300000002665,1,URA Pesquisa NPS,00:00:39,VE,,S,Sim,10.0,2024/10/16,Email296
300000002666,1,Dados incorretos do cliente,,Cliente,,N,,,2024/10/16,
300000002667,1,URA Pesquisa NPS,00:04:26,cliente ,,S,Sim,10.0,2024/10/16,Email8754
300000002668,1,URA Pesquisa NPS,00:01:19,VE,,S,,,2024/10/16,Email1768
300000002669,1,Caixa Postal,,,,N,,,2024/10/16,
300000002670,1,Chamada Não Atendida,,VE,,N,,,2024/10/16,
300000002671,1,Chamada Não Atendida,,VE,,N,,,2024/10/16,
300000002672,1,Chamada Não Atendida,,VE,,N,,,2024/10/16,
300000002673,1,URA Pesquisa NPS,00:00:38,ve,,S,Sim,9.0,2024/10/16,Email5371
300000002674,1,Caixa Postal,00:00:06,,,N,,,2024/10/16,
300000002675,1,URA Pesquisa NPS,00:02:36,CLI,,S,Sim,5.0,2024/10/16,Email5371
300000002676,1,Caixa Postal,,,,N,,,2024/10/16,
300000002677,1,Informação,00:01:12,,,N,,,2024/10/16,
300000002678,1,Chamada Não Atendida,00:00:04,VE,,N,,,2024/10/16,
300000002679,1,Caixa Postal,,VE,,N,,,2024/10/16,
300000002680,1,Informação,,Cli,,N,,,2024/10/16,
300000002681,1,Caixa Postal,00:00:08,VE,,N,,,2024/10/16,
300000002682,1,Caixa Postal,00:00:12,,,N,,,2024/10/16,
300000002683,1,URA Pesquisa NPS,00:01:18,VE,,S,Sim,,2024/10/16,Email5371
300000002684,1,URA Pesquisa NPS,00:00:48,Cliente,,S,,,2024/10/16,Email288
300000002685,1,Sent To Voicemail,00:03:11,VE,,S,Sim,10.0,2024/10/16,Email1768
300000002686,1,Informação,00:03:32,Cliente ,,N,,,2024/10/16,
300000002687,1,Não Atende,,VE,,N,,,2024/10/16,
300000002688,1,URA Pesquisa NPS,00:00:41,VE,,S,Sim,,2024/10/16,Email5371
300000002689,1,Caixa Postal,00:00:11,,,N,,,2024/10/16,
300000002690,1,URA Pesquisa NPS,00:01:39,Cli,,S,Sim,10.0,2024/10/16,Email5371
300000002691,1,URA Pesquisa NPS,00:04:28,Cli,,S,,,2024/10/16,Email5371
300000002692,1,URA Pesquisa NPS,00:00:56,Cli,,S,Sim,8.0,2024/10/16,Email288
300000002693,1,URA Pesquisa NPS,00:00:57,cli,,S,Sim,10.0,2024/10/16,Email5556
300000002694,1,URA Pesquisa NPS,00:00:58,VE,,S,Sim,10.0,2024/10/16,Email296
300000002695,1,URA Pesquisa NPS,00:01:19,VE,,S,Sim,10.0,2024/10/16,Email296
300000002696,1,Informação,,,,N,,,2024/10/16,
300000002697,1,URA Pesquisa NPS,00:00:52,cli,,S,,,2024/10/16,Email288
300000002698,1,URA Pesquisa NPS,00:00:25,VE,,S,,,2024/10/16,Email296
300000002699,1,Informação,00:02:07,Cliente ,,N,,,2024/10/16,
300000002700,1,URA Pesquisa NPS,00:00:59,VE,,S,Sim,10.0,2024/10/16,Email296
300000002701,1,Caixa Postal,00:00:05,VE,,N,,,2024/10/16,
300000002702,1,Caixa Postal,00:00:05,VE,,N,,,2024/10/16,
300000002703,1,Informação,00:00:06,,,N,,,2024/10/16,
300000002704,1,URA Pesquisa NPS,00:04:52,Cli,,S,Sim,9.0,2024/10/16,Email4355
300000002705,1,Caixa Postal,00:00:08,,,N,,,2024/10/15,
300000002706,1,Protocolo Permanecera em Andamento,00:01:20,Cliente ,,N,,,2024/10/15,
300000002707,1,Caixa Postal,,Cli,,N,,,2024/10/15,
300000002708,1,Caixa Postal,,Cli,,N,,,2024/10/15,
300000002709,1,Caixa Postal,00:00:02,CLI,,N,,,2024/10/15,
300000002710,1,Informação,,CLI,,N,,,2024/10/15,
300000002711,1,URA Pesquisa NPS,00:03:38,VE,,S,Sim,9.0,2024/10/15,Email5371
300000002712,1,Informação,00:04:49,CLI,,N,,,2024/10/15,
300000002713,1,Caixa Postal,,Cli,,N,,,2024/10/15,
300000002714,1,Caixa Postal,,Cli,,N,,,2024/10/15,
300000002715,1,Caixa Postal,00:00:01,Cli,,N,,,2024/10/15,
300000002716,1,Caixa Postal,00:00:07,VE,,N,,,2024/10/15,
300000002717,1,Ocupado,,CLI,,N,,,2024/10/15,
300000002718,1,Chamada Não Atendida,00:00:34,VE,,N,,,2024/10/15,
300000002719,1,Ligação Muda,,CLI,,N,,,2024/10/15,
300000002720,1,Ligação Muda,,CLI,,N,,,2024/10/15,
300000002721,1,Informação,00:02:31,CLI,,N,,,2024/10/15,
300000002722,1,Chamada Não Atendida,00:00:04,,,N,,,2024/10/15,
300000002723,1,Chamada Não Atendida,,,,N,,,2024/10/15,
300000002724,1,Chamada Não Atendida,,VE,,N,,,2024/10/15,
300000002725,1,Chamada Não Atendida,,VE,,N,,,2024/10/15,
300000002726,1,Informação,,cli,,N,,,2024/10/15,
300000002727,1,Chamada Não Atendida,00:00:06,VE,,N,,,2024/10/15,
300000002728,1,URA Pesquisa NPS,00:01:36,VE,,S,,,2024/10/15,Email296
300000002729,1,Caixa Postal,00:00:12,CLI,,N,,,2024/10/15,
300000002730,1,Caixa Postal,,CLI,,N,,,2024/10/15,
300000002731,1,Informação,,VE,,N,,,2024/10/15,
300000002732,1,Não Atende,,VE,,N,,,2024/10/15,
300000002733,1,Informação,,VE,,N,,,2024/10/15,
300000002734,1,Chamada Não Atendida,00:00:08,VE,,N,,,2024/10/15,
300000002735,1,Chamada Não Atendida,00:00:00,VE,,N,,,2024/10/15,
300000002736,1,Chamada Não Atendida,,VE,,N,,,2024/10/15,
300000002737,1,Chamada Não Atendida,,VE,,N,,,2024/10/15,
300000002738,1,Chamada Não Atendida,,VE,,N,,,2024/10/15,
300000002739,1,Chamada Não Atendida,00:00:10,,,N,,,2024/10/15,
300000002740,1,Chamada Não Atendida,,VE,,N,,,2024/10/15,
300000002741,1,URA Pesquisa NPS,00:10:21,cli,,S,Sim,9.0,2024/10/15,Email48438
300000002742,1,Protocolo Permanecera em Andamento,00:01:51,VE,,N,,,2024/10/15,
300000002743,1,Caixa Postal,00:00:54,CLI,,N,,,2024/10/15,
300000002744,1,Caixa Postal,,CLI,,N,,,2024/10/15,
300000002745,1,Chamada Não Atendida,,Cli ,,N,,,2024/10/15,
300000002746,1,Caixa Postal,00:00:06,Vendedor ,,N,,,2024/10/15,
300000002747,1,Cliente Desligou,00:00:05,Cli ,,N,,,2024/10/15,
300000002748,1,Caixa Postal,,Vendedor ,,N,,,2024/10/15,
300000002749,1,Chamada Não Atendida,,VE,,N,,,2024/10/15,
300000002750,1,Chamada Não Atendida,00:00:00,VE,,N,,,2024/10/15,
300000002751,1,Caixa Postal,,CLI,,N,,,2024/10/15,
300000002752,1,Chamada Não Atendida,,VE ,,N,,,2024/10/15,
300000002753,1,Chamada Não Atendida,,VE ,,N,,,2024/10/15,
300000002754,1,Ocupado,,VE ,,N,,,2024/10/15,
300000002755,1,Protocolo Permanecera em Andamento,00:02:06,VE ,,N,,,2024/10/15,
300000002756,1,URA Pesquisa NPS,00:10:38,CLI,,S,Sim,10.0,2024/10/15,Email5556
300000002757,1,Caixa Postal,00:00:06,cli,,N,,,2024/10/15,
300000002758,1,Informação,,VE,,N,,,2024/10/15,
300000002759,1,Informação,00:00:40,Cliente,,N,,,2024/10/15,
300000002760,1,Caixa Postal,00:00:04,Cliente,,N,,,2024/10/15,
300000002761,1,Caixa Postal,,Cliente,,N,,,2024/10/15,
300000002762,1,Caixa Postal,00:00:04,VE,,N,,,2024/10/15,
300000002763,1,Informação,00:05:05,CLI,,N,,,2024/10/15,
300000002764,1,Informação,00:03:06,cli,,N,,,2024/10/15,
300000002765,1,Caixa Postal,00:00:08,CLI,,N,,,2024/10/15,
300000002766,1,Caixa Postal,00:00:03,cli,,N,,,2024/10/15,
300000002767,1,Caixa Postal,,cli,,N,,,2024/10/15,
300000002768,1,Chamada Não Atendida,00:00:06,VE,,N,,,2024/10/15,
300000002769,1,Chamada Não Atendida,,VE,,N,,,2024/10/15,
300000002770,1,Cliente Desligou,00:00:12,CLI,,N,,,2024/10/15,
300000002771,1,Caixa Postal,,cli,,N,,,2024/10/15,
300000002772,1,Caixa Postal,00:00:02,cli,,N,,,2024/10/15,
300000002773,1,Informação,,cli,,N,,,2024/10/15,
300000002774,1,Caixa Postal,00:00:03,Cliente ,,N,,,2024/10/15,
300000002775,1,Caixa Postal,00:00:08,Cliente ,,N,,,2024/10/15,
300000002776,1,URA Pesquisa NPS,00:01:10,VE,,S,Sim,10.0,2024/10/15,Email288
300000002777,1,Caixa Postal,00:00:06,Cli,,N,,,2024/10/15,
300000002778,1,URA Pesquisa NPS,00:01:29,VE,,S,,,2024/10/15,Email19156
300000002779,1,Não Atende,,Cliente,,N,,,2024/10/15,
300000002780,1,Chamada Não Atendida,00:00:07,VE,,N,,,2024/10/14,
300000002781,1,URA Pesquisa NPS,00:04:50,VE,,S,Sim,10.0,2024/10/14,Email296
300000002782,1,Chamada Não Atendida,00:00:12,cli,,N,,,2024/10/14,
300000002783,1,Caixa Postal,,cli,,N,,,2024/10/14,
300000002784,1,Caixa Postal,00:00:01,CLI,,N,,,2024/10/14,
300000002785,1,Caixa Postal,00:00:06,VE,,N,,,2024/10/14,
300000002786,1,Caixa Postal,,VE,,N,,,2024/10/14,
300000002787,1,Caixa Postal,,,,N,,,2024/10/14,
300000002788,1,Ligação Muda,,,,N,,,2024/10/14,
300000002789,1,Caixa Postal,00:00:07,VE,,N,,,2024/10/14,
300000002790,1,Cliente Desligou,00:00:01,Cli,,N,,,2024/10/14,
300000002791,1,URA Pesquisa NPS,00:06:02,VE,,S,,,2024/10/14,Email19156
300000002792,1,Caixa Postal,,VE,,N,,,2024/10/14,
300000002793,1,Sent To Voicemail,00:04:38,VE,,S,Sim,10.0,2024/10/14,Email5371
300000002794,1,URA Pesquisa NPS,00:00:47,VE,,S,,,2024/10/14,Email5371
300000002795,1,Caixa Postal,00:00:05,VE,,N,,,2024/10/14,
300000002796,1,Caixa Postal,,VE,,N,,,2024/10/14,
300000002797,1,Caixa Postal,00:00:11,CLI,,N,,,2024/10/14,
300000002798,1,Informação,00:01:19,CLI,,N,,,2024/10/14,
300000002799,1,Caixa Postal,,CLI,,N,,,2024/10/14,
300000002800,1,URA Pesquisa NPS,00:01:40,VE,,S,,,2024/10/14,Email296
300000002801,1,Caixa Postal,00:00:02,Cli,,N,,,2024/10/14,
300000002802,1,Ligação Muda,00:03:28,cli,,N,,,2024/10/14,
300000002803,1,URA Pesquisa NPS,00:01:06,VE,,S,Sim,10.0,2024/10/14,Email5371
300000002804,1,Ocupado,,CLI,,N,,,2024/10/14,
300000002805,1,Caixa Postal,00:00:12,cli,,N,,,2024/10/14,
300000002806,1,Caixa Postal,,cli,,N,,,2024/10/14,
300000002807,1,Caixa Postal,,Cliente ,,N,,,2024/10/14,
300000002808,1,Caixa Postal,,CLI,,N,,,2024/10/14,
300000002809,1,URA Pesquisa NPS,00:00:56,Cli,,S,,,2024/10/14,Email19156
300000002810,1,Caixa Postal,00:00:01,Cli,,N,,,2024/10/14,
300000002811,1,Caixa Postal,,,,N,,,2024/10/14,
300000002812,1,Caixa Postal,,Cli,,N,,,2024/10/14,
300000002813,1,Caixa Postal,00:00:14,Cli,,N,,,2024/10/14,
300000002814,1,Abandon,00:01:07,Cli,,S,,,2024/10/14,Email4355
300000002815,1,Informação,00:00:02,,,N,,,2024/10/14,
300000002816,1,Informação,,,,N,,,2024/10/14,
300000002817,1,Informação,,VE,,N,,,2024/10/14,
300000002818,1,Informação,,VE,,N,,,2024/10/14,
300000002819,1,Informação,,VE,,N,,,2024/10/14,
300000002820,1,Caixa Postal,00:00:14,VE,,N,,,2024/10/14,
300000002821,1,Caixa Postal,00:00:04,Cliente,,N,,,2024/10/14,
300000002822,1,Caixa Postal,,Cliente,,N,,,2024/10/14,
300000002823,1,Informação,00:00:10,VE,,N,,,2024/10/14,
300000002824,1,Informação,,VE,,N,,,2024/10/14,
300000002825,1,Caixa Postal,00:00:03,cli,,N,,,2024/10/14,
300000002826,1,Ocupado,,Cliente,,N,,,2024/10/14,
300000002827,1,Caixa Postal,,VE,,N,,,2024/10/14,
300000002828,1,Caixa Postal,,VE,,N,,,2024/10/14,
300000002829,1,URA Pesquisa NPS,00:01:03,,,S,Sim,10.0,2024/10/14,Email48442
300000002830,1,Caixa Postal,,Cliente,,N,,,2024/10/14,
300000002831,1,Chamada Não Atendida,00:00:05,VE,,N,,,2024/10/14,
300000002832,1,Caixa Postal,00:00:07,Cli,,N,,,2024/10/14,
300000002833,1,URA Pesquisa NPS,00:02:56,VE,,S,Sim,8.0,2024/10/14,Email5371
300000002834,1,Caixa Postal,00:00:06,VE,,N,,,2024/10/14,
300000002835,1,Informação,,VE,,N,,,2024/10/14,
300000002836,1,Informação,00:00:24,cli,,N,,,2024/10/14,
300000002837,1,Informação,00:02:03,cli,,N,,,2024/10/14,
300000002838,1,URA Pesquisa NPS,00:02:01,ve,,S,Nao,10.0,2024/10/14,Email48440
300000002839,1,Informação,,Cli,,N,,,2024/10/14,
300000002840,1,Caixa Postal,00:00:03,VE,,N,,,2024/10/14,
300000002841,1,Caixa Postal,00:00:03,VE,,N,,,2024/10/14,
300000002842,1,URA Pesquisa NPS,00:00:59,VE,,S,Sim,10.0,2024/10/14,Email288
300000002843,1,URA Pesquisa NPS,00:00:31,VE,,S,Sim,10.0,2024/10/14,Email296
300000002844,1,Caixa Postal,00:00:07,VE,,N,,,2024/10/14,
300000002845,1,Caixa Postal,,cli,,N,,,2024/10/14,
300000002846,1,Caixa Postal,00:00:11,VE,,N,,,2024/10/14,
300000002847,1,Ocupado,,Cliente,,N,,,2024/10/14,
300000002848,1,Ocupado,,Cliente,,N,,,2024/10/14,
300000002849,1,URA Pesquisa NPS,00:01:37,cli,,S,,,2024/10/14,Email288
300000002850,1,URA Pesquisa NPS,00:00:34,VE,,S,Sim,10.0,2024/10/14,Email296
300000002851,1,Informação,,cli,,N,,,2024/10/14,
300000002852,1,URA Pesquisa NPS,00:00:52,cli,,S,,,2024/10/14,Email48440
300000002853,1,Caixa Postal,00:00:04,CLI,,N,,,2024/10/14,
300000002854,1,Caixa Postal,00:00:07,Cliente ,,N,,,2024/10/14,
300000002855,1,Caixa Postal,00:00:03,Cliente ,,N,,,2024/10/14,
300000002856,1,Sent To Voicemail,00:00:34,VE,,S,Sim,10.0,2024/10/14,Email296
300000002857,1,Cliente Desligou,00:00:01,,,N,,,2024/10/14,
300000002858,1,Informação,00:00:00,VE,,N,,,2024/10/14,
300000002859,1,Caixa Postal,00:00:03,VE,,N,,,2024/10/14,
300000002860,1,Informação,,Cli,,N,,,2024/10/14,
300000002861,1,Informação,00:04:46,cli,,N,,,2024/10/14,
300000002862,1,Caixa Postal,00:00:10,,,N,,,2024/10/14,
300000002863,1,Chamada Não Atendida,00:00:09,VE,,N,,,2024/10/14,
300000002864,1,Protocolo Permanecera em Andamento,00:01:07,VE,,N,,,2024/10/14,
300000002865,1,Informação,00:00:05,CLI,,N,,,2024/10/14,
300000002866,1,Informação,,CLI,,N,,,2024/10/14,
300000002867,1,Cliente Desligou,00:02:08,Cli,,N,,,2024/10/14,
300000002868,1,URA Pesquisa NPS,00:00:52,VE,,S,,,2024/10/14,Email5371
300000002869,1,Caixa Postal,,CLI,,N,,,2024/10/14,
300000002870,1,Caixa Postal,00:00:06,VE,,N,,,2024/10/14,
300000002871,1,Caixa Postal,,CLI,,N,,,2024/10/14,
300000002872,1,URA Pesquisa NPS,00:04:43,Cli,,S,,,2024/10/14,Email19156
300000002873,1,Chamada Não Atendida,,VE,,N,,,2024/10/14,
300000002874,1,Chamada Não Atendida,,VE,,N,,,2024/10/14,
300000002875,1,Não Atende,,Cliente,,N,,,2024/10/14,
300000002876,1,URA Pesquisa NPS,00:01:11,cli,,S,Sim,10.0,2024/10/14,Email48440
300000002877,1,Caixa Postal,00:00:03,Cliente,,N,,,2024/10/14,
300000002878,1,Caixa Postal,00:00:02,Cliente,,N,,,2024/10/14,
300000002879,1,Caixa Postal,,CLI,,N,,,2024/10/14,
300000002880,1,Caixa Postal,00:00:06,Cli,,N,,,2024/10/11,
300000002881,1,Não Atende,,Cliente,,N,,,2024/10/11,
300000002882,1,URA Pesquisa NPS,00:00:56,VE,,S,Sim,10.0,2024/10/11,Email5371
300000002883,1,Caixa Postal,00:00:05,CLI,,N,,,2024/10/11,
300000002884,1,Caixa Postal,,CLI,,N,,,2024/10/11,
300000002885,1,Caixa Postal,,VE,,N,,,2024/10/11,
300000002886,1,URA Pesquisa NPS,00:00:46,VE,,S,Sim,9.0,2024/10/11,Email296
300000002887,1,Caixa Postal,00:00:04,cli,,N,,,2024/10/11,
300000002888,1,Caixa Postal,00:00:04,cli,,N,,,2024/10/11,
300000002889,1,Caixa Postal,00:00:08,Cliente,,N,,,2024/10/11,
300000002890,1,Não Atende,,Cliente,,N,,,2024/10/11,
300000002891,1,Ocupado,,Cliente,,N,,,2024/10/11,
300000002892,1,Caixa Postal,00:00:06,VE,,N,,,2024/10/11,
300000002893,1,URA Pesquisa NPS,00:02:09,VE,,S,Nao,9.0,2024/10/11,Email296
300000002894,1,Protocolo Permanecera em Andamento,00:01:28,Cli,,N,,,2024/10/11,
300000002895,1,Protocolo Permanecera em Andamento,00:10:40,Cli,,N,,,2024/10/11,
300000002896,1,URA Pesquisa NPS,00:00:46,VE,,S,Sim,10.0,2024/10/11,Email296
300000002897,1,Informação,00:01:24,,,N,,,2024/10/11,
300000002898,1,Caixa Postal,00:00:09,cli,,N,,,2024/10/11,
300000002899,1,URA Pesquisa NPS,00:10:39,cli,,S,,,2024/10/11,Email48438
300000002900,1,Caixa Postal,,,,N,,,2024/10/11,
300000002901,1,Contato de Finalizacao do Protocolo,00:06:14,CLI,,N,,,2024/10/11,
300000002902,1,Caixa Postal,00:00:03,CLI,,N,,,2024/10/11,
300000002903,1,Caixa Postal,,VE,,N,,,2024/10/11,
300000002904,1,Caixa Postal,00:00:05,CLI,,N,,,2024/10/11,
300000002905,1,Contato de Finalizacao do Protocolo,00:00:43,CLI,,N,,,2024/10/11,
300000002906,1,Caixa Postal,00:00:04,CLI,,N,,,2024/10/11,
300000002907,1,Caixa Postal,,CLI,,N,,,2024/10/11,
300000002908,1,URA Pesquisa NPS,00:01:47,VE,,S,Sim,,2024/10/11,Email296
300000002909,1,URA Pesquisa NPS,00:00:17,VE,,S,Sim,10.0,2024/10/11,Email296
300000002910,1,Caixa Postal,,Cliente,,N,,,2024/10/11,
300000002911,1,Cliente Desligou,00:00:08,CLI,,N,,,2024/10/11,
300000002912,1,URA Pesquisa NPS,00:02:32,VE,,S,Sim,10.0,2024/10/11,Email5371
300000002913,1,Cliente Desligou,,CLI,,N,,,2024/10/11,
300000002914,1,Chamada Não Atendida,,CLI,,N,,,2024/10/11,
300000002915,1,URA Pesquisa NPS,00:00:36,VE,,S,Sim,10.0,2024/10/11,Email296
300000002916,1,Caixa Postal,00:00:03,VE,,N,,,2024/10/11,
300000002917,1,URA Pesquisa NPS,00:01:42,VE,,S,,,2024/10/11,Email296
300000002918,1,Informação,00:00:04,VE,,N,,,2024/10/11,
300000002919,1,Informação,,VE,,N,,,2024/10/11,
300000002920,1,Informação,,CLI,,N,,,2024/10/11,
300000002921,1,Informação,,CLI,,N,,,2024/10/11,
300000002922,1,URA Pesquisa NPS,00:01:59,VE,,S,Sim,10.0,2024/10/11,Email13137
300000002923,1,Caixa Postal,,VE,,N,,,2024/10/11,
300000002924,1,Chamada Não Atendida,00:00:08,VE,,N,,,2024/10/11,
300000002925,1,Chamada Não Atendida,,VE,,N,,,2024/10/11,
300000002926,1,Chamada Não Atendida,00:00:04,VE,,N,,,2024/10/11,
300000002927,1,Informação,00:08:19,Cli,,N,,,2024/10/11,
300000002928,1,Informação,00:01:52,VE,,N,,,2024/10/11,
300000002929,1,Ocupado,,Cli,,N,,,2024/10/11,
300000002930,1,Ocupado,,Cli,,N,,,2024/10/11,
300000002931,1,Informação,00:05:27,CLI,,N,,,2024/10/11,
300000002932,1,Informação,,cli,,N,,,2024/10/11,
300000002933,1,Informação,,cli,,N,,,2024/10/11,
300000002934,1,Caixa Postal,00:00:04,cli,,N,,,2024/10/11,
300000002935,1,URA Pesquisa NPS,00:01:03,VE,,S,Sim,10.0,2024/10/11,Email296
300000002936,1,Informação,,VE,,N,,,2024/10/11,
300000002937,1,Caixa Postal,00:00:03,Cliente,,N,,,2024/10/11,
300000002938,1,Caixa Postal,00:00:02,Cliente,,N,,,2024/10/11,
300000002939,1,Informação,00:00:42,,,N,,,2024/10/11,
300000002940,1,Informação,00:00:06,cli,,N,,,2024/10/11,
300000002941,1,Informação,,cli,,N,,,2024/10/11,
300000002942,1,Informação,00:00:07,cli,,N,,,2024/10/11,
300000002943,1,URA Pesquisa NPS,00:11:58,VE,,S,Sim,10.0,2024/10/11,Email5371
300000002944,1,Informação,,CLI,,N,,,2024/10/11,
300000002945,1,Informação,00:00:02,CLI,,N,,,2024/10/11,
300000002946,1,Chamada Não Atendida,,cli,,N,,,2024/10/11,
300000002947,1,Caixa Postal,,CLI,,N,,,2024/10/11,
300000002948,1,Caixa Postal,,CLI,,N,,,2024/10/11,
300000002949,1,URA Pesquisa NPS,00:01:58,Cli,,S,Sim,10.0,2024/10/11,Email4355
300000002950,1,Caixa Postal,,VE,,N,,,2024/10/11,
300000002951,1,URA Pesquisa NPS,00:01:02,VE,,S,Sim,10.0,2024/10/11,Email296
300000002952,1,Caixa Postal,00:00:05,,,N,,,2024/10/11,
300000002953,1,Caixa Postal,00:00:05,Cli,,N,,,2024/10/11,
300000002954,1,Caixa Postal,00:00:04,cli,,N,,,2024/10/11,
300000002955,1,URA Pesquisa NPS,00:03:21,Cli,,S,,,2024/10/11,Email296
300000002956,1,Informação,,CLI,,N,,,2024/10/11,
300000002957,1,Caixa Postal,,CLI,,N,,,2024/10/11,
300000002958,1,Ocupado,,cli,,N,,,2024/10/11,
300000002959,1,Ocupado,,cli,,N,,,2024/10/11,
300000002960,1,Caixa Postal,00:00:04,cli,,N,,,2024/10/11,
300000002961,1,Contato de Finalizacao do Protocolo,00:00:51,VE,,N,,,2024/10/11,
300000002962,1,Não Atende,,Cliente,,N,,,2024/10/11,
300000002963,1,URA Pesquisa NPS,00:01:13,Cli,,S,Sim,10.0,2024/10/11,Email4355
300000002964,1,Caixa Postal,00:00:03,,,N,,,2024/10/11,
300000002965,1,Caixa Postal,00:01:59,,,N,,,2024/10/11,
300000002966,1,URA Pesquisa NPS,00:03:44,VE,,S,Sim,10.0,2024/10/10,Email5371
300000002967,1,Informação,,VE,,N,,,2024/10/10,
300000002968,1,Caixa Postal,00:00:03,VE,,N,,,2024/10/10,
300000002969,1,URA Pesquisa NPS,00:01:20,VE,,S,,,2024/10/10,Email5371
300000002970,1,URA Pesquisa NPS,00:00:42,VE,,S,Sim,10.0,2024/10/10,Email296
300000002971,1,Caixa Postal,00:00:03,,,N,,,2024/10/10,
300000002972,1,Protocolo Permanecera em Andamento,00:01:52,VE,,N,,,2024/10/10,
300000002973,1,Caixa Postal,,VE ,,N,,,2024/10/10,
300000002974,1,Cliente Desligou,00:00:06,Cli,,N,,,2024/10/10,
300000002975,1,Chamada Não Atendida,,Cli,,N,,,2024/10/10,
300000002976,1,URA Pesquisa NPS,00:00:35,ve,,S,Sim,10.0,2024/10/10,Email5371
300000002977,1,URA Pesquisa NPS,00:07:18,Cli,,S,,,2024/10/10,Email4355
300000002978,1,Informação,00:03:28,cli,,N,,,2024/10/10,
300000002979,1,Não Atende,,Cliente,,N,,,2024/10/10,
300000002980,1,URA Pesquisa NPS,00:00:40,VE,,S,Sim,,2024/10/10,Email48441
300000002981,1,Informação,,cli,,N,,,2024/10/10,
300000002982,1,URA Pesquisa NPS,00:00:54,VE,,S,Sim,,2024/10/10,Email1768
300000002983,1,Informação,00:00:07,cli,,N,,,2024/10/10,
300000002984,1,Informação,,cli,,N,,,2024/10/10,
300000002985,1,URA Pesquisa NPS,00:07:29,cli,,S,Nao,7.0,2024/10/10,Email48440
300000002986,1,URA Pesquisa NPS,00:00:50,Cliente ,,S,Sim,10.0,2024/10/10,Email8754
300000002987,1,Informação,,CLI,,N,,,2024/10/10,
300000002988,1,Informação,,,,N,,,2024/10/10,
300000002989,1,Informação,,VE ,,N,,,2024/10/10,
300000002990,1,Caixa Postal,00:00:10,cli,,N,,,2024/10/10,
300000002991,1,Informação,00:00:03,cli,,N,,,2024/10/10,
300000002992,1,Caixa Postal,00:00:00,,,N,,,2024/10/10,
300000002993,1,Caixa Postal,00:00:07,Cliente ,,N,,,2024/10/10,
300000002994,1,Caixa Postal,,cli,,N,,,2024/10/10,
300000002995,1,Consulta Status,00:00:04,CLI,,N,,,2024/10/10,
300000002996,1,Consulta Status,00:00:10,CLI,,N,,,2024/10/10,
300000002997,1,Caixa Postal,,VE,,N,,,2024/10/10,
300000002998,1,Informação,,cli,,N,,,2024/10/10,
300000002999,1,URA Pesquisa NPS,00:01:03,cli,,S,Sim,10.0,2024/10/10,Email5556
300000003000,1,Sent To Voicemail,00:01:29,VE,,S,Sim,10.0,2024/10/10,Email296
300000003001,1,URA Pesquisa NPS,00:00:58,CLI,,S,Sim,10.0,2024/10/10,Email296
300000003002,1,URA Pesquisa NPS,00:00:52,VE,,S,,,2024/10/10,Email48440
300000003003,1,Informação,00:00:08,CLI,,N,,,2024/10/10,
300000003004,1,Informação,,CLI,,N,,,2024/10/10,
300000003005,1,Protocolo Permanecera em Andamento,00:05:37,Cli,,N,,,2024/10/10,
300000003006,1,Consulta Status,00:00:04,,,N,,,2024/10/10,
300000003007,1,Consulta Status,00:00:05,,,N,,,2024/10/10,
300000003008,1,Contato de Finalizacao do Protocolo,00:01:03,cli,,N,,,2024/10/10,
300000003009,1,Caixa Postal,,Cliente,,N,,,2024/10/10,
300000003010,1,Dados incorretos do cliente,,Cliente,,N,,,2024/10/10,
300000003011,1,URA Pesquisa NPS,00:00:59,,,S,Sim,10.0,2024/10/10,Email288
300000003012,1,URA Pesquisa NPS,00:11:43,CLI,,S,Sim,10.0,2024/10/10,Email48441
300000003013,1,URA Pesquisa NPS,00:00:46,cli,,S,Sim,10.0,2024/10/10,Email48439
300000003014,1,Caixa Postal,00:00:01,CLI,,N,,,2024/10/10,
300000003015,1,Não Atende,,Cliente ,,N,,,2024/10/10,
300000003016,1,Não Atende,,Cliente,,N,,,2024/10/10,
300000003017,1,Cliente Desligou,00:00:18,,,N,,,2024/10/10,
300000003018,1,Chamada Não Atendida,,CLI,,N,,,2024/10/10,
300000003019,1,Chamada Não Atendida,,CLI,,N,,,2024/10/10,
300000003020,1,URA Pesquisa NPS,00:02:13,cli,,S,,,2024/10/10,Email48439
300000003021,1,Caixa Postal,00:00:05,CLI,,N,,,2024/10/10,
300000003022,1,Caixa Postal,00:00:05,Cli,,N,,,2024/10/10,
300000003023,1,Caixa Postal,,CLI,,N,,,2024/10/10,
300000003024,1,Caixa Postal,00:00:03,CLI,,N,,,2024/10/10,
300000003025,1,Consulta Status,,VE,,N,,,2024/10/10,
300000003026,1,Consulta Status,,VE,,N,,,2024/10/10,
300000003027,1,Consulta Status,,VE,,N,,,2024/10/10,
300000003028,1,URA Pesquisa NPS,00:02:21,cli,,S,Sim,10.0,2024/10/10,Email5556
300000003029,1,Caixa Postal,00:00:04,cli,,N,,,2024/10/10,
300000003030,1,Caixa Postal,,cli,,N,,,2024/10/10,
300000003031,1,Informação,00:02:59,cli,,N,,,2024/10/10,
300000003032,1,Caixa Postal,,CLI,,N,,,2024/10/10,
300000003033,1,Consulta Status,00:00:05,,,N,,,2024/10/10,
300000003034,1,Consulta Status,,,,N,,,2024/10/10,
300000003035,1,URA Pesquisa NPS,00:00:43,VE,,S,,,2024/10/10,Email48438
300000003036,1,Informação,,CLI,,N,,,2024/10/10,
300000003037,1,URA Pesquisa NPS,00:00:45,VE,,S,Sim,10.0,2024/10/10,Email48441
300000003038,1,Informação,00:00:02,CLI,,N,,,2024/10/10,
300000003039,1,Informação,,,,N,,,2024/10/10,
300000003040,1,Informação,00:02:30,cli ,,N,,,2024/10/10,
300000003041,1,Caixa Postal,,Cliente ,,N,,,2024/10/10,
300000003042,1,Dados incorretos do cliente,,Cliente,,N,,,2024/10/10,
300000003043,1,Caixa Postal,00:00:03,VE,,N,,,2024/10/10,
300000003044,1,URA Pesquisa NPS,00:01:29,VE,,S,Sim,10.0,2024/10/10,Email296
300000003045,1,Caixa Postal,00:01:44,,,N,,,2024/10/10,
300000003046,1,Chamada Não Atendida,00:00:05,,,N,,,2024/10/10,
300000003047,1,Chamada Não Atendida,00:00:04,,,N,,,2024/10/10,
300000003048,1,Chamada Não Atendida,00:00:10,VE,,N,,,2024/10/10,
300000003049,1,URA Pesquisa NPS,00:01:03,Cli,,S,,,2024/10/10,Email4355
300000003050,1,Caixa Postal,,VE,,N,,,2024/10/10,
300000003051,1,URA Pesquisa NPS,00:04:34,VE,,S,Sim,9.0,2024/10/10,Email296
300000003052,1,Caixa Postal,00:00:42,CLI,,N,,,2024/10/10,
300000003053,1,Informação,00:00:06,cli,,N,,,2024/10/10,
300000003054,1,Informação,,cli,,N,,,2024/10/10,
300000003055,1,Caixa Postal,00:00:10,cli,,N,,,2024/10/10,
300000003056,1,URA Pesquisa NPS,00:00:38,VE,,S,Sim,10.0,2024/10/10,Email296
300000003057,1,URA Pesquisa NPS,00:02:41,cli,,S,Sim,10.0,2024/10/10,Email4355
300000003058,1,Caixa Postal,00:00:06,CLI,,N,,,2024/10/10,
300000003059,1,URA Pesquisa NPS,00:01:56,CLI,,S,Sim,10.0,2024/10/10,Email364
300000003060,1,URA Pesquisa NPS,00:01:16,cli,,S,Sim,7.0,2024/10/10,Email48439
300000003061,1,Informação,00:01:29,cli,,N,,,2024/10/10,
300000003062,1,Cliente Desligou,,VE,,N,,,2024/10/10,
300000003063,1,Caixa Postal,,VE,,N,,,2024/10/10,
300000003064,1,URA Pesquisa NPS,00:01:32,CLI,,S,,,2024/10/10,Email364
300000003065,1,Caixa Postal,,VE,,N,,,2024/10/10,
300000003066,1,Não Atende,,,,N,,,2024/10/09,
300000003067,1,Caixa Postal,00:00:16,cli,,N,,,2024/10/09,
300000003068,1,Informação,00:01:25,Cliente ,,N,,,2024/10/09,
300000003069,1,Informação,00:00:02,Cliente ,,N,,,2024/10/09,
300000003070,1,Informação,00:00:00,Cliente ,,N,,,2024/10/09,
300000003071,1,Informação,00:01:43,Cliente ,,N,,,2024/10/09,
300000003072,1,Caixa Postal,00:00:01,CLI,,N,,,2024/10/09,
300000003073,1,Informação,00:01:51,cli,,N,,,2024/10/09,
300000003074,1,Chamada Não Atendida,00:00:08,Ve,,N,,,2024/10/09,
300000003075,1,Caixa Postal,,Cliente,,N,,,2024/10/09,
300000003076,1,Informação,00:03:25,cli,,N,,,2024/10/09,
300000003077,1,URA Pesquisa NPS,00:03:36,VE,,S,,,2024/10/09,Email5371
300000003078,1,Ligação Muda,00:00:05,,,N,,,2024/10/09,
300000003079,1,Caixa Postal,00:00:04,Cli,,N,,,2024/10/09,
300000003080,1,Caixa Postal,00:00:10,Cli,,N,,,2024/10/09,
300000003081,1,Caixa Postal,00:00:07,Cli,,N,,,2024/10/09,
300000003082,1,Caixa Postal,00:00:03,VE,,N,,,2024/10/09,
300000003083,1,Caixa Postal,00:00:17,cli,,N,,,2024/10/09,
300000003084,1,Caixa Postal,,cli,,N,,,2024/10/09,
300000003085,1,Ligação Muda,00:00:15,cliente ,,N,,,2024/10/09,
300000003086,1,URA Pesquisa NPS,00:01:41,Ve,,S,Sim,10.0,2024/10/09,Email296
300000003087,1,URA Pesquisa NPS,00:01:10,VE,,S,Sim,10.0,2024/10/09,Email296
300000003088,1,URA Pesquisa NPS,00:00:47,VE,,S,Sim,10.0,2024/10/09,Email5371
300000003089,1,Caixa Postal,00:00:03,cli,,N,,,2024/10/09,
300000003090,1,URA Pesquisa NPS,00:05:42,cli,,S,Sim,10.0,2024/10/09,Email48438
300000003091,1,Informação,,Cli,,N,,,2024/10/09,
300000003092,1,Informação,00:00:02,Cli,,N,,,2024/10/09,
300000003093,1,Caixa Postal,,,,N,,,2024/10/09,
300000003094,1,Caixa Postal,00:05:56,,,N,,,2024/10/09,
300000003095,1,Informação,00:02:05,VE,,N,,,2024/10/09,
300000003096,1,Caixa Postal,00:00:14,,,N,,,2024/10/09,
300000003097,1,URA Pesquisa NPS,00:00:59,VE,,S,Sim,10.0,2024/10/09,Email5371
300000003098,1,Caixa Postal,00:00:17,,,N,,,2024/10/09,
300000003099,1,Caixa Postal,,ve,,N,,,2024/10/09,
300000003100,1,Caixa Postal,00:00:03,,,N,,,2024/10/09,
300000003101,1,Ligação Muda,,CLI,,N,,,2024/10/09,
300000003102,1,Ligação Muda,,CLI,,N,,,2024/10/09,
300000003103,1,Chamada Não Atendida,00:00:04,VE,,N,,,2024/10/09,
300000003104,1,Chamada Não Atendida,00:00:03,VE,,N,,,2024/10/09,
300000003105,1,URA Pesquisa NPS,00:04:19,VE,,S,Sim,10.0,2024/10/09,Email1768
300000003106,1,Caixa Postal,,CLI,,N,,,2024/10/09,
300000003107,1,Caixa Postal,00:00:05,Cliente ,,N,,,2024/10/09,
300000003108,1,Protocolo Permanecera em Andamento,00:00:26,Cliente ,,N,,,2024/10/09,
300000003109,1,Chamada Não Atendida,,VE,,N,,,2024/10/09,
300000003110,1,Protocolo Permanecera em Andamento,00:04:52,VE,,N,,,2024/10/09,
300000003111,1,Informação,,ve,,N,,,2024/10/09,
300000003112,1,Caixa Postal,,cliente ,,N,,,2024/10/09,
300000003113,1,Informação,,,,N,,,2024/10/09,
300000003114,1,Caixa Postal,00:10:43,Cli,,N,,,2024/10/09,
300000003115,1,Chamada Não Atendida,00:00:05,VE,,N,,,2024/10/08,
300000003116,1,URA Pesquisa NPS,00:01:48,VE,,S,Sim,10.0,2024/10/08,Email296
300000003117,1,URA Pesquisa NPS,00:04:17,cli,,S,Nao,6.0,2024/10/08,Email48440
300000003118,1,Caixa Postal,00:00:04,Cli,,N,,,2024/10/08,
300000003119,1,Caixa Postal,00:00:02,cli,,N,,,2024/10/08,
300000003120,1,URA Pesquisa NPS,00:02:57,cli,,S,Sim,10.0,2024/10/08,Email48438
300000003121,1,Caixa Postal,,CLI,,N,,,2024/10/08,
300000003122,1,Dados incorretos do cliente,,Cli,,N,,,2024/10/08,
300000003123,1,Chamada Não Atendida,,VE,,N,,,2024/10/08,
300000003124,1,Cliente Desligou,00:00:07,Cli,,N,,,2024/10/08,
300000003125,1,Chamada Não Atendida,,VE,,N,,,2024/10/08,
300000003126,1,Informação,00:00:02,VE,,N,,,2024/10/08,
300000003127,1,Caixa Postal,00:00:05,Cli,,N,,,2024/10/08,
300000003128,1,URA Pesquisa NPS,00:04:41,Cli,,S,Sim,10.0,2024/10/08,Email1615
300000003129,1,URA Pesquisa NPS,00:02:10,Cli,,S,,,2024/10/08,Email1768
300000003130,1,URA Pesquisa NPS,00:01:26,cli,,S,Sim,8.0,2024/10/08,Email48440
300000003131,1,Cliente Desligou,00:00:28,CLI,,N,,,2024/10/08,
300000003132,1,Informação,00:00:10,VE,,N,,,2024/10/08,
300000003133,1,Informação,00:00:03,VE,,N,,,2024/10/08,
300000003134,1,Caixa Postal,,cli,,N,,,2024/10/08,
300000003135,1,Caixa Postal,00:00:03,VE,,N,,,2024/10/08,
300000003136,1,URA Pesquisa NPS,00:02:24,VE,,S,Sim,10.0,2024/10/08,Email4355
300000003137,1,URA Pesquisa NPS,00:02:02,ve,,S,Sim,9.0,2024/10/08,Email48440
300000003138,1,Informação,00:00:10,CLI,,N,,,2024/10/08,
300000003139,1,Informação,00:00:08,CLI,,N,,,2024/10/08,
300000003140,1,URA Pesquisa NPS,00:07:46,VE,,S,Sim,,2024/10/08,Email48440
300000003141,1,URA Pesquisa NPS,00:01:00,CLI,,S,Sim,10.0,2024/10/08,Email48440
300000003142,1,URA Pesquisa NPS,00:01:14,VE,,S,Sim,10.0,2024/10/08,Email5371
300000003143,1,Chamada Não Atendida,00:00:01,Cli ,,N,,,2024/10/08,
300000003144,1,Chamada Não Atendida,00:00:01,Cli ,,N,,,2024/10/08,
300000003145,1,URA Pesquisa NPS,00:01:53,CLI,,S,Sim,10.0,2024/10/08,Email364
300000003146,1,URA Pesquisa NPS,00:01:49,Cli,,S,Sim,10.0,2024/10/08,Email4355
300000003147,1,Caixa Postal,00:00:03,Cli ,,N,,,2024/10/08,
300000003148,1,Caixa Postal,00:00:00,Cli ,,N,,,2024/10/08,
300000003149,1,Protocolo Permanecera em Andamento,00:02:09,Cliente ,,N,,,2024/10/08,
300000003150,1,Chamada Não Atendida,00:00:01,VE,,N,,,2024/10/08,
300000003151,1,Caixa Postal,00:00:02,cli,,N,,,2024/10/08,
300000003152,1,Chamada Não Atendida,00:00:00,VE,,N,,,2024/10/08,
300000003153,1,Caixa Postal,,cli,,N,,,2024/10/08,
300000003154,1,Caixa Postal,00:00:02,cli,,N,,,2024/10/08,
300000003155,1,Informação,,,,N,,,2024/10/08,
300000003156,1,Não Atende,00:00:05,,,N,,,2024/10/08,
300000003157,1,Informação,,,,N,,,2024/10/08,
300000003158,1,Caixa Postal,00:00:05,,,N,,,2024/10/08,
300000003159,1,Ligação Muda,,,,N,,,2024/10/08,
300000003160,1,Contato de Finalizacao do Protocolo,00:05:14,,,N,,,2024/10/08,
300000003161,1,Chamada Não Atendida,00:00:02,VE,,N,,,2024/10/08,
300000003162,1,Chamada Não Atendida,,VE,,N,,,2024/10/08,
300000003163,1,Chamada Não Atendida,00:00:01,VE,,N,,,2024/10/08,
300000003164,1,URA Pesquisa NPS,00:09:56,CLIENTE ,,S,Sim,10.0,2024/10/08,Email329
300000003165,1,Protocolo Permanecera em Andamento,00:02:51,VE,,N,,,2024/10/08,
300000003166,1,Sent To Voicemail,00:01:23,VE,,S,Sim,10.0,2024/10/08,Email1768
300000003167,1,URA Pesquisa NPS,00:01:16,Cli,,S,,,2024/10/08,Email288
300000003168,1,Caixa Postal,,Cli,,N,,,2024/10/08,
300000003169,1,Ligação Muda,00:00:15,Cli,,N,,,2024/10/08,
300000003170,1,Não Atende,,Cliente ,,N,,,2024/10/08,
300000003171,1,Ocupado,,Cliente ,,N,,,2024/10/08,
300000003172,1,Ligação Muda,00:00:18,Cli,,N,,,2024/10/08,
300000003173,1,Ligação Muda,00:00:27,Cli,,N,,,2024/10/08,
300000003174,1,Caixa Postal,00:00:04,Cli,,N,,,2024/10/08,
300000003175,1,Informação,00:00:01,Cli,,N,,,2024/10/08,
300000003176,1,URA Pesquisa NPS,00:01:34,Cli,,S,Sim,10.0,2024/10/08,Email1768
300000003177,1,Não Atende,,Cliente ,,N,,,2024/10/08,
300000003178,1,Informação,00:02:02,Cli,,N,,,2024/10/08,
300000003179,1,Informação,,,,N,,,2024/10/08,
300000003180,1,URA Pesquisa NPS,00:01:02,VE,,S,,,2024/10/08,Email5371
300000003181,1,Informação,,,,N,,,2024/10/08,
300000003182,1,URA Pesquisa NPS,00:03:05,VE,,S,Sim,10.0,2024/10/08,Email5371
300000003183,1,Não Atende,,Cliente,,N,,,2024/10/08,
300000003184,1,URA Pesquisa NPS,00:01:24,CLI,,S,,,2024/10/08,Email296
300000003185,1,Caixa Postal,,cli,,N,,,2024/10/08,
300000003186,1,Caixa Postal,00:00:04,cli,,N,,,2024/10/08,
300000003187,1,Chamada Não Atendida,00:00:03,VE,,N,,,2024/10/08,
300000003188,1,URA Pesquisa NPS,00:01:03,VE,,S,Sim,10.0,2024/10/08,Email5371
300000003189,1,Caixa Postal,,VE,,N,,,2024/10/08,
300000003190,1,Ligação Muda,,CLI,,N,,,2024/10/08,
300000003191,1,Ligação Muda,,CLI,,N,,,2024/10/08,
300000003192,1,URA Pesquisa NPS,00:02:13,VE,,S,,,2024/10/08,Email288
300000003193,1,Caixa Postal,00:00:10,cliente,,N,,,2024/10/08,
300000003194,1,URA Pesquisa NPS,00:01:47,VE,,S,Sim,,2024/10/08,Email4355
300000003195,1,URA Pesquisa NPS,00:00:52,VE,,S,Sim,10.0,2024/10/08,Email296
300000003196,1,Chamada Não Atendida,00:00:10,Cli,,N,,,2024/10/08,
300000003197,1,Não Atende,,Cliente ,,N,,,2024/10/08,
300000003198,1,Chamada Não Atendida,,VE,,N,,,2024/10/08,
300000003199,1,URA Pesquisa NPS,00:00:49,VE,,S,Sim,10.0,2024/10/08,Email296
300000003200,1,Informação,,VE,,N,,,2024/10/08,
300000003201,1,Informação,,ve,,N,,,2024/10/08,
300000003202,1,Informação,00:05:51,ve,,N,,,2024/10/08,
300000003203,1,URA Pesquisa NPS,00:00:53,cliente ,,S,Sim,10.0,2024/10/08,Email8754
300000003204,1,Informação,00:00:02,ve,,N,,,2024/10/08,
300000003205,1,Informação,,,,N,,,2024/10/08,
300000003206,1,Informação,00:00:01,,,N,,,2024/10/08,
300000003207,1,Informação,00:00:00,,,N,,,2024/10/08,
300000003208,1,Caixa Postal,00:00:05,Cli,,N,,,2024/10/08,
300000003209,1,Caixa Postal,,cliente,,N,,,2024/10/07,
300000003210,1,Cliente Desligou,00:00:05,VE,,N,,,2024/10/07,
300000003211,1,Cliente Desligou,00:00:05,VE,,N,,,2024/10/07,
300000003212,1,Caixa Postal,00:00:10,cli,,N,,,2024/10/07,
300000003213,1,Caixa Postal,00:00:04,cli,,N,,,2024/10/07,
300000003214,1,Informação,00:00:53,cli,,N,,,2024/10/07,
300000003215,1,Caixa Postal,00:00:04,Cli,,N,,,2024/10/07,
300000003216,1,Não Atende,00:01:14,cli,,N,,,2024/10/07,
300000003217,1,URA Pesquisa NPS,00:01:58,Cliente,,S,,,2024/10/07,Email8754
300000003218,1,URA Pesquisa NPS,00:02:57,VE,,S,Sim,9.0,2024/10/07,Email296
300000003219,1,URA Pesquisa NPS,00:01:37,cli,,S,Sim,9.0,2024/10/07,Email48438
300000003220,1,Caixa Postal,00:00:01,Cli,,N,,,2024/10/07,
300000003221,1,Caixa Postal,00:00:01,Cli,,N,,,2024/10/07,
300000003222,1,Caixa Postal,,Cliente,,N,,,2024/10/07,
300000003223,1,Não Atende,,,,N,,,2024/10/07,
300000003224,1,URA Pesquisa NPS,00:01:32,Cliente,,S,Sim,,2024/10/07,Email48438
300000003225,1,Caixa Postal,00:00:10,Cli,,N,,,2024/10/07,
300000003226,1,Caixa Postal,00:00:10,Cli,,N,,,2024/10/07,
300000003227,1,Caixa Postal,,Cliente,,N,,,2024/10/07,
300000003228,1,Caixa Postal,,VE,,N,,,2024/10/07,
300000003229,1,Caixa Postal,,Cliente,,N,,,2024/10/07,
300000003230,1,Não Atende,00:00:22,cli,,N,,,2024/10/07,
300000003231,1,URA Pesquisa NPS,00:01:26,VE,,S,Sim,10.0,2024/10/07,Email296
300000003232,1,Informação,00:01:31,cli,,N,,,2024/10/07,
300000003233,1,Caixa Postal,00:00:06,Cli,,N,,,2024/10/07,
300000003234,1,URA Pesquisa NPS,00:02:06,Cli,,S,,,2024/10/07,Email19156
300000003235,1,Caixa Postal,00:00:02,CLI,,N,,,2024/10/07,
300000003236,1,Caixa Postal,,CLI,,N,,,2024/10/07,
300000003237,1,Informação,,VE,,N,,,2024/10/07,
300000003238,1,URA Pesquisa NPS,00:02:02,VE,,S,Sim,10.0,2024/10/07,Email48440
300000003239,1,Informação,00:06:06,VE,,N,,,2024/10/07,
300000003240,1,URA Pesquisa NPS,00:08:14,Cli,,S,Sim,10.0,2024/10/07,Email13137
300000003241,1,URA Pesquisa NPS,00:01:23,VE,,S,Nao,10.0,2024/10/07,Email48440
300000003242,1,Chamada Não Atendida,00:00:04,ve,,N,,,2024/10/07,
300000003243,1,Caixa Postal,00:00:09,Cli,,N,,,2024/10/07,
300000003244,1,URA Pesquisa NPS,00:02:45,Cli,,S,Sim,10.0,2024/10/07,Email1615
300000003245,1,Chamada Não Atendida,00:00:04,VE,,N,,,2024/10/07,
300000003246,1,Ligação Muda,00:00:19,VE,,N,,,2024/10/07,
300000003247,1,Informação,00:00:13,ve,,N,,,2024/10/07,
300000003248,1,Informação,,ve,,N,,,2024/10/07,
300000003249,1,URA Pesquisa NPS,00:02:51,VE,,S,Sim,10.0,2024/10/07,Email1768
300000003250,1,URA Pesquisa NPS,00:02:26,cli,,S,,,2024/10/07,Email48438
300000003251,1,URA Pesquisa NPS,00:00:49,VE,,S,Sim,10.0,2024/10/07,Email5556
300000003252,1,URA Pesquisa NPS,00:02:04,VE,,S,Sim,10.0,2024/10/07,Email5556
300000003253,1,Caixa Postal,00:00:02,VE,,N,,,2024/10/07,
300000003254,1,Informação,,cli,,N,,,2024/10/07,
300000003255,1,Informação,,cli,,N,,,2024/10/07,
300000003256,1,Informação,,,,N,,,2024/10/07,
300000003257,1,Informação,,,,N,,,2024/10/07,
300000003258,1,Ligação Muda,,CLI,,N,,,2024/10/07,
300000003259,1,Ligação Muda,,CLI,,N,,,2024/10/07,
300000003260,1,Caixa Postal,00:00:01,CLI,,N,,,2024/10/07,
300000003261,1,Caixa Postal,00:00:08,cli,,N,,,2024/10/07,
300000003262,1,Informação,,,,N,,,2024/10/07,
300000003263,1,Caixa Postal,00:00:01,cli,,N,,,2024/10/07,
300000003264,1,Ligação Muda,,CLI,,N,,,2024/10/07,
300000003265,1,Sent To Voicemail,00:01:07,CLI,,S,Sim,10.0,2024/10/07,Email364
300000003266,1,Caixa Postal,00:00:08,Cliente,,N,,,2024/10/07,
300000003267,1,URA Pesquisa NPS,00:01:32,ve,,S,Sim,10.0,2024/10/07,Email1768
300000003268,1,Caixa Postal,00:00:05,cli,,N,,,2024/10/07,
300000003269,1,Caixa Postal,00:00:03,CLI,,N,,,2024/10/07,
300000003270,1,Chamada Não Atendida,,CLI,,N,,,2024/10/07,
300000003271,1,Chamada Não Atendida,,CLI,,N,,,2024/10/07,
300000003272,1,Caixa Postal,,,,N,,,2024/10/07,
300000003273,1,Chamada Não Atendida,,Cli,,N,,,2024/10/07,
300000003274,1,Chamada Não Atendida,,Cli,,N,,,2024/10/07,
300000003275,1,Caixa Postal,00:00:03,,,N,,,2024/10/07,
300000003276,1,Caixa Postal,,,,N,,,2024/10/07,
300000003277,1,Caixa Postal,,Cliente,,N,,,2024/10/07,
300000003278,1,URA Pesquisa NPS,00:01:01,VE,,S,Sim,9.0,2024/10/07,Email5556
300000003279,1,Responsavel ausente,00:02:01,Cli,,N,,,2024/10/07,
300000003280,1,Cliente Desligou,00:00:17,Cli,,N,,,2024/10/07,
300000003281,1,Caixa Postal,00:00:04,Cli,,N,,,2024/10/07,
300000003282,1,Contato de Finalizacao do Protocolo,00:02:42,VE,,N,,,2024/10/07,
300000003283,1,URA Pesquisa NPS,00:00:42,cli,,S,Sim,9.0,2024/10/07,Email48438
300000003284,1,Caixa Postal,00:00:03,Cliente,,N,,,2024/10/07,
300000003285,1,Protocolo Permanecera em Andamento,00:01:11,Cliente,,N,,,2024/10/07,
300000003286,1,Caixa Postal,00:00:07,Cli,,N,,,2024/10/07,
300000003287,1,Protocolo Permanecera em Andamento,00:00:42,Cliente,,N,,,2024/10/07,
300000003288,1,Caixa Postal,00:00:07,ve,,N,,,2024/10/07,
300000003289,1,Informação,,VE,,N,,,2024/10/07,
300000003290,1,Informação,00:00:52,,,N,,,2024/10/07,
300000003291,1,Caixa Postal,00:00:08,cli,,N,,,2024/10/07,
300000003292,1,URA Pesquisa NPS,00:01:27,Ve,,S,Sim,10.0,2024/10/07,Email5371
300000003293,1,Caixa Postal,00:00:12,cli,,N,,,2024/10/07,
300000003294,1,Caixa Postal,00:00:08,Cli,,N,,,2024/10/07,
300000003295,1,Caixa Postal,00:00:05,Cli,,N,,,2024/10/07,
300000003296,1,Caixa Postal,00:00:13,CLI,,N,,,2024/10/07,
300000003297,1,Caixa Postal,,Cli,,N,,,2024/10/07,
300000003298,1,Responsavel ausente,00:01:09,Cli,,N,,,2024/10/07,
300000003299,1,Caixa Postal,00:00:00,cli,,N,,,2024/10/07,
300000003300,1,Não Atende,,Cli,,N,,,2024/10/07,
300000003301,1,Cliente solicita novo contato,,VE,,N,,,2024/10/07,
300000003302,1,URA Pesquisa NPS,00:01:14,VE,,S,,,2024/10/07,Email48441
300000003303,1,Não Atende,,Cli,,N,,,2024/10/07,
300000003304,1,URA Pesquisa NPS,00:02:42,VE,,S,Sim,10.0,2024/10/07,Email5371
300000003305,1,Caixa Postal,,CLI,,N,,,2024/10/07,
300000003306,1,Caixa Postal,00:00:02,CLI,,N,,,2024/10/07,
300000003307,1,Chamada Não Atendida,,Cli,,N,,,2024/10/07,
300000003308,1,URA Pesquisa NPS,00:00:50,VE,,S,Sim,10.0,2024/10/07,Email296
300000003309,1,Informação,00:06:13,CLI,,N,,,2024/10/07,
300000003310,1,Caixa Postal,00:00:08,VE,,N,,,2024/10/07,
300000003311,1,Caixa Postal,00:00:04,CLI,,N,,,2024/10/07,
300000003312,1,URA Pesquisa NPS,00:00:58,CLI,,S,Sim,10.0,2024/10/07,Email48441
300000003313,1,Chamada Não Atendida,,,,N,,,2024/10/07,
300000003314,1,URA Pesquisa NPS,00:02:35,,,S,,,2024/10/07,Email296
300000003315,1,Caixa Postal,,VE,,N,,,2024/10/07,
300000003316,1,Caixa Postal,00:00:03,Cliente,,N,,,2024/10/07,
300000003317,1,Caixa Postal,00:00:00,Cliente,,N,,,2024/10/07,
300000003318,1,URA Pesquisa NPS,00:01:40,Cli,,S,Sim,10.0,2024/10/07,Email1768
300000003319,1,URA Pesquisa NPS,00:08:04,cli,,S,Sim,10.0,2024/10/07,Email5556
300000003320,1,URA Pesquisa NPS,00:01:28,VE,,S,Sim,10.0,2024/10/07,Email5371
300000003321,1,URA Pesquisa NPS,00:01:15,Cli,,S,Sim,9.0,2024/10/07,Email1615
300000003322,1,URA Pesquisa NPS,00:02:57,CLI,,S,Sim,10.0,2024/10/07,Email364
300000003323,1,Caixa Postal,,Cliente,,N,,,2024/10/07,
300000003324,1,Caixa Postal,,Cliente,,N,,,2024/10/07,
300000003325,1,Chamada Não Atendida,00:00:06,VE ,,N,,,2024/10/07,
300000003326,1,Chamada Não Atendida,,VE ,,N,,,2024/10/07,
300000003327,1,Chamada Não Atendida,00:00:07,VE,,N,,,2024/10/07,
300000003328,1,Chamada Não Atendida,00:00:03,VE,,N,,,2024/10/07,
300000003329,1,Caixa Postal,00:00:08,CLI,,N,,,2024/10/07,
300000003330,1,Não Atende,,Cliente,,N,,,2024/10/07,
300000003331,1,Caixa Postal,00:00:05,Cli,,N,,,2024/10/07,
300000003332,1,Caixa Postal,,Cli,,N,,,2024/10/07,
300000003333,1,Caixa Postal,00:00:06,cli,,N,,,2024/10/07,
300000003334,1,URA Pesquisa NPS,00:02:19,cli,,S,Sim,9.0,2024/10/07,Email48438
300000003335,1,Cliente Desligou,00:00:20,CLI,,N,,,2024/10/07,
300000003336,1,URA Pesquisa NPS,00:02:41,VE,,S,Sim,10.0,2024/10/07,Email1768
300000003337,1,URA Pesquisa NPS,00:00:57,CLI,,S,,,2024/10/07,Email48441
300000003338,1,Caixa Postal,00:00:35,VE,,N,,,2024/10/07,
300000003339,1,Caixa Postal,00:00:01,CLI,,N,,,2024/10/07,
300000003340,1,Caixa Postal,00:00:01,CLI,,N,,,2024/10/07,
300000003341,1,Chamada Não Atendida,,cli,,N,,,2024/10/07,
300000003342,1,Chamada Não Atendida,,cli,,N,,,2024/10/07,
300000003343,1,URA Pesquisa NPS,00:00:45,CLI,,S,Sim,10.0,2024/10/07,Email48441
300000003344,1,Caixa Postal,00:00:09,VE,,N,,,2024/10/07,
300000003345,1,Informação,00:01:40,cli,,N,,,2024/10/07,
300000003346,1,URA Pesquisa NPS,00:00:50,CLI,,S,Sim,10.0,2024/10/04,Email296
300000003347,1,Informação,00:00:06,,,N,,,2024/10/04,
300000003348,1,Informação,00:00:03,,,N,,,2024/10/04,
300000003349,1,Informação,,Cliente,,N,,,2024/10/04,
300000003350,1,Informação,,Cliente,,N,,,2024/10/04,
300000003351,1,Caixa Postal,00:00:04,VE,,N,,,2024/10/04,
300000003352,1,URA Pesquisa NPS,00:01:43,VE,,S,,,2024/10/04,Email296
300000003353,1,Sent To Voicemail,00:00:52,cli,,S,Sim,10.0,2024/10/04,Email48438
300000003354,1,Chamada Não Atendida,00:00:03,VE,,N,,,2024/10/04,
300000003355,1,Ligação Muda,00:00:22,VE,,N,,,2024/10/04,
300000003356,1,Caixa Postal,,CLI,,N,,,2024/10/04,
300000003357,1,Caixa Postal,00:00:07,cli,,N,,,2024/10/04,
300000003358,1,Informação,00:03:55,cli,,N,,,2024/10/04,
300000003359,1,Caixa Postal,00:00:01,VE,,N,,,2024/10/04,
300000003360,1,Chamada Não Atendida,00:00:05,CLI,,N,,,2024/10/04,
300000003361,1,Chamada Não Atendida,,CLI,,N,,,2024/10/04,
300000003362,1,URA Pesquisa NPS,00:01:08,Cli,,S,Sim,10.0,2024/10/04,Email5371
300000003363,1,Caixa Postal,00:00:36,Cliente,,N,,,2024/10/04,
300000003364,1,Chamada Não Atendida,00:00:01,Cli,,N,,,2024/10/04,
300000003365,1,Chamada Não Atendida,,Cli,,N,,,2024/10/04,
300000003366,1,URA Pesquisa NPS,00:00:51,cli,,S,Sim,9.0,2024/10/04,Email296
300000003367,1,Caixa Postal,00:00:05,Cli,,N,,,2024/10/04,
300000003368,1,Caixa Postal,00:00:05,Cli,,N,,,2024/10/04,
300000003369,1,Chamada Não Atendida,,cli,,N,,,2024/10/04,
300000003370,1,Chamada Não Atendida,,cli,,N,,,2024/10/04,
300000003371,1,Caixa Postal,,,,N,,,2024/10/04,
300000003372,1,Caixa Postal,,VE,,N,,,2024/10/04,
300000003373,1,Caixa Postal,,VE,,N,,,2024/10/04,
300000003374,1,Caixa Postal,00:00:00,CLI,,N,,,2024/10/04,
300000003375,1,URA Pesquisa NPS,00:01:37,Cliente ,,S,Sim,1.0,2024/10/04,Email8754
300000003376,1,Caixa Postal,00:00:01,CLI,,N,,,2024/10/04,
300000003377,1,Não Atende,,CLI,,N,,,2024/10/04,
300000003378,1,Sent To Voicemail,00:02:07,CLI,,S,Nao,8.0,2024/10/04,Email296
300000003379,1,Protocolo Permanecera em Andamento,00:02:04,VE,,N,,,2024/10/04,
300000003380,1,Informação,,,,N,,,2024/10/04,
300000003381,1,Caixa Postal,00:00:54,Cli,,N,,,2024/10/04,
300000003382,1,Responsavel ausente,00:02:38,Cli,,N,,,2024/10/04,
300000003383,1,Ligação Muda,,Cliente,,N,,,2024/10/04,
300000003384,1,Caixa Postal,00:00:16,Cli,,N,,,2024/10/04,
300000003385,1,Ocupado,,Cliente,,N,,,2024/10/04,
300000003386,1,Chamada Não Atendida,,Cli,,N,,,2024/10/04,
300000003387,1,Caixa Postal,00:00:01,cli,,N,,,2024/10/04,
300000003388,1,URA Pesquisa NPS,00:07:39,cli,,S,Sim,9.0,2024/10/04,Email48438
300000003389,1,Dados incorretos do cliente,,Cli,,N,,,2024/10/04,
300000003390,1,Caixa Postal,00:00:03,Cli,,N,,,2024/10/04,
300000003391,1,Caixa Postal,,CLI,,N,,,2024/10/04,
300000003392,1,URA Pesquisa NPS,00:02:25,VE,,S,Sim,10.0,2024/10/04,Email5371
300000003393,1,Ligação Muda,,VE,,N,,,2024/10/04,
300000003394,1,Ligação Muda,,VE,,N,,,2024/10/04,
300000003395,1,URA Pesquisa NPS,00:01:01,VE,,S,Sim,10.0,2024/10/04,Email296
300000003396,1,Ligação Muda,,Cliente,,N,,,2024/10/04,
300000003397,1,URA Pesquisa NPS,00:03:46,Cli,,S,,,2024/10/04,Email1768
300000003398,1,Caixa Postal,00:00:04,Cliente,,N,,,2024/10/04,
300000003399,1,Caixa Postal,00:00:02,Cliente,,N,,,2024/10/04,
300000003400,1,Caixa Postal,,CLI,,N,,,2024/10/04,
300000003401,1,Caixa Postal,,CLI,,N,,,2024/10/04,
300000003402,1,URA Pesquisa NPS,00:09:53,Cli,,S,Sim,,2024/10/04,Email19156
300000003403,1,Ocupado,,cli,,N,,,2024/10/04,
300000003404,1,Caixa Postal,,CLI,,N,,,2024/10/04,
300000003405,1,URA Pesquisa NPS,00:03:10,cli,,S,Sim,10.0,2024/10/04,Email48441
300000003406,1,Caixa Postal,00:00:04,CLI,,N,,,2024/10/04,
300000003407,1,Caixa Postal,00:00:00,CLI,,N,,,2024/10/04,
300000003408,1,URA Pesquisa NPS,00:06:44,cliente ,,S,Sim,10.0,2024/10/04,Email48440
300000003409,1,URA Pesquisa NPS,00:02:46,Ve ,,S,Sim,10.0,2024/10/04,Email5371
300000003410,1,Caixa Postal,,Cliente ,,N,,,2024/10/04,
300000003411,1,Caixa Postal,00:00:01,Cliente ,,N,,,2024/10/04,
300000003412,1,Ligação Muda,,Cli,,N,,,2024/10/04,
300000003413,1,Ligação Muda,,Cli,,N,,,2024/10/04,
300000003414,1,Informação,,CLI,,N,,,2024/10/04,
300000003415,1,Caixa Postal,00:00:04,Cli,,N,,,2024/10/04,
300000003416,1,Informação,,CLI,,N,,,2024/10/04,
300000003417,1,Não Atende,,Cliente,,N,,,2024/10/04,
300000003418,1,Caixa Postal,,Cliente,,N,,,2024/10/04,
300000003419,1,Cliente Desligou,00:00:05,CLI,,N,,,2024/10/04,
300000003420,1,URA Pesquisa NPS,00:01:25,CLI,,S,Sim,6.0,2024/10/04,Email296
300000003421,1,URA Pesquisa NPS,00:00:58,cli,,S,Sim,10.0,2024/10/04,Email5556
300000003422,1,Contato de Finalizacao do Protocolo,00:02:54,Cli,,N,,,2024/10/04,
300000003423,1,Caixa Postal,00:00:05,,,N,,,2024/10/04,
300000003424,1,Informação,,VE,,N,,,2024/10/04,
300000003425,1,Informação,,VE,,N,,,2024/10/04,
300000003426,1,URA Pesquisa NPS,00:05:48,VE,,S,,,2024/10/04,Email5371
300000003427,1,Chamada Não Atendida,00:00:03,CLI,,N,,,2024/10/04,
300000003428,1,Chamada Não Atendida,00:00:02,CLI,,N,,,2024/10/04,
300000003429,1,URA Pesquisa NPS,00:02:41,VE,,S,Sim,10.0,2024/10/04,Email296
300000003430,1,URA Pesquisa NPS,00:05:21,VE,,S,Sim,10.0,2024/10/04,Email5556
300000003431,1,URA Pesquisa NPS,00:01:23,VE,,S,Sim,10.0,2024/10/04,Email5371
300000003432,1,URA Pesquisa NPS,00:00:59,cli,,S,,,2024/10/04,Email48440
300000003433,1,URA Pesquisa NPS,00:00:38,VE,,S,,,2024/10/04,Email296
300000003434,1,Informação,,cli,,N,,,2024/10/04,
300000003435,1,Informação,,cli,,N,,,2024/10/04,
300000003436,1,URA Pesquisa NPS,00:02:04,VE,,S,Nao,10.0,2024/10/04,Email296
300000003437,1,URA Pesquisa NPS,00:00:46,cli,,S,,,2024/10/04,Email48440
300000003438,1,Caixa Postal,,Cliente,,N,,,2024/10/04,
300000003439,1,Caixa Postal,00:00:03,,,N,,,2024/10/04,
300000003440,1,Contato de Finalizacao do Protocolo,00:03:06,ve,,N,,,2024/10/04,
300000003441,1,URA Pesquisa NPS,00:01:17,CLI,,S,Sim,9.0,2024/10/04,Email296
300000003442,1,URA Pesquisa NPS,00:01:37,VE,,S,Sim,10.0,2024/10/04,Email5371
300000003443,1,Caixa Postal,00:00:05,Cli,,N,,,2024/10/04,
300000003444,1,Caixa Postal,00:00:00,VE,,N,,,2024/10/04,
300000003445,1,Chamada Não Atendida,,VE,,N,,,2024/10/04,
300000003446,1,Chamada Não Atendida,00:00:05,VE,,N,,,2024/10/04,
300000003447,1,Chamada Não Atendida,00:00:03,VE,,N,,,2024/10/04,
300000003448,1,Informação,00:00:00,,,N,,,2024/10/04,
300000003449,1,URA Pesquisa NPS,00:00:31,CLI,,S,,,2024/10/04,Email296
300000003450,1,Informação,00:00:10,VE,,N,,,2024/10/04,
300000003451,1,Informação,00:00:10,VE,,N,,,2024/10/04,
300000003452,1,Chamada Não Atendida,,CLI,,N,,,2024/10/04,
300000003453,1,Chamada Não Atendida,,CLI,,N,,,2024/10/04,
300000003454,1,Chamada Não Atendida,00:00:05,VE,,N,,,2024/10/04,
300000003455,1,Chamada Não Atendida,,VE,,N,,,2024/10/04,
300000003456,1,Chamada Não Atendida,00:00:09,c,,N,,,2024/10/04,
300000003457,1,URA Pesquisa NPS,00:00:54,VE,,S,Sim,10.0,2024/10/04,Email296
300000003458,1,Informação,,CLI,,N,,,2024/10/04,
300000003459,1,Informação,,CLI,,N,,,2024/10/04,
300000003460,1,Chamada Não Atendida,00:00:03,ve,,N,,,2024/10/04,
300000003461,1,Chamada Não Atendida,,ve,,N,,,2024/10/04,
300000003462,1,URA Pesquisa NPS,00:00:38,VE,,S,Sim,10.0,2024/10/04,Email48441
300000003463,1,Caixa Postal,,cli,,N,,,2024/10/04,
300000003464,1,URA Pesquisa NPS,00:01:28,CLI,,S,Sim,8.0,2024/10/04,Email48439
300000003465,1,Caixa Postal,00:00:03,VE,,N,,,2024/10/04,
300000003466,1,Caixa Postal,,VE,,N,,,2024/10/04,
300000003467,1,Caixa Postal,00:00:01,Cliente,,N,,,2024/10/04,
300000003468,1,Informação,,cli,,N,,,2024/10/04,
300000003469,1,Informação,,cli,,N,,,2024/10/04,
300000003470,1,Não Atende,,cli,,N,,,2024/10/04,
300000003471,1,Informação,00:01:11,VE,,N,,,2024/10/04,
300000003472,1,Caixa Postal,00:00:03,VE,,N,,,2024/10/04,
300000003473,1,Caixa Postal,00:00:06,cli,,N,,,2024/10/04,
300000003474,1,Caixa Postal,00:00:03,cli,,N,,,2024/10/04,
300000003475,1,Caixa Postal,00:00:02,cli,,N,,,2024/10/04,
300000003476,1,URA Pesquisa NPS,00:06:55,Cli,,S,Sim,10.0,2024/10/04,Email5371
300000003477,1,Sent To Voicemail,00:00:35,VE,,S,Sim,10.0,2024/10/04,Email296
300000003478,1,URA Pesquisa NPS,00:00:47,VE,,S,Sim,10.0,2024/10/04,Email48439
300000003479,1,URA Pesquisa NPS,00:01:07,CLI,,S,Sim,10.0,2024/10/04,Email296
300000003480,1,Informação,00:01:46,cli,,N,,,2024/10/04,
300000003481,1,Chamada Não Atendida,,CLI,,N,,,2024/10/04,
300000003482,1,Informação,00:02:14,CLI,,N,,,2024/10/04,
300000003483,1,Chamada Não Atendida,00:00:01,VE,,N,,,2024/10/04,
300000003484,1,Chamada Não Atendida,00:00:03,CLI,,N,,,2024/10/04,
300000003485,1,Caixa Postal,00:00:02,VE,,N,,,2024/10/04,
300000003486,1,Chamada Não Atendida,,CLI,,N,,,2024/10/04,
300000003487,1,Chamada Não Atendida,,CLI,,N,,,2024/10/04,
300000003488,1,URA Pesquisa NPS,00:00:32,Cli,,S,Sim,10.0,2024/10/04,Email5556
300000003489,1,URA Pesquisa NPS,00:15:18,VE,,S,Sim,10.0,2024/10/04,Email4355
300000003490,1,Caixa Postal,,VE,,N,,,2024/10/04,
300000003491,1,Informação,00:00:11,,,N,,,2024/10/04,
300000003492,1,Caixa Postal,00:00:03,VE,,N,,,2024/10/04,
300000003493,1,Caixa Postal,00:00:05,Cli,,N,,,2024/10/04,
300000003494,1,Chamada Não Atendida,,Cli,,N,,,2024/10/04,
300000003495,1,Caixa Postal,00:00:01,Cliente,,N,,,2024/10/04,
300000003496,1,Ocupado,,VE,,N,,,2024/10/04,
300000003497,1,Ocupado,,VE,,N,,,2024/10/04,
300000003498,1,Caixa Postal,00:00:03,CLI,,N,,,2024/10/04,
300000003499,1,Dados incorretos do cliente,,Cliente,,N,,,2024/10/04,
300000003500,1,Chamada Não Atendida,,CLI,,N,,,2024/10/04,
300000003501,1,Informação,,VE,,N,,,2024/10/04,
300000003502,1,Caixa Postal,00:00:09,VE,,N,,,2024/10/04,
300000003503,1,Caixa Postal,00:00:01,VE,,N,,,2024/10/04,
300000003504,1,Caixa Postal,,ve,,N,,,2024/10/04,
300000003505,1,Caixa Postal,00:00:01,VE,,N,,,2024/10/04,
300000003506,1,Cliente solicita novo contato,,ve,,N,,,2024/10/04,
300000003507,1,Cliente solicita novo contato,,VE,,N,,,2024/10/04,
300000003508,1,Não Atende,,cli,,N,,,2024/10/04,
300000003509,1,Caixa Postal,,Cli,,N,,,2024/10/04,
300000003510,1,Caixa Postal,,Cli,,N,,,2024/10/04,
300000003511,1,Ocupado,,cli,,N,,,2024/10/04,
300000003512,1,Caixa Postal,00:00:10,Cli,,N,,,2024/10/04,
300000003513,1,URA Pesquisa NPS,00:03:24,Cli,,S,Nao,5.0,2024/10/04,Email5371
300000003514,1,Não Atende,,Cliente,,N,,,2024/10/04,
300000003515,1,Não Atende,,Cliente,,N,,,2024/10/04,
300000003516,1,URA Pesquisa NPS,00:01:16,cli,,S,,,2024/10/04,Email5556
300000003517,1,Informação,,,,N,,,2024/10/04,
300000003518,1,Não Atende,00:00:42,VE,,N,,,2024/10/04,
300000003519,1,URA Pesquisa NPS,00:00:53,Cliente,,S,Sim,10.0,2024/10/04,Email8754
300000003520,1,URA Pesquisa NPS,00:01:32,cli,,S,,,2024/10/04,Email48438
300000003521,1,Ocupado,,cli,,N,,,2024/10/04,
300000003522,1,Ocupado,,cli,,N,,,2024/10/04,
300000003523,1,Caixa Postal,00:00:03,cli,,N,,,2024/10/04,
300000003524,1,URA Pesquisa NPS,00:00:51,cli,,S,Sim,10.0,2024/10/04,Email48438
300000003525,1,Chamada Não Atendida,00:00:04,VE,,N,,,2024/10/04,
300000003526,1,Chamada Não Atendida,00:00:02,CLI,,N,,,2024/10/04,
300000003527,1,Chamada Não Atendida,00:00:23,CLI,,N,,,2024/10/04,
300000003528,1,Informação,00:00:15,Ve,,N,,,2024/10/04,
300000003529,1,Informação,,Ve,,N,,,2024/10/04,
300000003530,1,Informação,00:00:56,Ve,,N,,,2024/10/04,
300000003531,1,Consulta Status,,cliente,,N,,,2024/10/04,
300000003532,1,Informação,,cliente,,N,,,2024/10/04,
300000003533,1,Caixa Postal,,CLI,,N,,,2024/10/04,
300000003534,1,Caixa Postal,00:00:03,cli,,N,,,2024/10/04,
300000003535,1,Informação,00:05:07,cli,,N,,,2024/10/04,
300000003536,1,URA Pesquisa NPS,00:01:00,Cli,,S,,,2024/10/04,Email288
300000003537,1,URA Pesquisa NPS,00:01:24,cliente ,,S,Sim,10.0,2024/10/04,Email48438
300000003538,1,Caixa Postal,00:00:04,CLI,,N,,,2024/10/04,
300000003539,1,Caixa Postal,00:00:00,CLI,,N,,,2024/10/04,
300000003540,1,Caixa Postal,00:00:01,cli,,N,,,2024/10/04,
300000003541,1,Não Atende,,cli,,N,,,2024/10/04,
300000003542,1,Chamada Não Atendida,00:00:00,Cli,,N,,,2024/10/03,
300000003543,1,URA Pesquisa NPS,00:06:48,Cli,,S,Sim,9.0,2024/10/03,Email1768
300000003544,1,URA Pesquisa NPS,00:03:04,VE,,S,Sim,10.0,2024/10/03,Email296
300000003545,1,Caixa Postal,00:00:10,cli,,N,,,2024/10/03,
300000003546,1,URA Pesquisa NPS,00:03:47,cli ,,S,Sim,10.0,2024/10/03,Email48439
300000003547,1,URA Pesquisa NPS,00:01:40,cli,,S,Sim,10.0,2024/10/03,Email5556
300000003548,1,Não Atende,,cliente,,N,,,2024/10/03,
300000003549,1,Informação,,Cli,,N,,,2024/10/03,
300000003550,1,Informação,,Cli,,N,,,2024/10/03,
300000003551,1,Não Atende,,Cli,,N,,,2024/10/03,
300000003552,1,Contato de Finalizacao do Protocolo,00:02:32,Cli,,N,,,2024/10/03,
300000003553,1,URA Pesquisa NPS,00:04:38,ve,,S,Sim,10.0,2024/10/03,Email296
300000003554,1,URA Pesquisa NPS,00:02:04,VE,,S,Sim,10.0,2024/10/03,Email48439
300000003555,1,Caixa Postal,00:00:04,cli,,N,,,2024/10/03,
300000003556,1,Cliente Desligou,00:00:12,Cli,,N,,,2024/10/03,
300000003557,1,Caixa Postal,,VE,,N,,,2024/10/03,
300000003558,1,Cliente Desligou,00:00:35,Cli,,N,,,2024/10/03,
300000003559,1,Caixa Postal,,VE,,N,,,2024/10/03,
300000003560,1,Caixa Postal,00:00:09,Cli,,N,,,2024/10/03,
300000003561,1,URA Pesquisa NPS,00:05:58,VE,,S,Nao,,2024/10/03,Email1768
300000003562,1,Caixa Postal,,CLI,,N,,,2024/10/03,
300000003563,1,URA Pesquisa NPS,00:00:57,ve,,S,,,2024/10/03,Email48439
300000003564,1,Caixa Postal,00:00:10,Cli,,N,,,2024/10/03,
300000003565,1,URA Pesquisa NPS,00:05:47,VE,,S,,,2024/10/03,Email19156
300000003566,1,Ligação Muda,,VE,,N,,,2024/10/03,
300000003567,1,URA Pesquisa NPS,00:02:03,VE,,S,Sim,10.0,2024/10/03,Email296
300000003568,1,Caixa Postal,,CLI,,N,,,2024/10/03,
300000003569,1,Caixa Postal,00:00:06,Cli,,N,,,2024/10/03,
300000003570,1,Caixa Postal,,Cli,,N,,,2024/10/03,
300000003571,1,Caixa Postal,,CLI,,N,,,2024/10/03,
300000003572,1,Caixa Postal,00:00:04,VE,,N,,,2024/10/03,
300000003573,1,Caixa Postal,00:00:03,VE,,N,,,2024/10/03,
300000003574,1,Chamada Não Atendida,,CLI,,N,,,2024/10/03,
300000003575,1,Chamada Não Atendida,,CLI,,N,,,2024/10/03,
300000003576,1,URA Pesquisa NPS,00:00:50,VE,,S,Sim,9.0,2024/10/03,Email296
300000003577,1,URA Pesquisa NPS,00:00:58,VE,,S,Sim,10.0,2024/10/03,Email5371
300000003578,1,Ligação Muda,,CLI,,N,,,2024/10/03,
300000003579,1,Informação,00:07:40,cli,,N,,,2024/10/03,
300000003580,1,URA Pesquisa NPS,00:00:48,VE,,S,Sim,10.0,2024/10/03,Email5371
300000003581,1,URA Pesquisa NPS,00:01:32,Cli,,S,Sim,10.0,2024/10/03,Email19156
300000003582,1,Caixa Postal,00:00:00,CLI,,N,,,2024/10/03,
300000003583,1,URA Pesquisa NPS,00:01:10,CLI,,S,Sim,10.0,2024/10/03,Email48441
300000003584,1,Caixa Postal,,VE,,N,,,2024/10/03,
300000003585,1,Caixa Postal,,VE,,N,,,2024/10/03,
300000003586,1,Caixa Postal,00:00:00,VE,,N,,,2024/10/03,
300000003587,1,Não Atende,,CLI,,N,,,2024/10/03,
300000003588,1,URA Pesquisa NPS,00:01:33,VE,,S,Sim,10.0,2024/10/03,Email296
300000003589,1,Não Atende,,cliente,,N,,,2024/10/03,
300000003590,1,Não Atende,,cliente,,N,,,2024/10/03,
300000003591,1,URA Pesquisa NPS,00:01:23,CLI,,S,Sim,8.0,2024/10/03,Email306
300000003592,1,Não Atende,,cli,,N,,,2024/10/03,
300000003593,1,Caixa Postal,00:00:09,CLI,,N,,,2024/10/03,
300000003594,1,URA Pesquisa NPS,00:03:50,Cli,,S,Sim,10.0,2024/10/03,Email13137
300000003595,1,Caixa Postal,00:00:00,CLI,,N,,,2024/10/03,
300000003596,1,Caixa Postal,00:00:05,VE,,N,,,2024/10/03,
300000003597,1,Caixa Postal,,CLI,,N,,,2024/10/03,
300000003598,1,Caixa Postal,,VE,,N,,,2024/10/03,
300000003599,1,URA Pesquisa NPS,00:01:10,VE,,S,Sim,10.0,2024/10/03,Email5371
300000003600,1,Ligação Muda,,VE,,N,,,2024/10/03,
300000003601,1,Ligação Muda,00:00:00,VE,,N,,,2024/10/03,
300000003602,1,Ligação Muda,00:00:03,VE,,N,,,2024/10/03,
300000003603,1,Ocupado,,CLI,,N,,,2024/10/03,
300000003604,1,Chamada Não Atendida,,Cli,,N,,,2024/10/03,
300000003605,1,Chamada Não Atendida,,CLI,,N,,,2024/10/03,
300000003606,1,Chamada Não Atendida,,Cli,,N,,,2024/10/03,
300000003607,1,Informação,00:08:43,Cliente,,N,,,2024/10/03,
300000003608,1,URA Pesquisa NPS,00:01:58,cli,,S,Sim,10.0,2024/10/03,Email306
300000003609,1,Caixa Postal,00:00:01,VE,,N,,,2024/10/03,
300000003610,1,URA Pesquisa NPS,00:02:21,CLI,,S,Sim,10.0,2024/10/03,Email5556
300000003611,1,URA Pesquisa NPS,00:02:04,VE,,S,Sim,10.0,2024/10/03,Email296
300000003612,1,Caixa Postal,00:00:10,VE,,N,,,2024/10/03,
300000003613,1,Caixa Postal,,CLI,,N,,,2024/10/03,
300000003614,1,Caixa Postal,00:00:01,Cli,,N,,,2024/10/03,
300000003615,1,Caixa Postal,00:00:08,VE,,N,,,2024/10/03,
300000003616,1,Caixa Postal,,VE,,N,,,2024/10/03,
300000003617,1,Caixa Postal,,CLI,,N,,,2024/10/03,
300000003618,1,Chamada Não Atendida,,CLI,,N,,,2024/10/03,
300000003619,1,Chamada Não Atendida,,CLI,,N,,,2024/10/03,
300000003620,1,URA Pesquisa NPS,00:09:39,Cli,,S,,,2024/10/03,Email1768
300000003621,1,Caixa Postal,,Cli,,N,,,2024/10/03,
300000003622,1,Caixa Postal,00:00:04,cliente ,,N,,,2024/10/03,
300000003623,1,Caixa Postal,00:00:17,Cli,,N,,,2024/10/03,
300000003624,1,Ocupado,,Cli,,N,,,2024/10/03,
300000003625,1,Ocupado,,Cli,,N,,,2024/10/03,
300000003626,1,Não Atende,,Cli,,N,,,2024/10/03,
300000003627,1,Caixa Postal,00:00:08,Cli,,N,,,2024/10/03,
300000003628,1,Caixa Postal,00:00:08,VE,,N,,,2024/10/03,
300000003629,1,Ligação Muda,,CLI,,N,,,2024/10/03,
300000003630,1,Caixa Postal,00:00:02,CLI,,N,,,2024/10/03,
300000003631,1,Caixa Postal,,CLI,,N,,,2024/10/03,
300000003632,1,Caixa Postal,00:00:03,CLI,,N,,,2024/10/03,
300000003633,1,Caixa Postal,,CLI,,N,,,2024/10/03,
300000003634,1,Caixa Postal,,CLI,,N,,,2024/10/03,
300000003635,1,Caixa Postal,,CLI,,N,,,2024/10/03,
300000003636,1,Caixa Postal,00:00:03,Cli,,N,,,2024/10/03,
300000003637,1,Caixa Postal,,VE,,N,,,2024/10/03,
300000003638,1,Caixa Postal,00:00:03,CLI,,N,,,2024/10/03,
300000003639,1,Caixa Postal,00:00:06,VE,,N,,,2024/10/03,
300000003640,1,Informação,00:00:17,cliente,,N,,,2024/10/03,
300000003641,1,Informação,00:00:13,cliente,,N,,,2024/10/03,
300000003642,1,Ligação Muda,00:00:21,Cli,,N,,,2024/10/03,
300000003643,1,URA Pesquisa NPS,00:01:15,Cliente ,,S,Sim,10.0,2024/10/03,Email8754
300000003644,1,Caixa Postal,00:00:17,cli,,N,,,2024/10/03,
300000003645,1,URA Pesquisa NPS,00:02:57,cli,,S,,,2024/10/03,Email48438
300000003646,1,Caixa Postal,00:00:14,cli,,N,,,2024/10/03,
300000003647,1,URA Pesquisa NPS,00:03:34,VE,,S,Sim,10.0,2024/10/03,Email5371
300000003648,1,Caixa Postal,,Clie,,N,,,2024/10/03,
300000003649,1,Caixa Postal,00:00:02,ve,,N,,,2024/10/03,
300000003650,1,URA Pesquisa NPS,00:03:06,Clie,,S,Sim,1.0,2024/10/03,Email5371
300000003651,1,Não Atende,,Cli,,N,,,2024/10/03,
300000003652,1,Informação,,cli,,N,,,2024/10/03,
300000003653,1,Informação,,cli,,N,,,2024/10/03,
300000003654,1,URA Pesquisa NPS,00:01:05,Clie,,S,,,2024/10/03,Email5371
300000003655,1,Informação,,cli,,N,,,2024/10/03,
300000003656,1,Informação,,cli,,N,,,2024/10/03,
300000003657,1,Informação,,cli,,N,,,2024/10/03,
300000003658,1,Não Atende,,Vendedor ,,N,,,2024/10/03,
300000003659,1,Dados incorretos do cliente,,cliente,,N,,,2024/10/03,
300000003660,1,URA Pesquisa NPS,00:02:53,Vendedor ,,S,Sim,10.0,2024/10/03,Email8754
300000003661,1,Caixa Postal,00:00:04,Cli,,N,,,2024/10/03,
300000003662,1,Caixa Postal,00:00:07,Cli,,N,,,2024/10/03,
300000003663,1,Caixa Postal,00:00:02,CLI,,N,,,2024/10/03,
300000003664,1,Caixa Postal,00:00:04,VE,,N,,,2024/10/03,
300000003665,1,Ligação Muda,00:00:13,Cli,,N,,,2024/10/03,
300000003666,1,Não Atende,,cliente,,N,,,2024/10/03,
300000003667,1,Não Atende,,Cliente,,N,,,2024/10/03,
300000003668,1,Caixa Postal,00:00:00,CLI,,N,,,2024/10/03,
300000003669,1,URA Pesquisa NPS,00:00:39,CLI,,S,Sim,10.0,2024/10/03,Email48441
300000003670,1,Chamada Não Atendida,00:00:01,CLI,,N,,,2024/10/03,
300000003671,1,URA Pesquisa NPS,00:00:36,CLI,,S,Sim,10.0,2024/10/03,Email296
300000003672,1,Caixa Postal,00:00:00,CLI,,N,,,2024/10/03,
300000003673,1,Caixa Postal,,CLI,,N,,,2024/10/03,
300000003674,1,Caixa Postal,,CLI,,N,,,2024/10/03,
300000003675,1,Informação,00:00:10,ve,,N,,,2024/10/03,
300000003676,1,Informação,,ve,,N,,,2024/10/03,
300000003677,1,Ocupado,,VE,,N,,,2024/10/03,
300000003678,1,Cliente solicita novo contato,,VE,,N,,,2024/10/03,
300000003679,1,Ocupado,,VE,,N,,,2024/10/03,
300000003680,1,Caixa Postal,00:00:05,Cli,,N,,,2024/10/03,
300000003681,1,Informação,00:00:44,VE,,N,,,2024/10/03,
300000003682,1,URA Pesquisa NPS,00:00:46,VE,,S,Sim,10.0,2024/10/03,Email48440
300000003683,1,URA Pesquisa NPS,00:03:20,VE,,S,Sim,10.0,2024/10/03,Email48440
300000003684,1,Informação,,cli,,N,,,2024/10/03,
300000003685,1,Informação,,cli,,N,,,2024/10/03,
300000003686,1,Informação,00:00:06,Cli,,N,,,2024/10/03,
300000003687,1,Informação,,Cli,,N,,,2024/10/03,
300000003688,1,Cliente Desligou,00:15:21,Cli,,N,,,2024/10/03,
300000003689,1,Cliente solicita novo contato,,CLI,,N,,,2024/10/03,
300000003690,1,Cliente solicita novo contato,,CLI,,N,,,2024/10/03,
300000003691,1,URA Pesquisa NPS,00:01:17,CLI,,S,,,2024/10/03,Email48441
300000003692,1,Sent To Voicemail,00:00:51,VE,,S,Sim,10.0,2024/10/03,Email5371
300000003693,1,Ocupado,,VE,,N,,,2024/10/03,
300000003694,1,Caixa Postal,00:00:05,CLI,,N,,,2024/10/03,
300000003695,1,URA Pesquisa NPS,00:00:58,VE,,S,Sim,10.0,2024/10/03,Email5371
300000003696,1,URA Pesquisa NPS,00:01:04,VE,,S,Sim,7.0,2024/10/03,Email48441
300000003697,1,Cliente Desligou,00:00:04,CLI,,N,,,2024/10/03,
300000003698,1,Sent To Voicemail,00:01:31,CLI,,S,Sim,10.0,2024/10/03,Email364
300000003699,1,Caixa Postal,00:00:01,VE,,N,,,2024/10/03,
300000003700,1,Caixa Postal,,VE,,N,,,2024/10/03,
300000003701,1,Protocolo Permanecera em Andamento,00:14:16,VE,,N,,,2024/10/03,
300000003702,1,Informação,,,,N,,,2024/10/03,
300000003703,1,Caixa Postal,00:00:07,Cli,,N,,,2024/10/03,
300000003704,1,Informação,00:02:23,Cliente,,N,,,2024/10/03,
300000003705,1,Informação,,Cliente,,N,,,2024/10/03,
300000003706,1,Caixa Postal,00:00:21,cli,,N,,,2024/10/03,
300000003707,1,Não Atende,,cli,,N,,,2024/10/03,
300000003708,1,Não Atende,,cli,,N,,,2024/10/03,
300000003709,1,Informação,,,,N,,,2024/10/02,
300000003710,1,Informação,,,,N,,,2024/10/02,
300000003711,1,URA Pesquisa NPS,00:02:42,,,S,,,2024/10/02,Email4355
300000003712,1,URA Pesquisa NPS,00:02:21,VE,,S,Sim,10.0,2024/10/02,Email19156
300000003713,1,Caixa Postal,00:00:08,VE,,N,,,2024/10/02,
300000003714,1,Informação,00:00:10,,,N,,,2024/10/02,
300000003715,1,Responsavel ausente,00:00:29,Cli,,N,,,2024/10/02,
300000003716,1,Cliente Desligou,00:01:09,CLI,,N,,,2024/10/02,
300000003717,1,Chamada Não Atendida,,VE,,N,,,2024/10/02,
300000003718,1,Chamada Não Atendida,,VE,,N,,,2024/10/02,
300000003719,1,URA Pesquisa NPS,00:01:16,CLI,,S,Sim,10.0,2024/10/02,Email48441
300000003720,1,Chamada Não Atendida,,VE,,N,,,2024/10/02,
300000003721,1,URA Pesquisa NPS,00:03:00,CLI,,S,Sim,9.0,2024/10/02,Email306
300000003722,1,Ligação Muda,,VE,,N,,,2024/10/02,
300000003723,1,Chamada Não Atendida,,,,N,,,2024/10/02,
300000003724,1,Contato de Finalizacao do Protocolo,00:04:48,Clie,,N,,,2024/10/02,
300000003725,1,Ocupado,,VE,,N,,,2024/10/02,
300000003726,1,URA Pesquisa NPS,00:01:06,VE,,S,Sim,9.0,2024/10/02,Email48440
300000003727,1,Caixa Postal,00:00:00,VE,,N,,,2024/10/02,
300000003728,1,Caixa Postal,,VE,,N,,,2024/10/02,
300000003729,1,Caixa Postal,00:00:03,cli,,N,,,2024/10/02,
300000003730,1,Ocupado,,VE,,N,,,2024/10/02,
300000003731,1,Ocupado,,VE,,N,,,2024/10/02,
300000003732,1,Ocupado,,VE,,N,,,2024/10/02,
300000003733,1,Caixa Postal,00:00:14,cli,,N,,,2024/10/02,
300000003734,1,Caixa Postal,00:00:07,cli,,N,,,2024/10/02,
300000003735,1,URA Pesquisa NPS,00:01:51,cli,,S,Sim,9.0,2024/10/02,Email48438
300000003736,1,Caixa Postal,00:00:19,CLI,,N,,,2024/10/02,
300000003737,1,URA Pesquisa NPS,00:04:52,VE,,S,,,2024/10/02,Email19156
300000003738,1,Informação,00:00:10,VE,,N,,,2024/10/02,
300000003739,1,Informação,,VE,,N,,,2024/10/02,
300000003740,1,Informação,,,,N,,,2024/10/02,
300000003741,1,URA Pesquisa NPS,00:02:36,cli,,S,,,2024/10/02,Email48438
300000003742,1,URA Pesquisa NPS,00:03:19,VE,,S,Sim,1.0,2024/10/02,Email5556
300000003743,1,Ligação Muda,,cliente,,N,,,2024/10/02,
300000003744,1,Contato de Finalizacao do Protocolo,00:02:35,cliente,,N,,,2024/10/02,
300000003745,1,URA Pesquisa NPS,00:03:30,CLI,,S,Sim,,2024/10/02,Email48440
300000003746,1,Caixa Postal,00:00:02,cli,,N,,,2024/10/02,
300000003747,1,Caixa Postal,00:00:04,cli,,N,,,2024/10/02,
300000003748,1,Caixa Postal,00:00:05,cli,,N,,,2024/10/02,
300000003749,1,URA Pesquisa NPS,00:01:48,VE,,S,Sim,10.0,2024/10/02,Email296
300000003750,1,Caixa Postal,00:00:03,cli,,N,,,2024/10/02,
300000003751,1,URA Pesquisa NPS,00:01:20,cli,,S,Sim,10.0,2024/10/02,Email48438
300000003752,1,URA Pesquisa NPS,00:00:55,VE,,S,Sim,10.0,2024/10/02,Email5371
300000003753,1,Informação,00:10:43,DTM,,N,,,2024/10/02,
300000003754,1,Caixa Postal,00:00:12,Cli,,N,,,2024/10/02,
300000003755,1,Caixa Postal,00:00:02,Cli,,N,,,2024/10/02,
300000003756,1,Caixa Postal,,cli,,N,,,2024/10/02,
300000003757,1,Caixa Postal,00:00:01,Cli,,N,,,2024/10/02,
300000003758,1,Caixa Postal,,Cli,,N,,,2024/10/02,
300000003759,1,Não Atende,,Cli,,N,,,2024/10/02,
300000003760,1,Informação,00:02:38,cli,,N,,,2024/10/02,
300000003761,1,URA Pesquisa NPS,00:07:28,Cli,,S,,,2024/10/02,Email5371
300000003762,1,URA Pesquisa NPS,00:10:28,CLI,,S,,,2024/10/02,Email19156
300000003763,1,Caixa Postal,00:00:01,cli,,N,,,2024/10/02,
300000003764,1,Caixa Postal,00:00:03,,,N,,,2024/10/02,
300000003765,1,URA Pesquisa NPS,00:03:48,VE,,S,Sim,10.0,2024/10/02,Email5371
300000003766,1,URA Pesquisa NPS,00:05:14,VE,,S,Sim,10.0,2024/10/02,Email5371
300000003767,1,Chamada Não Atendida,,Cli,,N,,,2024/10/02,
300000003768,1,Informação,,,,N,,,2024/10/02,
300000003769,1,Chamada Não Atendida,,Cli,,N,,,2024/10/02,
300000003770,1,Cliente solicita novo contato,00:00:16,cli,,N,,,2024/10/02,
300000003771,1,Caixa Postal,00:00:06,cli,,N,,,2024/10/02,
300000003772,1,Informação,,,,N,,,2024/10/02,
300000003773,1,Caixa Postal,00:00:18,Cli,,N,,,2024/10/02,
300000003774,1,Caixa Postal,00:00:06,Cli,,N,,,2024/10/02,
300000003775,1,Caixa Postal,,,,N,,,2024/10/02,
300000003776,1,Informação,00:00:02,Cli,,N,,,2024/10/02,
300000003777,1,Informação,00:00:07,Cli,,N,,,2024/10/02,
300000003778,1,Informação,00:00:06,cli,,N,,,2024/10/02,
300000003779,1,URA Pesquisa NPS,00:01:30,cli,,S,Sim,10.0,2024/10/02,Email48440
300000003780,1,Caixa Postal,00:00:12,cli,,N,,,2024/10/02,
300000003781,1,Chamada Não Atendida,00:00:00,Cli,,N,,,2024/10/02,
300000003782,1,URA Pesquisa NPS,00:06:53,Vendedor,,S,Sim,10.0,2024/10/02,Email4355
300000003783,1,Chamada Não Atendida,,Cli,,N,,,2024/10/02,
300000003784,1,Informação,00:00:00,VE,,N,,,2024/10/02,
300000003785,1,URA Pesquisa NPS,00:01:27,VE,,S,,,2024/10/01,Email1768
300000003786,1,Chamada Não Atendida,00:00:04,VE,,N,,,2024/10/01,
300000003787,1,Chamada Não Atendida,,VE,,N,,,2024/10/01,
300000003788,1,Contato de Finalizacao do Protocolo,00:00:57,VE,,N,,,2024/10/01,
300000003789,1,Sent To Voicemail,00:00:43,VE,,S,Sim,10.0,2024/10/01,Email288
300000003790,1,Protocolo Permanecera em Andamento,00:05:43,CLI,,N,,,2024/10/01,
300000003791,1,Caixa Postal,00:00:04,Cli,,N,,,2024/10/01,
300000003792,1,URA Pesquisa NPS,00:00:50,CLI,,S,Sim,9.0,2024/10/01,Email288
300000003793,1,Caixa Postal,00:00:13,Cli,,N,,,2024/10/01,
300000003794,1,URA Pesquisa NPS,00:01:49,CLI,,S,Sim,10.0,2024/10/01,Email296
300000003795,1,Caixa Postal,,cli,,N,,,2024/10/01,
300000003796,1,Caixa Postal,00:00:13,Cli,,N,,,2024/10/01,
300000003797,1,Chamada Não Atendida,00:00:09,Cli,,N,,,2024/10/01,
300000003798,1,Não Atende,,cliente,,N,,,2024/10/01,
300000003799,1,Informação,00:02:42,CLI,,N,,,2024/10/01,
300000003800,1,Contato de Finalizacao do Protocolo,00:02:18,VE,,N,,,2024/10/01,
300000003801,1,Caixa Postal,00:00:04,Cliente,,N,,,2024/10/01,
300000003802,1,Caixa Postal,00:00:02,Cliente,,N,,,2024/10/01,
300000003803,1,Caixa Postal,00:00:18,CLI,,N,,,2024/10/01,
300000003804,1,Informação,00:01:17,CLI,,N,,,2024/10/01,
300000003805,1,URA Pesquisa NPS,00:02:48,ve,,S,,,2024/10/01,Email4355
300000003806,1,Caixa Postal,,cli,,N,,,2024/10/01,
300000003807,1,Caixa Postal,,,,N,,,2024/10/01,
300000003808,1,Caixa Postal,,,,N,,,2024/10/01,
300000003809,1,Caixa Postal,,,,N,,,2024/10/01,
300000003810,1,Dados incorretos do cliente,00:00:21,CLI,,N,,,2024/10/01,
300000003811,1,URA Pesquisa NPS,00:01:18,CLI,,S,Sim,10.0,2024/10/01,Email364
300000003812,1,Chamada Não Atendida,,VE,,N,,,2024/10/01,
300000003813,1,Chamada Não Atendida,,VE,,N,,,2024/10/01,
300000003814,1,Chamada Não Atendida,,CLI,,N,,,2024/10/01,
300000003815,1,Caixa Postal,,CLI,,N,,,2024/10/01,
300000003816,1,Caixa Postal,,CLI,,N,,,2024/10/01,
300000003817,1,Caixa Postal,00:00:01,CLI,,N,,,2024/10/01,
300000003818,1,Caixa Postal,00:01:46,CLI,,N,,,2024/10/01,
300000003819,1,URA Pesquisa NPS,00:11:28,VE,,S,Sim,10.0,2024/10/01,Email1768
300000003820,1,Chamada Não Atendida,00:00:04,VE,,N,,,2024/10/01,
300000003821,1,Chamada Não Atendida,,VE,,N,,,2024/10/01,
300000003822,1,Informação,,,,N,,,2024/10/01,
300000003823,1,Não Atende,,cli,,N,,,2024/10/01,
300000003824,1,Caixa Postal,,cli,,N,,,2024/10/01,
300000003825,1,Não Atende,,cli,,N,,,2024/10/01,
300000003826,1,Caixa Postal,,Cli,,N,,,2024/10/01,
300000003827,1,Caixa Postal,00:00:05,Cli,,N,,,2024/10/01,
300000003828,1,Não Atende,,cli,,N,,,2024/10/01,
300000003829,1,URA Pesquisa NPS,00:04:13,Cli,,S,Sim,9.0,2024/10/01,Email1768
300000003830,1,Informação,00:00:07,Cli,,N,,,2024/10/01,
300000003831,1,URA Pesquisa NPS,00:01:14,Cli,,S,Sim,6.0,2024/10/01,Email288
300000003832,1,Informação,00:00:01,cli,,N,,,2024/10/01,
300000003833,1,URA Pesquisa NPS,00:00:59,cli,,S,Sim,10.0,2024/10/01,Email5556
300000003834,1,URA Pesquisa NPS,00:14:19,CLI,,S,Sim,9.0,2024/10/01,Email306
300000003835,1,URA Pesquisa NPS,00:05:38,cli,,S,,,2024/10/01,Email48440
300000003836,1,Chamada Não Atendida,00:00:03,CLI,,N,,,2024/10/01,
300000003837,1,Caixa Postal,00:00:11,cli,,N,,,2024/10/01,
300000003838,1,Chamada Não Atendida,,CLI,,N,,,2024/10/01,
300000003839,1,Caixa Postal,,VE,,N,,,2024/10/01,
300000003840,1,URA Pesquisa NPS,00:02:08,cli,,S,Sim,10.0,2024/10/01,Email5556
300000003841,1,URA Pesquisa NPS,00:01:33,cli,,S,,,2024/10/01,Email4355
300000003842,1,Caixa Postal,00:00:04,,,N,,,2024/10/01,
300000003843,1,Informação,,VE,,N,,,2024/10/01,
300000003844,1,URA Pesquisa NPS,00:01:06,cli,,S,,,2024/10/01,Email48440
300000003845,1,URA Pesquisa NPS,00:08:29,cli,,S,,,2024/10/01,Email48438
300000003846,1,URA Pesquisa NPS,00:05:32,VE,,S,Sim,9.0,2024/10/01,Email296
300000003847,1,Caixa Postal,00:00:09,3808336,,N,,,2024/10/01,
300000003848,1,Caixa Postal,00:00:03,VE,,N,,,2024/10/01,
300000003849,1,Atendimento exclusivo por email,,CLI,,N,,,2024/10/01,
300000003850,1,Informação,00:01:27,VE,,N,,,2024/10/01,
300000003851,1,Chamada Não Atendida,00:00:03,VE,,N,,,2024/10/01,
300000003852,1,Chamada Não Atendida,,VE,,N,,,2024/10/01,
300000003853,1,Informação,,VE,,N,,,2024/10/01,
300000003854,1,Chamada Não Atendida,,VE,,N,,,2024/10/01,
300000003855,1,Caixa Postal,00:00:20,CLI,,N,,,2024/10/01,
300000003856,1,Caixa Postal,00:00:11,CLI,,N,,,2024/10/01,
300000003857,1,URA Pesquisa NPS,00:04:37,CLI ,,S,Sim,9.0,2024/10/01,Email306
300000003858,1,Chamada Não Atendida,00:00:03,VE,,N,,,2024/10/01,
300000003859,1,Informação,,CLI,,N,,,2024/10/01,
300000003860,1,Caixa Postal,00:00:03,cli,,N,,,2024/10/01,
300000003861,1,Informação,00:02:50,cli,,N,,,2024/10/01,
300000003862,1,Caixa Postal,00:00:04,VE,,N,,,2024/10/01,
300000003863,1,Informação,,VE,,N,,,2024/10/01,
300000003864,1,Caixa Postal,00:00:03,CLI,,N,,,2024/10/01,
300000003865,1,Informação,00:02:52,cli,,N,,,2024/10/01,
300000003866,1,Caixa Postal,00:00:03,cli,,N,,,2024/10/01,
300000003867,1,Caixa Postal,00:00:12,cli,,N,,,2024/10/01,
300000003868,1,Informação,,cli,,N,,,2024/10/01,
300000003869,1,URA Pesquisa NPS,00:02:07,VE,,S,Sim,10.0,2024/10/01,Email296
300000003870,1,Caixa Postal,,CLI,,N,,,2024/10/01,
300000003871,1,Informação,00:00:04,VE,,N,,,2024/10/01,
300000003872,1,URA Pesquisa NPS,00:03:49,CLI,,S,Sim,10.0,2024/10/01,Email5556
300000003873,1,URA Pesquisa NPS,00:02:03,cli,,S,,,2024/10/01,Email48440
300000003874,1,URA Pesquisa NPS,00:01:46,Cliente ,,S,Sim,10.0,2024/10/01,Email48438
300000003875,1,Cliente Desligou,00:00:33,Cli,,N,,,2024/10/01,
300000003876,1,Cliente Desligou,00:00:15,Cli,,N,,,2024/10/01,
300000003877,1,Caixa Postal,,Ve,,N,,,2024/10/01,
300000003878,1,Informação,00:00:55,,,N,,,2024/10/01,
300000003879,1,URA Pesquisa NPS,00:06:22,Cli,,S,Sim,9.0,2024/10/01,Email1768
300000003880,1,Caixa Postal,00:00:10,VE,,N,,,2024/10/01,
300000003881,1,Caixa Postal,00:00:10,VE,,N,,,2024/10/01,
300000003882,1,Caixa Postal,00:00:08,VE ,,N,,,2024/10/01,
300000003883,1,Informação,00:00:16,Vendedor ,,N,,,2024/10/01,
300000003884,1,Informação,00:00:03,Vendedor ,,N,,,2024/10/01,
300000003885,1,URA Pesquisa NPS,00:10:50,VE,,S,Sim,10.0,2024/10/01,Email4355
300000003886,1,Chamada Não Atendida,,VE,,N,,,2024/10/01,
300000003887,1,Sent To Voicemail,00:02:51,Ve ,,S,Sim,10.0,2024/10/01,Email5371
300000003888,1,URA Pesquisa NPS,00:03:25,VE,,S,Sim,10.0,2024/10/01,Email1768
300000003889,1,Caixa Postal,00:00:07,CLI ,,N,,,2024/10/01,
300000003890,1,Informação,00:05:08,CLI,,N,,,2024/10/01,
300000003891,1,Informação,,Cliente ,,N,,,2024/10/01,
300000003892,1,Informação,,Cliente ,,N,,,2024/10/01,
300000003893,1,Chamada Não Atendida,00:00:03,VE,,N,,,2024/10/01,
300000003894,1,Chamada Não Atendida,00:00:03,VE,,N,,,2024/10/01,
300000003895,1,URA Pesquisa NPS,00:00:49,CLI,,S,,,2024/10/01,Email296
300000003896,1,Informação,00:00:27,cli ,,N,,,2024/10/01,
300000003897,1,URA Pesquisa NPS,00:02:04,cli ,,S,,,2024/10/01,Email48440
300000003898,1,Informação,,,,N,,,2024/10/01,
300000003899,1,Informação,,,,N,,,2024/10/01,
300000003900,1,Informação,,VE,,N,,,2024/10/01,
300000003901,1,Informação,,VE,,N,,,2024/10/01,
300000003902,1,Protocolo Permanecera em Andamento,00:02:20,VE,,N,,,2024/10/01,
300000003903,1,Informação,,CLI,,N,,,2024/10/01,
300000003904,1,Informação,,CLI,,N,,,2024/10/01,
