CALL ID,CALLS,DISPOSITION,TALK TIME,Devolutiva,Custom.Numero_CAP,Custom.Transfer_NPS,Custom.NPS_Solicitacao,Custom.NPS_Nota,DATE,Custom.Analista
300000007158,1,Caixa Postal,00:00:11,,1000000086366,N,,,2025/03/31,
300000007159,1,Caixa Postal,,Cli,1000000086337,N,,,2025/03/31,
300000007160,1,Caixa Postal,,Cli,1000000086337,N,,,2025/03/31,
300000007161,1,Caixa Postal,00:00:05,,1000000086366,N,,,2025/03/31,
300000007162,1,Caixa Postal,00:00:12,Cli,1000000085277,N,,,2025/03/31,
300000007163,1,Caixa Postal,00:00:05,Cli,1000000085277,N,,,2025/03/31,
300000007164,1,Cliente Desligou,00:00:04,,1000000085671,N,,,2025/03/31,
300000007165,1,Cliente Desligou,00:00:01,,,N,,,2025/03/31,
300000007166,1,Caixa Postal,00:00:03,,,N,,,2025/03/31,
300000007167,1,Caixa Postal,00:00:06,,,N,,,2025/03/31,
300000007168,1,Caixa Postal,00:00:03,,,N,,,2025/03/31,
300000007169,1,Caixa Postal,00:00:01,cli,1000000086335,N,,,2025/03/31,
300000007170,1,Caixa Postal,00:00:01,cli,1000000086335,N,,,2025/03/31,
300000007171,1,Caixa Postal,00:00:01,cli,1000000086335,N,,,2025/03/31,
300000007172,1,Ligação Muda,00:00:07,,1000000085671,N,,,2025/03/31,
300000007173,1,Agent Error,00:01:44,,,N,,,2025/03/31,
300000007174,1,Caixa Postal,00:00:07,CLI,,N,,,2025/03/31,
300000007175,1,Caixa Postal,,CLI,,N,,,2025/03/31,
300000007176,1,Informação,,,,N,,,2025/03/31,
300000007177,1,Caixa Postal,00:00:04,CLI,1000000086367,N,,,2025/03/31,
300000007178,1,Caixa Postal,,CLI,,N,,,2025/03/31,
300000007179,1,Chamada Não Atendida,,,,N,,,2025/03/31,
300000007180,1,Caixa Postal,,CLI,1000000086367,N,,,2025/03/31,
300000007181,1,Caixa Postal,,CLI,1000000086367,N,,,2025/03/31,
300000007182,1,Ocupado,,CLI,,N,,,2025/03/31,
300000007183,1,Ocupado,,CLI,1000000086256,N,,,2025/03/31,
300000007184,1,Caixa Postal,00:00:00,Cli,1000000086160,N,,,2025/03/31,
300000007185,1,Caixa Postal,,Cli,,N,,,2025/03/31,
300000007186,1,URA Pesquisa NPS,00:03:06,Cli,1000000082585,S,,,2025/03/31,Email4355
300000007187,1,Não Atende,,Cliente,1000000085663,N,,,2025/03/31,
300000007188,1,Caixa Postal,,cli,1000000086335,N,,,2025/03/31,
300000007189,1,Caixa Postal,00:00:04,cli,1000000086335,N,,,2025/03/31,
300000007190,1,URA Pesquisa NPS,00:06:32,Cli,1000000083739,S,Nao,8.0,2025/03/31,Email19156
300000007191,1,Ocupado,,CLI,1000000082583,N,,,2025/03/31,
300000007192,1,URA Pesquisa NPS,00:00:55,CLI,1000000082583,S,Sim,10.0,2025/03/31,Email296
300000007193,1,Caixa Postal,00:00:10,Cli,1000000086231,N,,,2025/03/31,
300000007194,1,Informação,,,,N,,,2025/03/31,
300000007195,1,Informação,00:04:07,,,N,,,2025/03/31,
300000007196,1,Chamada Não Atendida,,Cli,1000000086310,N,,,2025/03/31,
300000007197,1,Contato de Finalizacao do Protocolo,00:02:29,CLI,1000000086346,N,,,2025/03/31,
300000007198,1,Caixa Postal,00:00:06,,,N,,,2025/03/31,
300000007199,1,Chamada Não Atendida,00:00:05,Cli,1000000082592,N,,,2025/03/31,
300000007200,1,Chamada Não Atendida,,Cli,1000000082592,N,,,2025/03/31,
300000007201,1,Informação,00:00:25,CLI ,,N,,,2025/03/31,
300000007202,1,Caixa Postal,00:00:30,CLI ,,N,,,2025/03/31,
300000007203,1,Informação,00:00:05,,,N,,,2025/03/31,
300000007204,1,Chamada Não Atendida,00:00:05,Cli,1000000082586,N,,,2025/03/31,
300000007205,1,Chamada Não Atendida,00:00:04,Cli,1000000082586,N,,,2025/03/31,
300000007206,1,Chamada Não Atendida,00:00:04,Cli,1000000082589,N,,,2025/03/31,
300000007207,1,Chamada Não Atendida,00:00:04,Cli,1000000082589,N,,,2025/03/31,
300000007208,1,Contato de Finalizacao do Protocolo,00:02:43,,,N,,,2025/03/31,
300000007209,1,Informação,00:00:07,,,N,,,2025/03/31,
300000007210,1,Caixa Postal,00:00:07,CLI,1000000082584,N,,,2025/03/31,
300000007211,1,Chamada Não Atendida,,CLI,1000000082584,N,,,2025/03/31,
300000007212,1,Ligação Muda,00:00:16,,,N,,,2025/03/31,
300000007213,1,Ligação Muda,00:00:07,,1000000086362,N,,,2025/03/31,
300000007214,1,URA Pesquisa NPS,00:00:59,CLI,1000000082582,S,Sim,10.0,2025/03/31,Email1768
300000007215,1,Informação,,,,N,,,2025/03/31,
300000007216,1,Caixa Postal,,,,N,,,2025/03/31,
300000007217,1,Chamada Não Atendida,00:00:03,CLI,1000000086249,N,,,2025/03/31,
300000007218,1,URA Pesquisa NPS,00:04:37,CLI,1000000086043,S,Sim,10.0,2025/03/31,Email329
300000007219,1,Caixa Postal,00:00:04,,,N,,,2025/03/31,
300000007220,1,Caixa Postal,00:00:10,,,N,,,2025/03/31,
300000007221,1,Caixa Postal,,,,N,,,2025/03/31,
300000007222,1,Caixa Postal,00:00:05,,,N,,,2025/03/31,
300000007223,1,Caixa Postal,,,,N,,,2025/03/31,
300000007224,1,Caixa Postal,,CLI,1000000085536,N,,,2025/03/31,
300000007225,1,Caixa Postal,00:00:04,,,N,,,2025/03/31,
300000007226,1,Informação,,CLI,,N,,,2025/03/31,
300000007227,1,Informação,00:22:13,CLI,,N,,,2025/03/31,
300000007228,1,Caixa Postal,00:00:07,,,N,,,2025/03/31,
300000007229,1,Caixa Postal,00:00:01,CLI,1000000086360,N,,,2025/03/31,
300000007230,1,Dados incorretos do cliente,,Cliente ,1000000086134,N,,,2025/03/31,
300000007231,1,Dados incorretos do cliente,,Cliente,1000000086134,N,,,2025/03/31,
300000007232,1,Caixa Postal,00:00:05,,,N,,,2025/03/31,
300000007233,1,Caixa Postal,00:00:16,,,N,,,2025/03/31,
300000007234,1,Caixa Postal,00:00:00,CLI,1000000086359,N,,,2025/03/31,
300000007235,1,Caixa Postal,,CLI,1000000086144,N,,,2025/03/31,
300000007236,1,Ligação Muda,00:00:40,CLI,1000000086144,N,,,2025/03/31,
300000007237,1,Responsavel ausente,00:01:20,CLI,1000000086144,N,,,2025/03/31,
300000007238,1,Caixa Postal,00:00:08,Cli,1000000085277,N,,,2025/03/31,
300000007239,1,Caixa Postal,00:00:08,,,N,,,2025/03/31,
300000007240,1,Chamada Não Atendida,00:00:04,CLI,10000000257949,N,,,2025/03/31,
300000007241,1,Chamada Não Atendida,,CLI,10000000257941,N,,,2025/03/31,
300000007242,1,Caixa Postal,,,,N,,,2025/03/31,
300000007243,1,URA Pesquisa NPS,00:13:18,CLI,10000000257949,S,Sim,10.0,2025/03/31,Email372
300000007244,1,Informação,00:00:05,,,N,,,2025/03/31,
300000007245,1,Informação,00:05:21,,,N,,,2025/03/31,
300000007246,1,Informação,,,,N,,,2025/03/31,
300000007247,1,Informação,00:00:09,Cli,1000000086263,N,,,2025/03/31,
300000007248,1,Informação,00:00:04,Cli,,N,,,2025/03/31,
300000007249,1,Informação,00:00:07,,,N,,,2025/03/31,
300000007250,1,Caixa Postal,00:00:10,,,N,,,2025/03/31,
300000007251,1,Agent Error,00:14:43,,,N,,,2025/03/31,
300000007252,1,Caixa Postal,00:00:14,,,N,,,2025/03/31,
300000007253,1,Informação,,cli,,N,,,2025/03/31,
300000007254,1,Informação,00:00:09,cli,1000000086254,N,,,2025/03/31,
300000007255,1,Agent Error,00:00:10,,,N,,,2025/03/31,
300000007256,1,Protocolo Permanecera em Andamento,00:02:17,Cli,1000000083813,N,,,2025/03/31,
300000007257,1,Caixa Postal,00:00:03,,,N,,,2025/03/31,
300000007258,1,Caixa Postal,00:00:07,,,N,,,2025/03/31,
300000007259,1,Ligação Muda,,CLI,1000000084920,N,,,2025/03/31,
300000007260,1,Ligação Muda,00:00:01,CLI,1000000084920,N,,,2025/03/31,
300000007261,1,Sent To Voicemail,00:01:11,CLI,1000000086346,S,Sim,10.0,2025/03/31,Email4355
300000007262,1,URA Pesquisa NPS,00:02:05,cli,1000000086356,S,Sim,10.0,2025/03/31,Email4355
300000007263,1,Caixa Postal,00:00:13,CLI ,,N,,,2025/03/31,
300000007264,1,Caixa Postal,00:00:19,CLI ,,N,,,2025/03/31,
300000007265,1,Chamada Não Atendida,00:00:19,,,N,,,2025/03/31,
300000007266,1,Caixa Postal,,CLI ,,N,,,2025/03/31,
300000007267,1,URA Pesquisa NPS,00:00:56,Cli,1000000086456,S,Sim,10.0,2025/03/28,Email5371
300000007268,1,URA Pesquisa NPS,00:01:27,CLI,1000000086964,S,Sim,10.0,2025/03/28,Email4355
300000007269,1,URA Pesquisa NPS,00:00:14,,,S,,,2025/03/28,Email364
300000007270,1,Informação,00:00:22,,,N,,,2025/03/28,
300000007271,1,URA Pesquisa NPS,00:00:12,,,S,,,2025/03/28,Email364
300000007272,1,URA Pesquisa NPS,00:00:12,,,S,,,2025/03/28,Email364
300000007273,1,Informação,,,,N,,,2025/03/28,
300000007274,1,Caixa Postal,00:00:06,,,N,,,2025/03/28,
300000007275,1,Ocupado,00:00:25,,,N,,,2025/03/28,
300000007276,1,Caixa Postal,00:00:09,Cli,1000000084583,N,,,2025/03/28,
300000007277,1,Caixa Postal,00:00:10,,,N,,,2025/03/28,
300000007278,1,Caixa Postal,00:00:16,,,N,,,2025/03/28,
300000007279,1,Informação,00:01:58,Cli,,N,,,2025/03/28,
300000007280,1,Protocolo Permanecera em Andamento,00:03:41,Cli,1000000084774,N,,,2025/03/28,
300000007281,1,Caixa Postal,00:00:15,Cli,1000000086772,N,,,2025/03/28,
300000007282,1,Sent To Voicemail,00:02:01,Cli,1000000086772,S,Sim,1.0,2025/03/28,Email19156
300000007283,1,Informação,00:03:40,,,N,,,2025/03/28,
300000007284,1,URA Pesquisa NPS,00:13:11,Cli,1000000086764,S,,,2025/03/28,Email19156
300000007285,1,Informação,00:00:08,,,N,,,2025/03/28,
300000007286,1,Caixa Postal,,,,N,,,2025/03/28,
300000007287,1,Caixa Postal,,,,N,,,2025/03/28,
300000007288,1,Caixa Postal,,,,N,,,2025/03/28,
300000007289,1,Caixa Postal,,,,N,,,2025/03/28,
300000007290,1,Caixa Postal,,,,N,,,2025/03/28,
300000007291,1,Caixa Postal,,,,N,,,2025/03/28,
300000007292,1,Caixa Postal,00:00:01,,,N,,,2025/03/28,
300000007293,1,Informação,00:05:12,CLI,1000000085347,N,,,2025/03/28,
300000007294,1,Caixa Postal,,,,N,,,2025/03/28,
300000007295,1,Caixa Postal,00:00:03,,,N,,,2025/03/28,
300000007296,1,Não Atende,,,,N,,,2025/03/28,
300000007297,1,Caixa Postal,,Cliente,,N,,,2025/03/28,
300000007298,1,Contato de Finalizacao do Protocolo,,Cliente,,N,,,2025/03/28,
300000007299,1,Caixa Postal,,CLI,1000000086763,N,,,2025/03/28,
300000007300,1,Caixa Postal,,,,N,,,2025/03/28,
300000007301,1,Caixa Postal,00:00:05,CLI,1000000087087,N,,,2025/03/28,
300000007302,1,Caixa Postal,00:00:04,CLI,1000000087087,N,,,2025/03/28,
300000007303,1,Cliente Desligou,00:03:07,Cli,1000000086761,N,,,2025/03/28,
300000007304,1,URA Pesquisa NPS,00:02:40,Cli,1000000086771,S,Sim,9.0,2025/03/28,Email1768
300000007305,1,Caixa Postal,00:00:04,CLI,1000000085592,N,,,2025/03/28,
300000007306,1,URA Pesquisa NPS,00:02:10,CLI,1000000087066,S,Sim,10.0,2025/03/28,Email4194
300000007307,1,URA Pesquisa NPS,00:11:54,Cli,1000000086767,S,,,2025/03/28,Email19156
300000007308,1,Caixa Postal,,,,N,,,2025/03/28,
300000007309,1,Não Atende,00:00:18,CLI,1000000086955,N,,,2025/03/28,
300000007310,1,Não Atende,00:00:05,CLI,1000000086955,N,,,2025/03/28,
300000007311,1,URA Pesquisa NPS,00:00:51,Cliente,1000000087071,S,Sim,10.0,2025/03/28,Email8754
300000007312,1,Informação,00:00:00,,,N,,,2025/03/28,
300000007313,1,Protocolo Permanecera em Andamento,00:00:33,CLI,1000000083373,N,,,2025/03/28,
300000007314,1,Informação,,,,N,,,2025/03/28,
300000007315,1,Informação,00:00:19,,,N,,,2025/03/28,
300000007316,1,URA Pesquisa NPS,00:01:13,,1000000087070,S,,,2025/03/28,Email45
300000007317,1,Informação,00:00:03,,,N,,,2025/03/28,
300000007318,1,Informação,,,,N,,,2025/03/28,
300000007319,1,Caixa Postal,00:00:06,,,N,,,2025/03/28,
300000007320,1,URA Pesquisa NPS,00:01:37,CLI,1000000086631,S,Sim,9.0,2025/03/28,Email4355
300000007321,1,URA Pesquisa NPS,00:01:07,CLI,1000000087371,S,Sim,10.0,2025/03/28,Email4355
300000007322,1,Caixa Postal,00:00:06,,,N,,,2025/03/28,
300000007323,1,Caixa Postal,00:00:12,,,N,,,2025/03/28,
300000007324,1,Caixa Postal,00:00:19,,,N,,,2025/03/28,
300000007325,1,Abandon,00:01:10,CLI,1000000087847,S,,,2025/03/28,Email4355
300000007326,1,Caixa Postal,,,,N,,,2025/03/28,
300000007327,1,Caixa Postal,,Cli,1000000086768,N,,,2025/03/28,
300000007328,1,URA Pesquisa NPS,00:04:17,Cli,1000000086768,S,,,2025/03/28,Email19156
300000007329,1,Chamada Não Atendida,00:00:07,CLI,1000000086960,N,,,2025/03/28,
300000007330,1,Caixa Postal,00:00:10,CLI,,N,,,2025/03/28,
300000007331,1,Contato de Finalizacao do Protocolo,00:07:02,CLI,,N,,,2025/03/28,
300000007332,1,Sent To Voicemail,00:02:36,CLI,1000000087064,S,Sim,10.0,2025/03/28,Email4194
300000007333,1,Caixa Postal,00:00:04,,,N,,,2025/03/28,
300000007334,1,Contato de Finalizacao do Protocolo,00:00:44,,,N,,,2025/03/28,
300000007335,1,Caixa Postal,,,,N,,,2025/03/28,
300000007336,1,Informação,00:00:02,,,N,,,2025/03/28,
300000007337,1,URA Pesquisa NPS,00:00:54,,1000000086930,S,Sim,10.0,2025/03/28,Email48442
300000007338,1,Caixa Postal,,CLI,1000000086934,N,,,2025/03/28,
300000007339,1,Caixa Postal,00:00:10,CLI,1000000086504,N,,,2025/03/28,
300000007340,1,Caixa Postal,00:00:16,CLI,,N,,,2025/03/28,
300000007341,1,Caixa Postal,,CLI,,N,,,2025/03/28,
300000007342,1,Caixa Postal,00:00:01,CLI,1000000087020,N,,,2025/03/28,
300000007343,1,URA Pesquisa NPS,00:01:07,CLI ,1000000086957,S,Sim,10.0,2025/03/28,Email372
300000007344,1,Caixa Postal,00:00:04,Cli,,N,,,2025/03/28,
300000007345,1,Caixa Postal,00:00:03,Cli,,N,,,2025/03/28,
300000007346,1,URA Pesquisa NPS,00:01:05,CLI,1000000087059,S,,,2025/03/28,Email4355
300000007347,1,Cliente Desligou,00:00:01,CLI ,1000000086938,N,,,2025/03/28,
300000007348,1,Chamada Não Atendida,00:00:02,CLI ,1000000086938,N,,,2025/03/28,
300000007349,1,Chamada Não Atendida,,Cli,1000000086959,N,,,2025/03/28,
300000007350,1,Chamada Não Atendida,00:00:04,Cli,1000000086959,N,,,2025/03/28,
300000007351,1,Caixa Postal,00:02:08,,,N,,,2025/03/28,
300000007352,1,Chamada Não Atendida,,CLI,1000000086941,N,,,2025/03/28,
300000007353,1,Caixa Postal,00:00:25,,,N,,,2025/03/28,
300000007354,1,Chamada Não Atendida,,,,N,,,2025/03/28,
300000007355,1,Caixa Postal,00:00:04,CLI,,N,,,2025/03/28,
300000007356,1,URA Pesquisa NPS,00:06:40,,,S,Sim,10.0,2025/03/28,Email5556
300000007357,1,Caixa Postal,,CLI,,N,,,2025/03/28,
300000007358,1,URA Pesquisa NPS,00:01:38,cli,1000000087043,S,Sim,10.0,2025/03/28,Email48439
300000007359,1,Não Atende,,Cliente,1000000087072,N,,,2025/03/28,
300000007360,1,Caixa Postal,00:00:01,CLI,1000000086792,N,,,2025/03/28,
300000007361,1,URA Pesquisa NPS,00:01:36,CLI,1000000086792,S,Sim,10.0,2025/03/28,Email296
300000007362,1,Sent To Voicemail,00:08:09,CLI,1000000086898,S,Sim,10.0,2025/03/28,Email329
300000007363,1,URA Pesquisa NPS,00:02:58,Cli,1000000086766,S,Sim,8.0,2025/03/28,Email19156
300000007364,1,Caixa Postal,00:00:01,,,N,,,2025/03/28,
300000007365,1,Caixa Postal,00:00:01,,,N,,,2025/03/28,
300000007366,1,URA Pesquisa NPS,00:00:51,CLI,1000000086942,S,,,2025/03/28,Email296
300000007367,1,Chamada Não Atendida,,CLI,1000000086943,N,,,2025/03/28,
300000007368,1,Caixa Postal,00:00:01,CLI,1000000086359,N,,,2025/03/28,
300000007369,1,Chamada Não Atendida,00:00:01,CLI,1000000086944,N,,,2025/03/28,
300000007370,1,Chamada Não Atendida,,CLI,1000000086944,N,,,2025/03/28,
300000007371,1,Caixa Postal,00:00:03,Cli,1000000086770,N,,,2025/03/28,
300000007372,1,Caixa Postal,00:00:10,Cli,,N,,,2025/03/28,
300000007373,1,URA Pesquisa NPS,00:01:21,cli,1000000082572,S,,,2025/03/28,Email48439
300000007374,1,Caixa Postal,00:00:04,CLI ,1000000086988,N,,,2025/03/28,
300000007375,1,Cliente Desligou,00:00:04,CLI ,,N,,,2025/03/28,
300000007376,1,Informação,,,,N,,,2025/03/28,
300000007377,1,Caixa Postal,00:00:19,,,N,,,2025/03/28,
300000007378,1,Caixa Postal,,,,N,,,2025/03/28,
300000007379,1,Caixa Postal,,,,N,,,2025/03/28,
300000007380,1,URA Pesquisa NPS,00:02:01,CLI,1000000086927,S,Sim,10.0,2025/03/28,Email329
300000007381,1,Cliente Desligou,00:00:05,,1000000087645,N,,,2025/03/27,
300000007382,1,Não Atende,,,,N,,,2025/03/27,
300000007383,1,URA Pesquisa NPS,00:00:57,Cli,1000000085582,S,Sim,0.0,2025/03/27,Email5556
300000007384,1,Informação,00:00:04,,,N,,,2025/03/27,
300000007385,1,Informação,,cli,,N,,,2025/03/27,
300000007386,1,URA Pesquisa NPS,00:01:43,Cliente,1000000087864,S,Sim,10.0,2025/03/27,Email8754
300000007387,1,Caixa Postal,00:00:03,Cliente,1000000087127,N,,,2025/03/27,
300000007388,1,Não Atende,,Cliente,1000000087127,N,,,2025/03/27,
300000007389,1,Informação,,,,N,,,2025/03/27,
300000007390,1,Abandon,00:04:33,Cli,1000000087516,S,,,2025/03/27,Email19156
300000007391,1,Informação,,CLI ,,N,,,2025/03/27,
300000007392,1,Caixa Postal,,Cliente,1000000087769,N,,,2025/03/27,
300000007393,1,URA Pesquisa NPS,00:19:54,cli,1000000087619,S,Sim,,2025/03/27,Email48443
300000007394,1,Caixa Postal,00:00:02,Cliente,1000000087127,N,,,2025/03/27,
300000007395,1,Caixa Postal,,Cliente,1000000087127,N,,,2025/03/27,
300000007396,1,Caixa Postal,00:00:04,Cli,1000000087621,N,,,2025/03/27,
300000007397,1,Caixa Postal,,,,N,,,2025/03/27,
300000007398,1,Caixa Postal,00:00:05,,,N,,,2025/03/27,
300000007399,1,Caixa Postal,,,,N,,,2025/03/27,
300000007400,1,Caixa Postal,00:00:04,Cli,1000000087621,N,,,2025/03/27,
300000007401,1,Informação,,,,N,,,2025/03/27,
300000007402,1,Informação,,,,N,,,2025/03/27,
300000007403,1,Contato de Finalizacao do Protocolo,00:06:15,CLI ,,N,,,2025/03/27,
300000007404,1,Caixa Postal,00:00:04,,1000000087861,N,,,2025/03/27,
300000007405,1,URA Pesquisa NPS,00:01:01,CLI,1000000084039,S,Sim,10.0,2025/03/27,Email296
300000007406,1,Caixa Postal,,Cli,,N,,,2025/03/27,
300000007407,1,Cliente Desligou,,Cli,1000000087511,N,,,2025/03/27,
300000007408,1,URA Pesquisa NPS,00:09:51,Cli,1000000087511,S,,,2025/03/27,Email19156
300000007409,1,URA Pesquisa NPS,00:02:19,Cliente,1000000087863,S,Sim,9.0,2025/03/27,Email8754
300000007410,1,Não Atende,,CLi ,1000000087553,N,,,2025/03/27,
300000007411,1,Caixa Postal,00:00:04,CLI,1000000087745,N,,,2025/03/27,
300000007412,1,URA Pesquisa NPS,00:01:08,,1000000087680,S,Sim,9.0,2025/03/27,Email45
300000007413,1,Informação,,,,N,,,2025/03/27,
300000007414,1,Informação,,,,N,,,2025/03/27,
300000007415,1,Caixa Postal,00:00:01,CLI,,N,,,2025/03/27,
300000007416,1,Caixa Postal,,CLI,,N,,,2025/03/27,
300000007417,1,Chamada Não Atendida,,Cli,1000000084042,N,,,2025/03/27,
300000007418,1,Chamada Não Atendida,00:00:00,Cli,1000000084042,N,,,2025/03/27,
300000007419,1,Chamada Não Atendida,,CLI ,1000000087844,N,,,2025/03/27,
300000007420,1,Chamada Não Atendida,,CLI,1000000085586,N,,,2025/03/27,
300000007421,1,Chamada Não Atendida,00:00:02,CLI ,1000000087844,N,,,2025/03/27,
300000007422,1,Informação,00:02:21,CLI ,,N,,,2025/03/27,
300000007423,1,URA Pesquisa NPS,00:01:07,CLI ,1000000085585,S,,,2025/03/27,Email372
300000007424,1,Informação,00:02:21,CLI ,,N,,,2025/03/27,
300000007425,1,Caixa Postal,,,1000000087861,N,,,2025/03/27,
300000007426,1,Não Atende,,Cli,1000000087628,N,,,2025/03/27,
300000007427,1,Caixa Postal,,CLI,,N,,,2025/03/27,
300000007428,1,Caixa Postal,,CLI,,N,,,2025/03/27,
300000007429,1,Ocupado,,Cli,1000000087628,N,,,2025/03/27,
300000007430,1,Caixa Postal,00:00:06,Cli,1000000087881,N,,,2025/03/27,
300000007431,1,Informação,00:13:52,Cli,1000000087320,N,,,2025/03/27,
300000007432,1,Caixa Postal,00:00:13,Cli,1000000087798,N,,,2025/03/27,
300000007433,1,Caixa Postal,00:00:03,Cli,1000000087798,N,,,2025/03/27,
300000007434,1,Caixa Postal,00:00:05,,,N,,,2025/03/27,
300000007435,1,Ligação Muda,00:03:44,CLI,,N,,,2025/03/27,
300000007436,1,Caixa Postal,,CLI,1000000087857,N,,,2025/03/27,
300000007437,1,Contato de Finalizacao do Protocolo,00:00:49,CLI,,N,,,2025/03/27,
300000007438,1,Chamada Não Atendida,00:00:03,CLI,1000000087746,N,,,2025/03/27,
300000007439,1,URA Pesquisa NPS,00:02:57,CLi ,1000000087776,S,Sim,1.0,2025/03/27,Email48443
300000007440,1,Caixa Postal,00:00:04,,,N,,,2025/03/27,
300000007441,1,Informação,00:01:25,CLI,1000000087888,N,,,2025/03/27,
300000007442,1,Ligação Muda,,CLI,1000000087888,N,,,2025/03/27,
300000007443,1,URA Pesquisa NPS,00:02:31,CLI,1000000087888,S,Sim,10.0,2025/03/27,Email329
300000007444,1,Informação,00:00:03,,,N,,,2025/03/27,
300000007445,1,Caixa Postal,00:00:04,CLI,1000000087857,N,,,2025/03/27,
300000007446,1,Caixa Postal,,CLI,1000000087177,N,,,2025/03/27,
300000007447,1,Ocupado,,Cli,1000000086122,N,,,2025/03/27,
300000007448,1,Ocupado,,Cli,,N,,,2025/03/27,
300000007449,1,Informação,00:00:04,Cli,,N,,,2025/03/27,
300000007450,1,Informação,00:00:02,,,N,,,2025/03/27,
300000007451,1,Chamada Não Atendida,00:00:05,CLI,1000000087859,N,,,2025/03/27,
300000007452,1,Chamada Não Atendida,,CLI,1000000087859,N,,,2025/03/27,
300000007453,1,Chamada Não Atendida,,CLI,,N,,,2025/03/27,
300000007454,1,Chamada Não Atendida,,CLI,,N,,,2025/03/27,
300000007455,1,Caixa Postal,,cli,,N,,,2025/03/27,
300000007456,1,Informação,00:00:03,CLI ,,N,,,2025/03/27,
300000007457,1,Caixa Postal,00:00:03,,,N,,,2025/03/27,
300000007458,1,Ligação Muda,,CLI,1000000087812,N,,,2025/03/27,
300000007459,1,URA Pesquisa NPS,00:02:15,CLI,1000000087857,S,Sim,10.0,2025/03/27,Email4194
300000007460,1,Ligação Muda,,CLI,1000000087812,N,,,2025/03/27,
300000007461,1,Informação,00:00:05,Cli,,N,,,2025/03/27,
300000007462,1,Informação,00:00:16,Cli,,N,,,2025/03/27,
300000007463,1,Caixa Postal,00:00:08,,,N,,,2025/03/27,
300000007464,1,Caixa Postal,00:00:09,,,N,,,2025/03/27,
300000007465,1,URA Pesquisa NPS,00:02:16,Cli,,S,,,2025/03/27,Email5556
300000007466,1,Caixa Postal,,CLI,1000000087810,N,,,2025/03/27,
300000007467,1,Informação,,,,N,,,2025/03/27,
300000007468,1,Sent To Voicemail,00:04:24,CLI,1000000087027,S,Sim,10.0,2025/03/27,Email288
300000007469,1,Agent Error,00:05:39,,,N,,,2025/03/27,
300000007470,1,Ligação Muda,00:00:16,CLI,,N,,,2025/03/27,
300000007471,1,URA Pesquisa NPS,00:00:10,,,S,,,2025/03/27,Email364
300000007472,1,Informação,00:00:10,CLI,,N,,,2025/03/27,
300000007473,1,Informação,,CLI,,N,,,2025/03/27,
300000007474,1,URA Pesquisa NPS,00:00:59,Cli,1000000084044,S,Sim,9.0,2025/03/27,Email296
300000007475,1,Caixa Postal,,cli,,N,,,2025/03/27,
300000007476,1,URA Pesquisa NPS,00:03:32,cli,1000000087742,S,Sim,,2025/03/27,Email48443
300000007477,1,Chamada Não Atendida,,CLI,1000000087133,N,,,2025/03/27,
300000007478,1,Caixa Postal,00:00:10,Cli,1000000087056,N,,,2025/03/27,
300000007479,1,Caixa Postal,00:00:25,Cli,1000000087056,N,,,2025/03/27,
300000007480,1,Caixa Postal,00:00:05,Cli,,N,,,2025/03/27,
300000007481,1,Caixa Postal,00:00:03,Cli,,N,,,2025/03/27,
300000007482,1,Caixa Postal,00:00:05,Cli,,N,,,2025/03/27,
300000007483,1,Caixa Postal,00:00:03,,,N,,,2025/03/27,
300000007484,1,Caixa Postal,00:00:04,,,N,,,2025/03/27,
300000007485,1,Caixa Postal,00:00:03,,,N,,,2025/03/27,
300000007486,1,Informação,00:00:02,,,N,,,2025/03/27,
300000007487,1,Contato de Finalizacao do Protocolo,00:17:09,cli,1000000086849,N,,,2025/03/27,
300000007488,1,Chamada Não Atendida,00:00:10,,,N,,,2025/03/27,
300000007489,1,Informação,,,,N,,,2025/03/27,
300000007490,1,Informação,00:00:04,,,N,,,2025/03/27,
300000007491,1,Caixa Postal,00:00:01,cli,,N,,,2025/03/27,
300000007492,1,Informação,,cli,,N,,,2025/03/27,
300000007493,1,URA Pesquisa NPS,00:01:12,cli,1000000087136,S,,,2025/03/27,Email48443
300000007494,1,Informação,00:04:12,Cli,,N,,,2025/03/27,
300000007495,1,Caixa Postal,00:00:02,,,N,,,2025/03/27,
300000007496,1,Caixa Postal,00:00:05,,,N,,,2025/03/27,
300000007497,1,Caixa Postal,,,,N,,,2025/03/27,
300000007498,1,Caixa Postal,00:00:00,CLI,1000000087740,N,,,2025/03/27,
300000007499,1,Caixa Postal,00:00:04,Cli,,N,,,2025/03/27,
300000007500,1,Contato de Finalizacao do Protocolo,00:05:35,Cli,1000000087511,N,,,2025/03/27,
300000007501,1,Ligação Muda,00:00:07,CLI,,N,,,2025/03/27,
300000007502,1,URA Pesquisa NPS,00:02:08,CLI,1000000087513,S,Sim,1.0,2025/03/27,Email329
300000007503,1,Chamada Não Atendida,,cli,1000000083877,N,,,2025/03/27,
300000007504,1,Chamada Não Atendida,,cli,1000000083877,N,,,2025/03/27,
300000007505,1,Caixa Postal,00:02:36,CLI,,N,,,2025/03/27,
300000007506,1,Caixa Postal,00:00:04,Cli,,N,,,2025/03/27,
300000007507,1,Chamada Não Atendida,,cli,1000000083877,N,,,2025/03/27,
300000007508,1,Contato de Finalizacao do Protocolo,00:01:39,,,N,,,2025/03/27,
300000007509,1,Caixa Postal,00:00:08,,,N,,,2025/03/27,
300000007510,1,URA Pesquisa NPS,00:01:05,,1000000088430,S,,,2025/03/26,Email45
300000007511,1,Informação,00:01:32,,,N,,,2025/03/26,
300000007512,1,Caixa Postal,,,,N,,,2025/03/26,
300000007513,1,Caixa Postal,,,,N,,,2025/03/26,
300000007514,1,Caixa Postal,00:00:05,,1000000088437,N,,,2025/03/26,
300000007515,1,Caixa Postal,00:00:03,,,N,,,2025/03/26,
300000007516,1,Caixa Postal,,Cliente,,N,,,2025/03/26,
300000007517,1,Caixa Postal,,,,N,,,2025/03/26,
300000007518,1,Caixa Postal,,,,N,,,2025/03/26,
300000007519,1,Ligação Muda,00:00:13,cli,1000000087032,N,,,2025/03/26,
300000007520,1,Caixa Postal,,,,N,,,2025/03/26,
300000007521,1,Caixa Postal,,,,N,,,2025/03/26,
300000007522,1,Caixa Postal,00:00:10,Cli,1000000088609,N,,,2025/03/26,
300000007523,1,Não Atende,00:01:36,,,N,,,2025/03/26,
300000007524,1,Caixa Postal,00:00:03,Cli,1000000088609,N,,,2025/03/26,
300000007525,1,Cliente Desligou,00:00:11,Cli,1000000088324,N,,,2025/03/26,
300000007526,1,Caixa Postal,00:00:06,Cli,,N,,,2025/03/26,
300000007527,1,Responsavel ausente,00:00:37,,,N,,,2025/03/26,
300000007528,1,Caixa Postal,00:00:09,CLI,,N,,,2025/03/26,
300000007529,1,Contato de Finalizacao do Protocolo,00:01:33,CLI,1000000088341,N,,,2025/03/26,
300000007530,1,Informação,,,,N,,,2025/03/26,
300000007531,1,Informação,,,,N,,,2025/03/26,
300000007532,1,Chamada Não Atendida,,,,N,,,2025/03/26,
300000007533,1,Informação,00:00:06,,,N,,,2025/03/26,
300000007534,1,URA Pesquisa NPS,00:00:49,clie,1000000088537,S,Sim,10.0,2025/03/26,Email5556
300000007535,1,URA Pesquisa NPS,00:02:23,Cli,1000000087035,S,Sim,9.0,2025/03/26,Email1615
300000007536,1,Caixa Postal,00:00:12,,,N,,,2025/03/26,
300000007537,1,Caixa Postal,00:00:04,,,N,,,2025/03/26,
300000007538,1,Caixa Postal,00:00:05,,,N,,,2025/03/26,
300000007539,1,Não Atende,,,1000000088418,N,,,2025/03/26,
300000007540,1,Não Atende,,,1000000088418,N,,,2025/03/26,
300000007541,1,URA Pesquisa NPS,00:02:46,Cli,1000000090168,S,,,2025/03/26,Email48439
300000007542,1,Caixa Postal,,CLI ,,N,,,2025/03/26,
300000007543,1,Caixa Postal,00:00:09,CLI ,,N,,,2025/03/26,
300000007544,1,Caixa Postal,00:00:10,,,N,,,2025/03/26,
300000007545,1,Contato de Finalizacao do Protocolo,00:01:01,,,N,,,2025/03/26,
300000007546,1,URA Pesquisa NPS,00:01:52,,,S,Sim,10.0,2025/03/26,Email19156
300000007547,1,Ligação Muda,,,1000000088418,N,,,2025/03/26,
300000007548,1,Não Atende,,,1000000088418,N,,,2025/03/26,
300000007549,1,Caixa Postal,00:00:06,,,N,,,2025/03/26,
300000007550,1,Caixa Postal,00:00:03,,,N,,,2025/03/26,
300000007551,1,Protocolo Permanecera em Andamento,00:05:20,Cli,,N,,,2025/03/26,
300000007552,1,Ocupado,00:00:03,Cliente,1000000088620,N,,,2025/03/26,
300000007553,1,Ocupado,00:00:02,Cliente,1000000088620,N,,,2025/03/26,
300000007554,1,Caixa Postal,00:00:07,CLI,1000000085574,N,,,2025/03/26,
300000007555,1,Caixa Postal,00:00:06,,,N,,,2025/03/26,
300000007556,1,URA Pesquisa NPS,00:00:57,CLI,1000000085574,S,Sim,10.0,2025/03/26,Email296
300000007557,1,Contato de Finalizacao do Protocolo,00:01:17,CLI,,N,,,2025/03/26,
300000007558,1,Protocolo Permanecera em Andamento,00:01:22,Cliente,1000000088621,N,,,2025/03/26,
300000007559,1,Caixa Postal,,,,N,,,2025/03/26,
300000007560,1,Caixa Postal,00:00:03,Cliente,1000000088620,N,,,2025/03/26,
300000007561,1,Caixa Postal,00:00:03,Cliente,1000000088620,N,,,2025/03/26,
300000007562,1,Ligação Muda,,CLI,1000000085579,N,,,2025/03/26,
300000007563,1,URA Pesquisa NPS,00:02:31,CLI,1000000088608,S,Sim,10.0,2025/03/26,Email288
300000007564,1,URA Pesquisa NPS,00:04:12,,,S,,,2025/03/26,Email5556
300000007565,1,Chamada Não Atendida,00:00:05,CLI ,1000000088008,N,,,2025/03/26,
300000007566,1,Chamada Não Atendida,00:00:01,CLI ,1000000088008,N,,,2025/03/26,
300000007567,1,Informação,,,,N,,,2025/03/26,
300000007568,1,Chamada Não Atendida,,CLI ,1000000088525,N,,,2025/03/26,
300000007569,1,Chamada Não Atendida,,CLI ,1000000088525,N,,,2025/03/26,
300000007570,1,Caixa Postal,00:00:05,,1000000087946,N,,,2025/03/26,
300000007571,1,Caixa Postal,00:00:07,,,N,,,2025/03/26,
300000007572,1,Caixa Postal,00:00:20,,,N,,,2025/03/26,
300000007573,1,Caixa Postal,,,,N,,,2025/03/26,
300000007574,1,Caixa Postal,00:00:03,,,N,,,2025/03/26,
300000007575,1,Caixa Postal,00:00:31,,,N,,,2025/03/26,
300000007576,1,URA Pesquisa NPS,00:05:45,,,S,Sim,10.0,2025/03/26,Email5556
300000007577,1,Caixa Postal,,,,N,,,2025/03/26,
300000007578,1,Caixa Postal,00:04:17,,,N,,,2025/03/26,
300000007579,1,URA Pesquisa NPS,00:02:32,,,S,Sim,9.0,2025/03/26,Email45
300000007580,1,URA Pesquisa NPS,00:01:12,,,S,,,2025/03/26,Email45
300000007581,1,Cliente Desligou,00:00:08,CLI,1000000087953,N,,,2025/03/26,
300000007582,1,URA Pesquisa NPS,00:01:57,CLI,1000000087953,S,,,2025/03/26,Email296
300000007583,1,URA Pesquisa NPS,00:00:56,Cli,1000000088015,S,Sim,10.0,2025/03/26,Email5371
300000007584,1,Contato de Finalizacao do Protocolo,00:03:10,,,N,,,2025/03/26,
300000007585,1,URA Pesquisa NPS,00:02:45,,,S,,,2025/03/26,Email5556
300000007586,1,URA Pesquisa NPS,00:02:45,Cliente,1000000088621,S,Sim,9.0,2025/03/26,Email45
300000007587,1,URA Pesquisa NPS,00:09:56,Cli,1000000088600,S,Sim,,2025/03/26,Email288
300000007588,1,Não Atende,00:00:04,,1000000087946,N,,,2025/03/26,
300000007589,1,Informação,,,,N,,,2025/03/26,
300000007590,1,URA Pesquisa NPS,00:01:59,Cli,1000000088019,S,Sim,,2025/03/26,Email1768
300000007591,1,Chamada Não Atendida,00:00:03,CLI ,1000000085580,N,,,2025/03/26,
300000007592,1,Caixa Postal,00:00:13,,,N,,,2025/03/26,
300000007593,1,Chamada Não Atendida,00:00:03,CLI ,1000000085580,N,,,2025/03/26,
300000007594,1,Contato de Finalizacao do Protocolo,00:33:10,,,N,,,2025/03/26,
300000007595,1,Não Atende,,,,N,,,2025/03/26,
300000007596,1,Não Atende,,,,N,,,2025/03/26,
300000007597,1,Caixa Postal,00:00:12,CLI ,1000000088008,N,,,2025/03/26,
300000007598,1,Caixa Postal,00:00:04,CLI ,1000000088008,N,,,2025/03/26,
300000007599,1,Chamada Não Atendida,00:00:02,Cliente,1000000088645,N,,,2025/03/26,
300000007600,1,URA Pesquisa NPS,00:10:29,CLI,1000000088644,S,Sim,,2025/03/26,Email48443
300000007601,1,Informação,,CLI ,,N,,,2025/03/26,
300000007602,1,Chamada Não Atendida,,Cliente,1000000088011,N,,,2025/03/26,
300000007603,1,Caixa Postal,00:00:03,,,N,,,2025/03/26,
300000007604,1,Informação,00:01:04,Cli,,N,,,2025/03/26,
300000007605,1,URA Pesquisa NPS,00:02:54,Cli,1000000088576,S,Sim,10.0,2025/03/26,Email1615
300000007606,1,Caixa Postal,,CLI,1000000087952,N,,,2025/03/26,
300000007607,1,Caixa Postal,00:00:04,Cli,,N,,,2025/03/26,
300000007608,1,Informação,00:00:22,Cli,,N,,,2025/03/26,
300000007609,1,URA Pesquisa NPS,00:00:47,Cliente,1000000088522,S,Sim,10.0,2025/03/26,Email8754
300000007610,1,Informação,00:00:01,Cli,1000000087957,N,,,2025/03/26,
300000007611,1,Caixa Postal,00:00:12,,,N,,,2025/03/26,
300000007612,1,Caixa Postal,00:00:02,,,N,,,2025/03/26,
300000007613,1,Caixa Postal,00:00:01,CLI,1000000088450,N,,,2025/03/26,
300000007614,1,Caixa Postal,,CLI,1000000088450,N,,,2025/03/26,
300000007615,1,Ligação Muda,00:00:12,CLI,1000000088450,N,,,2025/03/26,
300000007616,1,Caixa Postal,00:00:04,CLI ,,N,,,2025/03/26,
300000007617,1,URA Pesquisa NPS,00:05:12,CLI ,1000000085580,S,Sim,10.0,2025/03/26,Email48443
300000007618,1,Ligação Muda,00:00:07,CLI,1000000088450,N,,,2025/03/26,
300000007619,1,Protocolo Permanecera em Andamento,00:00:35,Cliente,1000000088645,N,,,2025/03/26,
300000007620,1,URA Pesquisa NPS,00:03:42,Cli,1000000087802,S,,,2025/03/26,Email1768
300000007621,1,URA Pesquisa NPS,00:01:41,CLI,,S,Sim,10.0,2025/03/26,Email5556
300000007622,1,URA Pesquisa NPS,00:00:49,Cliente,1000000088119,S,Sim,10.0,2025/03/26,Email8754
300000007623,1,Caixa Postal,00:00:18,CLI ,,N,,,2025/03/26,
300000007624,1,Caixa Postal,00:00:06,,,N,,,2025/03/26,
300000007625,1,Ligação Muda,00:00:25,CLI ,,N,,,2025/03/26,
300000007626,1,Caixa Postal,00:00:03,,,N,,,2025/03/26,
300000007627,1,Contato de Finalizacao do Protocolo,00:00:44,,,N,,,2025/03/26,
300000007628,1,Caixa Postal,00:00:10,CLI,1000000085583,N,,,2025/03/26,
300000007629,1,Não Atende,,Cli,1000000088326,N,,,2025/03/26,
300000007630,1,Caixa Postal,00:00:04,CLI,,N,,,2025/03/26,
300000007631,1,Caixa Postal,,,,N,,,2025/03/26,
300000007632,1,Caixa Postal,00:00:00,,,N,,,2025/03/26,
300000007633,1,Caixa Postal,,,,N,,,2025/03/26,
300000007634,1,Ocupado,,Cli,1000000088326,N,,,2025/03/26,
300000007635,1,URA Pesquisa NPS,00:00:50,Cli,1000000088326,S,Sim,10.0,2025/03/26,Email19156
300000007636,1,Cliente Desligou,00:00:06,Cliente,1000000088011,N,,,2025/03/26,
300000007637,1,Caixa Postal,00:00:02,CLI,1000000086863,N,,,2025/03/26,
300000007638,1,Informação,00:00:05,,,N,,,2025/03/26,
300000007639,1,Caixa Postal,00:00:00,CLI,1000000086863,N,,,2025/03/26,
300000007640,1,Caixa Postal,,CLI,1000000086863,N,,,2025/03/26,
300000007641,1,Caixa Postal,,CLI,1000000087952,N,,,2025/03/26,
300000007642,1,Caixa Postal,00:00:04,,,N,,,2025/03/26,
300000007643,1,Caixa Postal,,,,N,,,2025/03/26,
300000007644,1,Informação,00:02:25,Cli,,N,,,2025/03/26,
300000007645,1,Informação,,,,N,,,2025/03/26,
300000007646,1,URA Pesquisa NPS,00:01:45,,,S,Sim,10.0,2025/03/26,Email5556
300000007647,1,Cliente Desligou,00:00:12,Cli,1000000087957,N,,,2025/03/26,
300000007648,1,URA Pesquisa NPS,00:01:27,Cli,1000000088579,S,Sim,10.0,2025/03/26,Email1615
300000007649,1,Contato de Finalizacao do Protocolo,00:00:45,,,N,,,2025/03/26,
300000007650,1,URA Pesquisa NPS,00:05:29,Cli,,S,,,2025/03/26,Email5556
300000007651,1,URA Pesquisa NPS,00:01:36,Cliente,1000000088499,S,Sim,10.0,2025/03/26,Email8754
300000007652,1,URA Pesquisa NPS,00:04:55,Cli,,S,,,2025/03/26,Email19156
300000007653,1,Caixa Postal,00:00:04,,,N,,,2025/03/26,
300000007654,1,Caixa Postal,,CLI,1000000087666,N,,,2025/03/26,
300000007655,1,Caixa Postal,,CLI,1000000087666,N,,,2025/03/26,
300000007656,1,Caixa Postal,00:00:00,CLI,1000000087666,N,,,2025/03/26,
300000007657,1,Caixa Postal,,CLI,1000000087666,N,,,2025/03/26,
300000007658,1,URA Pesquisa NPS,00:00:50,,,S,,,2025/03/26,Email5556
300000007659,1,URA Pesquisa NPS,00:01:01,CLI,1000000088412,S,,,2025/03/26,Email364
300000007660,1,URA Pesquisa NPS,00:05:39,Cli,1000000088324,S,,,2025/03/26,Email19156
300000007661,1,Caixa Postal,00:00:03,Cliente,1000000087864,N,,,2025/03/26,
300000007662,1,Chamada Não Atendida,,Cli,1000000088402,N,,,2025/03/26,
300000007663,1,Chamada Não Atendida,,Cli,1000000088402,N,,,2025/03/26,
300000007664,1,URA Pesquisa NPS,00:01:49,Cli,1000000088328,S,Sim,9.0,2025/03/26,Email19156
300000007665,1,Caixa Postal,00:00:05,,,N,,,2025/03/26,
300000007666,1,Caixa Postal,00:00:13,,,N,,,2025/03/26,
300000007667,1,Chamada Não Atendida,,,,N,,,2025/03/26,
300000007668,1,Caixa Postal,,,,N,,,2025/03/26,
300000007669,1,Caixa Postal,00:00:17,,,N,,,2025/03/26,
300000007670,1,Caixa Postal,,CLI,1000000087864,N,,,2025/03/26,
300000007671,1,Informação,,,,N,,,2025/03/26,
300000007672,1,URA Pesquisa NPS,00:01:46,Cli,1000000084582,S,,,2025/03/26,Email19156
300000007673,1,Caixa Postal,00:00:04,Cliente,1000000087809,N,,,2025/03/26,
300000007674,1,Caixa Postal,00:00:03,Cliente,1000000087809,N,,,2025/03/26,
300000007675,1,Contato de Finalizacao do Protocolo,,,,N,,,2025/03/26,
300000007676,1,Não Atende,,cli,1000000083877,N,,,2025/03/25,
300000007677,1,Caixa Postal,00:00:17,,,N,,,2025/03/25,
300000007678,1,Informação,,Cli,,N,,,2025/03/25,
300000007679,1,Caixa Postal,00:00:06,,,N,,,2025/03/25,
300000007680,1,Caixa Postal,00:00:03,,,N,,,2025/03/25,
300000007681,1,Informação,00:00:13,Cli,,N,,,2025/03/25,
300000007682,1,Informação,,,,N,,,2025/03/25,
300000007683,1,Informação,00:00:16,,,N,,,2025/03/25,
300000007684,1,Ocupado,,,,N,,,2025/03/25,
300000007685,1,Agent Error,00:03:22,,,N,,,2025/03/25,
300000007686,1,Caixa Postal,00:00:23,,,N,,,2025/03/25,
300000007687,1,Caixa Postal,00:00:11,,,N,,,2025/03/25,
300000007688,1,Caixa Postal,,Cliente,1000000089406,N,,,2025/03/25,
300000007689,1,Caixa Postal,,Cliente,1000000089406,N,,,2025/03/25,
300000007690,1,Informação,,,,N,,,2025/03/25,
300000007691,1,Informação,00:00:01,CLI,,N,,,2025/03/25,
300000007692,1,Contato de Finalizacao do Protocolo,00:00:51,,,N,,,2025/03/25,
300000007693,1,Caixa Postal,00:00:05,Cli,1000000089069,N,,,2025/03/25,
300000007694,1,Ocupado,,Cliente,1000000089407,N,,,2025/03/25,
300000007695,1,Cliente Desligou,00:00:01,Cliente,1000000089407,N,,,2025/03/25,
300000007696,1,Caixa Postal,00:00:04,Cli,1000000089069,N,,,2025/03/25,
300000007697,1,Informação,,Cli,,N,,,2025/03/25,
300000007698,1,URA Pesquisa NPS,00:06:20,cli,1000000089319,S,Sim,10.0,2025/03/25,Email48443
300000007699,1,Informação,,,,N,,,2025/03/25,
300000007700,1,Informação,,,,N,,,2025/03/25,
300000007701,1,Caixa Postal,00:00:07,Cli,1000000089071,N,,,2025/03/25,
300000007702,1,Ocupado,,CLI,,N,,,2025/03/25,
300000007703,1,Caixa Postal,00:00:10,Cli,1000000089071,N,,,2025/03/25,
300000007704,1,Caixa Postal,,,,N,,,2025/03/25,
300000007705,1,Caixa Postal,00:00:06,,,N,,,2025/03/25,
300000007706,1,Caixa Postal,00:00:10,,,N,,,2025/03/25,
300000007707,1,Não Atende,,,1000000089186,N,,,2025/03/25,
300000007708,1,Ligação Muda,,,,N,,,2025/03/25,
300000007709,1,URA Pesquisa NPS,00:10:30,Cli,1000000086761,S,,,2025/03/25,Email19156
300000007710,1,Informação,,,,N,,,2025/03/25,
300000007711,1,Caixa Postal,00:00:02,Cliente,,N,,,2025/03/25,
300000007712,1,Atendimento em Dia_Hora especifico,,Cliente,,N,,,2025/03/25,
300000007713,1,Caixa Postal,00:00:01,Cliente,,N,,,2025/03/25,
300000007714,1,Caixa Postal,,,,N,,,2025/03/25,
300000007715,1,Caixa Postal,,,,N,,,2025/03/25,
300000007716,1,Informação,00:01:42,,,N,,,2025/03/25,
300000007717,1,Informação,,,,N,,,2025/03/25,
300000007718,1,URA Pesquisa NPS,00:03:00,Cli,1000000085346,S,,,2025/03/25,Email19156
300000007719,1,Não Atende,,Cli,1000000089379,N,,,2025/03/25,
300000007720,1,URA Pesquisa NPS,00:02:38,cli,1000000089322,S,Sim,10.0,2025/03/25,Email48443
300000007721,1,URA Pesquisa NPS,00:02:06,Cli,1000000089379,S,Sim,10.0,2025/03/25,Email1615
300000007722,1,Informação,00:00:08,,,N,,,2025/03/25,
300000007723,1,Caixa Postal,,,,N,,,2025/03/25,
300000007724,1,URA Pesquisa NPS,00:01:43,Cli,1000000089402,S,Sim,10.0,2025/03/25,Email5371
300000007725,1,Informação,00:00:00,CLI,,N,,,2025/03/25,
300000007726,1,URA Pesquisa NPS,00:02:20,CLI,1000000089240,S,,,2025/03/25,Email4355
300000007727,1,Informação,,,,N,,,2025/03/25,
300000007728,1,Caixa Postal,00:00:09,Cli,1000000089361,N,,,2025/03/25,
300000007729,1,Caixa Postal,00:00:06,Cli,1000000089361,N,,,2025/03/25,
300000007730,1,Caixa Postal,,,,N,,,2025/03/25,
300000007731,1,Caixa Postal,00:00:02,,,N,,,2025/03/25,
300000007732,1,Chamada Não Atendida,,CLI ,1000000089289,N,,,2025/03/25,
300000007733,1,Chamada Não Atendida,,CLI ,1000000089289,N,,,2025/03/25,
300000007734,1,Caixa Postal,00:00:03,CLI,1000000089263,N,,,2025/03/25,
300000007735,1,Chamada Não Atendida,,CLI,10000000257941,N,,,2025/03/25,
300000007736,1,Chamada Não Atendida,,CLI ,1000000089289,N,,,2025/03/25,
300000007737,1,Caixa Postal,00:00:08,Cli,1000000089386,N,,,2025/03/25,
300000007738,1,Caixa Postal,00:00:08,Cli,1000000089386,N,,,2025/03/25,
300000007739,1,Caixa Postal,00:00:11,Cli,1000000089386,N,,,2025/03/25,
300000007740,1,Caixa Postal,00:00:08,,,N,,,2025/03/25,
300000007741,1,Caixa Postal,00:00:01,Cliente,,N,,,2025/03/25,
300000007742,1,Caixa Postal,00:00:00,Cliente,,N,,,2025/03/25,
300000007743,1,Chamada Não Atendida,,CLI ,1000000086348,N,,,2025/03/25,
300000007744,1,Chamada Não Atendida,,CLI ,1000000086348,N,,,2025/03/25,
300000007745,1,Chamada Não Atendida,00:00:01,CLI ,1000000086348,N,,,2025/03/25,
300000007746,1,Caixa Postal,,Cliente,1000000085391,N,,,2025/03/25,
300000007747,1,Caixa Postal,00:00:01,CLI,,N,,,2025/03/25,
300000007748,1,URA Pesquisa NPS,00:01:12,CLI,1000000089290,S,,,2025/03/25,Email48443
300000007749,1,Caixa Postal,00:00:11,Cliente,1000000088701,N,,,2025/03/25,
300000007750,1,Caixa Postal,00:00:09,Cliente,1000000088701,N,,,2025/03/25,
300000007751,1,Caixa Postal,00:00:13,,,N,,,2025/03/25,
300000007752,1,Sent To Voicemail,00:03:16,CLI,1000000089326,S,Sim,10.0,2025/03/25,Email4194
300000007753,1,Protocolo Permanecera em Andamento,00:01:28,Vendedora,1000000089403,N,,,2025/03/25,
300000007754,1,Caixa Postal,00:00:10,CLI,,N,,,2025/03/25,
300000007755,1,Não Atende,,Cli,1000000087511,N,,,2025/03/25,
300000007756,1,Caixa Postal,00:00:04,CLI,,N,,,2025/03/25,
300000007757,1,Chamada Não Atendida,00:00:05,CLI,1000000089265,N,,,2025/03/25,
300000007758,1,Chamada Não Atendida,,CLI,1000000089265,N,,,2025/03/25,
300000007759,1,Caixa Postal,,Cliente,1000000089365,N,,,2025/03/25,
300000007760,1,Caixa Postal,,,,N,,,2025/03/25,
300000007761,1,Caixa Postal,,,,N,,,2025/03/25,
300000007762,1,Informação,,,,N,,,2025/03/25,
300000007763,1,Cliente Desligou,00:01:22,Cli,,N,,,2025/03/25,
300000007764,1,Informação,00:00:34,,,N,,,2025/03/25,
300000007765,1,Caixa Postal,00:00:04,,,N,,,2025/03/25,
300000007766,1,Caixa Postal,00:00:07,,,N,,,2025/03/25,
300000007767,1,Ligação Muda,00:00:23,,,N,,,2025/03/25,
300000007768,1,Caixa Postal,,CLI,,N,,,2025/03/25,
300000007769,1,URA Pesquisa NPS,00:01:12,Cli,1000000089070,S,Sim,8.0,2025/03/25,Email19156
300000007770,1,Caixa Postal,00:00:03,Cliente,1000000088701,N,,,2025/03/25,
300000007771,1,Caixa Postal,00:00:01,Cliente,1000000088701,N,,,2025/03/25,
300000007772,1,Informação,,,,N,,,2025/03/25,
300000007773,1,Caixa Postal,,Cliente,1000000088700,N,,,2025/03/25,
300000007774,1,Informação,00:00:03,CLI ,,N,,,2025/03/25,
300000007775,1,Informação,00:00:02,CLI ,,N,,,2025/03/25,
300000007776,1,Caixa Postal,00:00:02,cli,1000000089357,N,,,2025/03/25,
300000007777,1,Caixa Postal,,cli,1000000089357,N,,,2025/03/25,
300000007778,1,Caixa Postal,00:00:00,Vendedora,,N,,,2025/03/25,
300000007779,1,Caixa Postal,,Vendedora,,N,,,2025/03/25,
300000007780,1,Não Atende,,Cli,1000000087511,N,,,2025/03/25,
300000007781,1,URA Pesquisa NPS,00:04:40,,,S,,,2025/03/25,Email45
300000007782,1,Informação,00:00:23,CLI,1000000088412,N,,,2025/03/25,
300000007783,1,Caixa Postal,00:00:04,,,N,,,2025/03/25,
300000007784,1,Caixa Postal,00:00:17,,,N,,,2025/03/25,
300000007785,1,URA Pesquisa NPS,00:02:18,CLI,1000000089109,S,Sim,8.0,2025/03/25,Email4355
300000007786,1,Informação,00:00:02,,,N,,,2025/03/25,
300000007787,1,Informação,00:00:04,,,N,,,2025/03/25,
300000007788,1,Não Atende,00:00:22,Cli,1000000086310,N,,,2025/03/25,
300000007789,1,Não Atende,00:00:01,Cli,1000000086310,N,,,2025/03/25,
300000007790,1,Caixa Postal,,,,N,,,2025/03/25,
300000007791,1,Caixa Postal,00:00:08,,,N,,,2025/03/25,
300000007792,1,Chamada Não Atendida,00:00:00,CLI ,1000000089327,N,,,2025/03/25,
300000007793,1,Chamada Não Atendida,00:00:01,CLI ,1000000089327,N,,,2025/03/25,
300000007794,1,Chamada Não Atendida,00:00:04,Cli,1000000089294,N,,,2025/03/25,
300000007795,1,Chamada Não Atendida,,Cli,1000000089294,N,,,2025/03/25,
300000007796,1,Informação,00:00:08,,,N,,,2025/03/25,
300000007797,1,Informação,00:01:03,,,N,,,2025/03/25,
300000007798,1,URA Pesquisa NPS,00:02:31,CLI,1000000089376,S,Sim,,2025/03/25,Email288
300000007799,1,Caixa Postal,,,,N,,,2025/03/25,
300000007800,1,Caixa Postal,,,,N,,,2025/03/25,
300000007801,1,Caixa Postal,,,,N,,,2025/03/25,
300000007802,1,Informação,,Cli,,N,,,2025/03/25,
300000007803,1,Caixa Postal,00:00:04,,,N,,,2025/03/25,
300000007804,1,Caixa Postal,00:00:03,,,N,,,2025/03/25,
300000007805,1,Caixa Postal,00:00:02,,,N,,,2025/03/25,
300000007806,1,Caixa Postal,00:00:01,,1000000089405,N,,,2025/03/25,
300000007807,1,Caixa Postal,00:00:04,,,N,,,2025/03/25,
300000007808,1,Caixa Postal,00:00:04,,,N,,,2025/03/25,
300000007809,1,Caixa Postal,,CLI,1000000088703,N,,,2025/03/25,
300000007810,1,Informação,,,,N,,,2025/03/25,
300000007811,1,Informação,,,,N,,,2025/03/25,
300000007812,1,Informação,,,,N,,,2025/03/25,
300000007813,1,Caixa Postal,00:00:25,CLI,,N,,,2025/03/25,
300000007814,1,URA Pesquisa NPS,00:02:07,CLI,1000000089429,S,Sim,10.0,2025/03/25,Email4355
300000007815,1,Informação,00:00:02,CLI ,,N,,,2025/03/25,
300000007816,1,URA Pesquisa NPS,00:00:58,,1000000089185,S,Sim,10.0,2025/03/25,Email45
300000007817,1,Não Atende,,,,N,,,2025/03/25,
300000007818,1,Caixa Postal,00:00:10,Cli,1000000088323,N,,,2025/03/25,
300000007819,1,URA Pesquisa NPS,00:05:34,Cli,1000000088323,S,,,2025/03/25,Email19156
300000007820,1,URA Pesquisa NPS,00:08:43,cli,1000000089325,S,Sim,,2025/03/25,Email5556
300000007821,1,Agent Error,00:02:57,,,N,,,2025/03/25,
300000007822,1,Caixa Postal,,,,N,,,2025/03/25,
300000007823,1,Caixa Postal,,,,N,,,2025/03/25,
300000007824,1,Caixa Postal,00:06:08,cli,10000000120260,N,,,2025/03/25,
300000007825,1,Caixa Postal,,,,N,,,2025/03/25,
300000007826,1,Contato de Finalizacao do Protocolo,00:01:02,,,N,,,2025/03/25,
300000007827,1,URA Pesquisa NPS,00:02:48,Cli,1000000082318,S,Sim,8.0,2025/03/25,Email19156
300000007828,1,Ligação Muda,00:00:04,CLI,1000000088703,N,,,2025/03/25,
300000007829,1,Caixa Postal,00:00:06,,,N,,,2025/03/25,
300000007830,1,Caixa Postal,00:00:06,,,N,,,2025/03/25,
300000007831,1,Caixa Postal,00:00:05,,,N,,,2025/03/25,
300000007832,1,URA Pesquisa NPS,00:01:35,Cli,1000000089160,S,Sim,10.0,2025/03/25,Email1768
300000007833,1,Informação,,Cli,,N,,,2025/03/25,
300000007834,1,Informação,,Cli,,N,,,2025/03/25,
300000007835,1,Caixa Postal,00:00:04,Cli,,N,,,2025/03/25,
300000007836,1,Caixa Postal,00:00:11,Cli,,N,,,2025/03/25,
300000007837,1,Caixa Postal,00:00:05,Cli,,N,,,2025/03/25,
300000007838,1,Caixa Postal,00:00:04,,,N,,,2025/03/25,
300000007839,1,Caixa Postal,00:00:06,,,N,,,2025/03/25,
300000007840,1,Informação,,CLI,,N,,,2025/03/25,
300000007841,1,URA Pesquisa NPS,00:01:04,Cli,1000000089259,S,Sim,8.0,2025/03/25,Email5371
300000007842,1,Caixa Postal,,,,N,,,2025/03/25,
300000007843,1,Cliente solicita novo contato,00:01:12,,,N,,,2025/03/25,
300000007844,1,Caixa Postal,00:00:12,Cli,1000000089110,N,,,2025/03/25,
300000007845,1,Caixa Postal,00:00:07,Cli,,N,,,2025/03/25,
300000007846,1,Caixa Postal,,,,N,,,2025/03/25,
300000007847,1,Caixa Postal,,,,N,,,2025/03/25,
300000007848,1,URA Pesquisa NPS,00:00:59,CLI,1000000090145,S,Sim,10.0,2025/03/24,Email1615
300000007849,1,Caixa Postal,,,,N,,,2025/03/24,
300000007850,1,Caixa Postal,,,,N,,,2025/03/24,
300000007851,1,Caixa Postal,,,,N,,,2025/03/24,
300000007852,1,Caixa Postal,,,,N,,,2025/03/24,
300000007853,1,Caixa Postal,,Cli,1000000087806,N,,,2025/03/24,
300000007854,1,URA Pesquisa NPS,00:02:27,Cli,1000000087806,S,,,2025/03/24,Email1615
300000007855,1,URA Pesquisa NPS,00:10:44,Cliente,1000000089952,S,Sim,10.0,2025/03/24,Email8754
300000007856,1,URA Pesquisa NPS,00:01:54,Cli,1000000088591,S,,,2025/03/24,Email1615
300000007857,1,Caixa Postal,00:00:07,,,N,,,2025/03/24,
300000007858,1,Caixa Postal,00:00:17,,,N,,,2025/03/24,
300000007859,1,Caixa Postal,00:00:17,,,N,,,2025/03/24,
300000007860,1,Informação,00:00:03,CLI,,N,,,2025/03/24,
300000007861,1,Caixa Postal,00:00:11,Cli,,N,,,2025/03/24,
300000007862,1,Caixa Postal,00:00:09,CLI,1000000088586,N,,,2025/03/24,
300000007863,1,Caixa Postal,,CLI,1000000089210,N,,,2025/03/24,
300000007864,1,Caixa Postal,00:00:02,CLI,1000000089210,N,,,2025/03/24,
300000007865,1,Cliente Desligou,00:01:30,CLI,1000000088586,N,,,2025/03/24,
300000007866,1,Não Atende,,CLI,1000000089210,N,,,2025/03/24,
300000007867,1,Caixa Postal,,,,N,,,2025/03/24,
300000007868,1,Caixa Postal,,,,N,,,2025/03/24,
300000007869,1,Caixa Postal,,,,N,,,2025/03/24,
300000007870,1,Informação,00:01:43,,,N,,,2025/03/24,
300000007871,1,Caixa Postal,,,,N,,,2025/03/24,
300000007872,1,Informação,00:00:06,,,N,,,2025/03/24,
300000007873,1,Caixa Postal,00:00:09,,,N,,,2025/03/24,
300000007874,1,URA Pesquisa NPS,00:01:55,CLI,1000000087059,S,,,2025/03/24,Email296
300000007875,1,Caixa Postal,00:00:03,,,N,,,2025/03/24,
300000007876,1,Agent Error,00:01:54,,,N,,,2025/03/24,
300000007877,1,Caixa Postal,00:00:01,Cli,1000000090176,N,,,2025/03/24,
300000007878,1,Caixa Postal,00:00:01,Cli,1000000090176,N,,,2025/03/24,
300000007879,1,Caixa Postal,,Cli,1000000090176,N,,,2025/03/24,
300000007880,1,Caixa Postal,00:00:10,Cli,1000000089818,N,,,2025/03/24,
300000007881,1,Caixa Postal,00:00:15,Cli,1000000089818,N,,,2025/03/24,
300000007882,1,URA Pesquisa NPS,00:00:51,Cli,1000000090175,S,Sim,,2025/03/24,Email1615
300000007883,1,Caixa Postal,00:00:05,,,N,,,2025/03/24,
300000007884,1,Caixa Postal,00:00:34,,,N,,,2025/03/24,
300000007885,1,Caixa Postal,,,,N,,,2025/03/24,
300000007886,1,Informação,00:03:09,,,N,,,2025/03/24,
300000007887,1,Caixa Postal,00:00:01,,,N,,,2025/03/24,
300000007888,1,Atendimento em Dia_Hora especifico,00:00:05,,,N,,,2025/03/24,
300000007889,1,URA Pesquisa NPS,00:01:45,CLI,1000000089852,S,Sim,9.0,2025/03/24,Email4355
300000007890,1,Chamada Não Atendida,,CLI,1000000089399,N,,,2025/03/24,
300000007891,1,Caixa Postal,00:00:13,Cli,1000000080779,N,,,2025/03/24,
300000007892,1,Agent Error,00:01:47,,,N,,,2025/03/24,
300000007893,1,Cliente Desligou,00:00:12,Cli,1000000090160,N,,,2025/03/24,
300000007894,1,Cliente Desligou,00:00:20,Cli,1000000090160,N,,,2025/03/24,
300000007895,1,URA Pesquisa NPS,00:01:30,Cli,1000000090052,S,Sim,10.0,2025/03/24,Email1768
300000007896,1,Caixa Postal,00:00:00,CLI,1000000089949,N,,,2025/03/24,
300000007897,1,Informação,,,,N,,,2025/03/24,
300000007898,1,Informação,00:00:06,,,N,,,2025/03/24,
300000007899,1,Ligação Muda,,,1000000089480,N,,,2025/03/24,
300000007900,1,Caixa Postal,00:00:08,,,N,,,2025/03/24,
300000007901,1,Ligação Muda,00:00:11,,1000000089480,N,,,2025/03/24,
300000007902,1,URA Pesquisa NPS,00:10:11,CLI,1000000082566,S,Sim,10.0,2025/03/24,Email1615
300000007903,1,Caixa Postal,00:00:03,CLI,,N,,,2025/03/24,
300000007904,1,Caixa Postal,00:00:05,CLI,,N,,,2025/03/24,
300000007905,1,URA Pesquisa NPS,00:01:31,CLI,1000000090045,S,Sim,8.0,2025/03/24,Email48443
300000007906,1,Caixa Postal,,Cliente,1000000090191,N,,,2025/03/24,
300000007907,1,Não Atende,,Cliente,1000000090191,N,,,2025/03/24,
300000007908,1,Caixa Postal,00:00:11,Cli,1000000089816,N,,,2025/03/24,
300000007909,1,Caixa Postal,,CLI ,1000000090053,N,,,2025/03/24,
300000007910,1,Caixa Postal,,CLI ,1000000090053,N,,,2025/03/24,
300000007911,1,Caixa Postal,00:00:30,Cli,1000000090167,N,,,2025/03/24,
300000007912,1,Informação,00:03:07,,,N,,,2025/03/24,
300000007913,1,URA Pesquisa NPS,00:01:29,,,S,,,2025/03/24,Email45
300000007914,1,Não Atende,,,1000000089480,N,,,2025/03/24,
300000007915,1,Caixa Postal,,CLI,1000000086187,N,,,2025/03/24,
300000007916,1,Caixa Postal,00:00:10,Cli,1000000089919,N,,,2025/03/24,
300000007917,1,Caixa Postal,00:00:10,Cli,1000000089919,N,,,2025/03/24,
300000007918,1,URA Pesquisa NPS,00:08:11,CLI,1000000090197,S,Sim,9.0,2025/03/24,Email48443
300000007919,1,Cliente Desligou,00:00:09,Cli,1000000087839,N,,,2025/03/24,
300000007920,1,Responsavel ausente,00:01:01,Cli,1000000087839,N,,,2025/03/24,
300000007921,1,Chamada Não Atendida,,CLI,,N,,,2025/03/24,
300000007922,1,Caixa Postal,00:00:05,CLI,1000000090097,N,,,2025/03/24,
300000007923,1,Caixa Postal,00:00:18,Cli,1000000089818,N,,,2025/03/24,
300000007924,1,Cliente Desligou,00:00:07,CLI,1000000090064,N,,,2025/03/24,
300000007925,1,Caixa Postal,00:00:03,,,N,,,2025/03/24,
300000007926,1,Caixa Postal,,,,N,,,2025/03/24,
300000007927,1,Informação,,,,N,,,2025/03/24,
300000007928,1,Caixa Postal,,CLI,1000000086352,N,,,2025/03/24,
300000007929,1,Caixa Postal,,Cliente,,N,,,2025/03/24,
300000007930,1,Caixa Postal,00:00:05,,,N,,,2025/03/24,
300000007931,1,Caixa Postal,,Cliente,1000000090191,N,,,2025/03/24,
300000007932,1,Caixa Postal,00:00:05,,,N,,,2025/03/24,
300000007933,1,Informação,00:00:02,Cliente,,N,,,2025/03/24,
300000007934,1,Não Atende,,Cli,1000000089820,N,,,2025/03/24,
300000007935,1,Informação,00:00:03,Cliente,,N,,,2025/03/24,
300000007936,1,URA Pesquisa NPS,00:02:24,,,S,Sim,9.0,2025/03/24,Email5556
300000007937,1,Caixa Postal,,CLI ,,N,,,2025/03/24,
300000007938,1,Caixa Postal,00:00:09,,1000000089479,N,,,2025/03/24,
300000007939,1,Chamada Não Atendida,,CLI ,1000000090046,N,,,2025/03/24,
300000007940,1,Chamada Não Atendida,,CLI ,1000000090046,N,,,2025/03/24,
300000007941,1,Caixa Postal,,,,N,,,2025/03/24,
300000007942,1,Caixa Postal,,,,N,,,2025/03/24,
300000007943,1,Caixa Postal,,CLI,1000000089980,N,,,2025/03/24,
300000007944,1,Caixa Postal,,CLI,1000000089980,N,,,2025/03/24,
300000007945,1,URA Pesquisa NPS,00:02:29,CLI,1000000089817,S,Sim,7.0,2025/03/24,Email19156
300000007946,1,Chamada Não Atendida,,CLI ,1000000089846,N,,,2025/03/24,
300000007947,1,Chamada Não Atendida,,CLI ,1000000089846,N,,,2025/03/24,
300000007948,1,Informação,,,,N,,,2025/03/24,
300000007949,1,Caixa Postal,,,,N,,,2025/03/24,
300000007950,1,Caixa Postal,,CLI,1000000089960,N,,,2025/03/24,
300000007951,1,Cliente Desligou,,Cli,1000000089070,N,,,2025/03/24,
300000007952,1,Caixa Postal,00:00:05,Cli,1000000089070,N,,,2025/03/24,
300000007953,1,URA Pesquisa NPS,00:01:46,,,S,,,2025/03/24,Email306
300000007954,1,Chamada Não Atendida,00:00:02,CLI ,1000000090056,N,,,2025/03/24,
300000007955,1,Chamada Não Atendida,,CLI ,1000000090056,N,,,2025/03/24,
300000007956,1,URA Pesquisa NPS,00:01:03,CLI ,1000000090059,S,,,2025/03/24,Email372
300000007957,1,Chamada Não Atendida,,CLI,1000000090069,N,,,2025/03/24,
300000007958,1,Chamada Não Atendida,,CLI,1000000090069,N,,,2025/03/24,
300000007959,1,Informação,00:00:04,cli,,N,,,2025/03/24,
300000007960,1,Caixa Postal,,Cli,1000000087839,N,,,2025/03/24,
300000007961,1,URA Pesquisa NPS,00:03:02,cli,1000000090159,S,Sim,8.0,2025/03/24,Email288
300000007962,1,Protocolo Permanecera em Andamento,00:02:34,Cli,1000000087839,N,,,2025/03/24,
300000007963,1,Informação,,Cliente,,N,,,2025/03/24,
300000007964,1,Caixa Postal,00:00:13,,,N,,,2025/03/24,
300000007965,1,Caixa Postal,00:00:15,,,N,,,2025/03/24,
300000007966,1,Caixa Postal,,,,N,,,2025/03/24,
300000007967,1,Caixa Postal,00:00:03,,,N,,,2025/03/24,
300000007968,1,Caixa Postal,00:00:01,,,N,,,2025/03/24,
300000007969,1,Caixa Postal,00:00:04,,,N,,,2025/03/24,
300000007970,1,URA Pesquisa NPS,00:04:39,C,1000000089821,S,Sim,10.0,2025/03/24,Email19156
300000007971,1,URA Pesquisa NPS,00:11:14,CLI,,S,Sim,10.0,2025/03/24,Email5556
300000007972,1,Dados incorretos do cliente,00:00:32,,,N,,,2025/03/24,
300000007973,1,Informação,00:00:03,,,N,,,2025/03/24,
300000007974,1,Caixa Postal,,,,N,,,2025/03/24,
300000007975,1,Informação,00:00:05,,,N,,,2025/03/24,
300000007976,1,Caixa Postal,00:00:04,,,N,,,2025/03/24,
300000007977,1,Caixa Postal,00:00:07,Cli,1000000090163,N,,,2025/03/24,
300000007978,1,Caixa Postal,,Cli,1000000090163,N,,,2025/03/24,
300000007979,1,Caixa Postal,00:00:03,,,N,,,2025/03/24,
300000007980,1,Informação,00:02:49,,,N,,,2025/03/24,
300000007981,1,Caixa Postal,00:00:20,Cli,1000000089826,N,,,2025/03/24,
300000007982,1,Informação,00:00:02,,,N,,,2025/03/24,
300000007983,1,Informação,00:02:47,,,N,,,2025/03/24,
300000007984,1,URA Pesquisa NPS,00:03:05,Cli,1000000087839,S,Sim,10.0,2025/03/24,Email1615
300000007985,1,URA Pesquisa NPS,00:01:12,CLI,1000000090145,S,Sim,10.0,2025/03/24,Email364
300000007986,1,Caixa Postal,00:00:11,Cli,1000000090174,N,,,2025/03/24,
300000007987,1,Informação,00:04:55,Cli,,N,,,2025/03/24,
300000007988,1,Caixa Postal,00:00:05,Cli,1000000090174,N,,,2025/03/24,
300000007989,1,Caixa Postal,00:00:10,CLI,1000000089103,N,,,2025/03/24,
300000007990,1,Caixa Postal,00:00:06,CLI,1000000089103,N,,,2025/03/24,
300000007991,1,Informação,00:00:10,Vendedora,,N,,,2025/03/24,
300000007992,1,Protocolo Permanecera em Andamento,00:02:35,Cli,1000000087623,N,,,2025/03/24,
300000007993,1,Protocolo Permanecera em Andamento,00:03:52,CLI,,N,,,2025/03/24,
300000007994,1,Caixa Postal,00:00:08,Cli,1000000089071,N,,,2025/03/24,
300000007995,1,Informação,,,,N,,,2025/03/24,
300000007996,1,Caixa Postal,00:00:01,CLI,1000000087087,N,,,2025/03/24,
300000007997,1,URA Pesquisa NPS,00:01:42,CLI,,S,Sim,10.0,2025/03/24,Email296
300000007998,1,URA Pesquisa NPS,00:01:19,Cli,1000000090165,S,Sim,10.0,2025/03/24,Email1615
300000007999,1,Caixa Postal,,Cli,,N,,,2025/03/24,
300000008000,1,Caixa Postal,00:00:10,,,N,,,2025/03/24,
300000008001,1,Caixa Postal,00:00:10,Cli,,N,,,2025/03/24,
300000008002,1,Caixa Postal,00:00:13,Cli,,N,,,2025/03/24,
300000008003,1,Caixa Postal,,Cli,,N,,,2025/03/24,
300000008004,1,Informação,00:03:53,,,N,,,2025/03/24,
300000008005,1,Caixa Postal,,Cliente,1000000087653,N,,,2025/03/24,
300000008006,1,Caixa Postal,,Cliente,1000000087653,N,,,2025/03/24,
300000008007,1,Caixa Postal,00:00:04,Cliente,1000000087653,N,,,2025/03/24,
300000008008,1,Informação,00:00:06,Cli,,N,,,2025/03/24,
300000008009,1,Informação,,Cli,,N,,,2025/03/24,
300000008010,1,Informação,00:23:18,CLI,,N,,,2025/03/24,
300000008011,1,Caixa Postal,00:00:06,cli,1000000085556,N,,,2025/03/24,
300000008012,1,Caixa Postal,00:00:03,,,N,,,2025/03/24,
300000008013,1,Caixa Postal,,Cliente,1000000089407,N,,,2025/03/24,
300000008014,1,Caixa Postal,,Cliente,1000000089407,N,,,2025/03/24,
300000008015,1,Caixa Postal,,Cliente,1000000089407,N,,,2025/03/24,
300000008016,1,Chamada Não Atendida,,Cliente,1000000089489,N,,,2025/03/24,
300000008017,1,Chamada Não Atendida,,Cliente,1000000089489,N,,,2025/03/24,
300000008018,1,Informação,00:00:03,,,N,,,2025/03/24,
300000008019,1,Informação,,,,N,,,2025/03/24,
300000008020,1,Chamada Não Atendida,,cli ,,N,,,2025/03/24,
300000008021,1,Chamada Não Atendida,,cli ,,N,,,2025/03/24,
300000008022,1,Chamada Não Atendida,,cli ,10000000257941,N,,,2025/03/24,
300000008023,1,Caixa Postal,,CLI,,N,,,2025/03/24,
300000008024,1,Caixa Postal,00:00:05,CLI,,N,,,2025/03/24,
300000008025,1,URA Pesquisa NPS,00:04:45,CLI,1000000089953,S,,,2025/03/24,Email4355
300000008026,1,Caixa Postal,00:00:19,Cli,1000000089071,N,,,2025/03/24,
300000008027,1,URA Pesquisa NPS,00:01:52,CLI,1000000090189,S,Sim,10.0,2025/03/24,Email4194
300000008028,1,Caixa Postal,00:00:01,,,N,,,2025/03/24,
300000008029,1,Caixa Postal,00:00:01,,,N,,,2025/03/24,
300000008030,1,Caixa Postal,00:00:00,,,N,,,2025/03/24,
300000008031,1,Caixa Postal,00:00:04,,,N,,,2025/03/24,
300000008032,1,Caixa Postal,,,,N,,,2025/03/24,
300000008033,1,Caixa Postal,00:00:06,Cli,1000000089071,N,,,2025/03/24,
300000008034,1,Caixa Postal,00:00:00,CLI,,N,,,2025/03/24,
300000008035,1,Caixa Postal,00:00:19,CLI,,N,,,2025/03/24,
300000008036,1,Caixa Postal,00:00:05,,,N,,,2025/03/24,
300000008037,1,Não Atende,,Cliente,1000000089952,N,,,2025/03/21,
300000008038,1,Caixa Postal,00:00:05,,,N,,,2025/03/21,
300000008039,1,Caixa Postal,,,,N,,,2025/03/21,
300000008040,1,Caixa Postal,00:00:13,CLI,1000000090987,N,,,2025/03/21,
300000008041,1,Caixa Postal,00:00:01,CLI,1000000090987,N,,,2025/03/21,
300000008042,1,Caixa Postal,00:00:01,CLI ,,N,,,2025/03/21,
300000008043,1,Caixa Postal,00:00:19,CLI ,,N,,,2025/03/21,
300000008044,1,Caixa Postal,00:00:05,CLI ,1000000090903,N,,,2025/03/21,
300000008045,1,Informação,00:00:04,CLI,,N,,,2025/03/21,
300000008046,1,Informação,00:00:00,CLI,,N,,,2025/03/21,
300000008047,1,Caixa Postal,,CLI,1000000087700,N,,,2025/03/21,
300000008048,1,Informação,00:01:39,,,N,,,2025/03/21,
300000008049,1,Ocupado,,Cli,1000000090967,N,,,2025/03/21,
300000008050,1,Ocupado,,Cli,1000000090967,N,,,2025/03/21,
300000008051,1,Cliente Desligou,00:00:15,Cli,1000000090967,N,,,2025/03/21,
300000008052,1,Cliente Desligou,00:00:05,Cli,1000000090967,N,,,2025/03/21,
300000008053,1,Cliente Desligou,00:00:04,Cli,1000000090967,N,,,2025/03/21,
300000008054,1,Cliente Desligou,00:00:07,Cli,1000000090967,N,,,2025/03/21,
300000008055,1,Cliente Desligou,,Cli,1000000090967,N,,,2025/03/21,
300000008056,1,Ocupado,,Cli,1000000090967,N,,,2025/03/21,
300000008057,1,Caixa Postal,00:00:05,CLI,1000000090988,N,,,2025/03/21,
300000008058,1,Caixa Postal,,,,N,,,2025/03/21,
300000008059,1,Contato de Finalizacao do Protocolo,00:01:22,Cli,1000000090743,N,,,2025/03/21,
300000008060,1,Caixa Postal,,,,N,,,2025/03/21,
300000008061,1,Caixa Postal,,,,N,,,2025/03/21,
300000008062,1,Informação,00:16:20,,,N,,,2025/03/21,
300000008063,1,Caixa Postal,00:00:08,,,N,,,2025/03/21,
300000008064,1,Chamada Não Atendida,,Vendedora,1000000090901,N,,,2025/03/21,
300000008065,1,URA Pesquisa NPS,00:13:34,Cli,1000000090748,S,Sim,10.0,2025/03/21,Email19156
300000008066,1,Caixa Postal,00:00:22,,,N,,,2025/03/21,
300000008067,1,Caixa Postal,00:00:10,Cli,1000000090176,N,,,2025/03/21,
300000008068,1,Ligação Muda,,CLI,1000000090994,N,,,2025/03/21,
300000008069,1,Caixa Postal,00:00:04,Cli,1000000090176,N,,,2025/03/21,
300000008070,1,Caixa Postal,,CLI,1000000090994,N,,,2025/03/21,
300000008071,1,Caixa Postal,,Cli,1000000090901,N,,,2025/03/21,
300000008072,1,Caixa Postal,00:00:04,Cli,1000000090176,N,,,2025/03/21,
300000008073,1,Caixa Postal,00:00:04,,,N,,,2025/03/21,
300000008074,1,Caixa Postal,00:00:03,,,N,,,2025/03/21,
300000008075,1,Caixa Postal,,,,N,,,2025/03/21,
300000008076,1,Caixa Postal,00:00:03,,,N,,,2025/03/21,
300000008077,1,Caixa Postal,,,,N,,,2025/03/21,
300000008078,1,Caixa Postal,,,,N,,,2025/03/21,
300000008079,1,Contato de Finalizacao do Protocolo,00:00:42,Cliente,1000000090891,N,,,2025/03/21,
300000008080,1,Caixa Postal,00:00:04,,,N,,,2025/03/21,
300000008081,1,Caixa Postal,00:00:03,,,N,,,2025/03/21,
300000008082,1,Caixa Postal,00:00:02,,,N,,,2025/03/21,
300000008083,1,Não Atende,00:00:13,,1000000090989,N,,,2025/03/21,
300000008084,1,Ocupado,,CLI ,1000000090869,N,,,2025/03/21,
300000008085,1,URA Pesquisa NPS,00:01:53,,1000000090989,S,Sim,10.0,2025/03/21,Email45
300000008086,1,Caixa Postal,00:00:05,CLI,1000000090906,N,,,2025/03/21,
300000008087,1,Caixa Postal,00:00:01,CLI,1000000090906,N,,,2025/03/21,
300000008088,1,Sent To Voicemail,00:01:06,,1000000090989,S,Sim,1.0,2025/03/21,Email45
300000008089,1,URA Pesquisa NPS,00:01:10,CLI ,1000000090789,S,Sim,10.0,2025/03/21,Email372
300000008090,1,Responsavel ausente,00:00:55,,,N,,,2025/03/21,
300000008091,1,Caixa Postal,00:00:09,,,N,,,2025/03/21,
300000008092,1,Caixa Postal,00:00:04,,,N,,,2025/03/21,
300000008093,1,URA Pesquisa NPS,00:03:12,,1000000090534,S,Sim,10.0,2025/03/21,Email48442
300000008094,1,Chamada Não Atendida,,CLI,1000000090638,N,,,2025/03/21,
300000008095,1,Caixa Postal,00:00:03,CLI,1000000090638,N,,,2025/03/21,
300000008096,1,Ligação Muda,00:00:35,CLI,1000000088618,N,,,2025/03/21,
300000008097,1,Caixa Postal,,,,N,,,2025/03/21,
300000008098,1,Caixa Postal,,,,N,,,2025/03/21,
300000008099,1,Chamada Não Atendida,00:00:04,Cli,1000000090853,N,,,2025/03/21,
300000008100,1,Ocupado,,Cli,,N,,,2025/03/21,
300000008101,1,Caixa Postal,,Cli,1000000090634,N,,,2025/03/21,
300000008102,1,Ocupado,,Cli,1000000090634,N,,,2025/03/21,
300000008103,1,Ligação Muda,,CLI,1000000090994,N,,,2025/03/21,
300000008104,1,URA Pesquisa NPS,00:01:12,CLI,1000000090994,S,Sim,10.0,2025/03/21,Email364
300000008105,1,Caixa Postal,00:00:06,CLI,1000000090931,N,,,2025/03/21,
300000008106,1,URA Pesquisa NPS,00:02:38,,1000000090931,S,Sim,3.0,2025/03/21,Email296
300000008107,1,Caixa Postal,00:00:03,Cliente,1000000090990,N,,,2025/03/21,
300000008108,1,URA Pesquisa NPS,00:00:45,Cliente,1000000090990,S,Sim,10.0,2025/03/21,Email8754
300000008109,1,Caixa Postal,00:00:04,,,N,,,2025/03/21,
300000008110,1,Contato de Finalizacao do Protocolo,00:05:58,Cli,,N,,,2025/03/21,
300000008111,1,Caixa Postal,00:00:09,Cli,1000000090633,N,,,2025/03/21,
300000008112,1,Caixa Postal,00:00:19,,,N,,,2025/03/21,
300000008113,1,Ligação Muda,,,,N,,,2025/03/21,
300000008114,1,Chamada Não Atendida,,CLI,1000000090871,N,,,2025/03/21,
300000008115,1,URA Pesquisa NPS,00:00:25,CLI,1000000090214,S,,,2025/03/21,Email296
300000008116,1,Chamada Não Atendida,00:00:11,CLI,1000000090214,N,,,2025/03/21,
300000008117,1,URA Pesquisa NPS,00:01:38,CLI q,1000000090791,S,,,2025/03/21,Email372
300000008118,1,Caixa Postal,,CLI,1000000091011,N,,,2025/03/21,
300000008119,1,Caixa Postal,00:00:10,CLI,,N,,,2025/03/21,
300000008120,1,Informação,00:00:06,,,N,,,2025/03/21,
300000008121,1,Chamada Não Atendida,,Cliente,1000000090793,N,,,2025/03/21,
300000008122,1,Caixa Postal,00:00:10,CLI,,N,,,2025/03/21,
300000008123,1,Chamada Não Atendida,,CLI,1000000090793,N,,,2025/03/21,
300000008124,1,Contato de Finalizacao do Protocolo,00:02:22,CLI,1000000090885,N,,,2025/03/21,
300000008125,1,Chamada Não Atendida,,CLI ,1000000090769,N,,,2025/03/21,
300000008126,1,Chamada Não Atendida,,CLI ,1000000090769,N,,,2025/03/21,
300000008127,1,Informação,,CLI,10000000257941,N,,,2025/03/21,
300000008128,1,Chamada Não Atendida,,CLI ,1000000090769,N,,,2025/03/21,
300000008129,1,Chamada Não Atendida,,CLI ,1000000090769,N,,,2025/03/21,
300000008130,1,URA Pesquisa NPS,00:01:56,CLI,1000000090854,S,Sim,10.0,2025/03/21,Email48443
300000008131,1,Caixa Postal,00:00:05,Cli,1000000084774,N,,,2025/03/21,
300000008132,1,Caixa Postal,00:00:12,Cli,1000000084774,N,,,2025/03/21,
300000008133,1,Ocupado,,,,N,,,2025/03/21,
300000008134,1,Chamada Não Atendida,,CLI ,1000000090805,N,,,2025/03/21,
300000008135,1,Caixa Postal,00:00:03,Cli,1000000084774,N,,,2025/03/21,
300000008136,1,Caixa Postal,00:00:01,Cli,1000000084774,N,,,2025/03/21,
300000008137,1,Caixa Postal,00:00:03,,,N,,,2025/03/21,
300000008138,1,Caixa Postal,00:00:04,Cliente,1000000090783,N,,,2025/03/21,
300000008139,1,Caixa Postal,00:00:04,Cliente,1000000090783,N,,,2025/03/21,
300000008140,1,URA Pesquisa NPS,00:01:18,Cli,1000000085575,S,Sim,1.0,2025/03/21,Email1768
300000008141,1,Caixa Postal,,Cliente,1000000090942,N,,,2025/03/21,
300000008142,1,Responsavel ausente,00:00:30,Cliente,1000000090942,N,,,2025/03/21,
300000008143,1,Caixa Postal,00:00:10,cli,1000000090870,N,,,2025/03/21,
300000008144,1,Caixa Postal,00:00:04,CLI,1000000088788,N,,,2025/03/21,
300000008145,1,Ocupado,,,,N,,,2025/03/21,
300000008146,1,URA Pesquisa NPS,00:03:27,,1000000090308,S,Sim,6.0,2025/03/21,Email45
300000008147,1,Contato de Finalizacao do Protocolo,00:02:58,Cli,1000000090633,N,,,2025/03/21,
300000008148,1,Caixa Postal,00:00:20,CLI,,N,,,2025/03/21,
300000008149,1,Caixa Postal,00:00:03,CLI,,N,,,2025/03/21,
300000008150,1,URA Pesquisa NPS,00:00:48,CLI,1000000090862,S,Sim,9.0,2025/03/21,Email296
300000008151,1,Contato de Finalizacao do Protocolo,00:01:09,CLI,1000000091013,N,,,2025/03/21,
300000008152,1,Caixa Postal,,,,N,,,2025/03/21,
300000008153,1,Caixa Postal,,,,N,,,2025/03/21,
300000008154,1,Caixa Postal,,,,N,,,2025/03/21,
300000008155,1,URA Pesquisa NPS,00:05:33,CLI,1000000090466,S,Sim,10.0,2025/03/21,Email4355
300000008156,1,Informação,00:00:02,cli,,N,,,2025/03/21,
300000008157,1,Informação,,,,N,,,2025/03/21,
300000008158,1,Informação,,,,N,,,2025/03/21,
300000008159,1,Informação,,,,N,,,2025/03/21,
300000008160,1,Chamada Não Atendida,00:00:01,Cli ,1000000090851,N,,,2025/03/21,
300000008161,1,Chamada Não Atendida,,Cli ,1000000090851,N,,,2025/03/21,
300000008162,1,Contato de Finalizacao do Protocolo,00:00:50,,,N,,,2025/03/21,
300000008163,1,Caixa Postal,,,,N,,,2025/03/21,
300000008164,1,Caixa Postal,00:00:06,,,N,,,2025/03/21,
300000008165,1,Caixa Postal,,Cli,,N,,,2025/03/21,
300000008166,1,Caixa Postal,,,,N,,,2025/03/21,
300000008167,1,Caixa Postal,,,,N,,,2025/03/21,
300000008168,1,Caixa Postal,00:00:11,,,N,,,2025/03/21,
300000008169,1,Caixa Postal,,,,N,,,2025/03/21,
300000008170,1,Caixa Postal,00:00:02,,,N,,,2025/03/21,
300000008171,1,Caixa Postal,00:00:19,,,N,,,2025/03/21,
300000008172,1,Caixa Postal,,,,N,,,2025/03/21,
300000008173,1,Caixa Postal,,cli,1000000090320,N,,,2025/03/21,
300000008174,1,Contato de Finalizacao do Protocolo,00:00:54,cli,1000000090320,N,,,2025/03/21,
300000008175,1,Chamada Não Atendida,,cli,1000000090865,N,,,2025/03/21,
300000008176,1,URA Pesquisa NPS,00:05:43,Cli,1000000090637,S,,,2025/03/21,Email19156
300000008177,1,Chamada Não Atendida,,cli,1000000090865,N,,,2025/03/21,
300000008178,1,Caixa Postal,00:00:02,,,N,,,2025/03/21,
300000008179,1,Informação,00:00:35,,,N,,,2025/03/21,
300000008180,1,Informação,00:00:40,,,N,,,2025/03/21,
300000008181,1,Caixa Postal,00:00:03,Cliente,1000000090799,N,,,2025/03/21,
300000008182,1,Chamada Não Atendida,,CLI ,1000000086905,N,,,2025/03/21,
300000008183,1,Informação,,CLI,,N,,,2025/03/21,
300000008184,1,Caixa Postal,00:00:02,Cliente,1000000090799,N,,,2025/03/21,
300000008185,1,Dados incorretos do cliente,,Cliente,1000000090799,N,,,2025/03/21,
300000008186,1,Informação,,CLI,,N,,,2025/03/21,
300000008187,1,URA Pesquisa NPS,00:01:10,CLI,1000000090754,S,Sim,10.0,2025/03/21,Email364
300000008188,1,Chamada Não Atendida,,CLI ,1000000090771,N,,,2025/03/21,
300000008189,1,Chamada Não Atendida,,CLI ,1000000090771,N,,,2025/03/21,
300000008190,1,Caixa Postal,00:00:05,cli,1000000090877,N,,,2025/03/21,
300000008191,1,Caixa Postal,00:00:00,cli,1000000090877,N,,,2025/03/21,
300000008192,1,URA Pesquisa NPS,00:01:21,CLI,1000000090978,S,Sim,10.0,2025/03/21,Email4355
300000008193,1,Chamada Não Atendida,,CLI ,1000000090806,N,,,2025/03/21,
300000008194,1,Chamada Não Atendida,,CLI ,1000000090806,N,,,2025/03/21,
300000008195,1,Chamada Não Atendida,,CLI ,1000000090808,N,,,2025/03/21,
300000008196,1,Chamada Não Atendida,,CLI ,1000000090808,N,,,2025/03/21,
300000008197,1,Chamada Não Atendida,00:00:03,CLI ,1000000090809,N,,,2025/03/21,
300000008198,1,Chamada Não Atendida,,CLI ,1000000090809,N,,,2025/03/21,
300000008199,1,Informação,,,,N,,,2025/03/21,
300000008200,1,Informação,00:05:20,,,N,,,2025/03/21,
300000008201,1,Caixa Postal,,CLI,1000000090804,N,,,2025/03/21,
300000008202,1,URA Pesquisa NPS,00:01:12,CLI,1000000090867,S,,,2025/03/21,Email296
300000008203,1,Chamada Não Atendida,00:00:02,CLI,1000000090810,N,,,2025/03/21,
300000008204,1,Informação,00:07:37,Cli,,N,,,2025/03/21,
300000008205,1,Chamada Não Atendida,,CLI ,1000000089178,N,,,2025/03/21,
300000008206,1,URA Pesquisa NPS,00:07:25,Cliente,,S,Sim,10.0,2025/03/21,Email5556
300000008207,1,Informação,00:00:03,cli,,N,,,2025/03/21,
300000008208,1,URA Pesquisa NPS,00:07:41,CLI,1000000091002,S,,,2025/03/21,Email4355
300000008209,1,Dados incorretos do cliente,,Cliente,1000000090992,N,,,2025/03/21,
300000008210,1,Cliente Desligou,00:01:17,Cliente,1000000090992,N,,,2025/03/21,
300000008211,1,Cliente Desligou,00:00:08,Cli,1000000090168,N,,,2025/03/21,
300000008212,1,Informação,00:00:02,,,N,,,2025/03/21,
300000008213,1,URA Pesquisa NPS,00:04:56,,1000000090305,S,Sim,,2025/03/21,Email45
300000008214,1,Agent Error,00:04:20,,,N,,,2025/03/21,
300000008215,1,Cliente Desligou,00:00:34,Cli,1000000090167,N,,,2025/03/21,
300000008216,1,Protocolo Permanecera em Andamento,00:00:40,Cli,1000000090167,N,,,2025/03/21,
300000008217,1,URA Pesquisa NPS,00:02:09,Cli,1000000090631,S,,,2025/03/21,Email19156
300000008218,1,Contato de Finalizacao do Protocolo,00:01:17,Cliente,1000000090146,N,,,2025/03/21,
300000008219,1,Caixa Postal,00:00:04,,,N,,,2025/03/21,
300000008220,1,Contato de Finalizacao do Protocolo,00:02:18,,,N,,,2025/03/21,
300000008221,1,URA Pesquisa NPS,00:02:15,CLI ,1000000090907,S,,,2025/03/21,Email372
300000008222,1,URA Pesquisa NPS,00:01:16,Cliente,1000000090938,S,,,2025/03/21,Email8754
300000008223,1,Contato de Finalizacao do Protocolo,00:03:36,Cli,1000000087512,N,,,2025/03/21,
300000008224,1,Caixa Postal,,Cli,1000000090857,N,,,2025/03/21,
300000008225,1,Caixa Postal,00:00:06,Cli,,N,,,2025/03/21,
300000008226,1,URA Pesquisa NPS,00:05:31,Cli,1000000090472,S,,,2025/03/21,Email4355
300000008227,1,Informação,,,,N,,,2025/03/21,
300000008228,1,Caixa Postal,00:00:02,,,N,,,2025/03/21,
300000008229,1,Caixa Postal,00:00:08,,,N,,,2025/03/21,
300000008230,1,Caixa Postal,00:00:01,,,N,,,2025/03/21,
300000008231,1,Caixa Postal,00:00:04,,,N,,,2025/03/21,
300000008232,1,Cliente Desligou,00:00:05,Cliente,1000000090169,N,,,2025/03/21,
300000008233,1,Informação,00:00:38,,,N,,,2025/03/21,
300000008234,1,Caixa Postal,00:00:17,,,N,,,2025/03/21,
300000008235,1,Caixa Postal,00:00:03,,,N,,,2025/03/21,
300000008236,1,Caixa Postal,00:00:08,,,N,,,2025/03/21,
300000008237,1,Caixa Postal,,,,N,,,2025/03/21,
300000008238,1,Caixa Postal,,,,N,,,2025/03/21,
300000008239,1,Caixa Postal,00:00:04,,,N,,,2025/03/21,
300000008240,1,Informação,,Cliente,,N,,,2025/03/20,
300000008241,1,Dados incorretos do cliente,00:01:21,,,N,,,2025/03/20,
300000008242,1,Não Atende,,,,N,,,2025/03/20,
300000008243,1,Caixa Postal,00:00:07,,,N,,,2025/03/20,
300000008244,1,Caixa Postal,00:00:08,,,N,,,2025/03/20,
300000008245,1,Atendimento em Dia_Hora especifico,00:00:04,,,N,,,2025/03/20,
300000008246,1,Caixa Postal,,,,N,,,2025/03/20,
300000008247,1,Caixa Postal,,,,N,,,2025/03/20,
300000008248,1,Caixa Postal,00:00:08,,,N,,,2025/03/20,
300000008249,1,Caixa Postal,00:00:02,,,N,,,2025/03/20,
300000008250,1,Informação,,CLI,,N,,,2025/03/20,
300000008251,1,Informação,,CLI,,N,,,2025/03/20,
300000008252,1,Caixa Postal,00:00:01,CLI,1000000091716,N,,,2025/03/20,
300000008253,1,Caixa Postal,00:00:11,,,N,,,2025/03/20,
300000008254,1,Caixa Postal,00:02:28,,,N,,,2025/03/20,
300000008255,1,Caixa Postal,00:00:03,,,N,,,2025/03/20,
300000008256,1,URA Pesquisa NPS,00:00:48,Cli,1000000091712,S,Sim,10.0,2025/03/20,Email1768
300000008257,1,URA Pesquisa NPS,00:01:18,CLI,1000000091480,S,Sim,10.0,2025/03/20,Email4355
300000008258,1,Informação,00:00:06,,,N,,,2025/03/20,
300000008259,1,Caixa Postal,00:00:01,CLI,,N,,,2025/03/20,
300000008260,1,Caixa Postal,00:00:03,CLI,,N,,,2025/03/20,
300000008261,1,Informação,00:03:03,,,N,,,2025/03/20,
300000008262,1,Caixa Postal,00:00:03,CLI,,N,,,2025/03/20,
300000008263,1,URA Pesquisa NPS,00:01:18,CLI,1000000091145,S,Sim,10.0,2025/03/20,Email48443
300000008264,1,Caixa Postal,00:00:03,,,N,,,2025/03/20,
300000008265,1,Caixa Postal,00:00:05,Cliente,1000000091065,N,,,2025/03/20,
300000008266,1,Caixa Postal,00:00:08,,,N,,,2025/03/20,
300000008267,1,Caixa Postal,00:00:03,Cliente,1000000091065,N,,,2025/03/20,
300000008268,1,URA Pesquisa NPS,00:04:36,CLI,1000000091715,S,Sim,9.0,2025/03/20,Email4355
300000008269,1,Caixa Postal,00:00:01,cli,1000000091782,N,,,2025/03/20,
300000008270,1,Caixa Postal,00:00:03,,,N,,,2025/03/20,
300000008271,1,Caixa Postal,,cli,1000000091782,N,,,2025/03/20,
300000008272,1,Caixa Postal,00:00:04,Cliente,1000000091065,N,,,2025/03/20,
300000008273,1,Caixa Postal,,CLI,,N,,,2025/03/20,
300000008274,1,Caixa Postal,,CLI,,N,,,2025/03/20,
300000008275,1,Não Atende,,,,N,,,2025/03/20,
300000008276,1,Não Atende,,cli,,N,,,2025/03/20,
300000008277,1,Não Atende,,cli,,N,,,2025/03/20,
300000008278,1,Não Atende,,,,N,,,2025/03/20,
300000008279,1,URA Pesquisa NPS,00:05:45,Cliente,1000000091063,S,Nao,,2025/03/20,Email8754
300000008280,1,Caixa Postal,00:00:05,,,N,,,2025/03/20,
300000008281,1,URA Pesquisa NPS,00:01:12,,1000000091672,S,Sim,10.0,2025/03/20,Email48442
300000008282,1,Contato de Finalizacao do Protocolo,00:05:12,Cli,1000000088321,N,,,2025/03/20,
300000008283,1,Informação,00:00:03,,,N,,,2025/03/20,
300000008284,1,Informação,,,,N,,,2025/03/20,
300000008285,1,Agent Error,00:01:13,,,N,,,2025/03/20,
300000008286,1,Caixa Postal,00:00:01,Cli,1000000091452,N,,,2025/03/20,
300000008287,1,Caixa Postal,,Cli,1000000091452,N,,,2025/03/20,
300000008288,1,Caixa Postal,00:00:05,Cli,1000000091452,N,,,2025/03/20,
300000008289,1,Caixa Postal,00:00:04,Cli,1000000091558,N,,,2025/03/20,
300000008290,1,Caixa Postal,00:00:05,Cli,1000000091558,N,,,2025/03/20,
300000008291,1,Sent To Voicemail,00:01:13,Cli,1000000091799,S,Sim,10.0,2025/03/20,Email329
300000008292,1,URA Pesquisa NPS,00:03:44,CLI,1000000091827,S,Sim,10.0,2025/03/20,Email329
300000008293,1,Caixa Postal,,CLI,1000000091722,N,,,2025/03/20,
300000008294,1,Caixa Postal,00:00:00,,,N,,,2025/03/20,
300000008295,1,Informação,00:00:03,,,N,,,2025/03/20,
300000008296,1,Informação,00:00:03,,,N,,,2025/03/20,
300000008297,1,Caixa Postal,00:00:04,,,N,,,2025/03/20,
300000008298,1,Caixa Postal,00:00:11,,,N,,,2025/03/20,
300000008299,1,Caixa Postal,,Cli,,N,,,2025/03/20,
300000008300,1,Cliente Desligou,00:00:07,Cli,,N,,,2025/03/20,
300000008301,1,Caixa Postal,00:00:19,CLI,,N,,,2025/03/20,
300000008302,1,Informação,00:00:25,CLI,1000000091069,N,,,2025/03/20,
300000008303,1,Caixa Postal,00:00:04,,,N,,,2025/03/20,
300000008304,1,Caixa Postal,00:00:05,,,N,,,2025/03/20,
300000008305,1,Caixa Postal,00:00:05,,,N,,,2025/03/20,
300000008306,1,Caixa Postal,,Vendedora,,N,,,2025/03/20,
300000008307,1,Caixa Postal,,Cliente,1000000087848,N,,,2025/03/20,
300000008308,1,Informação,,,,N,,,2025/03/20,
300000008309,1,Caixa Postal,,CLI ,,N,,,2025/03/20,
300000008310,1,Caixa Postal,,CLI ,,N,,,2025/03/20,
300000008311,1,Chamada Não Atendida,00:00:04,Vendedora,1000000089951,N,,,2025/03/20,
300000008312,1,Não Atende,,CLI,1000000091069,N,,,2025/03/20,
300000008313,1,Não Atende,,Cliente,1000000091595,N,,,2025/03/20,
300000008314,1,Caixa Postal,,CLI,1000000090000,N,,,2025/03/20,
300000008315,1,Informação,,,,N,,,2025/03/20,
300000008316,1,Informação,00:03:54,,,N,,,2025/03/20,
300000008317,1,Caixa Postal,,,,N,,,2025/03/20,
300000008318,1,Caixa Postal,00:00:08,Cli,,N,,,2025/03/20,
300000008319,1,URA Pesquisa NPS,00:01:01,Cli,1000000091801,S,Sim,10.0,2025/03/20,Email4355
300000008320,1,Caixa Postal,,,,N,,,2025/03/20,
300000008321,1,Caixa Postal,,,,N,,,2025/03/20,
300000008322,1,Caixa Postal,,,,N,,,2025/03/20,
300000008323,1,Caixa Postal,,,,N,,,2025/03/20,
300000008324,1,Caixa Postal,,,,N,,,2025/03/20,
300000008325,1,Caixa Postal,,,,N,,,2025/03/20,
300000008326,1,Informação,00:06:42,Clie,1000000090316,N,,,2025/03/20,
300000008327,1,URA Pesquisa NPS,00:03:08,Cli,1000000090747,S,Sim,10.0,2025/03/20,Email19156
300000008328,1,Informação,,Clie,,N,,,2025/03/20,
300000008329,1,Informação,00:03:12,Clie,,N,,,2025/03/20,
300000008330,1,Caixa Postal,,,,N,,,2025/03/20,
300000008331,1,Caixa Postal,,,,N,,,2025/03/20,
300000008332,1,Caixa Postal,00:00:03,,,N,,,2025/03/20,
300000008333,1,URA Pesquisa NPS,00:25:21,CLI,1000000091810,S,Sim,10.0,2025/03/20,Email4355
300000008334,1,Caixa Postal,,,,N,,,2025/03/20,
300000008335,1,Informação,,,,N,,,2025/03/20,
300000008336,1,Não Atende,,Cliente,1000000090317,N,,,2025/03/20,
300000008337,1,Caixa Postal,00:00:03,,,N,,,2025/03/20,
300000008338,1,Caixa Postal,00:00:00,,,N,,,2025/03/20,
300000008339,1,Caixa Postal,,,,N,,,2025/03/20,
300000008340,1,Caixa Postal,00:00:03,CLI,1000000091630,N,,,2025/03/20,
300000008341,1,Chamada Não Atendida,,CLI ,1000000090904,N,,,2025/03/20,
300000008342,1,Chamada Não Atendida,,CLI ,1000000090903,N,,,2025/03/20,
300000008343,1,Chamada Não Atendida,,CLI ,1000000090903,N,,,2025/03/20,
300000008344,1,URA Pesquisa NPS,00:01:32,Cli,1000000087846,S,Sim,9.0,2025/03/20,Email4355
300000008345,1,Caixa Postal,,,,N,,,2025/03/20,
300000008346,1,Caixa Postal,,,,N,,,2025/03/20,
300000008347,1,Caixa Postal,00:00:05,CLI,,N,,,2025/03/20,
300000008348,1,Caixa Postal,00:00:08,CLI,,N,,,2025/03/20,
300000008349,1,Caixa Postal,00:00:04,CLI,1000000091477,N,,,2025/03/20,
300000008350,1,Caixa Postal,00:00:24,,,N,,,2025/03/20,
300000008351,1,Contato de Finalizacao do Protocolo,00:01:04,,,N,,,2025/03/20,
300000008352,1,Caixa Postal,00:00:04,Cli,1000000090748,N,,,2025/03/20,
300000008353,1,Caixa Postal,00:00:16,Cli,1000000090748,N,,,2025/03/20,
300000008354,1,Caixa Postal,00:00:04,Cli,1000000090748,N,,,2025/03/20,
300000008355,1,Responsavel ausente,00:00:32,Cli,,N,,,2025/03/20,
300000008356,1,Ocupado,,Cli,,N,,,2025/03/20,
300000008357,1,Não Atende,00:00:13,Cli,1000000075405,N,,,2025/03/20,
300000008358,1,Caixa Postal,00:00:07,Cli,,N,,,2025/03/20,
300000008359,1,Caixa Postal,00:00:07,,,N,,,2025/03/20,
300000008360,1,Caixa Postal,,,,N,,,2025/03/20,
300000008361,1,Informação,,,,N,,,2025/03/20,
300000008362,1,Informação,,,,N,,,2025/03/20,
300000008363,1,Caixa Postal,,,,N,,,2025/03/20,
300000008364,1,Caixa Postal,,,,N,,,2025/03/20,
300000008365,1,Caixa Postal,,,,N,,,2025/03/20,
300000008366,1,Caixa Postal,00:00:05,Cli,1000000075405,N,,,2025/03/20,
300000008367,1,URA Pesquisa NPS,00:02:32,CLI,1000000091557,S,,,2025/03/20,Email4355
300000008368,1,URA Pesquisa NPS,00:02:12,Cli,1000000092360,S,,,2025/03/19,Email1768
300000008369,1,Informação,00:00:19,,,N,,,2025/03/19,
300000008370,1,URA Pesquisa NPS,00:02:26,Cli,1000000092288,S,Sim,10.0,2025/03/19,Email19156
300000008371,1,URA Pesquisa NPS,00:01:54,Cli,1000000092516,S,Sim,10.0,2025/03/19,Email5371
300000008372,1,Agent Error,00:00:12,,,N,,,2025/03/19,
300000008373,1,Informação,00:00:11,,,N,,,2025/03/19,
300000008374,1,Caixa Postal,00:00:04,CLI,,N,,,2025/03/19,
300000008375,1,Informação,,,,N,,,2025/03/19,
300000008376,1,Sent To Voicemail,00:06:21,CLI,1000000092519,S,Sim,10.0,2025/03/19,Email48443
300000008377,1,Informação,00:00:10,Cliente,,N,,,2025/03/19,
300000008378,1,Informação,,,,N,,,2025/03/19,
300000008379,1,Informação,00:03:34,Cli,,N,,,2025/03/19,
300000008380,1,Sent To Voicemail,00:00:50,,,S,Sim,10.0,2025/03/19,Email296
300000008381,1,Caixa Postal,00:00:11,,,N,,,2025/03/19,
300000008382,1,Caixa Postal,00:00:08,Cli,,N,,,2025/03/19,
300000008383,1,Protocolo Permanecera em Andamento,00:01:39,,,N,,,2025/03/19,
300000008384,1,Informação,00:00:19,Cli,,N,,,2025/03/19,
300000008385,1,Não Atende,00:00:07,,1000000091891,N,,,2025/03/19,
300000008386,1,Ocupado,,Cli,,N,,,2025/03/19,
300000008387,1,Caixa Postal,00:00:10,Cli,1000000090884,N,,,2025/03/19,
300000008388,1,Caixa Postal,00:00:04,Cli,1000000090884,N,,,2025/03/19,
300000008389,1,Caixa Postal,,Cli,1000000092286,N,,,2025/03/19,
300000008390,1,URA Pesquisa NPS,00:02:37,Cliente,1000000091895,S,Sim,10.0,2025/03/19,Email5371
300000008391,1,Informação,00:00:06,,,N,,,2025/03/19,
300000008392,1,URA Pesquisa NPS,00:00:53,Cli,1000000092500,S,Sim,10.0,2025/03/19,Email1768
300000008393,1,Chamada Não Atendida,,CLI,1000000092317,N,,,2025/03/19,
300000008394,1,Chamada Não Atendida,,CLI,1000000092317,N,,,2025/03/19,
300000008395,1,Informação,00:01:35,,,N,,,2025/03/19,
300000008396,1,Caixa Postal,,,,N,,,2025/03/19,
300000008397,1,Caixa Postal,,,,N,,,2025/03/19,
300000008398,1,Caixa Postal,,,,N,,,2025/03/19,
300000008399,1,URA Pesquisa NPS,00:02:36,Cli,1000000092511,S,Sim,1.0,2025/03/19,Email48443
300000008400,1,Sent To Voicemail,00:01:03,Cli,1000000090670,S,Sim,1.0,2025/03/19,Email5371
300000008401,1,Caixa Postal,00:00:14,Cli,1000000092292,N,,,2025/03/19,
300000008402,1,Caixa Postal,00:00:10,Cli,1000000092292,N,,,2025/03/19,
300000008403,1,Caixa Postal,00:00:06,Cli,1000000092292,N,,,2025/03/19,
300000008404,1,Cliente Desligou,00:00:11,SAC,1000000092574,N,,,2025/03/19,
300000008405,1,Informação,,,,N,,,2025/03/19,
300000008406,1,Caixa Postal,00:00:29,,,N,,,2025/03/19,
300000008407,1,Informação,,,,N,,,2025/03/19,
300000008408,1,Caixa Postal,,,,N,,,2025/03/19,
300000008409,1,Caixa Postal,,,,N,,,2025/03/19,
300000008410,1,Dados incorretos do cliente,00:00:13,,,N,,,2025/03/19,
300000008411,1,Caixa Postal,,CLI,,N,,,2025/03/19,
300000008412,1,Caixa Postal,00:00:06,,,N,,,2025/03/19,
300000008413,1,Caixa Postal,,,1000000091889,N,,,2025/03/19,
300000008414,1,Caixa Postal,,,1000000091889,N,,,2025/03/19,
300000008415,1,URA Pesquisa NPS,00:01:28,CLI,1000000092526,S,Sim,10.0,2025/03/19,Email296
300000008416,1,Chamada Não Atendida,00:00:00,cli,1000000091880,N,,,2025/03/19,
300000008417,1,Chamada Não Atendida,00:00:04,cli,1000000091880,N,,,2025/03/19,
300000008418,1,Caixa Postal,00:00:04,,,N,,,2025/03/19,
300000008419,1,Caixa Postal,00:00:05,,,N,,,2025/03/19,
300000008420,1,Ligação Muda,00:00:25,Cli,10000000231353,N,,,2025/03/19,
300000008421,1,Protocolo Permanecera em Andamento,00:02:15,Cli,10000000231353,N,,,2025/03/19,
300000008422,1,URA Pesquisa NPS,00:01:10,,1000000091892,S,Sim,10.0,2025/03/19,Email45
300000008423,1,URA Pesquisa NPS,00:01:21,CLI ,1000000092581,S,Sim,9.0,2025/03/19,Email1615
300000008424,1,Chamada Não Atendida,00:00:35,Cli,1000000088613,N,,,2025/03/19,
300000008425,1,Caixa Postal,00:00:17,,,N,,,2025/03/19,
300000008426,1,Caixa Postal,00:00:18,,,N,,,2025/03/19,
300000008427,1,Caixa Postal,00:00:06,Cli,1000000087841,N,,,2025/03/19,
300000008428,1,Caixa Postal,00:00:05,Cli,1000000087841,N,,,2025/03/19,
300000008429,1,URA Pesquisa NPS,00:07:12,Cli,1000000092645,S,Sim,10.0,2025/03/19,Email48443
300000008430,1,Chamada Não Atendida,,Cli,1000000092491,N,,,2025/03/19,
300000008431,1,Chamada Não Atendida,,Cli,1000000092491,N,,,2025/03/19,
300000008432,1,Ligação Muda,,CLI,1000000089214,N,,,2025/03/19,
300000008433,1,Ligação Muda,,CLI,1000000089214,N,,,2025/03/19,
300000008434,1,Caixa Postal,00:00:01,,,N,,,2025/03/19,
300000008435,1,Caixa Postal,00:00:05,,,N,,,2025/03/19,
300000008436,1,Caixa Postal,00:00:01,CLI,,N,,,2025/03/19,
300000008437,1,URA Pesquisa NPS,00:16:55,Cli,1000000092502,S,,,2025/03/19,Email5371
300000008438,1,Contato de Finalizacao do Protocolo,00:05:24,,,N,,,2025/03/19,
300000008439,1,Caixa Postal,,,,N,,,2025/03/19,
300000008440,1,Informação,00:06:12,,,N,,,2025/03/19,
300000008441,1,Informação,00:00:01,Cli,,N,,,2025/03/19,
300000008442,1,Caixa Postal,00:00:04,,,N,,,2025/03/19,
300000008443,1,Caixa Postal,00:02:37,,,N,,,2025/03/19,
300000008444,1,URA Pesquisa NPS,00:01:24,Cliente ,1000000091906,S,,,2025/03/19,Email48443
300000008445,1,Chamada Não Atendida,,,,N,,,2025/03/19,
300000008446,1,Informação,00:02:57,,,N,,,2025/03/19,
300000008447,1,Caixa Postal,00:00:03,,,N,,,2025/03/19,
300000008448,1,URA Pesquisa NPS,00:04:21,Cliente,1000000092392,S,Sim,8.0,2025/03/19,Email8754
300000008449,1,Chamada Não Atendida,00:00:03,cli,1000000091880,N,,,2025/03/19,
300000008450,1,Informação,,,,N,,,2025/03/19,
300000008451,1,URA Pesquisa NPS,00:01:54,Cli,1000000092601,S,,,2025/03/19,Email288
300000008452,1,Informação,00:01:42,cli,,N,,,2025/03/19,
300000008453,1,Caixa Postal,,,,N,,,2025/03/19,
300000008454,1,Caixa Postal,,Cli,1000000092604,N,,,2025/03/19,
300000008455,1,Caixa Postal,00:00:19,Cli,1000000092604,N,,,2025/03/19,
300000008456,1,URA Pesquisa NPS,00:02:24,Cli,,S,Sim,10.0,2025/03/19,Email5556
300000008457,1,Caixa Postal,00:00:16,Cli,1000000092604,N,,,2025/03/19,
300000008458,1,Não Atende,,Cliente,1000000091877,N,,,2025/03/19,
300000008459,1,URA Pesquisa NPS,00:01:53,CLI,1000000092626,S,Sim,10.0,2025/03/19,Email4194
300000008460,1,Ligação Muda,,CLI ,1000000091890,N,,,2025/03/19,
300000008461,1,Ligação Muda,,CLI ,1000000091890,N,,,2025/03/19,
300000008462,1,Ligação Muda,,cli,,N,,,2025/03/19,
300000008463,1,Caixa Postal,,cli,,N,,,2025/03/19,
300000008464,1,URA Pesquisa NPS,00:16:25,CLI,1000000091969,S,Sim,10.0,2025/03/19,Email4355
300000008465,1,Sent To Voicemail,00:27:55,CLI,1000000091902,S,Sim,10.0,2025/03/19,Email4355
300000008466,1,Caixa Postal,00:00:08,,,N,,,2025/03/19,
300000008467,1,Caixa Postal,,,,N,,,2025/03/19,
300000008468,1,Caixa Postal,00:00:07,,,N,,,2025/03/19,
300000008469,1,Caixa Postal,00:00:06,,,N,,,2025/03/19,
300000008470,1,Caixa Postal,00:00:11,Cli,1000000087832,N,,,2025/03/19,
300000008471,1,URA Pesquisa NPS,00:02:27,Cli,1000000087832,S,Sim,10.0,2025/03/19,Email1615
300000008472,1,Informação,00:00:31,CLI,,N,,,2025/03/19,
300000008473,1,URA Pesquisa NPS,00:01:22,CLI,1000000094170,S,Sim,9.0,2025/03/19,Email288
300000008474,1,Caixa Postal,00:00:06,Cli,1000000092287,N,,,2025/03/19,
300000008475,1,Chamada Não Atendida,00:00:01,CLI,1000000091871,N,,,2025/03/19,
300000008476,1,Chamada Não Atendida,,CLI,1000000091871,N,,,2025/03/19,
300000008477,1,URA Pesquisa NPS,00:03:29,CLI,1000000092541,S,,,2025/03/19,Email48443
300000008478,1,Chamada Não Atendida,,CLI ,1000000091890,N,,,2025/03/19,
300000008479,1,Chamada Não Atendida,,CLI ,1000000091890,N,,,2025/03/19,
300000008480,1,URA Pesquisa NPS,00:02:37,Cli,1000000088321,S,,,2025/03/19,Email19156
300000008481,1,URA Pesquisa NPS,00:00:58,CLI,1000000092313,S,,,2025/03/19,Email296
300000008482,1,Caixa Postal,00:00:03,,,N,,,2025/03/19,
300000008483,1,Caixa Postal,00:00:03,,,N,,,2025/03/19,
300000008484,1,Cliente Desligou,00:00:09,CLI,1000000092313,N,,,2025/03/19,
300000008485,1,URA Pesquisa NPS,00:02:48,CLI,1000000092313,S,Sim,10.0,2025/03/19,Email296
300000008486,1,Informação,00:00:04,cli,,N,,,2025/03/19,
300000008487,1,URA Pesquisa NPS,00:06:24,cli,1000000085682,S,Sim,8.0,2025/03/19,Email5371
300000008488,1,Informação,00:00:26,Cli,,N,,,2025/03/19,
300000008489,1,Caixa Postal,,cli,1000000089367,N,,,2025/03/19,
300000008490,1,Caixa Postal,,cli,1000000089367,N,,,2025/03/19,
300000008491,1,URA Pesquisa NPS,00:01:04,Cli,1000000091970,S,Sim,10.0,2025/03/19,Email1768
300000008492,1,Caixa Postal,,CLI,1000000091879,N,,,2025/03/19,
300000008493,1,Informação,00:00:07,,,N,,,2025/03/19,
300000008494,1,Informação,00:02:16,,,N,,,2025/03/19,
300000008495,1,Informação,00:00:09,CLI,,N,,,2025/03/19,
300000008496,1,Informação,00:00:05,CLI,,N,,,2025/03/19,
300000008497,1,Informação,00:00:18,CLI,,N,,,2025/03/19,
300000008498,1,Chamada Não Atendida,,Cli,1000000091714,N,,,2025/03/19,
300000008499,1,URA Pesquisa NPS,00:04:56,cli,1000000090892,S,Sim,,2025/03/19,Email48443
300000008500,1,Informação,00:00:10,,,N,,,2025/03/19,
300000008501,1,Informação,00:07:53,,,N,,,2025/03/19,
300000008502,1,URA Pesquisa NPS,00:00:57,Cli,1000000092484,S,,,2025/03/19,Email1768
300000008503,1,Informação,,CLI,,N,,,2025/03/19,
300000008504,1,Caixa Postal,00:00:04,,,N,,,2025/03/19,
300000008505,1,Não Atende,,Cliente,1000000093191,N,,,2025/03/18,
300000008506,1,Caixa Postal,00:00:02,,,N,,,2025/03/18,
300000008507,1,Caixa Postal,00:00:10,,,N,,,2025/03/18,
300000008508,1,Informação,00:00:14,CLI,,N,,,2025/03/18,
300000008509,1,Caixa Postal,00:00:02,,,N,,,2025/03/18,
300000008510,1,URA Pesquisa NPS,00:02:14,CLI,1000000093390,S,Sim,10.0,2025/03/18,Email288
300000008511,1,Informação,00:00:08,Cli,,N,,,2025/03/18,
300000008512,1,URA Pesquisa NPS,00:06:39,Cli,1000000093066,S,Sim,,2025/03/18,Email19156
300000008513,1,Caixa Postal,,CLI ,1000000086346,N,,,2025/03/18,
300000008514,1,Caixa Postal,,CLI ,1000000086346,N,,,2025/03/18,
300000008515,1,Informação,,Cli,,N,,,2025/03/18,
300000008516,1,URA Pesquisa NPS,00:01:35,CLI,1000000090180,S,Sim,9.0,2025/03/18,Email372
300000008517,1,Cliente Desligou,00:00:06,cli,1000000090973,N,,,2025/03/18,
300000008518,1,Cliente Desligou,00:00:04,CLI,1000000093096,N,,,2025/03/18,
300000008519,1,URA Pesquisa NPS,00:02:02,CLI,1000000093096,S,Nao,10.0,2025/03/18,Email329
300000008520,1,Caixa Postal,00:00:04,cli,1000000090973,N,,,2025/03/18,
300000008521,1,Não Atende,,Cli,1000000093389,N,,,2025/03/18,
300000008522,1,Informação,00:00:01,,,N,,,2025/03/18,
300000008523,1,Informação,00:00:07,Cli,,N,,,2025/03/18,
300000008524,1,Caixa Postal,00:00:07,Cliente,1000000093411,N,,,2025/03/18,
300000008525,1,Informação,00:08:39,cli,,N,,,2025/03/18,
300000008526,1,Caixa Postal,,,,N,,,2025/03/18,
300000008527,1,Agent Error,00:06:37,,,N,,,2025/03/18,
300000008528,1,Caixa Postal,00:00:03,,,N,,,2025/03/18,
300000008529,1,Caixa Postal,,,,N,,,2025/03/18,
300000008530,1,Caixa Postal,00:00:04,,,N,,,2025/03/18,
300000008531,1,Caixa Postal,,CLI,,N,,,2025/03/18,
300000008532,1,Caixa Postal,00:00:04,Cliente,1000000093418,N,,,2025/03/18,
300000008533,1,Caixa Postal,00:00:03,Cliente,1000000093418,N,,,2025/03/18,
300000008534,1,Chamada Não Atendida,,CLI,1000000093412,N,,,2025/03/18,
300000008535,1,Informação,00:03:40,,,N,,,2025/03/18,
300000008536,1,Caixa Postal,00:00:10,CLI,1000000093257,N,,,2025/03/18,
300000008537,1,Caixa Postal,,CLI,,N,,,2025/03/18,
300000008538,1,Caixa Postal,,,,N,,,2025/03/18,
300000008539,1,Dados do vendedor,00:01:02,CLI ,1000000091880,N,,,2025/03/18,
300000008540,1,Chamada Não Atendida,00:00:03,cli,1000000091880,N,,,2025/03/18,
300000008541,1,Responsavel ausente,00:00:20,cli,1000000091880,N,,,2025/03/18,
300000008542,1,Chamada Não Atendida,,CLI,1000000093290,N,,,2025/03/18,
300000008543,1,Cliente Desligou,00:00:21,CLI,,N,,,2025/03/18,
300000008544,1,Cliente Desligou,,CLI,,N,,,2025/03/18,
300000008545,1,Cliente Desligou,,CLI,,N,,,2025/03/18,
300000008546,1,Ligação Muda,00:00:45,CLI,1000000092944,N,,,2025/03/18,
300000008547,1,Caixa Postal,00:00:15,CLI,,N,,,2025/03/18,
300000008548,1,Informação,,CLI,,N,,,2025/03/18,
300000008549,1,Chamada Não Atendida,,cli,1000000091880,N,,,2025/03/18,
300000008550,1,Chamada Não Atendida,00:00:02,cli,1000000091880,N,,,2025/03/18,
300000008551,1,Caixa Postal,00:00:12,Cli,1000000093073,N,,,2025/03/18,
300000008552,1,Caixa Postal,00:00:02,Cliente,,N,,,2025/03/18,
300000008553,1,Chamada Não Atendida,,CLI,1000000093412,N,,,2025/03/18,
300000008554,1,Caixa Postal,,CLI,,N,,,2025/03/18,
300000008555,1,Caixa Postal,00:00:07,,,N,,,2025/03/18,
300000008556,1,Caixa Postal,,,,N,,,2025/03/18,
300000008557,1,Caixa Postal,,,,N,,,2025/03/18,
300000008558,1,Caixa Postal,00:00:05,Cli,1000000093073,N,,,2025/03/18,
300000008559,1,Caixa Postal,,,,N,,,2025/03/18,
300000008560,1,Caixa Postal,00:00:00,,,N,,,2025/03/18,
300000008561,1,Caixa Postal,,,,N,,,2025/03/18,
300000008562,1,Atendimento em Dia_Hora especifico,,,,N,,,2025/03/18,
300000008563,1,Protocolo Permanecera em Andamento,00:07:14,Cli,1000000089921,N,,,2025/03/18,
300000008564,1,Responsavel ausente,00:00:13,Cliente,1000000093201,N,,,2025/03/18,
300000008565,1,Não Atende,,Cliente,1000000093201,N,,,2025/03/18,
300000008566,1,Informação,00:03:29,CLI,,N,,,2025/03/18,
300000008567,1,Informação,00:00:11,cli,1000000093393,N,,,2025/03/18,
300000008568,1,Caixa Postal,00:00:01,,,N,,,2025/03/18,
300000008569,1,Caixa Postal,00:00:02,,,N,,,2025/03/18,
300000008570,1,Caixa Postal,00:00:04,,,N,,,2025/03/18,
300000008571,1,Caixa Postal,00:00:41,,,N,,,2025/03/18,
300000008572,1,Caixa Postal,00:00:55,,,N,,,2025/03/18,
300000008573,1,Sent To Voicemail,00:01:12,CLI,1000000093442,S,Sim,10.0,2025/03/18,Email4355
300000008574,1,Caixa Postal,,,,N,,,2025/03/18,
300000008575,1,Caixa Postal,00:00:02,,,N,,,2025/03/18,
300000008576,1,Caixa Postal,00:00:08,,,N,,,2025/03/18,
300000008577,1,Chamada Não Atendida,00:00:02,CLI,1000000092911,N,,,2025/03/18,
300000008578,1,URA Pesquisa NPS,00:00:49,CLI,1000000092911,S,,,2025/03/18,Email372
300000008579,1,Caixa Postal,00:00:12,CLI,,N,,,2025/03/18,
300000008580,1,Caixa Postal,00:00:19,CLI,,N,,,2025/03/18,
300000008581,1,Caixa Postal,00:00:19,CLI,,N,,,2025/03/18,
300000008582,1,Caixa Postal,00:00:17,CLI,,N,,,2025/03/18,
300000008583,1,URA Pesquisa NPS,00:01:07,CLI,1000000093434,S,Sim,,2025/03/18,Email4355
300000008584,1,Caixa Postal,,Cli,1000000091771,N,,,2025/03/18,
300000008585,1,Caixa Postal,,Cli,1000000091771,N,,,2025/03/18,
300000008586,1,Caixa Postal,,Cli,1000000091771,N,,,2025/03/18,
300000008587,1,URA Pesquisa NPS,00:00:55,,,S,Nao,10.0,2025/03/18,Email45
300000008588,1,Caixa Postal,,Cli,,N,,,2025/03/18,
300000008589,1,Protocolo Permanecera em Andamento,00:01:44,Cli,1000000078009,N,,,2025/03/18,
300000008590,1,Caixa Postal,,Cli,,N,,,2025/03/18,
300000008591,1,Chamada Não Atendida,,CLI,1000000093292,N,,,2025/03/18,
300000008592,1,Chamada Não Atendida,,CLI,1000000093292,N,,,2025/03/18,
300000008593,1,Caixa Postal,,CLI,,N,,,2025/03/18,
300000008594,1,Caixa Postal,,CLI,,N,,,2025/03/18,
300000008595,1,Contato de Finalizacao do Protocolo,00:01:12,CLI,1000000092795,N,,,2025/03/18,
300000008596,1,Caixa Postal,00:00:09,,1000000093420,N,,,2025/03/18,
300000008597,1,URA Pesquisa NPS,00:03:33,CLI,1000000092795,S,Sim,10.0,2025/03/18,Email4355
300000008598,1,URA Pesquisa NPS,00:01:39,CLI,1000000093368,S,,,2025/03/18,Email329
300000008599,1,Caixa Postal,00:00:04,,,N,,,2025/03/18,
300000008600,1,Chamada Não Atendida,,CLI ,1000000093276,N,,,2025/03/18,
300000008601,1,Chamada Não Atendida,00:00:07,CLI ,1000000093276,N,,,2025/03/18,
300000008602,1,Chamada Não Atendida,,CLI ,1000000092512,N,,,2025/03/18,
300000008603,1,Informação,00:00:06,,,N,,,2025/03/18,
300000008604,1,Informação,00:00:00,,,N,,,2025/03/18,
300000008605,1,Caixa Postal,,Cli,1000000093068,N,,,2025/03/18,
300000008606,1,Caixa Postal,00:00:09,,,N,,,2025/03/18,
300000008607,1,Atendimento em Dia_Hora especifico,00:00:03,,,N,,,2025/03/18,
300000008608,1,Caixa Postal,00:00:01,,,N,,,2025/03/18,
300000008609,1,Caixa Postal,00:00:15,,,N,,,2025/03/18,
300000008610,1,Caixa Postal,00:00:02,,,N,,,2025/03/18,
300000008611,1,Ligação Muda,,cli,10000000120260,N,,,2025/03/18,
300000008612,1,Ligação Muda,,cli,10000000120260,N,,,2025/03/18,
300000008613,1,Caixa Postal,,CLI,,N,,,2025/03/18,
300000008614,1,Caixa Postal,00:00:12,cli,,N,,,2025/03/18,
300000008615,1,Caixa Postal,00:00:00,CLI,,N,,,2025/03/18,
300000008616,1,Caixa Postal,00:00:02,,,N,,,2025/03/18,
300000008617,1,Caixa Postal,00:00:17,,,N,,,2025/03/18,
300000008618,1,Caixa Postal,,cli,10000000120260,N,,,2025/03/18,
300000008619,1,Caixa Postal,00:00:15,,,N,,,2025/03/18,
300000008620,1,Chamada Não Atendida,,Cli,1000000092522,N,,,2025/03/18,
300000008621,1,Caixa Postal,,cli,10000000120260,N,,,2025/03/18,
300000008622,1,Caixa Postal,00:00:04,Cli,1000000092522,N,,,2025/03/18,
300000008623,1,Caixa Postal,00:00:04,Cli,1000000092522,N,,,2025/03/18,
300000008624,1,Caixa Postal,00:00:01,cli,10000000120260,N,,,2025/03/18,
300000008625,1,Caixa Postal,,cli,10000000120260,N,,,2025/03/18,
300000008626,1,Sent To Voicemail,00:03:19,,1000000093420,S,Sim,10.0,2025/03/18,Email45
300000008627,1,Caixa Postal,,CLI,1000000090018,N,,,2025/03/18,
300000008628,1,URA Pesquisa NPS,00:01:57,CLI,1000000090018,S,,,2025/03/18,Email329
300000008629,1,Caixa Postal,,cli,1000000091777,N,,,2025/03/18,
300000008630,1,Caixa Postal,00:00:08,Cli,1000000093183,N,,,2025/03/18,
300000008631,1,Informação,00:00:05,,,N,,,2025/03/18,
300000008632,1,Caixa Postal,,CLI,,N,,,2025/03/18,
300000008633,1,Caixa Postal,,,,N,,,2025/03/18,
300000008634,1,Caixa Postal,,,,N,,,2025/03/18,
300000008635,1,Caixa Postal,,,,N,,,2025/03/18,
300000008636,1,Caixa Postal,,Cli,1000000092523,N,,,2025/03/18,
300000008637,1,Caixa Postal,,Cli,1000000092523,N,,,2025/03/18,
300000008638,1,Informação,,,,N,,,2025/03/18,
300000008639,1,Caixa Postal,00:00:03,CLI,,N,,,2025/03/18,
300000008640,1,URA Pesquisa NPS,00:02:00,CLI,1000000092765,S,,,2025/03/18,Email4355
300000008641,1,Caixa Postal,00:00:05,Cli,,N,,,2025/03/18,
300000008642,1,Caixa Postal,00:00:04,,,N,,,2025/03/18,
300000008643,1,Caixa Postal,00:00:10,,,N,,,2025/03/18,
300000008644,1,Agent Error,00:00:10,,,N,,,2025/03/18,
300000008645,1,Chamada Não Atendida,,CLI ,1000000092521,N,,,2025/03/18,
300000008646,1,Sent To Voicemail,00:02:12,CLI,1000000093292,S,Sim,10.0,2025/03/18,Email48443
300000008647,1,Caixa Postal,00:00:04,Cli,1000000088612,N,,,2025/03/18,
300000008648,1,Caixa Postal,00:00:06,Cli,1000000088612,N,,,2025/03/18,
300000008649,1,Caixa Postal,00:00:11,CLI ,,N,,,2025/03/18,
300000008650,1,Caixa Postal,00:00:09,,1000000094201,N,,,2025/03/17,
300000008651,1,Caixa Postal,00:00:02,,,N,,,2025/03/17,
300000008652,1,Caixa Postal,00:00:04,,,N,,,2025/03/17,
300000008653,1,Caixa Postal,00:00:00,,,N,,,2025/03/17,
300000008654,1,Caixa Postal,00:00:05,,1000000094201,N,,,2025/03/17,
300000008655,1,URA Pesquisa NPS,00:02:02,CLI,1000000094072,S,Sim,10.0,2025/03/17,Email48443
300000008656,1,Caixa Postal,,,,N,,,2025/03/17,
300000008657,1,Caixa Postal,,,,N,,,2025/03/17,
300000008658,1,Caixa Postal,,,,N,,,2025/03/17,
300000008659,1,Caixa Postal,,,,N,,,2025/03/17,
300000008660,1,Caixa Postal,00:00:03,Cliente,1000000094198,N,,,2025/03/17,
300000008661,1,URA Pesquisa NPS,00:01:15,Cli,1000000094019,S,Sim,10.0,2025/03/17,Email48443
300000008662,1,Caixa Postal,00:00:00,Cliente,1000000094198,N,,,2025/03/17,
300000008663,1,Não Atende,00:00:07,,1000000094196,N,,,2025/03/17,
300000008664,1,URA Pesquisa NPS,00:01:59,Cli,1000000092594,S,Sim,10.0,2025/03/17,Email1615
300000008665,1,Agent Error,00:00:48,,,N,,,2025/03/17,
300000008666,1,Caixa Postal,,,,N,,,2025/03/17,
300000008667,1,Caixa Postal,,CLI,1000000094066,N,,,2025/03/17,
300000008668,1,Caixa Postal,,,1000000093484,N,,,2025/03/17,
300000008669,1,Ocupado,,,1000000093484,N,,,2025/03/17,
300000008670,1,Caixa Postal,00:00:04,,,N,,,2025/03/17,
300000008671,1,Caixa Postal,00:00:02,,,N,,,2025/03/17,
300000008672,1,Cliente Desligou,00:00:21,CLI ,1000000093485,N,,,2025/03/17,
300000008673,1,URA Pesquisa NPS,00:03:08,Cli,1000000093167,S,,,2025/03/17,Email19156
300000008674,1,URA Pesquisa NPS,00:00:58,CLI,1000000094065,S,Sim,10.0,2025/03/17,Email364
300000008675,1,Caixa Postal,,,,N,,,2025/03/17,
300000008676,1,Caixa Postal,,,,N,,,2025/03/17,
300000008677,1,Caixa Postal,,,,N,,,2025/03/17,
300000008678,1,Não Atende,00:00:10,,,N,,,2025/03/17,
300000008679,1,Caixa Postal,00:00:02,Cliente,1000000094198,N,,,2025/03/17,
300000008680,1,Caixa Postal,00:00:01,Cliente,1000000094198,N,,,2025/03/17,
300000008681,1,Caixa Postal,00:00:03,CLI,,N,,,2025/03/17,
300000008682,1,Caixa Postal,00:00:03,,1000000093484,N,,,2025/03/17,
300000008683,1,Caixa Postal,,,1000000093484,N,,,2025/03/17,
300000008684,1,Caixa Postal,00:00:08,CLI,,N,,,2025/03/17,
300000008685,1,Informação,,,,N,,,2025/03/17,
300000008686,1,Informação,00:05:18,CLI,,N,,,2025/03/17,
300000008687,1,Informação,00:00:00,,,N,,,2025/03/17,
300000008688,1,URA Pesquisa NPS,00:04:03,Cli,1000000093369,S,Sim,9.0,2025/03/17,Email1615
300000008689,1,Caixa Postal,,CLI,1000000094058,N,,,2025/03/17,
300000008690,1,Sent To Voicemail,00:00:34,CLI,1000000093685,S,Sim,10.0,2025/03/17,Email296
300000008691,1,Informação,00:02:54,CLI,,N,,,2025/03/17,
300000008692,1,Caixa Postal,00:00:01,CLI,1000000093546,N,,,2025/03/17,
300000008693,1,Caixa Postal,00:00:19,cli,,N,,,2025/03/17,
300000008694,1,Caixa Postal,00:00:10,cli,,N,,,2025/03/17,
300000008695,1,Informação,,,,N,,,2025/03/17,
300000008696,1,Chamada Não Atendida,,,,N,,,2025/03/17,
300000008697,1,Informação,00:06:31,CLI,1000000093549,N,,,2025/03/17,
300000008698,1,Chamada Não Atendida,,,,N,,,2025/03/17,
300000008699,1,Informação,,,,N,,,2025/03/17,
300000008700,1,URA Pesquisa NPS,00:05:20,Cli,1000000094184,S,Sim,9.0,2025/03/17,Email4355
300000008701,1,Informação,00:00:21,,,N,,,2025/03/17,
300000008702,1,Informação,00:00:04,,,N,,,2025/03/17,
300000008703,1,URA Pesquisa NPS,00:06:41,CLI,1000000093821,S,Sim,10.0,2025/03/17,Email329
300000008704,1,Informação,00:00:47,,,N,,,2025/03/17,
300000008705,1,URA Pesquisa NPS,00:03:11,C,1000000093955,S,,,2025/03/17,Email19156
300000008706,1,Caixa Postal,,CLI,,N,,,2025/03/17,
300000008707,1,Caixa Postal,00:00:19,,,N,,,2025/03/17,
300000008708,1,Caixa Postal,,,,N,,,2025/03/17,
300000008709,1,Caixa Postal,,,,N,,,2025/03/17,
300000008710,1,Chamada Não Atendida,00:00:04,CLI,1000000090181,N,,,2025/03/17,
300000008711,1,Informação,00:03:55,CLI,,N,,,2025/03/17,
300000008712,1,Chamada Não Atendida,00:00:05,CLI,1000000090181,N,,,2025/03/17,
300000008713,1,Caixa Postal,00:00:05,CLI,,N,,,2025/03/17,
300000008714,1,URA Pesquisa NPS,00:00:40,CLI,1000000094058,S,Sim,10.0,2025/03/17,Email296
300000008715,1,URA Pesquisa NPS,00:01:05,CLI,1000000094187,S,Sim,10.0,2025/03/17,Email4355
300000008716,1,Caixa Postal,,Cli,1000000093853,N,,,2025/03/17,
300000008717,1,Chamada Não Atendida,00:00:13,CLI,,N,,,2025/03/17,
300000008718,1,URA Pesquisa NPS,00:02:30,CLI,1000000082582,S,Sim,10.0,2025/03/17,Email296
300000008719,1,Caixa Postal,,Cli,1000000093853,N,,,2025/03/17,
300000008720,1,Caixa Postal,,,1000000093483,N,,,2025/03/17,
300000008721,1,URA Pesquisa NPS,00:01:18,,1000000093483,S,Sim,10.0,2025/03/17,Email45
300000008722,1,Ligação Muda,00:00:15,,1000000093483,N,,,2025/03/17,
300000008723,1,Ocupado,,,1000000093481,N,,,2025/03/17,
300000008724,1,Caixa Postal,00:00:10,,,N,,,2025/03/17,
300000008725,1,Não Atende,00:00:13,,1000000093481,N,,,2025/03/17,
300000008726,1,Caixa Postal,,,,N,,,2025/03/17,
300000008727,1,Chamada Não Atendida,00:00:14,,,N,,,2025/03/17,
300000008728,1,Caixa Postal,,,,N,,,2025/03/17,
300000008729,1,URA Pesquisa NPS,00:00:45,Cliente,1000000093482,S,Sim,10.0,2025/03/17,Email8754
300000008730,1,Caixa Postal,,Cli,1000000093853,N,,,2025/03/17,
300000008731,1,Caixa Postal,00:00:10,CLI,,N,,,2025/03/17,
300000008732,1,Chamada Não Atendida,00:00:03,CLI,1000000093489,N,,,2025/03/17,
300000008733,1,Chamada Não Atendida,,CLI,1000000093489,N,,,2025/03/17,
300000008734,1,Dados incorretos do cliente,,,,N,,,2025/03/17,
300000008735,1,Informação,,CLI,,N,,,2025/03/17,
300000008736,1,Chamada Não Atendida,00:00:03,CLI,1000000093489,N,,,2025/03/17,
300000008737,1,Caixa Postal,,Cli,,N,,,2025/03/17,
300000008738,1,URA Pesquisa NPS,00:02:04,Cli,1000000094085,S,,,2025/03/17,Email5371
300000008739,1,Caixa Postal,00:00:06,Cli,1000000093854,N,,,2025/03/17,
300000008740,1,Caixa Postal,00:00:04,Cliente,1000000094200,N,,,2025/03/17,
300000008741,1,URA Pesquisa NPS,00:00:48,Cli,1000000093855,S,Sim,10.0,2025/03/17,Email19156
300000008742,1,Caixa Postal,,Cli,1000000093994,N,,,2025/03/17,
300000008743,1,Caixa Postal,00:00:07,,,N,,,2025/03/17,
300000008744,1,URA Pesquisa NPS,00:02:02,CLI,1000000093999,S,Sim,9.0,2025/03/17,Email329
300000008745,1,Caixa Postal,00:00:05,,,N,,,2025/03/17,
300000008746,1,URA Pesquisa NPS,00:01:02,cli,1000000094164,S,Sim,9.0,2025/03/17,Email48439
300000008747,1,Caixa Postal,00:00:07,,,N,,,2025/03/17,
300000008748,1,Caixa Postal,00:00:08,,,N,,,2025/03/17,
300000008749,1,Caixa Postal,00:00:08,,,N,,,2025/03/17,
300000008750,1,Caixa Postal,00:00:09,,,N,,,2025/03/17,
300000008751,1,Caixa Postal,00:00:04,,,N,,,2025/03/17,
300000008752,1,Caixa Postal,00:00:09,,,N,,,2025/03/17,
300000008753,1,Caixa Postal,00:00:03,cli,,N,,,2025/03/17,
300000008754,1,Não Atende,,Cliente,1000000093373,N,,,2025/03/17,
300000008755,1,Caixa Postal,,CLI,1000000093489,N,,,2025/03/17,
300000008756,1,Informação,00:00:23,Cli,,N,,,2025/03/17,
300000008757,1,Caixa Postal,,Cli,1000000093854,N,,,2025/03/17,
300000008758,1,Informação,00:00:03,Cli,,N,,,2025/03/17,
300000008759,1,Informação,,,,N,,,2025/03/17,
300000008760,1,URA Pesquisa NPS,00:03:16,Cli,1000000093365,S,Sim,10.0,2025/03/17,Email1615
300000008761,1,Informação,00:00:01,,,N,,,2025/03/17,
300000008762,1,Informação,00:00:02,,,N,,,2025/03/17,
300000008763,1,Caixa Postal,00:00:05,Cli,1000000093175,N,,,2025/03/17,
300000008764,1,Contato de Finalizacao do Protocolo,00:00:53,,,N,,,2025/03/17,
300000008765,1,Informação,00:00:12,cli,,N,,,2025/03/17,
300000008766,1,Caixa Postal,00:00:04,,,N,,,2025/03/17,
300000008767,1,Contato de Finalizacao do Protocolo,00:02:53,,,N,,,2025/03/17,
300000008768,1,Informação,00:00:01,CLI,,N,,,2025/03/17,
300000008769,1,Contato de Finalizacao do Protocolo,00:01:28,CLI,,N,,,2025/03/17,
300000008770,1,Caixa Postal,00:01:22,CLI,1000000094194,N,,,2025/03/17,
300000008771,1,Caixa Postal,00:00:07,CLI,1000000094193,N,,,2025/03/17,
300000008772,1,Caixa Postal,00:01:17,CLI,,N,,,2025/03/17,
300000008773,1,Caixa Postal,00:00:04,CLI,,N,,,2025/03/17,
300000008774,1,URA Pesquisa NPS,00:01:14,CLI,1000000094190,S,,,2025/03/17,Email4355
300000008775,1,URA Pesquisa NPS,00:02:13,CLI,1000000094192,S,Sim,10.0,2025/03/17,Email4355
300000008776,1,Caixa Postal,00:00:05,CLI,,N,,,2025/03/17,
300000008777,1,Caixa Postal,,,,N,,,2025/03/17,
300000008778,1,URA Pesquisa NPS,00:01:34,CLI,1000000094191,S,Sim,10.0,2025/03/17,Email4355
300000008779,1,Chamada Não Atendida,00:00:26,CLI,,N,,,2025/03/14,
300000008780,1,Chamada Não Atendida,,CLI,,N,,,2025/03/14,
300000008781,1,Chamada Não Atendida,,,,N,,,2025/03/14,
300000008782,1,Caixa Postal,00:00:04,,1000000094747,N,,,2025/03/14,
300000008783,1,Caixa Postal,,,1000000094753,N,,,2025/03/14,
300000008784,1,Caixa Postal,,,,N,,,2025/03/14,
300000008785,1,Caixa Postal,00:00:08,,,N,,,2025/03/14,
300000008786,1,Caixa Postal,,,,N,,,2025/03/14,
300000008787,1,Caixa Postal,,,,N,,,2025/03/14,
300000008788,1,Caixa Postal,,,,N,,,2025/03/14,
300000008789,1,Caixa Postal,00:00:08,,,N,,,2025/03/14,
300000008790,1,Caixa Postal,,,,N,,,2025/03/14,
300000008791,1,Caixa Postal,00:00:03,CLI,1000000092356,N,,,2025/03/14,
300000008792,1,URA Pesquisa NPS,00:02:24,Cli,1000000094933,S,Sim,10.0,2025/03/14,Email1615
300000008793,1,URA Pesquisa NPS,00:29:06,CLI,1000000094305,S,Sim,10.0,2025/03/14,Email364
300000008794,1,Caixa Postal,00:00:03,cli,,N,,,2025/03/14,
300000008795,1,Caixa Postal,,,,N,,,2025/03/14,
300000008796,1,Caixa Postal,,,,N,,,2025/03/14,
300000008797,1,Caixa Postal,00:00:03,cli,,N,,,2025/03/14,
300000008798,1,URA Pesquisa NPS,00:11:42,cli,1000000094334,S,Sim,10.0,2025/03/14,Email48443
300000008799,1,Caixa Postal,00:00:13,Cliente,10000000100516,N,,,2025/03/14,
300000008800,1,Caixa Postal,,Cli,1000000094932,N,,,2025/03/14,
300000008801,1,URA Pesquisa NPS,00:04:17,Cli,1000000094637,S,,,2025/03/14,Email19156
300000008802,1,Informação,,,,N,,,2025/03/14,
300000008803,1,Informação,,,,N,,,2025/03/14,
300000008804,1,Caixa Postal,00:00:12,,,N,,,2025/03/14,
300000008805,1,Caixa Postal,00:00:04,,,N,,,2025/03/14,
300000008806,1,Caixa Postal,00:00:05,CLI,1000000085591,N,,,2025/03/14,
300000008807,1,Informação,00:00:14,,,N,,,2025/03/14,
300000008808,1,Caixa Postal,,,,N,,,2025/03/14,
300000008809,1,Caixa Postal,00:00:05,CLI,,N,,,2025/03/14,
300000008810,1,Caixa Postal,00:00:03,,,N,,,2025/03/14,
300000008811,1,Não Atende,,Cliente,1000000094917,N,,,2025/03/14,
300000008812,1,Ocupado,00:00:05,Cliente,1000000094917,N,,,2025/03/14,
300000008813,1,Caixa Postal,00:00:02,,,N,,,2025/03/14,
300000008814,1,URA Pesquisa NPS,00:02:15,,1000000094846,S,Sim,9.0,2025/03/14,Email48442
300000008815,1,Caixa Postal,,,,N,,,2025/03/14,
300000008816,1,Caixa Postal,00:00:08,,,N,,,2025/03/14,
300000008817,1,URA Pesquisa NPS,00:00:49,,,S,Sim,10.0,2025/03/14,Email48439
300000008818,1,Caixa Postal,00:00:01,Cliente,1000000094957,N,,,2025/03/14,
300000008819,1,Caixa Postal,00:00:04,Cli,1000000094931,N,,,2025/03/14,
300000008820,1,Caixa Postal,00:00:05,Cli,1000000094931,N,,,2025/03/14,
300000008821,1,Caixa Postal,00:00:10,,,N,,,2025/03/14,
300000008822,1,Caixa Postal,00:00:02,cli,,N,,,2025/03/14,
300000008823,1,Caixa Postal,00:00:10,cli,,N,,,2025/03/14,
300000008824,1,Caixa Postal,,cli,,N,,,2025/03/14,
300000008825,1,Caixa Postal,,,,N,,,2025/03/14,
300000008826,1,Caixa Postal,00:00:04,Cli,1000000094641,N,,,2025/03/14,
300000008827,1,Caixa Postal,00:00:05,,,N,,,2025/03/14,
300000008828,1,Caixa Postal,,,,N,,,2025/03/14,
300000008829,1,URA Pesquisa NPS,00:21:19,Cli,1000000094641,S,Sim,10.0,2025/03/14,Email19156
300000008830,1,Caixa Postal,00:00:05,,,N,,,2025/03/14,
300000008831,1,Caixa Postal,,CLI,1000000094660,N,,,2025/03/14,
300000008832,1,Caixa Postal,,CLI,,N,,,2025/03/14,
300000008833,1,Caixa Postal,,CLI,1000000094766,N,,,2025/03/14,
300000008834,1,Responsavel ausente,00:01:06,CLI,1000000094766,N,,,2025/03/14,
300000008835,1,Não Atende,,Cliente,1000000094957,N,,,2025/03/14,
300000008836,1,Caixa Postal,,CLI ,,N,,,2025/03/14,
300000008837,1,Caixa Postal,00:00:08,CLI,,N,,,2025/03/14,
300000008838,1,Caixa Postal,00:00:18,CLI,,N,,,2025/03/14,
300000008839,1,Caixa Postal,00:00:19,CLI,,N,,,2025/03/14,
300000008840,1,Caixa Postal,00:00:19,CLI,,N,,,2025/03/14,
300000008841,1,URA Pesquisa NPS,00:01:09,CLI ,1000000094959,S,,,2025/03/14,Email372
300000008842,1,Caixa Postal,00:00:04,,,N,,,2025/03/14,
300000008843,1,Caixa Postal,00:00:05,,,N,,,2025/03/14,
300000008844,1,Caixa Postal,,CLI,1000000094983,N,,,2025/03/14,
300000008845,1,Caixa Postal,,CLI,1000000093193,N,,,2025/03/14,
300000008846,1,Caixa Postal,,CLI,1000000093193,N,,,2025/03/14,
300000008847,1,Caixa Postal,,CLI,,N,,,2025/03/14,
300000008848,1,Caixa Postal,00:00:00,CLI,,N,,,2025/03/14,
300000008849,1,Caixa Postal,00:00:08,,1000000094984,N,,,2025/03/14,
300000008850,1,Caixa Postal,00:00:02,,,N,,,2025/03/14,
300000008851,1,Caixa Postal,00:00:01,,,N,,,2025/03/14,
300000008852,1,Caixa Postal,00:00:00,,,N,,,2025/03/14,
300000008853,1,Caixa Postal,00:00:04,,,N,,,2025/03/14,
300000008854,1,Caixa Postal,00:00:15,,,N,,,2025/03/14,
300000008855,1,Caixa Postal,00:00:04,,,N,,,2025/03/14,
300000008856,1,Caixa Postal,,,,N,,,2025/03/14,
300000008857,1,Caixa Postal,00:00:06,,,N,,,2025/03/14,
300000008858,1,Caixa Postal,00:00:02,,,N,,,2025/03/14,
300000008859,1,Chamada Não Atendida,00:00:02,CLI ,1000000092387,N,,,2025/03/14,
300000008860,1,Caixa Postal,,,,N,,,2025/03/14,
300000008861,1,Caixa Postal,,,,N,,,2025/03/14,
300000008862,1,Caixa Postal,,,,N,,,2025/03/14,
300000008863,1,Caixa Postal,,,,N,,,2025/03/14,
300000008864,1,Caixa Postal,00:00:00,,,N,,,2025/03/14,
300000008865,1,Informação,00:01:23,,,N,,,2025/03/14,
300000008866,1,Caixa Postal,,,,N,,,2025/03/14,
300000008867,1,Caixa Postal,,,,N,,,2025/03/14,
300000008868,1,Caixa Postal,00:00:05,CLI,,N,,,2025/03/14,
300000008869,1,Caixa Postal,00:00:39,CLI,,N,,,2025/03/14,
300000008870,1,Caixa Postal,00:00:04,,,N,,,2025/03/14,
300000008871,1,Caixa Postal,00:00:02,,,N,,,2025/03/14,
300000008872,1,Caixa Postal,00:00:10,CLI,1000000090982,N,,,2025/03/14,
300000008873,1,Caixa Postal,00:00:09,CLI,1000000090982,N,,,2025/03/14,
300000008874,1,Ocupado,,Cli,1000000090980,N,,,2025/03/14,
300000008875,1,Ocupado,,Cli,1000000090980,N,,,2025/03/14,
300000008876,1,Caixa Postal,00:00:01,,,N,,,2025/03/14,
300000008877,1,URA Pesquisa NPS,00:01:32,,,S,Sim,10.0,2025/03/14,Email48443
300000008878,1,URA Pesquisa NPS,00:03:45,Cliente,1000000094960,S,Sim,10.0,2025/03/14,Email8754
300000008879,1,Caixa Postal,00:00:05,,,N,,,2025/03/14,
300000008880,1,Caixa Postal,00:00:02,,,N,,,2025/03/14,
300000008881,1,Caixa Postal,00:00:00,,,N,,,2025/03/14,
300000008882,1,Caixa Postal,,,,N,,,2025/03/14,
300000008883,1,Caixa Postal,,,,N,,,2025/03/14,
300000008884,1,Caixa Postal,00:00:05,Cli,,N,,,2025/03/14,
300000008885,1,Caixa Postal,00:00:04,cli,,N,,,2025/03/14,
300000008886,1,URA Pesquisa NPS,00:01:23,cli,1000000094825,S,Sim,10.0,2025/03/14,Email48443
300000008887,1,Caixa Postal,00:00:00,Cli,1000000094948,N,,,2025/03/14,
300000008888,1,Caixa Postal,00:00:12,Cli,1000000094948,N,,,2025/03/14,
300000008889,1,Caixa Postal,,Cli,,N,,,2025/03/14,
300000008890,1,URA Pesquisa NPS,00:00:40,Cli,1000000094948,S,Sim,10.0,2025/03/14,Email5371
300000008891,1,Caixa Postal,00:00:03,,,N,,,2025/03/14,
300000008892,1,Caixa Postal,,,,N,,,2025/03/14,
300000008893,1,Caixa Postal,,CLI,,N,,,2025/03/14,
300000008894,1,Chamada Não Atendida,00:00:02,CLI ,1000000090820,N,,,2025/03/14,
300000008895,1,Caixa Postal,00:00:05,,,N,,,2025/03/14,
300000008896,1,Caixa Postal,,,,N,,,2025/03/14,
300000008897,1,URA Pesquisa NPS,00:01:40,Cli,1000000094868,S,Sim,10.0,2025/03/14,Email5371
300000008898,1,Caixa Postal,,,,N,,,2025/03/14,
300000008899,1,Caixa Postal,00:00:08,,,N,,,2025/03/14,
300000008900,1,Caixa Postal,00:00:04,Cli,1000000094914,N,,,2025/03/14,
300000008901,1,URA Pesquisa NPS,00:12:21,Cli,,S,Sim,10.0,2025/03/14,Email1615
300000008902,1,Caixa Postal,00:00:05,CLI,,N,,,2025/03/14,
300000008903,1,URA Pesquisa NPS,00:02:46,CLI,1000000093166,S,Sim,10.0,2025/03/14,Email19156
300000008904,1,Ocupado,,,,N,,,2025/03/14,
300000008905,1,Ocupado,00:00:04,,,N,,,2025/03/14,
300000008906,1,Caixa Postal,,,,N,,,2025/03/14,
300000008907,1,Caixa Postal,,,,N,,,2025/03/14,
300000008908,1,Caixa Postal,,,,N,,,2025/03/14,
300000008909,1,Caixa Postal,,,,N,,,2025/03/14,
300000008910,1,Caixa Postal,,,,N,,,2025/03/14,
300000008911,1,Caixa Postal,,,,N,,,2025/03/14,
300000008912,1,Informação,00:16:26,CLI,1000000096123,N,,,2025/03/14,
300000008913,1,Contato de Finalizacao do Protocolo,00:03:13,Cli,,N,,,2025/03/14,
300000008914,1,Caixa Postal,00:00:06,,,N,,,2025/03/14,
300000008915,1,Caixa Postal,00:00:02,,,N,,,2025/03/14,
300000008916,1,Caixa Postal,00:00:19,,,N,,,2025/03/14,
300000008917,1,Caixa Postal,00:00:05,,,N,,,2025/03/14,
300000008918,1,Caixa Postal,00:00:06,,,N,,,2025/03/14,
300000008919,1,Caixa Postal,00:00:20,,,N,,,2025/03/14,
300000008920,1,Atendimento em Dia_Hora especifico,00:11:20,,,N,,,2025/03/14,
300000008921,1,Caixa Postal,,,,N,,,2025/03/14,
300000008922,1,Caixa Postal,,,,N,,,2025/03/14,
300000008923,1,Caixa Postal,00:00:04,,,N,,,2025/03/14,
300000008924,1,Caixa Postal,00:00:27,,,N,,,2025/03/14,
300000008925,1,URA Pesquisa NPS,00:01:28,CLI,1000000094043,S,Sim,10.0,2025/03/14,Email48443
300000008926,1,Cliente Desligou,00:00:13,Cli,1000000091453,N,,,2025/03/14,
300000008927,1,Ocupado,,Cli,,N,,,2025/03/14,
300000008928,1,Caixa Postal,00:00:03,,,N,,,2025/03/14,
300000008929,1,URA Pesquisa NPS,00:01:10,CLI,1000000094840,S,,,2025/03/14,Email4355
300000008930,1,Caixa Postal,00:00:06,Cli,1000000091453,N,,,2025/03/14,
300000008931,1,URA Pesquisa NPS,00:01:10,CLI,1000000094842,S,,,2025/03/14,Email5371
300000008932,1,Caixa Postal,00:00:13,Cli,1000000091453,N,,,2025/03/14,
300000008933,1,Caixa Postal,00:00:10,CLI,1000000094819,N,,,2025/03/14,
300000008934,1,URA Pesquisa NPS,00:01:23,CLI ,1000000092377,S,,,2025/03/14,Email372
300000008935,1,URA Pesquisa NPS,00:01:36,Cli,1000000094734,S,Sim,5.0,2025/03/14,Email19156
300000008936,1,Caixa Postal,00:00:05,,,N,,,2025/03/14,
300000008937,1,Informação,00:00:02,,,N,,,2025/03/14,
300000008938,1,Informação,,,,N,,,2025/03/14,
300000008939,1,URA Pesquisa NPS,00:04:50,Cli,1000000094335,S,Sim,10.0,2025/03/14,Email48443
300000008940,1,Ligação Muda,,,1000000093959,N,,,2025/03/13,
300000008941,1,URA Pesquisa NPS,00:04:32,CLI,1000000093959,S,,,2025/03/13,Email45
300000008942,1,URA Pesquisa NPS,00:08:28,CLI,1000000095024,S,Sim,9.0,2025/03/13,Email5556
300000008943,1,Ligação Muda,00:00:26,Cli,1000000095390,N,,,2025/03/13,
300000008944,1,Ligação Muda,00:00:43,Cli,1000000095390,N,,,2025/03/13,
300000008945,1,Informação,00:09:47,,,N,,,2025/03/13,
300000008946,1,Ligação Muda,00:00:12,,,N,,,2025/03/13,
300000008947,1,Ocupado,,CLI ,1000000095630,N,,,2025/03/13,
300000008948,1,Caixa Postal,,,,N,,,2025/03/13,
300000008949,1,Caixa Postal,,,,N,,,2025/03/13,
300000008950,1,Caixa Postal,,cli,1000000095594,N,,,2025/03/13,
300000008951,1,Caixa Postal,00:00:21,,,N,,,2025/03/13,
300000008952,1,Caixa Postal,,cli,1000000095594,N,,,2025/03/13,
300000008953,1,Agent Error,,,,N,,,2025/03/13,
300000008954,1,Caixa Postal,00:00:04,Cli,1000000095390,N,,,2025/03/13,
300000008955,1,Contato de Finalizacao do Protocolo,00:02:22,Cli,1000000095390,N,,,2025/03/13,
300000008956,1,Chamada Não Atendida,,CLI ,1000000095345,N,,,2025/03/13,
300000008957,1,Chamada Não Atendida,,CLI ,1000000095345,N,,,2025/03/13,
300000008958,1,Ocupado,,Cli,1000000095390,N,,,2025/03/13,
300000008959,1,URA Pesquisa NPS,00:00:47,Cli,1000000095390,S,,,2025/03/13,Email19156
300000008960,1,Ocupado,,Vendedora,1000000095395,N,,,2025/03/13,
300000008961,1,URA Pesquisa NPS,00:03:19,Vendedora,1000000095395,S,Sim,10.0,2025/03/13,Email1768
300000008962,1,Informação,,,,N,,,2025/03/13,
300000008963,1,Informação,00:03:03,,,N,,,2025/03/13,
300000008964,1,URA Pesquisa NPS,00:01:01,CLI,1000000095426,S,Sim,10.0,2025/03/13,Email364
300000008965,1,Informação,,,,N,,,2025/03/13,
300000008966,1,Informação,00:00:03,Cli,,N,,,2025/03/13,
300000008967,1,Caixa Postal,,CLI,1000000091800,N,,,2025/03/13,
300000008968,1,Caixa Postal,,CLI,1000000095016,N,,,2025/03/13,
300000008969,1,Caixa Postal,,,,N,,,2025/03/13,
300000008970,1,Cliente Desligou,00:02:48,,,N,,,2025/03/13,
300000008971,1,Informação,,Cli,,N,,,2025/03/13,
300000008972,1,Informação,00:00:10,Cli,,N,,,2025/03/13,
300000008973,1,Informação,00:00:08,cli,,N,,,2025/03/13,
300000008974,1,Informação,00:00:46,,,N,,,2025/03/13,
300000008975,1,Caixa Postal,00:00:10,,,N,,,2025/03/13,
300000008976,1,Informação,00:00:02,,,N,,,2025/03/13,
300000008977,1,Caixa Postal,00:00:07,,,N,,,2025/03/13,
300000008978,1,URA Pesquisa NPS,00:04:48,CLI,1000000095023,S,,,2025/03/13,Email5556
300000008979,1,Caixa Postal,00:00:06,Cliente,1000000094917,N,,,2025/03/13,
300000008980,1,Caixa Postal,,Cli,,N,,,2025/03/13,
300000008981,1,Cliente Desligou,00:00:45,Cli,1000000095321,N,,,2025/03/13,
300000008982,1,Contato de Finalizacao do Protocolo,00:01:00,Cli,,N,,,2025/03/13,
300000008983,1,URA Pesquisa NPS,00:02:06,CLI,1000000095016,S,,,2025/03/13,Email364
300000008984,1,Informação,00:00:04,,,N,,,2025/03/13,
300000008985,1,Caixa Postal,00:00:00,CLI,,N,,,2025/03/13,
300000008986,1,Caixa Postal,00:00:27,,,N,,,2025/03/13,
300000008987,1,URA Pesquisa NPS,00:16:58,CLI,1000000095028,S,Sim,10.0,2025/03/13,Email4355
300000008988,1,Caixa Postal,00:00:04,Cli,,N,,,2025/03/13,
300000008989,1,Caixa Postal,00:00:03,Cli,,N,,,2025/03/13,
300000008990,1,URA Pesquisa NPS,00:10:56,,1000000090308,S,Nao,5.0,2025/03/13,Email45
300000008991,1,Chamada Não Atendida,,cli,1000000094180,N,,,2025/03/13,
300000008992,1,Chamada Não Atendida,,cli,,N,,,2025/03/13,
300000008993,1,Caixa Postal,00:00:10,Cli,1000000091790,N,,,2025/03/13,
300000008994,1,Caixa Postal,00:00:09,Cli,1000000091790,N,,,2025/03/13,
300000008995,1,Caixa Postal,00:00:09,Cli,1000000086116,N,,,2025/03/13,
300000008996,1,Caixa Postal,,Cli,1000000086116,N,,,2025/03/13,
300000008997,1,Caixa Postal,,CLI,1000000094142,N,,,2025/03/13,
300000008998,1,Informação,00:00:03,,,N,,,2025/03/13,
300000008999,1,Caixa Postal,,,,N,,,2025/03/13,
300000009000,1,Caixa Postal,,cli,,N,,,2025/03/13,
300000009001,1,Caixa Postal,00:00:05,,,N,,,2025/03/13,
300000009002,1,Caixa Postal,,CLI,1000000091638,N,,,2025/03/13,
300000009003,1,Protocolo Permanecera em Andamento,00:04:54,Cli,1000000095378,N,,,2025/03/13,
300000009004,1,Caixa Postal,00:02:13,,,N,,,2025/03/13,
300000009005,1,Informação,00:03:34,Cli,1000000094859,N,,,2025/03/13,
300000009006,1,Chamada Não Atendida,00:00:33,,1000000095319,N,,,2025/03/13,
300000009007,1,URA Pesquisa NPS,00:04:57,CLI,1000000095629,S,,,2025/03/13,Email4194
300000009008,1,URA Pesquisa NPS,00:01:20,Cli,,S,Sim,10.0,2025/03/13,Email19156
300000009009,1,URA Pesquisa NPS,00:00:49,Cli,1000000095498,S,Sim,10.0,2025/03/13,Email5556
300000009010,1,Informação,,,,N,,,2025/03/13,
300000009011,1,Caixa Postal,00:00:03,,,N,,,2025/03/13,
300000009012,1,Caixa Postal,00:00:01,,,N,,,2025/03/13,
300000009013,1,Caixa Postal,,,,N,,,2025/03/13,
300000009014,1,Caixa Postal,,,,N,,,2025/03/13,
300000009015,1,Chamada Não Atendida,,Cli,1000000094039,N,,,2025/03/13,
300000009016,1,Cliente Desligou,00:01:11,Cli,1000000094039,N,,,2025/03/13,
300000009017,1,Caixa Postal,00:00:04,Cli,1000000095379,N,,,2025/03/13,
300000009018,1,Caixa Postal,00:00:05,Cli,1000000095379,N,,,2025/03/13,
300000009019,1,Caixa Postal,00:00:05,Cli,,N,,,2025/03/13,
300000009020,1,Chamada Não Atendida,,CLI,1000000094305,N,,,2025/03/13,
300000009021,1,Chamada Não Atendida,,CLI,1000000094305,N,,,2025/03/13,
300000009022,1,Informação,,Cli,,N,,,2025/03/13,
300000009023,1,Caixa Postal,00:02:37,,,N,,,2025/03/13,
300000009024,1,Caixa Postal,00:00:04,,,N,,,2025/03/12,
300000009025,1,URA Pesquisa NPS,00:01:01,Cliente,1000000095700,S,Sim,10.0,2025/03/12,Email45
300000009026,1,Caixa Postal,,,1000000095701,N,,,2025/03/12,
300000009027,1,Caixa Postal,,,1000000095701,N,,,2025/03/12,
300000009028,1,Caixa Postal,,,1000000095694,N,,,2025/03/12,
300000009029,1,Caixa Postal,,,1000000095694,N,,,2025/03/12,
300000009030,1,URA Pesquisa NPS,00:01:15,cli,1000000096263,S,Sim,10.0,2025/03/12,Email48443
300000009031,1,Caixa Postal,00:00:17,Cli,1000000096038,N,,,2025/03/12,
300000009032,1,Caixa Postal,00:00:05,Cli,1000000096038,N,,,2025/03/12,
300000009033,1,Caixa Postal,00:00:10,Cli,1000000096364,N,,,2025/03/12,
300000009034,1,Caixa Postal,00:00:04,Cli,1000000096364,N,,,2025/03/12,
300000009035,1,Caixa Postal,,,,N,,,2025/03/12,
300000009036,1,Caixa Postal,00:00:10,Cli,1000000096364,N,,,2025/03/12,
300000009037,1,Caixa Postal,00:00:10,CLI ,,N,,,2025/03/12,
300000009038,1,Caixa Postal,,CLI ,,N,,,2025/03/12,
300000009039,1,Caixa Postal,00:00:04,,,N,,,2025/03/12,
300000009040,1,Caixa Postal,00:00:09,Cli,1000000095623,N,,,2025/03/12,
300000009041,1,Protocolo Permanecera em Andamento,00:06:04,,,N,,,2025/03/12,
300000009042,1,Caixa Postal,,Cli,1000000095623,N,,,2025/03/12,
300000009043,1,Caixa Postal,,Cli,1000000095623,N,,,2025/03/12,
300000009044,1,Caixa Postal,,Cli,1000000095623,N,,,2025/03/12,
300000009045,1,Caixa Postal,00:00:04,Cli,1000000095623,N,,,2025/03/12,
300000009046,1,Caixa Postal,00:00:19,CLI,,N,,,2025/03/12,
300000009047,1,Caixa Postal,00:00:12,CLI,,N,,,2025/03/12,
300000009048,1,Sent To Voicemail,00:21:03,CLI,1000000095727,S,Sim,1.0,2025/03/12,Email4355
300000009049,1,Informação,00:02:23,cli,1000000096264,N,,,2025/03/12,
300000009050,1,Caixa Postal,00:00:11,Cli,1000000096029,N,,,2025/03/12,
300000009051,1,Caixa Postal,00:00:04,Cli,1000000096029,N,,,2025/03/12,
300000009052,1,Caixa Postal,,,,N,,,2025/03/12,
300000009053,1,Caixa Postal,00:00:11,,,N,,,2025/03/12,
300000009054,1,Caixa Postal,,,,N,,,2025/03/12,
300000009055,1,Caixa Postal,,,1000000095701,N,,,2025/03/12,
300000009056,1,Caixa Postal,,,,N,,,2025/03/12,
300000009057,1,Caixa Postal,,,,N,,,2025/03/12,
300000009058,1,Chamada Não Atendida,,CLI ,1000000095713,N,,,2025/03/12,
300000009059,1,Caixa Postal,00:00:06,Cli,1000000095593,N,,,2025/03/12,
300000009060,1,URA Pesquisa NPS,00:02:45,Cli,1000000096036,S,,,2025/03/12,Email19156
300000009061,1,Caixa Postal,,Cli,1000000095593,N,,,2025/03/12,
300000009062,1,Caixa Postal,,Cli,1000000095593,N,,,2025/03/12,
300000009063,1,Ocupado,,Cli,1000000095593,N,,,2025/03/12,
300000009064,1,Caixa Postal,00:00:03,Cli,1000000095593,N,,,2025/03/12,
300000009065,1,Caixa Postal,,,,N,,,2025/03/12,
300000009066,1,Informação,,Cli,,N,,,2025/03/12,
300000009067,1,Caixa Postal,,,,N,,,2025/03/12,
300000009068,1,URA Pesquisa NPS,00:01:50,Cli,1000000095384,S,Sim,9.0,2025/03/12,Email19156
300000009069,1,Caixa Postal,00:00:10,Cli,1000000096262,N,,,2025/03/12,
300000009070,1,Dados incorretos do cliente,00:00:29,cli,,N,,,2025/03/12,
300000009071,1,Caixa Postal,00:00:06,Cli,1000000096124,N,,,2025/03/12,
300000009072,1,Caixa Postal,00:00:05,Cli,1000000096124,N,,,2025/03/12,
300000009073,1,Caixa Postal,00:00:08,Cli,,N,,,2025/03/12,
300000009074,1,URA Pesquisa NPS,00:01:21,Cli,1000000096336,S,Sim,10.0,2025/03/12,Email1615
300000009075,1,Abandon,00:04:53,Cli,1000000096124,S,,,2025/03/12,Email19156
300000009076,1,Informação,00:01:51,,,N,,,2025/03/12,
300000009077,1,Chamada Não Atendida,,CLI ,1000000095695,N,,,2025/03/12,
300000009078,1,Chamada Não Atendida,,CLI ,1000000095695,N,,,2025/03/12,
300000009079,1,Ocupado,,Cli,,N,,,2025/03/12,
300000009080,1,Ocupado,,Cli,,N,,,2025/03/12,
300000009081,1,Caixa Postal,00:00:10,Cli,1000000096124,N,,,2025/03/12,
300000009082,1,Caixa Postal,00:00:07,Cli,1000000096124,N,,,2025/03/12,
300000009083,1,URA Pesquisa NPS,00:02:03,CLI,1000000096269,S,,,2025/03/12,Email48443
300000009084,1,Caixa Postal,00:00:12,Cli,1000000096333,N,,,2025/03/12,
300000009085,1,Cliente Desligou,00:00:08,Cli,1000000096333,N,,,2025/03/12,
300000009086,1,URA Pesquisa NPS,00:03:25,CLI,1000000096028,S,,,2025/03/12,Email19156
300000009087,1,Informação,00:00:10,Cliente,,N,,,2025/03/12,
300000009088,1,Informação,00:01:35,Cliente,,N,,,2025/03/12,
300000009089,1,Ocupado,,Cli,1000000096125,N,,,2025/03/12,
300000009090,1,Chamada Não Atendida,00:00:00,Cli,1000000095816,N,,,2025/03/12,
300000009091,1,Caixa Postal,,Cli,1000000096125,N,,,2025/03/12,
300000009092,1,URA Pesquisa NPS,00:00:53,CLI ,1000000095797,S,,,2025/03/12,Email1615
300000009093,1,Chamada Não Atendida,,CLI ,1000000095750,N,,,2025/03/12,
300000009094,1,Caixa Postal,,Cli,,N,,,2025/03/12,
300000009095,1,Caixa Postal,,Cli,,N,,,2025/03/12,
300000009096,1,Caixa Postal,,Cli,,N,,,2025/03/12,
300000009097,1,Caixa Postal,00:00:05,CLI,1000000096164,N,,,2025/03/12,
300000009098,1,Caixa Postal,00:00:03,Cli,,N,,,2025/03/12,
300000009099,1,Caixa Postal,00:00:05,Cli,,N,,,2025/03/12,
300000009100,1,URA Pesquisa NPS,00:00:58,CLI,1000000096377,S,Sim,10.0,2025/03/12,Email4355
300000009101,1,Caixa Postal,00:00:08,Cli,1000000096352,N,,,2025/03/12,
300000009102,1,Caixa Postal,00:00:04,Cli,1000000096352,N,,,2025/03/12,
300000009103,1,Caixa Postal,,CLI,1000000095723,N,,,2025/03/12,
300000009104,1,Caixa Postal,00:00:02,CLI,1000000095723,N,,,2025/03/12,
300000009105,1,Responsavel ausente,00:00:48,CLI,1000000095723,N,,,2025/03/12,
300000009106,1,Informação,,Cli,,N,,,2025/03/12,
300000009107,1,Caixa Postal,00:00:07,,,N,,,2025/03/12,
300000009108,1,Caixa Postal,,,,N,,,2025/03/12,
300000009109,1,Atendimento exclusivo por email,,,,N,,,2025/03/12,
300000009110,1,URA Pesquisa NPS,00:01:59,CLI,1000000096407,S,Sim,10.0,2025/03/12,Email4355
300000009111,1,Caixa Postal,00:00:05,,,N,,,2025/03/12,
300000009112,1,URA Pesquisa NPS,00:00:55,Cliente,1000000095696,S,Sim,10.0,2025/03/12,Email8754
300000009113,1,URA Pesquisa NPS,00:02:01,Cliente,1000000095702,S,Sim,10.0,2025/03/12,Email8754
300000009114,1,Caixa Postal,,CLI,,N,,,2025/03/12,
300000009115,1,URA Pesquisa NPS,00:01:09,Cli,1000000093941,S,Sim,10.0,2025/03/12,Email19156
300000009116,1,Caixa Postal,,CLI,1000000092356,N,,,2025/03/12,
300000009117,1,Caixa Postal,,cli,,N,,,2025/03/12,
300000009118,1,URA Pesquisa NPS,00:03:08,cli,1000000096243,S,Sim,,2025/03/12,Email48443
300000009119,1,Caixa Postal,00:00:08,Cli,1000000096364,N,,,2025/03/12,
300000009120,1,Caixa Postal,00:00:04,Cli,1000000096364,N,,,2025/03/12,
300000009121,1,Chamada Não Atendida,,CLI ,1000000095525,N,,,2025/03/12,
300000009122,1,Chamada Não Atendida,,CLI ,1000000095525,N,,,2025/03/12,
300000009123,1,Caixa Postal,00:00:07,CLI,1000000090187,N,,,2025/03/12,
300000009124,1,URA Pesquisa NPS,00:02:01,Cli,1000000096331,S,Sim,10.0,2025/03/12,Email1615
300000009125,1,Chamada Não Atendida,00:00:01,CLI ,1000000095730,N,,,2025/03/12,
300000009126,1,Chamada Não Atendida,00:00:01,CLI ,1000000095730,N,,,2025/03/12,
300000009127,1,Informação,00:00:07,,,N,,,2025/03/12,
300000009128,1,Informação,00:10:23,Cli,,N,,,2025/03/12,
300000009129,1,Caixa Postal,00:00:05,cli,1000000095594,N,,,2025/03/12,
300000009130,1,Responsavel ausente,00:01:25,Cli,1000000095594,N,,,2025/03/12,
300000009131,1,Caixa Postal,,,,N,,,2025/03/12,
300000009132,1,Caixa Postal,,,,N,,,2025/03/12,
300000009133,1,Caixa Postal,,,,N,,,2025/03/12,
300000009134,1,Caixa Postal,00:00:04,,,N,,,2025/03/12,
300000009135,1,Caixa Postal,00:00:03,Cliente,1000000095697,N,,,2025/03/12,
300000009136,1,Caixa Postal,,Cliente,1000000095697,N,,,2025/03/12,
300000009137,1,Informação,,,,N,,,2025/03/12,
300000009138,1,URA Pesquisa NPS,00:00:49,Cliente,1000000095697,S,Sim,10.0,2025/03/12,Email8754
300000009139,1,Caixa Postal,00:00:00,,,N,,,2025/03/12,
300000009140,1,Caixa Postal,,,,N,,,2025/03/12,
300000009141,1,URA Pesquisa NPS,00:01:26,Cliente,1000000095698,S,Sim,10.0,2025/03/12,Email8754
300000009142,1,Chamada Não Atendida,,CLI ,1000000095695,N,,,2025/03/12,
300000009143,1,Chamada Não Atendida,,CLI ,,N,,,2025/03/12,
300000009144,1,URA Pesquisa NPS,00:02:00,,,S,,,2025/03/12,Email1615
300000009145,1,Chamada Não Atendida,00:00:10,Cli,1000000096252,N,,,2025/03/12,
300000009146,1,Caixa Postal,00:00:04,Cli,1000000096252,N,,,2025/03/12,
300000009147,1,Chamada Não Atendida,,CLI ,1000000095630,N,,,2025/03/12,
300000009148,1,Chamada Não Atendida,,CLI ,1000000095630,N,,,2025/03/12,
300000009149,1,Caixa Postal,00:00:06,Cli,,N,,,2025/03/12,
300000009150,1,URA Pesquisa NPS,00:01:42,CLI ,1000000095412,S,Sim,9.0,2025/03/12,Email372
300000009151,1,Ocupado,,CLI ,10000000257950,N,,,2025/03/12,
300000009152,1,Ocupado,,CLI ,1000000095713,N,,,2025/03/12,
300000009153,1,Informação,00:00:05,,,N,,,2025/03/12,
300000009154,1,Informação,,,,N,,,2025/03/12,
300000009155,1,URA Pesquisa NPS,00:04:32,,1000000095017,S,Sim,9.0,2025/03/12,Email45
300000009156,1,Chamada Não Atendida,,CLI ,1000000095703,N,,,2025/03/12,
300000009157,1,Chamada Não Atendida,,CLI ,1000000095703,N,,,2025/03/12,
300000009158,1,URA Pesquisa NPS,00:03:22,Cli,1000000096033,S,,,2025/03/12,Email19156
300000009159,1,Chamada Não Atendida,,CLI ,1000000096260,N,,,2025/03/12,
300000009160,1,Chamada Não Atendida,,CLI ,1000000096260,N,,,2025/03/12,
300000009161,1,Não Atende,,Cliente ,1000000092610,N,,,2025/03/12,
300000009162,1,Ocupado,,Cliente,1000000092610,N,,,2025/03/12,
300000009163,1,Ocupado,,Cliente,1000000095704,N,,,2025/03/12,
300000009164,1,Ocupado,,Cliente,1000000095704,N,,,2025/03/12,
300000009165,1,Informação,00:01:36,,,N,,,2025/03/12,
300000009166,1,Caixa Postal,,CLI ,1000000096232,N,,,2025/03/12,
300000009167,1,Caixa Postal,,CLI ,1000000096232,N,,,2025/03/12,
300000009168,1,Caixa Postal,,CLI ,1000000096232,N,,,2025/03/12,
300000009169,1,Informação,00:01:58,Cli,,N,,,2025/03/12,
300000009170,1,Caixa Postal,,CLI,,N,,,2025/03/12,
300000009171,1,URA Pesquisa NPS,00:01:32,CLI,1000000092444,S,,,2025/03/12,Email329
300000009172,1,Caixa Postal,,CLI,,N,,,2025/03/12,
300000009173,1,Caixa Postal,,CLI,,N,,,2025/03/12,
300000009174,1,Ocupado,,Cliente,1000000095704,N,,,2025/03/12,
300000009175,1,Chamada Não Atendida,,CLI ,1000000095525,N,,,2025/03/12,
300000009176,1,Dados incorretos do cliente,,Cliente,1000000095704,N,,,2025/03/12,
300000009177,1,Chamada Não Atendida,,CLI ,1000000095525,N,,,2025/03/12,
300000009178,1,Caixa Postal,00:00:03,,,N,,,2025/03/12,
300000009179,1,Caixa Postal,00:00:06,,,N,,,2025/03/12,
300000009180,1,Caixa Postal,00:00:10,Cli,1000000087797,N,,,2025/03/12,
300000009181,1,Caixa Postal,00:00:03,,,N,,,2025/03/12,
300000009182,1,Ligação Muda,00:00:01,Cli,1000000096027,N,,,2025/03/12,
300000009183,1,Caixa Postal,00:00:01,Cli,1000000087797,N,,,2025/03/12,
300000009184,1,Cliente Desligou,00:00:02,Cli,1000000096027,N,,,2025/03/12,
300000009185,1,Caixa Postal,00:00:02,CLI ,,N,,,2025/03/12,
300000009186,1,Caixa Postal,00:00:13,CLI ,,N,,,2025/03/12,
300000009187,1,Caixa Postal,00:00:13,CLI ,,N,,,2025/03/12,
300000009188,1,URA Pesquisa NPS,00:06:36,CLI ,1000000095703,S,Sim,10.0,2025/03/12,Email329
300000009189,1,Informação,,,,N,,,2025/03/12,
300000009190,1,Informação,,,,N,,,2025/03/12,
300000009191,1,Caixa Postal,,,,N,,,2025/03/12,
300000009192,1,Caixa Postal,00:00:02,,,N,,,2025/03/12,
300000009193,1,Caixa Postal,00:00:24,Cli,1000000096026,N,,,2025/03/12,
300000009194,1,Caixa Postal,00:00:02,,,N,,,2025/03/12,
300000009195,1,Caixa Postal,,CLI ,1000000095029,N,,,2025/03/12,
300000009196,1,Caixa Postal,,CLI ,1000000095029,N,,,2025/03/12,
300000009197,1,URA Pesquisa NPS,00:09:13,Cli,,S,Sim,10.0,2025/03/12,Email19156
300000009198,1,Caixa Postal,,,,N,,,2025/03/12,
300000009199,1,Caixa Postal,,cli,,N,,,2025/03/12,
300000009200,1,Caixa Postal,,,,N,,,2025/03/12,
300000009201,1,Contato de Finalizacao do Protocolo,00:00:59,CLI ,,N,,,2025/03/12,
300000009202,1,Chamada Não Atendida,,CLI ,1000000094857,N,,,2025/03/12,
300000009203,1,Chamada Não Atendida,,CLI ,1000000094857,N,,,2025/03/12,
300000009204,1,Chamada Não Atendida,,CLI ,1000000086345,N,,,2025/03/12,
300000009205,1,Chamada Não Atendida,,CLI ,1000000086345,N,,,2025/03/12,
300000009206,1,Informação,,,,N,,,2025/03/12,
300000009207,1,Contato de Finalizacao do Protocolo,00:07:13,CLI,1000000096989,N,,,2025/03/11,
300000009208,1,Caixa Postal,00:00:05,cli,1000000096452,N,,,2025/03/11,
300000009209,1,Informação,,Cli,,N,,,2025/03/11,
300000009210,1,URA Pesquisa NPS,00:01:06,CLI,1000000096879,S,Sim,10.0,2025/03/11,Email364
300000009211,1,Caixa Postal,00:00:00,CLI,1000000096881,N,,,2025/03/11,
300000009212,1,Protocolo Permanecera em Andamento,00:07:59,CLI,1000000085590,N,,,2025/03/11,
300000009213,1,Caixa Postal,00:00:08,Cli,1000000097038,N,,,2025/03/11,
300000009214,1,Caixa Postal,00:00:04,Cli,1000000097038,N,,,2025/03/11,
300000009215,1,Caixa Postal,,,,N,,,2025/03/11,
300000009216,1,Caixa Postal,00:00:05,Cli,1000000096853,N,,,2025/03/11,
300000009217,1,Caixa Postal,,Cli,1000000096853,N,,,2025/03/11,
300000009218,1,Caixa Postal,,cli,,N,,,2025/03/11,
300000009219,1,Caixa Postal,,Cli,1000000097054,N,,,2025/03/11,
300000009220,1,Caixa Postal,,Cli,1000000097054,N,,,2025/03/11,
300000009221,1,Caixa Postal,00:00:06,CLI,1000000096976,N,,,2025/03/11,
300000009222,1,Caixa Postal,,cli,,N,,,2025/03/11,
300000009223,1,Caixa Postal,,Cli,1000000097054,N,,,2025/03/11,
300000009224,1,Caixa Postal,00:00:05,Cli,1000000097054,N,,,2025/03/11,
300000009225,1,Caixa Postal,,CLI,,N,,,2025/03/11,
300000009226,1,Caixa Postal,,Cli,1000000097054,N,,,2025/03/11,
300000009227,1,URA Pesquisa NPS,00:01:24,CLI,1000000096976,S,Sim,10.0,2025/03/11,Email4355
300000009228,1,Chamada Não Atendida,,CLI ,1000000096872,N,,,2025/03/11,
300000009229,1,Chamada Não Atendida,,CLI ,1000000096872,N,,,2025/03/11,
300000009230,1,Informação,00:01:53,,,N,,,2025/03/11,
300000009231,1,Caixa Postal,,CLI ,,N,,,2025/03/11,
300000009232,1,URA Pesquisa NPS,00:12:34,CLI,1000000086346,S,,,2025/03/11,Email4355
300000009233,1,Informação,00:00:02,,,N,,,2025/03/11,
300000009234,1,Informação,00:00:01,,,N,,,2025/03/11,
300000009235,1,Caixa Postal,00:00:04,,,N,,,2025/03/11,
300000009236,1,Caixa Postal,,,,N,,,2025/03/11,
300000009237,1,Caixa Postal,,,,N,,,2025/03/11,
300000009238,1,Caixa Postal,00:01:09,,,N,,,2025/03/11,
300000009239,1,Informação,00:02:16,CLI,1000000084808,N,,,2025/03/11,
300000009240,1,Contato de Finalizacao do Protocolo,00:03:25,cli,1000000096944,N,,,2025/03/11,
300000009241,1,Caixa Postal,00:00:12,,,N,,,2025/03/11,
300000009242,1,Informação,,,,N,,,2025/03/11,
300000009243,1,Caixa Postal,00:00:04,Cliente,1000000097082,N,,,2025/03/11,
300000009244,1,Contato de Finalizacao do Protocolo,00:00:55,,,N,,,2025/03/11,
300000009245,1,URA Pesquisa NPS,00:01:13,Cliente,1000000097082,S,Sim,10.0,2025/03/11,Email8754
300000009246,1,URA Pesquisa NPS,00:02:31,Cli,1000000096781,S,Sim,10.0,2025/03/11,Email19156
300000009247,1,Contato de Finalizacao do Protocolo,00:00:37,,,N,,,2025/03/11,
300000009248,1,Cliente Desligou,00:00:01,Cli,1000000097053,N,,,2025/03/11,
300000009249,1,URA Pesquisa NPS,00:01:04,Cli,1000000097053,S,Sim,9.0,2025/03/11,Email1615
300000009250,1,Caixa Postal,00:00:06,Cli,1000000097083,N,,,2025/03/11,
300000009251,1,Caixa Postal,00:00:04,Cli,1000000097083,N,,,2025/03/11,
300000009252,1,Caixa Postal,00:00:03,Cliente,1000000097062,N,,,2025/03/11,
300000009253,1,Caixa Postal,00:00:17,Cli,1000000096855,N,,,2025/03/11,
300000009254,1,Chamada Não Atendida,00:00:04,CLI,1000000096949,N,,,2025/03/11,
300000009255,1,Caixa Postal,00:00:15,,,N,,,2025/03/11,
300000009256,1,Caixa Postal,00:00:04,,,N,,,2025/03/11,
300000009257,1,Caixa Postal,00:00:02,,,N,,,2025/03/11,
300000009258,1,Caixa Postal,00:00:03,,,N,,,2025/03/11,
300000009259,1,Caixa Postal,00:00:03,,,N,,,2025/03/11,
300000009260,1,Caixa Postal,,,,N,,,2025/03/11,
300000009261,1,Caixa Postal,,,,N,,,2025/03/11,
300000009262,1,URA Pesquisa NPS,00:01:56,CLI,1000000094194,S,Sim,,2025/03/11,Email4355
300000009263,1,Caixa Postal,,,,N,,,2025/03/11,
300000009264,1,Caixa Postal,00:00:02,,,N,,,2025/03/11,
300000009265,1,Informação,,,,N,,,2025/03/11,
300000009266,1,Caixa Postal,00:00:07,CLI,1000000094193,N,,,2025/03/11,
300000009267,1,Informação,00:02:08,CLI,1000000094193,N,,,2025/03/11,
300000009268,1,Informação,,,,N,,,2025/03/11,
300000009269,1,Caixa Postal,00:00:08,,,N,,,2025/03/11,
300000009270,1,Caixa Postal,,,,N,,,2025/03/11,
300000009271,1,Caixa Postal,,,,N,,,2025/03/11,
300000009272,1,Caixa Postal,00:00:06,,,N,,,2025/03/11,
300000009273,1,URA Pesquisa NPS,00:01:12,Cli,1000000097083,S,Sim,10.0,2025/03/11,Email364
300000009274,1,Caixa Postal,00:00:02,,,N,,,2025/03/11,
300000009275,1,URA Pesquisa NPS,00:03:32,CLI,1000000094190,S,,,2025/03/11,Email329
300000009276,1,Informação,00:00:03,,,N,,,2025/03/11,
300000009277,1,URA Pesquisa NPS,00:01:08,cli,1000000097056,S,Sim,6.0,2025/03/11,Email48439
300000009278,1,Informação,00:00:09,CLI,,N,,,2025/03/11,
300000009279,1,Informação,00:00:19,,,N,,,2025/03/11,
300000009280,1,Informação,00:02:04,,,N,,,2025/03/11,
300000009281,1,Caixa Postal,00:00:12,CLI,,N,,,2025/03/11,
300000009282,1,Contato de Finalizacao do Protocolo,00:04:37,Cli,1000000096779,N,,,2025/03/11,
300000009283,1,Caixa Postal,,CLI,1000000097103,N,,,2025/03/11,
300000009284,1,Caixa Postal,00:00:39,CLI ,,N,,,2025/03/11,
300000009285,1,Caixa Postal,00:00:17,CLI ,,N,,,2025/03/11,
300000009286,1,Caixa Postal,00:01:44,CLI ,,N,,,2025/03/11,
300000009287,1,Caixa Postal,00:00:23,CLI,,N,,,2025/03/11,
300000009288,1,URA Pesquisa NPS,00:01:07,CLI,1000000096943,S,Sim,8.0,2025/03/11,Email4355
300000009289,1,Ocupado,,Cli,,N,,,2025/03/11,
300000009290,1,Caixa Postal,00:00:06,CLI,1000000082540,N,,,2025/03/11,
300000009291,1,Caixa Postal,00:00:06,CLI,1000000082540,N,,,2025/03/11,
300000009292,1,Caixa Postal,00:00:01,CLI,1000000082540,N,,,2025/03/11,
300000009293,1,URA Pesquisa NPS,00:09:05,,1000000096866,S,Sim,10.0,2025/03/11,Email45
300000009294,1,Caixa Postal,00:00:10,Cli,1000000097054,N,,,2025/03/11,
300000009295,1,Caixa Postal,00:00:06,,,N,,,2025/03/11,
300000009296,1,Caixa Postal,00:00:02,,,N,,,2025/03/11,
300000009297,1,Informação,00:00:05,,,N,,,2025/03/11,
300000009298,1,URA Pesquisa NPS,00:01:17,CLI,1000000096971,S,Sim,10.0,2025/03/11,Email48443
300000009299,1,URA Pesquisa NPS,00:01:06,CLI ,1000000096502,S,,,2025/03/11,Email372
300000009300,1,Informação,00:00:03,Cli,,N,,,2025/03/11,
300000009301,1,Informação,,,,N,,,2025/03/11,
300000009302,1,Informação,00:00:17,,,N,,,2025/03/11,
300000009303,1,Caixa Postal,00:00:10,,,N,,,2025/03/11,
300000009304,1,Caixa Postal,00:00:10,,,N,,,2025/03/11,
300000009305,1,Caixa Postal,,,,N,,,2025/03/11,
300000009306,1,URA Pesquisa NPS,00:03:30,CLI,1000000097064,S,Sim,9.0,2025/03/11,Email288
300000009307,1,Caixa Postal,00:00:05,CLI,1000000097078,N,,,2025/03/11,
300000009308,1,Caixa Postal,00:00:01,CLI,1000000097079,N,,,2025/03/11,
300000009309,1,Informação,00:04:07,,,N,,,2025/03/11,
300000009310,1,Chamada Não Atendida,,CLI,1000000096454,N,,,2025/03/11,
300000009311,1,Chamada Não Atendida,,CLI,1000000096454,N,,,2025/03/11,
300000009312,1,Caixa Postal,00:00:19,Cli,1000000094150,N,,,2025/03/11,
300000009313,1,Caixa Postal,00:00:25,Cli,1000000094150,N,,,2025/03/11,
300000009314,1,Caixa Postal,00:00:33,Cli,1000000094150,N,,,2025/03/11,
300000009315,1,Informação,,,,N,,,2025/03/11,
300000009316,1,Caixa Postal,,,,N,,,2025/03/11,
300000009317,1,Caixa Postal,00:00:10,CLI,,N,,,2025/03/11,
300000009318,1,Caixa Postal,00:02:08,,,N,,,2025/03/11,
300000009319,1,Informação,00:00:27,,,N,,,2025/03/11,
300000009320,1,Caixa Postal,00:00:05,CLI,,N,,,2025/03/11,
300000009321,1,URA Pesquisa NPS,00:03:38,CLI,1000000096940,S,Sim,10.0,2025/03/11,Email4355
300000009322,1,Caixa Postal,00:00:06,Cli,1000000096782,N,,,2025/03/11,
300000009323,1,URA Pesquisa NPS,00:02:24,Cli,1000000096782,S,,,2025/03/11,Email19156
300000009324,1,Caixa Postal,00:00:04,CLI,1000000096956,N,,,2025/03/11,
300000009325,1,Chamada Não Atendida,00:00:12,CLI ,1000000096961,N,,,2025/03/11,
300000009326,1,Informação,,,,N,,,2025/03/11,
300000009327,1,Informação,,CLI,,N,,,2025/03/11,
300000009328,1,Chamada Não Atendida,,CLI,10000000257941,N,,,2025/03/11,
300000009329,1,Caixa Postal,00:00:07,,,N,,,2025/03/11,
300000009330,1,Chamada Não Atendida,,CLI ,1000000096961,N,,,2025/03/11,
300000009331,1,Chamada Não Atendida,,Cli ,1000000097072,N,,,2025/03/11,
300000009332,1,Informação,00:05:09,Cli ,1000000097072,N,,,2025/03/11,
300000009333,1,URA Pesquisa NPS,00:11:46,CLI,1000000097071,S,,,2025/03/11,Email4355
300000009334,1,Protocolo Permanecera em Andamento,00:09:26,CLI,,N,,,2025/03/11,
300000009335,1,URA Pesquisa NPS,00:02:13,CLI,1000000096339,S,Sim,9.0,2025/03/11,Email288
300000009336,1,Informação,00:00:01,CLI,1000000096962,N,,,2025/03/11,
300000009337,1,URA Pesquisa NPS,00:28:56,Cli,1000000095726,S,Sim,10.0,2025/03/11,Email4355
300000009338,1,Caixa Postal,00:00:03,CLI,,N,,,2025/03/11,
300000009339,1,Caixa Postal,,,,N,,,2025/03/11,
300000009340,1,Caixa Postal,,CLI,,N,,,2025/03/11,
300000009341,1,URA Pesquisa NPS,00:01:19,CLI,1000000096974,S,Sim,10.0,2025/03/11,Email48443
300000009342,1,Informação,00:04:17,CLI ,1000000096453,N,,,2025/03/11,
300000009343,1,Caixa Postal,,Cli,1000000097105,N,,,2025/03/11,
300000009344,1,Informação,,Cli,,N,,,2025/03/11,
300000009345,1,URA Pesquisa NPS,00:13:10,CLI,1000000097099,S,Sim,10.0,2025/03/11,Email4355
300000009346,1,Chamada Não Atendida,00:00:01,CLI,1000000097073,N,,,2025/03/11,
300000009347,1,Chamada Não Atendida,,CLI,1000000097073,N,,,2025/03/11,
300000009348,1,Caixa Postal,00:00:05,,,N,,,2025/03/11,
300000009349,1,Caixa Postal,00:00:04,,,N,,,2025/03/11,
300000009350,1,Caixa Postal,00:00:02,,,N,,,2025/03/11,
300000009351,1,Caixa Postal,00:00:07,,,N,,,2025/03/11,
300000009352,1,Caixa Postal,00:00:01,,,N,,,2025/03/11,
300000009353,1,Informação,00:00:04,,,N,,,2025/03/11,
300000009354,1,Caixa Postal,00:00:03,,,N,,,2025/03/11,
300000009355,1,Informação,,CLI,,N,,,2025/03/11,
300000009356,1,URA Pesquisa NPS,00:04:49,Cli,1000000095321,S,,,2025/03/11,Email19156
300000009357,1,Informação,,,,N,,,2025/03/11,
300000009358,1,Chamada Não Atendida,,CLI ,1000000096273,N,,,2025/03/11,
300000009359,1,Chamada Não Atendida,,CLI ,1000000096273,N,,,2025/03/11,
300000009360,1,Caixa Postal,,CLI ,,N,,,2025/03/11,
300000009361,1,Cliente Desligou,00:01:50,CLI ,1000000087845,N,,,2025/03/11,
300000009362,1,Informação,00:01:47,,,N,,,2025/03/11,
300000009363,1,Caixa Postal,00:00:10,CLI ,,N,,,2025/03/11,
300000009364,1,Caixa Postal,,,,N,,,2025/03/11,
300000009365,1,Atendimento em Dia_Hora especifico,00:00:01,,,N,,,2025/03/11,
300000009366,1,Caixa Postal,00:00:10,CLI ,,N,,,2025/03/11,
300000009367,1,Caixa Postal,,,,N,,,2025/03/11,
300000009368,1,Informação,00:02:59,,,N,,,2025/03/11,
300000009369,1,Caixa Postal,00:00:01,Cli,1000000092583,N,,,2025/03/11,
300000009370,1,Caixa Postal,00:00:02,Cliente,1000000096363,N,,,2025/03/11,
300000009371,1,Caixa Postal,00:00:03,Cliente,1000000096363,N,,,2025/03/11,
300000009372,1,Informação,,,,N,,,2025/03/11,
300000009373,1,Informação,,,,N,,,2025/03/11,
300000009374,1,Caixa Postal,00:00:04,,,N,,,2025/03/11,
300000009375,1,Caixa Postal,00:00:01,,,N,,,2025/03/11,
300000009376,1,Caixa Postal,00:00:02,,,N,,,2025/03/11,
300000009377,1,Caixa Postal,,CLI,1000000097149,N,,,2025/03/10,
300000009378,1,Caixa Postal,00:00:11,,,N,,,2025/03/10,
300000009379,1,Caixa Postal,00:00:04,,,N,,,2025/03/10,
300000009380,1,Caixa Postal,,,,N,,,2025/03/10,
300000009381,1,Informação,00:00:04,Cli,,N,,,2025/03/10,
300000009382,1,Informação,00:00:10,Cli,,N,,,2025/03/10,
300000009383,1,Caixa Postal,,CLI,1000000097663,N,,,2025/03/10,
300000009384,1,Caixa Postal,,CLI,1000000097663,N,,,2025/03/10,
300000009385,1,URA Pesquisa NPS,00:04:03,,,S,Sim,10.0,2025/03/10,Email48443
300000009386,1,Caixa Postal,,Cliente,1000000097742,N,,,2025/03/10,
300000009387,1,Caixa Postal,,Cliente,1000000097742,N,,,2025/03/10,
300000009388,1,Chamada Não Atendida,00:00:04,CLI,1000000097778,N,,,2025/03/10,
300000009389,1,Chamada Não Atendida,00:00:08,CLI,1000000097778,N,,,2025/03/10,
300000009390,1,URA Pesquisa NPS,00:01:28,CLI,1000000097211,S,Sim,10.0,2025/03/10,Email48443
300000009391,1,Caixa Postal,,Cliente,1000000097764,N,,,2025/03/10,
300000009392,1,Caixa Postal,00:00:03,Cliente,1000000097764,N,,,2025/03/10,
300000009393,1,Não Atende,,Cliente,1000000097764,N,,,2025/03/10,
300000009394,1,Informação,00:00:02,cli,,N,,,2025/03/10,
300000009395,1,Informação,00:00:08,cli,,N,,,2025/03/10,
300000009396,1,URA Pesquisa NPS,00:01:54,,1000000097779,S,Sim,10.0,2025/03/10,Email372
300000009397,1,Caixa Postal,00:00:04,,,N,,,2025/03/10,
300000009398,1,Agent Error,,,,N,,,2025/03/10,
300000009399,1,Caixa Postal,00:00:06,,,N,,,2025/03/10,
300000009400,1,Caixa Postal,,,,N,,,2025/03/10,
300000009401,1,Informação,00:09:29,,,N,,,2025/03/10,
300000009402,1,Contato de Finalizacao do Protocolo,00:01:14,,,N,,,2025/03/10,
300000009403,1,Caixa Postal,00:00:07,CLI,1000000097180,N,,,2025/03/10,
300000009404,1,Informação,00:00:53,,,N,,,2025/03/10,
300000009405,1,Informação,00:00:05,Cli,,N,,,2025/03/10,
300000009406,1,Informação,00:05:12,Cli,,N,,,2025/03/10,
300000009407,1,Caixa Postal,00:00:17,CLI,,N,,,2025/03/10,
300000009408,1,Caixa Postal,00:00:05,CLI,,N,,,2025/03/10,
300000009409,1,Contato de Finalizacao do Protocolo,00:02:36,,,N,,,2025/03/10,
300000009410,1,Caixa Postal,00:00:17,Cli,1000000097741,N,,,2025/03/10,
300000009411,1,Caixa Postal,,Cli,1000000097741,N,,,2025/03/10,
300000009412,1,Contato de Finalizacao do Protocolo,00:04:56,cli,,N,,,2025/03/10,
300000009413,1,Não Atende,,Cliente,1000000097764,N,,,2025/03/10,
300000009414,1,Não Atende,,Cliente,1000000097764,N,,,2025/03/10,
300000009415,1,URA Pesquisa NPS,00:04:11,Cli,1000000097463,S,Sim,10.0,2025/03/10,Email1768
300000009416,1,Informação,,CLI,,N,,,2025/03/10,
300000009417,1,Informação,,,,N,,,2025/03/10,
300000009418,1,Informação,,,,N,,,2025/03/10,
300000009419,1,Caixa Postal,00:00:05,,,N,,,2025/03/10,
300000009420,1,Caixa Postal,,CLI,1000000085590,N,,,2025/03/10,
300000009421,1,Ligação Muda,,CLI,1000000085590,N,,,2025/03/10,
300000009422,1,Caixa Postal,00:00:05,,,N,,,2025/03/10,
300000009423,1,Informação,,,,N,,,2025/03/10,
300000009424,1,Informação,,,,N,,,2025/03/10,
300000009425,1,Caixa Postal,00:00:00,,,N,,,2025/03/10,
300000009426,1,Caixa Postal,,,,N,,,2025/03/10,
300000009427,1,URA Pesquisa NPS,00:00:47,Cli,1000000094184,S,Sim,10.0,2025/03/10,Email296
300000009428,1,Sent To Voicemail,00:00:32,CLI,1000000097358,S,Sim,10.0,2025/03/10,Email296
300000009429,1,URA Pesquisa NPS,00:01:16,,1000000094185,S,Sim,10.0,2025/03/10,Email296
300000009430,1,Caixa Postal,00:00:07,,,N,,,2025/03/10,
300000009431,1,Caixa Postal,00:00:05,,,N,,,2025/03/10,
300000009432,1,URA Pesquisa NPS,00:00:55,CLI,1000000094181,S,,,2025/03/10,Email296
300000009433,1,URA Pesquisa NPS,00:03:23,CLI,1000000097080,S,Sim,10.0,2025/03/10,Email4194
300000009434,1,Caixa Postal,00:00:04,,,N,,,2025/03/10,
300000009435,1,Caixa Postal,,cli,,N,,,2025/03/10,
300000009436,1,Informação,00:09:40,cli,1000000093262,N,,,2025/03/10,
300000009437,1,Caixa Postal,00:00:07,CLI,1000000094188,N,,,2025/03/10,
300000009438,1,Caixa Postal,,CLI,1000000094188,N,,,2025/03/10,
300000009439,1,Caixa Postal,,,,N,,,2025/03/10,
300000009440,1,URA Pesquisa NPS,00:01:40,,,S,Sim,10.0,2025/03/10,Email48442
300000009441,1,Informação,,cli,,N,,,2025/03/10,
300000009442,1,Chamada Não Atendida,,CLI ,1000000094183,N,,,2025/03/10,
300000009443,1,Chamada Não Atendida,00:00:05,CLI,10000000257941,N,,,2025/03/10,
300000009444,1,Chamada Não Atendida,,CLI,10000000257941,N,,,2025/03/10,
300000009445,1,Chamada Não Atendida,,CLI ,1000000094183,N,,,2025/03/10,
300000009446,1,Caixa Postal,,CLI,1000000097727,N,,,2025/03/10,
300000009447,1,Caixa Postal,00:00:03,CLI,1000000094187,N,,,2025/03/10,
300000009448,1,Caixa Postal,,CLI,,N,,,2025/03/10,
300000009449,1,Chamada Não Atendida,00:00:05,CLI,1000000097468,N,,,2025/03/10,
300000009450,1,Chamada Não Atendida,00:00:04,CLI,1000000097468,N,,,2025/03/10,
300000009451,1,URA Pesquisa NPS,00:01:18,CLI ,1000000097637,S,Sim,10.0,2025/03/10,Email372
300000009452,1,Caixa Postal,,Cliente,1000000097742,N,,,2025/03/10,
300000009453,1,Caixa Postal,,Cliente,1000000097742,N,,,2025/03/10,
300000009454,1,Caixa Postal,,,,N,,,2025/03/10,
300000009455,1,Caixa Postal,00:00:19,,,N,,,2025/03/10,
300000009456,1,Informação,,,,N,,,2025/03/10,
300000009457,1,Informação,,,,N,,,2025/03/10,
300000009458,1,Caixa Postal,,CLI ,1000000096232,N,,,2025/03/10,
300000009459,1,Caixa Postal,,CLI ,1000000096232,N,,,2025/03/10,
300000009460,1,Ligação Muda,,,,N,,,2025/03/10,
300000009461,1,Caixa Postal,,,,N,,,2025/03/10,
300000009462,1,URA Pesquisa NPS,00:01:30,CLI,1000000097206,S,Sim,10.0,2025/03/10,Email4355
300000009463,1,Informação,,,,N,,,2025/03/10,
300000009464,1,Informação,00:05:06,,,N,,,2025/03/10,
300000009465,1,Caixa Postal,,,,N,,,2025/03/10,
300000009466,1,Informação,,CLI ,,N,,,2025/03/10,
300000009467,1,Caixa Postal,,,,N,,,2025/03/10,
300000009468,1,Caixa Postal,,,,N,,,2025/03/10,
300000009469,1,URA Pesquisa NPS,00:01:56,CLI,1000000097556,S,Sim,10.0,2025/03/10,Email4355
300000009470,1,URA Pesquisa NPS,00:02:01,CLI ,1000000097653,S,Sim,8.0,2025/03/10,Email372
300000009471,1,Informação,00:03:12,CLI,1000000097652,N,,,2025/03/10,
300000009472,1,Caixa Postal,00:01:03,CLI ,,N,,,2025/03/10,
300000009473,1,Não Atende,,Cliente,10000000257951,N,,,2025/03/10,
300000009474,1,Chamada Não Atendida,00:00:00,CLI ,1000000097627,N,,,2025/03/10,
300000009475,1,URA Pesquisa NPS,00:01:03,CLI ,1000000097627,S,,,2025/03/10,Email372
300000009476,1,Chamada Não Atendida,00:00:04,CLI,1000000097468,N,,,2025/03/10,
300000009477,1,Caixa Postal,00:00:05,CLI,1000000097468,N,,,2025/03/10,
300000009478,1,Caixa Postal,00:00:05,CLI,1000000097763,N,,,2025/03/10,
300000009479,1,URA Pesquisa NPS,00:04:39,CLI,1000000097763,S,Sim,6.0,2025/03/10,Email4194
300000009480,1,URA Pesquisa NPS,00:01:02,Cli,1000000097647,S,Sim,8.0,2025/03/10,Email1768
300000009481,1,Caixa Postal,00:00:06,CLI,1000000097761,N,,,2025/03/10,
300000009482,1,Caixa Postal,00:00:12,CLI ,,N,,,2025/03/10,
300000009483,1,Caixa Postal,00:00:06,CLI ,,N,,,2025/03/10,
300000009484,1,Caixa Postal,,CLI ,,N,,,2025/03/10,
300000009485,1,Caixa Postal,00:00:07,CLI ,,N,,,2025/03/10,
300000009486,1,Caixa Postal,00:00:07,Cli,1000000097547,N,,,2025/03/10,
300000009487,1,URA Pesquisa NPS,00:04:37,Cli,1000000097547,S,,,2025/03/10,Email19156
300000009488,1,Caixa Postal,,cli,1000000097061,N,,,2025/03/10,
300000009489,1,Caixa Postal,,cli,1000000097061,N,,,2025/03/10,
300000009490,1,URA Pesquisa NPS,00:06:08,cli,1000000099227,S,,,2025/03/10,Email48439
300000009491,1,Caixa Postal,,CLI,1000000097572,N,,,2025/03/10,
300000009492,1,Ligação Muda,,cli,1000000097202,N,,,2025/03/10,
300000009493,1,Ligação Muda,,cli,1000000097202,N,,,2025/03/10,
300000009494,1,Caixa Postal,,CLI,,N,,,2025/03/10,
300000009495,1,Informação,00:13:29,CLI,,N,,,2025/03/10,
300000009496,1,Caixa Postal,00:00:03,Cliente,1000000097062,N,,,2025/03/10,
300000009497,1,Informação,00:05:35,Cli,,N,,,2025/03/10,
300000009498,1,Caixa Postal,00:00:23,,,N,,,2025/03/10,
300000009499,1,Caixa Postal,,,,N,,,2025/03/10,
300000009500,1,Informação,00:07:38,Clie,,N,,,2025/03/10,
300000009501,1,URA Pesquisa NPS,00:01:21,Cli,1000000097640,S,,,2025/03/10,Email1768
300000009502,1,Informação,,CLI ,,N,,,2025/03/10,
300000009503,1,Informação,00:00:06,CLI,,N,,,2025/03/10,
300000009504,1,Caixa Postal,00:00:19,,,N,,,2025/03/10,
300000009505,1,Contato de Finalizacao do Protocolo,00:01:44,,,N,,,2025/03/10,
300000009506,1,Ligação Muda,00:00:24,CLI,,N,,,2025/03/10,
300000009507,1,Caixa Postal,,CLI,,N,,,2025/03/10,
300000009508,1,Caixa Postal,,CLI,,N,,,2025/03/10,
300000009509,1,URA Pesquisa NPS,00:00:59,CLI,1000000097757,S,Sim,10.0,2025/03/10,Email4355
300000009510,1,Caixa Postal,00:00:05,,1000000095620,N,,,2025/03/07,
300000009511,1,Chamada Não Atendida,,CLI ,,N,,,2025/03/07,
300000009512,1,Caixa Postal,00:00:20,,,N,,,2025/03/07,
300000009513,1,Caixa Postal,,,,N,,,2025/03/07,
300000009514,1,Chamada Não Atendida,00:00:08,,,N,,,2025/03/07,
300000009515,1,Cliente Desligou,00:00:11,CLI,1000000097898,N,,,2025/03/07,
300000009516,1,Caixa Postal,00:00:02,,,N,,,2025/03/07,
300000009517,1,Caixa Postal,00:00:08,,,N,,,2025/03/07,
300000009518,1,Contato de Finalizacao do Protocolo,00:03:21,,,N,,,2025/03/07,
300000009519,1,URA Pesquisa NPS,00:03:50,CLI ,1000000098464,S,Sim,9.0,2025/03/07,Email48442
300000009520,1,Caixa Postal,00:00:00,,,N,,,2025/03/07,
300000009521,1,Informação,,,,N,,,2025/03/07,
300000009522,1,URA Pesquisa NPS,00:08:07,,1000000097903,S,,,2025/03/07,Email5371
300000009523,1,Informação,00:00:17,,,N,,,2025/03/07,
300000009524,1,Informação,00:01:28,,,N,,,2025/03/07,
300000009525,1,Informação,00:00:03,CLI ,,N,,,2025/03/07,
300000009526,1,Informação,00:00:08,CLI ,,N,,,2025/03/07,
300000009527,1,Informação,00:01:07,CLI ,,N,,,2025/03/07,
300000009528,1,URA Pesquisa NPS,00:06:12,Cli,1000000095390,S,Sim,1.0,2025/03/07,Email19156
300000009529,1,Caixa Postal,,,,N,,,2025/03/07,
300000009530,1,URA Pesquisa NPS,00:02:08,CLI,10000000257941,S,,,2025/03/07,Email306
300000009531,1,Chamada Não Atendida,,,,N,,,2025/03/07,
300000009532,1,Chamada Não Atendida,,,,N,,,2025/03/07,
300000009533,1,Contato de Finalizacao do Protocolo,00:01:45,,,N,,,2025/03/07,
300000009534,1,Caixa Postal,,CLI ,,N,,,2025/03/07,
300000009535,1,URA Pesquisa NPS,00:00:12,CLI ,,S,,,2025/03/07,Email48443
300000009536,1,Caixa Postal,00:00:08,CLI ,,N,,,2025/03/07,
300000009537,1,Informação,00:20:52,,,N,,,2025/03/07,
300000009538,1,Caixa Postal,00:00:05,CLI ,1000000084051,N,,,2025/03/07,
300000009539,1,Caixa Postal,00:00:02,CLI,1000000097898,N,,,2025/03/07,
300000009540,1,Chamada Não Atendida,00:00:03,CLI,1000000097898,N,,,2025/03/07,
300000009541,1,URA Pesquisa NPS,00:05:38,CLI ,1000000084051,S,Sim,10.0,2025/03/07,Email4194
300000009542,1,Não Atende,,C,1000000098562,N,,,2025/03/07,
300000009543,1,Não Atende,,Cliente,1000000098562,N,,,2025/03/07,
300000009544,1,Informação,,CLI,1000000097562,N,,,2025/03/07,
300000009545,1,Não Atende,,CLI,1000000097562,N,,,2025/03/07,
300000009546,1,Ligação Muda,,CLI,,N,,,2025/03/07,
300000009547,1,URA Pesquisa NPS,00:01:00,Cli,1000000098207,S,,,2025/03/07,Email19156
300000009548,1,Caixa Postal,00:00:04,Cliente,1000000094934,N,,,2025/03/07,
300000009549,1,Caixa Postal,00:00:01,Cliente,1000000094934,N,,,2025/03/07,
300000009550,1,Caixa Postal,00:00:04,Cli,,N,,,2025/03/07,
300000009551,1,Caixa Postal,00:00:00,Cli,,N,,,2025/03/07,
300000009552,1,URA Pesquisa NPS,00:01:59,Cli,1000000097541,S,Sim,10.0,2025/03/07,Email19156
300000009553,1,URA Pesquisa NPS,00:00:55,Cliente,1000000098562,S,Sim,9.0,2025/03/07,Email8754
300000009554,1,Caixa Postal,00:00:04,CLI,1000000090187,N,,,2025/03/07,
300000009555,1,Sent To Voicemail,00:02:16,cli,1000000097367,S,Sim,10.0,2025/03/07,Email48443
300000009556,1,Informação,,cli,,N,,,2025/03/07,
300000009557,1,Caixa Postal,00:00:04,CLI,,N,,,2025/03/07,
300000009558,1,Caixa Postal,00:00:06,CLI,,N,,,2025/03/07,
300000009559,1,Agent Error,00:00:54,,,N,,,2025/03/07,
300000009560,1,Caixa Postal,00:00:33,CLI,1000000098445,N,,,2025/03/07,
300000009561,1,Informação,00:00:02,cli,,N,,,2025/03/07,
300000009562,1,Caixa Postal,,,,N,,,2025/03/07,
300000009563,1,Caixa Postal,,,,N,,,2025/03/07,
300000009564,1,Caixa Postal,,,,N,,,2025/03/07,
300000009565,1,Caixa Postal,00:00:07,,,N,,,2025/03/07,
300000009566,1,Caixa Postal,00:00:04,,,N,,,2025/03/07,
300000009567,1,Caixa Postal,00:00:05,,,N,,,2025/03/07,
300000009568,1,Informação,00:00:05,CLI,,N,,,2025/03/07,
300000009569,1,Informação,00:00:04,CLI,,N,,,2025/03/07,
300000009570,1,Caixa Postal,00:00:04,,,N,,,2025/03/07,
300000009571,1,Caixa Postal,00:00:02,,,N,,,2025/03/07,
300000009572,1,Caixa Postal,00:00:06,,,N,,,2025/03/07,
300000009573,1,Caixa Postal,00:00:01,,,N,,,2025/03/07,
300000009574,1,Caixa Postal,,,,N,,,2025/03/07,
300000009575,1,Caixa Postal,,,,N,,,2025/03/07,
300000009576,1,Caixa Postal,,,,N,,,2025/03/07,
300000009577,1,Caixa Postal,,,,N,,,2025/03/07,
300000009578,1,Caixa Postal,,,,N,,,2025/03/07,
300000009579,1,Caixa Postal,,,,N,,,2025/03/07,
300000009580,1,URA Pesquisa NPS,00:01:13,Cli,1000000099883,S,,,2025/03/07,Email1615
300000009581,1,Caixa Postal,,,,N,,,2025/03/07,
300000009582,1,Chamada Não Atendida,,Cli,,N,,,2025/03/07,
300000009583,1,URA Pesquisa NPS,00:02:12,Cli,1000000097964,S,,,2025/03/07,Email1768
300000009584,1,Caixa Postal,,,,N,,,2025/03/07,
300000009585,1,Caixa Postal,00:00:05,cli,1000000098402,N,,,2025/03/07,
300000009586,1,Caixa Postal,,cli,1000000098402,N,,,2025/03/07,
300000009587,1,Ligação Muda,,CLI,1000000098571,N,,,2025/03/07,
300000009588,1,Dados incorretos do cliente,00:00:19,,,N,,,2025/03/07,
300000009589,1,Caixa Postal,,CLI,,N,,,2025/03/07,
300000009590,1,URA Pesquisa NPS,00:05:37,CLI,1000000098468,S,,,2025/03/07,Email4355
300000009591,1,Caixa Postal,00:00:00,CLI,1000000098423,N,,,2025/03/07,
300000009592,1,Caixa Postal,00:00:04,Cli,1000000098577,N,,,2025/03/07,
300000009593,1,Informação,,CLI,,N,,,2025/03/07,
300000009594,1,Ocupado,,Cliente ,10000000231334,N,,,2025/03/07,
300000009595,1,Ligação Muda,00:01:28,Cliente ,10000000231334,N,,,2025/03/07,
300000009596,1,Caixa Postal,00:00:12,Cliente ,10000000231334,N,,,2025/03/07,
300000009597,1,URA Pesquisa NPS,00:02:43,Cliente ,10000000231334,S,Sim,,2025/03/07,Email1615
300000009598,1,Ligação Muda,00:00:10,,,N,,,2025/03/07,
300000009599,1,URA Pesquisa NPS,00:01:41,,1000000097966,S,Sim,9.0,2025/03/07,Email48442
300000009600,1,Ligação Muda,00:00:14,CLI ,1000000098453,N,,,2025/03/07,
300000009601,1,Caixa Postal,00:00:01,cli,1000000097662,N,,,2025/03/07,
300000009602,1,Informação,,CLI,10000000257941,N,,,2025/03/07,
300000009603,1,Caixa Postal,00:00:02,cli,,N,,,2025/03/07,
300000009604,1,Informação,,CLI,10000000257941,N,,,2025/03/07,
300000009605,1,Caixa Postal,,CLI ,1000000098453,N,,,2025/03/07,
300000009606,1,URA Pesquisa NPS,00:02:51,Cli,1000000098206,S,Sim,9.0,2025/03/07,Email19156
300000009607,1,Informação,,cli,,N,,,2025/03/07,
300000009608,1,Chamada Não Atendida,,CLI,1000000094943,N,,,2025/03/07,
300000009609,1,Chamada Não Atendida,00:00:00,CLI,1000000094943,N,,,2025/03/07,
300000009610,1,Não Atende,,Cliente,1000000098565,N,,,2025/03/07,
300000009611,1,Caixa Postal,00:00:06,Cliente,1000000098565,N,,,2025/03/07,
300000009612,1,URA Pesquisa NPS,00:06:37,Cli,1000000093385,S,Sim,10.0,2025/03/07,Email1615
300000009613,1,Caixa Postal,,,,N,,,2025/03/07,
300000009614,1,Chamada Não Atendida,00:00:04,Cli,1000000094947,N,,,2025/03/07,
300000009615,1,Caixa Postal,00:00:04,Cli,1000000094947,N,,,2025/03/07,
300000009616,1,Caixa Postal,00:00:19,,,N,,,2025/03/07,
300000009617,1,Caixa Postal,,,,N,,,2025/03/07,
300000009618,1,Caixa Postal,,,,N,,,2025/03/07,
300000009619,1,Caixa Postal,00:00:10,CLI,,N,,,2025/03/07,
300000009620,1,Caixa Postal,00:00:50,CLI,1000000098592,N,,,2025/03/07,
300000009621,1,Caixa Postal,00:00:10,,,N,,,2025/03/07,
300000009622,1,URA Pesquisa NPS,00:17:48,CLI,1000000093959,S,Sim,9.0,2025/03/07,Email11179
300000009623,1,Chamada Não Atendida,00:00:07,CLI ,1000000098413,N,,,2025/03/07,
300000009624,1,Chamada Não Atendida,00:00:05,CLI ,1000000098413,N,,,2025/03/07,
300000009625,1,Caixa Postal,00:00:17,CLI,,N,,,2025/03/07,
300000009626,1,Atendimento exclusivo por email,00:00:20,CLI,,N,,,2025/03/07,
300000009627,1,Caixa Postal,00:00:08,Cli,1000000098317,N,,,2025/03/07,
300000009628,1,Ocupado,,Cli,,N,,,2025/03/07,
300000009629,1,Ocupado,,Cli,1000000098317,N,,,2025/03/07,
300000009630,1,Dados incorretos do cliente,00:00:14,,,N,,,2025/03/07,
300000009631,1,Ocupado,,Cli,,N,,,2025/03/07,
300000009632,1,Caixa Postal,,Cli,1000000094949,N,,,2025/03/07,
300000009633,1,Caixa Postal,00:00:04,Cli,1000000094949,N,,,2025/03/07,
300000009634,1,Cliente Desligou,00:00:04,CLI,,N,,,2025/03/07,
300000009635,1,URA Pesquisa NPS,00:08:17,CLI,1000000098585,S,,,2025/03/07,Email4355
300000009636,1,Não Atende,,Cliente,1000000098519,N,,,2025/03/07,
300000009637,1,URA Pesquisa NPS,00:01:26,cli,1000000098545,S,,,2025/03/07,Email48438
300000009638,1,Ocupado,,,,N,,,2025/03/07,
300000009639,1,Protocolo Permanecera em Andamento,00:00:12,Cli,1000000094950,N,,,2025/03/07,
300000009640,1,Caixa Postal,00:00:05,,,N,,,2025/03/07,
300000009641,1,Caixa Postal,00:00:04,,,N,,,2025/03/07,
300000009642,1,Caixa Postal,00:00:01,,,N,,,2025/03/07,
300000009643,1,Caixa Postal,00:00:10,,,N,,,2025/03/07,
300000009644,1,Caixa Postal,00:00:10,,,N,,,2025/03/07,
300000009645,1,Caixa Postal,00:00:14,Cli,1000000094951,N,,,2025/03/07,
300000009646,1,Caixa Postal,00:00:10,,,N,,,2025/03/07,
300000009647,1,Caixa Postal,00:00:04,Cli,1000000094951,N,,,2025/03/07,
300000009648,1,Sent To Voicemail,00:06:29,CLI,1000000098593,S,Sim,10.0,2025/03/07,Email4355
300000009649,1,Ocupado,,CLI,,N,,,2025/03/07,
300000009650,1,Caixa Postal,,CLI,,N,,,2025/03/07,
300000009651,1,URA Pesquisa NPS,00:02:02,,1000000098452,S,Sim,10.0,2025/03/07,Email48442
300000009652,1,Caixa Postal,00:00:10,,,N,,,2025/03/07,
300000009653,1,Caixa Postal,00:00:12,Cli,1000000094952,N,,,2025/03/07,
300000009654,1,Caixa Postal,00:00:01,Cli,1000000094952,N,,,2025/03/07,
300000009655,1,Caixa Postal,00:00:07,,,N,,,2025/03/07,
300000009656,1,Caixa Postal,00:00:10,,,N,,,2025/03/07,
300000009657,1,Chamada Não Atendida,00:00:01,Cli,1000000098440,N,,,2025/03/07,
300000009658,1,Caixa Postal,00:00:15,Cli,1000000094947,N,,,2025/03/07,
300000009659,1,Caixa Postal,00:00:04,Cli,1000000094947,N,,,2025/03/07,
300000009660,1,URA Pesquisa NPS,00:08:07,CLI,1000000098592,S,Sim,10.0,2025/03/07,Email364
300000009661,1,Ocupado,,,,N,,,2025/03/07,
300000009662,1,URA Pesquisa NPS,00:08:11,cli,1000000098535,S,Nao,1.0,2025/03/07,Email48438
300000009663,1,Caixa Postal,00:00:11,Cli,1000000094949,N,,,2025/03/07,
300000009664,1,Caixa Postal,00:00:10,Cli,,N,,,2025/03/07,
300000009665,1,Caixa Postal,,Cli,,N,,,2025/03/07,
300000009666,1,Ligação Muda,,CLI ,1000000085544,N,,,2025/03/07,
300000009667,1,Chamada Não Atendida,00:00:00,CLI ,1000000085544,N,,,2025/03/07,
300000009668,1,Caixa Postal,00:00:06,cli,1000000098546,N,,,2025/03/07,
300000009669,1,Informação,00:03:31,cli,,N,,,2025/03/07,
300000009670,1,Caixa Postal,,,,N,,,2025/03/07,
300000009671,1,Caixa Postal,00:00:20,,1000000097897,N,,,2025/03/07,
300000009672,1,Caixa Postal,,,,N,,,2025/03/07,
300000009673,1,Caixa Postal,,,,N,,,2025/03/07,
300000009674,1,Caixa Postal,00:00:08,,,N,,,2025/03/07,
300000009675,1,Caixa Postal,,,,N,,,2025/03/07,
300000009676,1,Caixa Postal,00:00:07,Cli,1000000094952,N,,,2025/03/07,
300000009677,1,Caixa Postal,00:00:04,Cli,1000000094952,N,,,2025/03/07,
300000009678,1,Caixa Postal,00:00:16,Cli,1000000098531,N,,,2025/03/07,
300000009679,1,Caixa Postal,00:00:03,Cli,1000000098531,N,,,2025/03/07,
300000009680,1,Caixa Postal,,,,N,,,2025/03/07,
300000009681,1,Caixa Postal,,,,N,,,2025/03/07,
300000009682,1,Chamada Não Atendida,00:00:03,Cli,1000000094951,N,,,2025/03/07,
300000009683,1,Chamada Não Atendida,,Cli,1000000094951,N,,,2025/03/07,
300000009684,1,Informação,00:07:23,,,N,,,2025/03/07,
300000009685,1,Caixa Postal,00:00:03,,,N,,,2025/03/07,
300000009686,1,Caixa Postal,00:00:12,Cli,1000000098318,N,,,2025/03/07,
300000009687,1,Caixa Postal,,,,N,,,2025/03/07,
300000009688,1,Caixa Postal,00:00:06,Cli,1000000098533,N,,,2025/03/07,
300000009689,1,Caixa Postal,,Cli,1000000098533,N,,,2025/03/07,
300000009690,1,Caixa Postal,00:00:06,Cli,1000000098533,N,,,2025/03/07,
300000009691,1,Agent Error,,,,N,,,2025/03/07,
300000009692,1,Chamada Não Atendida,00:00:01,CLI ,1000000095599,N,,,2025/03/07,
300000009693,1,Protocolo Permanecera em Andamento,00:00:23,Cli,1000000098527,N,,,2025/03/07,
300000009694,1,Chamada Não Atendida,,CLI ,1000000095599,N,,,2025/03/07,
300000009695,1,Chamada Não Atendida,,CLI ,1000000098513,N,,,2025/03/07,
300000009696,1,Chamada Não Atendida,,CLI ,1000000098513,N,,,2025/03/07,
300000009697,1,Caixa Postal,,,,N,,,2025/03/07,
300000009698,1,Caixa Postal,00:00:04,,,N,,,2025/03/07,
300000009699,1,Caixa Postal,00:00:16,,,N,,,2025/03/07,
300000009700,1,Caixa Postal,00:00:20,,,N,,,2025/03/07,
300000009701,1,Caixa Postal,00:00:17,,,N,,,2025/03/07,
300000009702,1,Caixa Postal,,CLI,1000000097212,N,,,2025/03/07,
300000009703,1,Caixa Postal,00:00:16,,,N,,,2025/03/07,
300000009704,1,Caixa Postal,00:00:02,,,N,,,2025/03/07,
300000009705,1,Cliente Desligou,00:00:13,Cli,1000000098527,N,,,2025/03/07,
300000009706,1,Cliente Desligou,00:00:01,Cli,1000000098527,N,,,2025/03/07,
300000009707,1,Caixa Postal,00:00:05,CLI,1000000097149,N,,,2025/03/07,
300000009708,1,Caixa Postal,00:00:04,,,N,,,2025/03/07,
300000009709,1,Caixa Postal,00:00:04,,,N,,,2025/03/07,
300000009710,1,Caixa Postal,,,,N,,,2025/03/06,
300000009711,1,Caixa Postal,00:00:17,CLI,,N,,,2025/03/06,
300000009712,1,Caixa Postal,00:12:41,CLI,1000000099172,N,,,2025/03/06,
300000009713,1,URA Pesquisa NPS,00:02:17,,,S,Sim,10.0,2025/03/06,Email48443
300000009714,1,Caixa Postal,00:00:04,,,N,,,2025/03/06,
300000009715,1,Agent Error,00:01:36,,,N,,,2025/03/06,
300000009716,1,Protocolo Permanecera em Andamento,00:01:42,Cli,1000000089385,N,,,2025/03/06,
300000009717,1,URA Pesquisa NPS,00:01:23,Cli,1000000098963,S,Sim,9.0,2025/03/06,Email19156
300000009718,1,Caixa Postal,00:00:05,CLI,1000000099247,N,,,2025/03/06,
300000009719,1,Caixa Postal,00:00:05,CLI,1000000099247,N,,,2025/03/06,
300000009720,1,Caixa Postal,,,,N,,,2025/03/06,
300000009721,1,Ocupado,,CLI,,N,,,2025/03/06,
300000009722,1,Caixa Postal,,,,N,,,2025/03/06,
300000009723,1,Ocupado,,CLI,,N,,,2025/03/06,
300000009724,1,Atendimento em Dia_Hora especifico,,,,N,,,2025/03/06,
300000009725,1,Caixa Postal,,,,N,,,2025/03/06,
300000009726,1,Caixa Postal,,,,N,,,2025/03/06,
300000009727,1,Caixa Postal,00:00:03,cli,1000000094164,N,,,2025/03/06,
300000009728,1,URA Pesquisa NPS,00:02:29,CLI ,1000000098811,S,Sim,10.0,2025/03/06,Email372
300000009729,1,Caixa Postal,,CLI ,1000000099289,N,,,2025/03/06,
300000009730,1,Chamada Não Atendida,,CLI ,1000000099289,N,,,2025/03/06,
300000009731,1,Caixa Postal,00:00:10,,,N,,,2025/03/06,
300000009732,1,Caixa Postal,00:00:02,,,N,,,2025/03/06,
300000009733,1,Caixa Postal,00:00:07,CLI ,,N,,,2025/03/06,
300000009734,1,Atendimento em Dia_Hora especifico,,CLI ,,N,,,2025/03/06,
300000009735,1,Chamada Não Atendida,,CLI ,1000000099176,N,,,2025/03/06,
300000009736,1,Chamada Não Atendida,,CLI ,1000000099176,N,,,2025/03/06,
300000009737,1,Caixa Postal,00:00:10,CLI ,,N,,,2025/03/06,
300000009738,1,Caixa Postal,00:00:06,CLI ,,N,,,2025/03/06,
300000009739,1,Caixa Postal,,cli,1000000097731,N,,,2025/03/06,
300000009740,1,Caixa Postal,00:00:02,CLI ,,N,,,2025/03/06,
300000009741,1,Caixa Postal,,,,N,,,2025/03/06,
300000009742,1,Caixa Postal,00:00:00,CLI ,,N,,,2025/03/06,
300000009743,1,Caixa Postal,00:00:10,cli,1000000097731,N,,,2025/03/06,
300000009744,1,Caixa Postal,,CLI ,,N,,,2025/03/06,
300000009745,1,Caixa Postal,,Cli,1000000097731,N,,,2025/03/06,
300000009746,1,Caixa Postal,,Cli,1000000097731,N,,,2025/03/06,
300000009747,1,Ocupado,00:00:19,,,N,,,2025/03/06,
300000009748,1,Caixa Postal,00:00:00,cli,,N,,,2025/03/06,
300000009749,1,Informação,00:00:04,,,N,,,2025/03/06,
300000009750,1,URA Pesquisa NPS,00:02:28,CLI ,1000000099288,S,Sim,10.0,2025/03/06,Email372
300000009751,1,Caixa Postal,,cli,1000000098518,N,,,2025/03/06,
300000009752,1,Caixa Postal,,,,N,,,2025/03/06,
300000009753,1,Caixa Postal,,cli,1000000098518,N,,,2025/03/06,
300000009754,1,Caixa Postal,00:00:06,CLI,1000000093940,N,,,2025/03/06,
300000009755,1,URA Pesquisa NPS,00:03:07,CLI,1000000093940,S,Sim,9.0,2025/03/06,Email1768
300000009756,1,Caixa Postal,00:00:00,CLI,1000000096198,N,,,2025/03/06,
300000009757,1,Chamada Não Atendida,00:00:02,Cli,1000000098965,N,,,2025/03/06,
300000009758,1,Chamada Não Atendida,,Cli,1000000098965,N,,,2025/03/06,
300000009759,1,Caixa Postal,00:00:03,,,N,,,2025/03/06,
300000009760,1,Caixa Postal,00:00:02,,,N,,,2025/03/06,
300000009761,1,Caixa Postal,,cli,1000000095625,N,,,2025/03/06,
300000009762,1,Caixa Postal,,,,N,,,2025/03/06,
300000009763,1,Caixa Postal,,cli,1000000095625,N,,,2025/03/06,
300000009764,1,Informação,,Cli,,N,,,2025/03/06,
300000009765,1,Informação,,Cli,,N,,,2025/03/06,
300000009766,1,Caixa Postal,,cli,1000000095625,N,,,2025/03/06,
300000009767,1,Caixa Postal,00:00:04,CLI,1000000090187,N,,,2025/03/06,
300000009768,1,Caixa Postal,00:00:06,,,N,,,2025/03/06,
300000009769,1,Caixa Postal,00:00:07,,,N,,,2025/03/06,
300000009770,1,URA Pesquisa NPS,00:01:34,,,S,Sim,10.0,2025/03/06,Email48443
300000009771,1,Caixa Postal,00:00:05,cli,1000000094338,N,,,2025/03/06,
300000009772,1,Informação,,,,N,,,2025/03/06,
300000009773,1,URA Pesquisa NPS,00:01:12,cli,1000000099169,S,,,2025/03/06,Email48439
300000009774,1,Informação,,Cli,,N,,,2025/03/06,
300000009775,1,Caixa Postal,00:00:02,,,N,,,2025/03/06,
300000009776,1,Caixa Postal,,cli,1000000099262,N,,,2025/03/06,
300000009777,1,Caixa Postal,,cli,1000000099262,N,,,2025/03/06,
300000009778,1,Caixa Postal,,,,N,,,2025/03/06,
300000009779,1,Informação,00:03:49,Cli,,N,,,2025/03/06,
300000009780,1,Contato de Finalizacao do Protocolo,00:01:45,cli,1000000099262,N,,,2025/03/06,
300000009781,1,Caixa Postal,00:00:01,cli,1000000099262,N,,,2025/03/06,
300000009782,1,Caixa Postal,,,,N,,,2025/03/06,
300000009783,1,Chamada Não Atendida,,CLI ,1000000099147,N,,,2025/03/06,
300000009784,1,URA Pesquisa NPS,00:00:48,CLI ,1000000099176,S,,,2025/03/06,Email372
300000009785,1,Caixa Postal,00:00:05,cli,1000000098812,N,,,2025/03/06,
300000009786,1,Caixa Postal,00:00:02,cli,1000000098812,N,,,2025/03/06,
300000009787,1,Caixa Postal,00:00:03,cli,1000000098812,N,,,2025/03/06,
300000009788,1,Informação,,,,N,,,2025/03/06,
300000009789,1,URA Pesquisa NPS,00:01:45,Cli,1000000099026,S,,,2025/03/06,Email19156
300000009790,1,Caixa Postal,00:00:07,cli,10000000231331,N,,,2025/03/06,
300000009791,1,Caixa Postal,00:00:05,cli,10000000231331,N,,,2025/03/06,
300000009792,1,Caixa Postal,00:00:01,cli,1000000099222,N,,,2025/03/06,
300000009793,1,Informação,,,,N,,,2025/03/06,
300000009794,1,Informação,00:00:01,,,N,,,2025/03/06,
300000009795,1,Caixa Postal,00:00:02,,,N,,,2025/03/06,
300000009796,1,Caixa Postal,,,,N,,,2025/03/06,
300000009797,1,Caixa Postal,00:00:10,CLI,1000000099144,N,,,2025/03/06,
300000009798,1,Caixa Postal,00:00:03,CLI,1000000099144,N,,,2025/03/06,
300000009799,1,Caixa Postal,,,,N,,,2025/03/06,
300000009800,1,Informação,,,,N,,,2025/03/06,
300000009801,1,Resposavel em ferias,00:00:33,CLI,1000000098631,N,,,2025/03/06,
300000009802,1,Informação,00:00:26,CLI,,N,,,2025/03/06,
300000009803,1,URA Pesquisa NPS,00:02:24,CLI,1000000098819,S,Sim,10.0,2025/03/06,Email4355
300000009804,1,URA Pesquisa NPS,00:02:19,CLI,1000000099268,S,Sim,10.0,2025/03/06,Email4355
300000009805,1,Caixa Postal,00:00:02,,,N,,,2025/03/06,
300000009806,1,Caixa Postal,00:02:18,,,N,,,2025/03/06,
300000009807,1,Caixa Postal,00:00:10,CLI,,N,,,2025/03/06,
300000009808,1,URA Pesquisa NPS,00:01:30,CLI,1000000099270,S,Sim,10.0,2025/03/06,Email4355
300000009809,1,Caixa Postal,00:00:01,cli,1000000098546,N,,,2025/03/06,
300000009810,1,Caixa Postal,00:00:01,cli,1000000098546,N,,,2025/03/06,
300000009811,1,Ligação Muda,,,,N,,,2025/03/06,
300000009812,1,Caixa Postal,00:00:04,,,N,,,2025/03/06,
300000009813,1,Ligação Muda,,,,N,,,2025/03/06,
300000009814,1,URA Pesquisa NPS,00:02:34,Cli,1000000099257,S,Sim,,2025/03/06,Email296
300000009815,1,Caixa Postal,,,,N,,,2025/03/06,
300000009816,1,Caixa Postal,,CLI ,,N,,,2025/03/06,
300000009817,1,Caixa Postal,00:00:05,CLI ,,N,,,2025/03/06,
300000009818,1,Caixa Postal,00:00:10,Cli,1000000099156,N,,,2025/03/06,
300000009819,1,Caixa Postal,,Cli,1000000099156,N,,,2025/03/06,
300000009820,1,Caixa Postal,,,,N,,,2025/03/06,
300000009821,1,Caixa Postal,,,,N,,,2025/03/06,
300000009822,1,URA Pesquisa NPS,00:00:58,cli,1000000099262,S,Sim,9.0,2025/03/06,Email48439
300000009823,1,Cliente Desligou,00:00:07,,,N,,,2025/03/06,
300000009824,1,Caixa Postal,,,,N,,,2025/03/06,
300000009825,1,Caixa Postal,00:00:04,,,N,,,2025/03/06,
300000009826,1,Caixa Postal,,,,N,,,2025/03/06,
300000009827,1,Caixa Postal,00:00:10,CLI,1000000099271,N,,,2025/03/06,
300000009828,1,Caixa Postal,,,,N,,,2025/03/06,
300000009829,1,URA Pesquisa NPS,00:01:41,CLI,1000000098803,S,Sim,9.0,2025/03/06,Email329
300000009830,1,Caixa Postal,,,,N,,,2025/03/06,
300000009831,1,Caixa Postal,00:00:11,Cli,1000000099252,N,,,2025/03/06,
300000009832,1,Caixa Postal,00:00:06,Cli,1000000098717,N,,,2025/03/06,
300000009833,1,Caixa Postal,00:00:04,Cli,1000000098717,N,,,2025/03/06,
300000009834,1,Caixa Postal,,,,N,,,2025/03/06,
300000009835,1,Caixa Postal,00:00:02,,,N,,,2025/03/06,
300000009836,1,Caixa Postal,,,,N,,,2025/03/06,
300000009837,1,Caixa Postal,,,,N,,,2025/03/06,
300000009838,1,Caixa Postal,00:00:10,Cli,1000000099045,N,,,2025/03/06,
300000009839,1,Caixa Postal,00:00:06,Cli,1000000099045,N,,,2025/03/06,
300000009840,1,Caixa Postal,00:00:06,CLI ,1000000099095,N,,,2025/03/06,
300000009841,1,Informação,,,,N,,,2025/03/06,
300000009842,1,Dados incorretos do cliente,00:00:23,CLI ,1000000099168,N,,,2025/03/06,
300000009843,1,Informação,,,,N,,,2025/03/06,
300000009844,1,URA Pesquisa NPS,00:01:14,CLI ,1000000099095,S,,,2025/03/06,Email45
300000009845,1,Chamada Não Atendida,,CLI ,1000000099168,N,,,2025/03/06,
300000009846,1,Caixa Postal,00:00:00,Cli,,N,,,2025/03/06,
300000009847,1,Caixa Postal,,Cli,,N,,,2025/03/06,
300000009848,1,Informação,00:02:05,cli,1000000082578,N,,,2025/03/06,
300000009849,1,Caixa Postal,00:00:04,cli,1000000096345,N,,,2025/03/06,
300000009850,1,Caixa Postal,00:00:05,Cli,,N,,,2025/03/06,
300000009851,1,Caixa Postal,00:00:02,Cli,,N,,,2025/03/06,
300000009852,1,Caixa Postal,,cli,1000000099239,N,,,2025/03/06,
300000009853,1,URA Pesquisa NPS,00:01:47,Cli,,S,,,2025/03/06,Email48443
300000009854,1,Caixa Postal,00:00:03,cli,1000000097732,N,,,2025/03/06,
300000009855,1,Caixa Postal,,CLI,1000000096864,N,,,2025/03/06,
300000009856,1,Caixa Postal,00:00:05,CLI,1000000098962,N,,,2025/03/06,
300000009857,1,Caixa Postal,00:00:05,CLI,1000000098962,N,,,2025/03/06,
300000009858,1,Caixa Postal,00:00:10,CLI,1000000098962,N,,,2025/03/06,
300000009859,1,Informação,00:00:03,,,N,,,2025/03/06,
300000009860,1,Caixa Postal,00:00:01,Cli,,N,,,2025/03/06,
300000009861,1,Caixa Postal,,,,N,,,2025/03/06,
300000009862,1,Informação,00:00:00,Cli,,N,,,2025/03/06,
300000009863,1,Caixa Postal,,,,N,,,2025/03/06,
300000009864,1,Caixa Postal,,,,N,,,2025/03/06,
300000009865,1,Atendimento em Dia_Hora especifico,,,,N,,,2025/03/06,
300000009866,1,URA Pesquisa NPS,00:01:30,,,S,Sim,1.0,2025/03/06,Email48443
300000009867,1,Cliente Desligou,00:00:37,CLI,,N,,,2025/03/06,
300000009868,1,URA Pesquisa NPS,00:03:18,CLI,1000000099281,S,Sim,9.0,2025/03/06,Email4355
300000009869,1,URA Pesquisa NPS,00:00:55,,,S,Sim,5.0,2025/03/06,Email48442
300000009870,1,Informação,,,,N,,,2025/03/06,
300000009871,1,Cliente Desligou,00:00:01,,,N,,,2025/03/06,
300000009872,1,Cliente Desligou,00:00:01,,,N,,,2025/03/06,
300000009873,1,Caixa Postal,,,,N,,,2025/03/06,
300000009874,1,URA Pesquisa NPS,00:02:00,CLI,1000000099274,S,Sim,10.0,2025/03/06,Email4355
300000009875,1,Ocupado,,CLI,1000000099053,N,,,2025/03/06,
300000009876,1,Caixa Postal,00:00:05,CLI ,,N,,,2025/03/06,
300000009877,1,Caixa Postal,00:00:04,CLI ,,N,,,2025/03/06,
300000009878,1,Caixa Postal,00:00:10,CLI ,,N,,,2025/03/06,
300000009879,1,Caixa Postal,,CLI ,,N,,,2025/03/06,
300000009880,1,Caixa Postal,,CLI ,,N,,,2025/03/06,
300000009881,1,Caixa Postal,,,,N,,,2025/03/06,
300000009882,1,Caixa Postal,,CLI,1000000098638,N,,,2025/03/06,
300000009883,1,Caixa Postal,00:00:05,,,N,,,2025/03/06,
300000009884,1,URA Pesquisa NPS,00:02:02,CLI,1000000098638,S,,,2025/03/06,Email296
300000009885,1,URA Pesquisa NPS,00:03:38,,,S,Sim,10.0,2025/03/06,Email329
300000009886,1,Caixa Postal,00:00:05,,,N,,,2025/03/06,
300000009887,1,URA Pesquisa NPS,00:01:18,CLI,1000000098638,S,Sim,8.0,2025/03/06,Email296
300000009888,1,Caixa Postal,00:00:04,,,N,,,2025/03/06,
300000009889,1,Protocolo Permanecera em Andamento,00:02:12,CLI ,,N,,,2025/03/06,
300000009890,1,Caixa Postal,,,1000000097903,N,,,2025/03/06,
300000009891,1,Caixa Postal,,,1000000097903,N,,,2025/03/06,
300000009892,1,Caixa Postal,00:00:04,Cliente,1000000097552,N,,,2025/03/06,
300000009893,1,Contato de Finalizacao do Protocolo,00:09:43,CLI,,N,,,2025/03/06,
300000009894,1,Dados incorretos do cliente,,Cliente,1000000097552,N,,,2025/03/06,
300000009895,1,Caixa Postal,00:00:02,Cliente,1000000097552,N,,,2025/03/06,
300000009896,1,Não Atende,,CLI,1000000099068,N,,,2025/03/06,
300000009897,1,URA Pesquisa NPS,00:02:49,CLI ,1000000099162,S,Sim,10.0,2025/03/06,Email372
300000009898,1,Abandon,00:02:15,CLI,1000000098974,S,,,2025/03/06,Email4355
300000009899,1,Não Atende,,cli,1000000099100,N,,,2025/03/06,
300000009900,1,Não Atende,,cli,1000000099100,N,,,2025/03/06,
300000009901,1,Não Atende,,cli,,N,,,2025/03/06,
300000009902,1,Informação,,,,N,,,2025/03/06,
300000009903,1,Não Atende,00:02:52,Cli,1000000099039,N,,,2025/03/06,
300000009904,1,Agent Error,00:00:00,,,N,,,2025/03/06,
300000009905,1,Consulta Status,00:00:07,CLI,1000000097725,N,,,2025/03/06,
300000009906,1,Chamada Não Atendida,,,,N,,,2025/03/05,
300000009907,1,Informação,,,,N,,,2025/03/05,
300000009908,1,Informação,00:00:01,,,N,,,2025/03/05,
300000009909,1,Informação,00:01:33,,,N,,,2025/03/05,
300000009910,1,Não Atende,00:00:01,Cliente,1000000099327,N,,,2025/03/05,
300000009911,1,Caixa Postal,00:00:01,CLI,1000000099900,N,,,2025/03/05,
300000009912,1,Caixa Postal,,,,N,,,2025/03/05,
300000009913,1,Caixa Postal,,,,N,,,2025/03/05,
300000009914,1,Caixa Postal,,,,N,,,2025/03/05,
300000009915,1,Caixa Postal,00:00:14,,,N,,,2025/03/05,
300000009916,1,Caixa Postal,00:00:07,,,N,,,2025/03/05,
300000009917,1,URA Pesquisa NPS,00:01:09,CLI,1000000099725,S,Sim,10.0,2025/03/05,Email364
300000009918,1,Caixa Postal,00:00:04,CLI,1000000099723,N,,,2025/03/05,
300000009919,1,Caixa Postal,00:00:13,Cli,1000000099886,N,,,2025/03/05,
300000009920,1,Caixa Postal,00:00:01,cli,1000000098521,N,,,2025/03/05,
300000009921,1,Caixa Postal,,cli,1000000098521,N,,,2025/03/05,
300000009922,1,Não Atende,,Cli,1000000099886,N,,,2025/03/05,
300000009923,1,Caixa Postal,00:00:07,Cli,1000000099886,N,,,2025/03/05,
300000009924,1,Caixa Postal,,Cli,1000000097038,N,,,2025/03/05,
300000009925,1,Caixa Postal,00:00:02,CLI,1000000099876,N,,,2025/03/05,
300000009926,1,Caixa Postal,,CLI,1000000099876,N,,,2025/03/05,
300000009927,1,Dados incorretos do cliente,,,,N,,,2025/03/05,
300000009928,1,Caixa Postal,,,,N,,,2025/03/05,
300000009929,1,Agent Error,00:00:10,,,N,,,2025/03/05,
300000009930,1,Informação,00:00:08,CLI ,,N,,,2025/03/05,
300000009931,1,Informação,00:00:18,cli,,N,,,2025/03/05,
300000009932,1,URA Pesquisa NPS,00:02:14,cli,1000000099882,S,,,2025/03/05,Email288
300000009933,1,Caixa Postal,00:00:05,CLI,1000000090187,N,,,2025/03/05,
300000009934,1,Caixa Postal,00:00:00,CLI,1000000099735,N,,,2025/03/05,
300000009935,1,Informação,,CLI,,N,,,2025/03/05,
300000009936,1,Cliente Desligou,00:00:01,CLI,1000000099791,N,,,2025/03/05,
300000009937,1,Cliente Desligou,00:00:07,CLI,1000000099791,N,,,2025/03/05,
300000009938,1,Informação,,,,N,,,2025/03/05,
300000009939,1,Informação,00:03:48,Cliente,,N,,,2025/03/05,
300000009940,1,URA Pesquisa NPS,00:01:52,Cliente,1000000099342,S,Sim,10.0,2025/03/05,Email8754
300000009941,1,URA Pesquisa NPS,00:00:43,cli,1000000099873,S,,,2025/03/05,Email48438
300000009942,1,Não Atende,,CLI,1000000099752,N,,,2025/03/05,
300000009943,1,Informação,00:00:03,,,N,,,2025/03/05,
300000009944,1,Caixa Postal,00:00:08,,,N,,,2025/03/05,
300000009945,1,Caixa Postal,00:00:10,Cli,1000000099857,N,,,2025/03/05,
300000009946,1,URA Pesquisa NPS,00:01:23,CLI,1000000099703,S,Sim,10.0,2025/03/05,Email19156
300000009947,1,Caixa Postal,00:00:05,Cli,1000000099037,N,,,2025/03/05,
300000009948,1,Caixa Postal,00:00:04,Cli,,N,,,2025/03/05,
300000009949,1,Caixa Postal,00:00:13,Cli,,N,,,2025/03/05,
300000009950,1,URA Pesquisa NPS,00:02:25,cli,1000000094334,S,Sim,10.0,2025/03/05,Email45
300000009951,1,Responsavel ausente,00:01:53,CLI ,1000000099511,N,,,2025/03/05,
300000009952,1,Chamada Não Atendida,,Cli,1000000097469,N,,,2025/03/05,
300000009953,1,Chamada Não Atendida,,Cli,1000000097469,N,,,2025/03/05,
300000009954,1,Caixa Postal,00:00:01,CLI,1000000099328,N,,,2025/03/05,
300000009955,1,URA Pesquisa NPS,00:01:51,Cli,1000000099638,S,Sim,9.0,2025/03/05,Email19156
300000009956,1,Caixa Postal,00:00:09,Cli,1000000096378,N,,,2025/03/05,
300000009957,1,Caixa Postal,,CLI,1000000099713,N,,,2025/03/05,
300000009958,1,Caixa Postal,00:00:01,Cli,1000000096378,N,,,2025/03/05,
300000009959,1,Caixa Postal,,CLI,1000000099713,N,,,2025/03/05,
300000009960,1,Chamada Não Atendida,,CLI ,1000000096381,N,,,2025/03/05,
300000009961,1,Chamada Não Atendida,,CLI ,1000000096381,N,,,2025/03/05,
300000009962,1,Caixa Postal,,,,N,,,2025/03/05,
300000009963,1,Caixa Postal,,,,N,,,2025/03/05,
300000009964,1,Caixa Postal,,,,N,,,2025/03/05,
300000009965,1,URA Pesquisa NPS,00:01:01,Cli,1000000096383,S,,,2025/03/05,Email1768
300000009966,1,Caixa Postal,00:00:04,CLI,1000000099328,N,,,2025/03/05,
300000009967,1,Caixa Postal,,CLI ,,N,,,2025/03/05,
300000009968,1,Informação,,cli,,N,,,2025/03/05,
300000009969,1,Informação,00:00:17,CLI,1000000099331,N,,,2025/03/05,
300000009970,1,Caixa Postal,00:00:13,cli,,N,,,2025/03/05,
300000009971,1,Chamada Não Atendida,,CLI,1000000090977,N,,,2025/03/05,
300000009972,1,Caixa Postal,00:00:03,,,N,,,2025/03/05,
300000009973,1,Não Atende,,,,N,,,2025/03/05,
300000009974,1,Caixa Postal,00:00:06,,,N,,,2025/03/05,
300000009975,1,Não Atende,00:00:07,,,N,,,2025/03/05,
300000009976,1,Caixa Postal,00:00:10,CLI,1000000099876,N,,,2025/03/05,
300000009977,1,Ocupado,,Cli,1000000099876,N,,,2025/03/05,
300000009978,1,Caixa Postal,00:00:03,,,N,,,2025/03/05,
300000009979,1,Ocupado,,Cli,1000000099876,N,,,2025/03/05,
300000009980,1,Ocupado,,Cli,1000000099876,N,,,2025/03/05,
300000009981,1,Chamada Não Atendida,00:00:09,Cli,1000000096385,N,,,2025/03/05,
300000009982,1,URA Pesquisa NPS,00:00:54,Cli,1000000096385,S,Sim,10.0,2025/03/05,Email1768
300000009983,1,Caixa Postal,,cli,,N,,,2025/03/05,
300000009984,1,Caixa Postal,,cli,1000000099392,N,,,2025/03/05,
300000009985,1,Caixa Postal,,cli,1000000099392,N,,,2025/03/05,
300000009986,1,Caixa Postal,,,,N,,,2025/03/05,
300000009987,1,URA Pesquisa NPS,00:01:13,,,S,Sim,10.0,2025/03/05,Email48443
300000009988,1,Caixa Postal,00:00:01,CLI,1000000099653,N,,,2025/03/05,
300000009989,1,Agent Error,00:00:22,,,N,,,2025/03/05,
300000009990,1,Caixa Postal,00:00:02,CLI,,N,,,2025/03/05,
300000009991,1,Informação,,,,N,,,2025/03/05,
300000009992,1,Chamada Não Atendida,00:00:00,Cli,1000000096375,N,,,2025/03/05,
300000009993,1,Chamada Não Atendida,,Cli,1000000096375,N,,,2025/03/05,
300000009994,1,Caixa Postal,,Cliente,1000000099056,N,,,2025/03/05,
300000009995,1,Dados incorretos do cliente,,Cliente,1000000099056,N,,,2025/03/05,
300000009996,1,Chamada Não Atendida,,CLI ,1000000096381,N,,,2025/03/05,
300000009997,1,Chamada Não Atendida,,CLI ,1000000096381,N,,,2025/03/05,
300000009998,1,Caixa Postal,00:00:04,Cli,1000000096378,N,,,2025/03/05,
300000009999,1,Caixa Postal,00:00:04,Cli,1000000096378,N,,,2025/03/05,
3000000010000,1,URA Pesquisa NPS,00:02:06,,1000000099339,S,Sim,9.0,2025/03/05,Email45
3000000010001,1,Caixa Postal,00:00:02,,,N,,,2025/03/05,
3000000010002,1,Caixa Postal,00:00:03,,,N,,,2025/03/05,
3000000010003,1,URA Pesquisa NPS,00:23:11,,,S,Sim,10.0,2025/03/05,Email48443
3000000010004,1,Não Atende,00:00:19,CLI ,,N,,,2025/03/05,
3000000010005,1,URA Pesquisa NPS,00:01:30,CLI,1000000099862,S,Sim,10.0,2025/03/05,Email364
3000000010006,1,URA Pesquisa NPS,00:01:10,CLI ,1000000099799,S,Sim,10.0,2025/03/05,Email372
3000000010007,1,Cliente Desligou,00:00:33,CLI ,1000000099903,N,,,2025/03/05,
3000000010008,1,Chamada Não Atendida,,Cliente,1000000099512,N,,,2025/03/05,
3000000010009,1,Chamada Não Atendida,,cli,1000000099512,N,,,2025/03/05,
3000000010010,1,Não Atende,00:00:09,CLI,,N,,,2025/03/05,
3000000010011,1,URA Pesquisa NPS,00:03:16,Cli,1000000099802,S,Sim,10.0,2025/03/05,Email1768
3000000010012,1,Caixa Postal,00:00:05,Cli,1000000099694,N,,,2025/03/05,
3000000010013,1,Caixa Postal,00:00:05,Cli,1000000099694,N,,,2025/03/05,
3000000010014,1,Caixa Postal,,,,N,,,2025/03/05,
3000000010015,1,Caixa Postal,00:00:22,Cli,10000000111455,N,,,2025/03/05,
3000000010016,1,Caixa Postal,00:00:13,Cli,10000000111455,N,,,2025/03/05,
3000000010017,1,Caixa Postal,00:00:05,Cli,10000000111455,N,,,2025/03/05,
3000000010018,1,URA Pesquisa NPS,00:05:00,CLI ,1000000099479,S,,,2025/03/05,Email372
3000000010019,1,Caixa Postal,00:00:18,Cli,10000000111455,N,,,2025/03/05,
3000000010020,1,Caixa Postal,00:00:07,Cli,,N,,,2025/03/05,
3000000010021,1,URA Pesquisa NPS,00:01:39,Cli,,S,,,2025/03/05,Email19156
3000000010022,1,Cliente Desligou,00:00:08,Cli,1000000099718,N,,,2025/03/05,
3000000010023,1,Chamada Não Atendida,,CLI ,1000000098464,N,,,2025/03/05,
3000000010024,1,Chamada Não Atendida,,CLI ,1000000098464,N,,,2025/03/05,
3000000010025,1,Caixa Postal,00:00:00,CLI,1000000099290,N,,,2025/03/05,
3000000010026,1,URA Pesquisa NPS,00:05:06,CLI,,S,,,2025/03/05,Email19156
3000000010027,1,Caixa Postal,,,,N,,,2025/03/05,
3000000010028,1,Caixa Postal,,,,N,,,2025/03/05,
3000000010029,1,URA Pesquisa NPS,00:01:51,CLI ,1000000099480,S,Sim,,2025/03/05,Email372
3000000010030,1,Contato de Finalizacao do Protocolo,00:01:52,CLI,1000000099637,N,,,2025/03/05,
3000000010031,1,Ligação Muda,00:00:06,Cliente,,N,,,2025/03/03,
3000000010032,1,Ligação Muda,,Cliente,1000000099956,N,,,2025/03/03,
3000000010033,1,Não Atende,,Cliente,1000000099956,N,,,2025/03/03,
3000000010034,1,Caixa Postal,00:00:03,Cliente,10000000100377,N,,,2025/03/03,
3000000010035,1,Caixa Postal,,Cliente,10000000100377,N,,,2025/03/03,
3000000010036,1,Informação,00:00:08,,,N,,,2025/03/03,
3000000010037,1,Caixa Postal,00:00:01,CLI,10000000100102,N,,,2025/03/03,
3000000010038,1,Caixa Postal,00:00:03,CLI,10000000100102,N,,,2025/03/03,
3000000010039,1,Ocupado,,Cli,10000000100351,N,,,2025/03/03,
3000000010040,1,Chamada Não Atendida,00:00:04,Cliente,,N,,,2025/03/03,
3000000010041,1,Caixa Postal,,Cliente,,N,,,2025/03/03,
3000000010042,1,Cliente Desligou,00:00:01,cli,1000000097731,N,,,2025/03/03,
3000000010043,1,Caixa Postal,,cli,,N,,,2025/03/03,
3000000010044,1,Ocupado,,CLI,1000000099900,N,,,2025/03/03,
3000000010045,1,URA Pesquisa NPS,00:02:27,Cli,10000000100554,S,Sim,10.0,2025/03/03,Email4194
3000000010046,1,Ligação Muda,00:00:09,cli,,N,,,2025/03/03,
3000000010047,1,Ligação Muda,,cli,,N,,,2025/03/03,
3000000010048,1,Chamada Não Atendida,,cli,,N,,,2025/03/03,
3000000010049,1,Caixa Postal,00:00:05,Cli,10000000100279,N,,,2025/03/03,
3000000010050,1,Caixa Postal,00:00:07,Cli,,N,,,2025/03/03,
3000000010051,1,Caixa Postal,00:00:04,CLI,1000000095346,N,,,2025/03/03,
3000000010052,1,Caixa Postal,,CLI,,N,,,2025/03/03,
3000000010053,1,Caixa Postal,00:00:11,Cli,10000000100342,N,,,2025/03/03,
3000000010054,1,Caixa Postal,00:00:06,Cliente,10000000100574,N,,,2025/03/03,
3000000010055,1,Ligação Muda,00:00:05,Cliente,10000000100574,N,,,2025/03/03,
3000000010056,1,Não Atende,,Cliente,1000000097756,N,,,2025/03/03,
3000000010057,1,Caixa Postal,00:00:05,Cli,1000000099869,N,,,2025/03/03,
3000000010058,1,Caixa Postal,00:00:08,Cli,1000000099869,N,,,2025/03/03,
3000000010059,1,Informação,,Cli,,N,,,2025/03/03,
3000000010060,1,Caixa Postal,00:00:34,CLI,,N,,,2025/03/03,
3000000010061,1,Caixa Postal,00:00:05,CLI,,N,,,2025/03/03,
3000000010062,1,Caixa Postal,,,,N,,,2025/03/03,
3000000010063,1,Caixa Postal,,,,N,,,2025/03/03,
3000000010064,1,Informação,,,,N,,,2025/03/03,
3000000010065,1,Caixa Postal,00:00:12,Cli,1000000098207,N,,,2025/03/03,
3000000010066,1,Caixa Postal,00:00:05,Cli,1000000099886,N,,,2025/03/03,
3000000010067,1,Informação,00:00:01,,,N,,,2025/03/03,
3000000010068,1,Ocupado,,Cliente,10000000100543,N,,,2025/03/03,
3000000010069,1,Caixa Postal,00:00:04,CLI,1000000099965,N,,,2025/03/03,
3000000010070,1,Informação,00:13:59,,,N,,,2025/03/03,
3000000010071,1,Não Atende,,CLI,1000000099752,N,,,2025/03/03,
3000000010072,1,Caixa Postal,00:00:01,CLI,10000000100470,N,,,2025/03/03,
3000000010073,1,Não Atende,,CLI,10000000100470,N,,,2025/03/03,
3000000010074,1,Ligação Muda,,CLI,1000000099347,N,,,2025/03/03,
3000000010075,1,Ligação Muda,,CLI,1000000099347,N,,,2025/03/03,
3000000010076,1,Caixa Postal,00:00:13,Cli,1000000099026,N,,,2025/03/03,
3000000010077,1,Caixa Postal,,,1000000099026,N,,,2025/03/03,
3000000010078,1,Não Atende,,Cliente,10000000100577,N,,,2025/03/03,
3000000010079,1,Caixa Postal,00:00:04,Cliente,10000000100577,N,,,2025/03/03,
3000000010080,1,Caixa Postal,,Cli,1000000099346,N,,,2025/03/03,
3000000010081,1,Chamada Não Atendida,00:00:53,cli,1000000099346,N,,,2025/03/03,
3000000010082,1,Cliente Desligou,00:01:38,Cli,1000000099963,N,,,2025/03/03,
